"id";"data_inversa";"dia_semana";"horario";"uf";"br";"km";"municipio";"causa_acidente";"tipo_acidente";"classificacao_acidente";"fase_dia";"sentido_via";"condicao_metereologica";"tipo_pista";"tracado_via";"uso_solo";"pessoas";"mortos";"feridos_leves";"feridos_graves";"ilesos";"ignorados";"feridos";"veiculos";"latitude";"longitude";"regional";"delegacia";"uop"
572686;2024-01-05;"sexta-feira";"05:10:00";"ES";101;102;"LINHARES";"Condutor Dormindo";"Tombamento";"Com Vatimas Feridas";"Amanhecer";"Crescente";"Ceu Claro";"Simples";"Reta";"Nao";1;0;1;0;0;0;1;1;-18,99655669;-40,00319452;"SPRF-ES";"DEL04-ES";"UOP01-DEL04-ES"
572689;2024-01-05;"sexta-feira";"06:00:00";"GO";153;376,1;"SAO FRANCISCO DE GOIAS";"Conversao proibida";"Colisao transversal";"Com Vatimas Feridas";"Amanhecer";"Crescente";"Nublado";"Simples";"Reta";"Nao";5;0;1;2;2;0;3;2;-15,876122;-49,249722;"SPRF-GO";"DEL02-GO";"UOP02-DEL02-GO"
572699;2024-01-05;"sexta-feira";"06:00:00";"ES";101;299;"VIANA";"Ultrapassagem Indevida";"Colisao lateral mesmo sentido";"Com Vatimas Feridas";"Pleno dia";"Crescente";"Ceu Claro";"Dupla";"Reta";"Sim";2;0;1;0;1;0;1;2;-20,35860628;-40,42327504;"SPRF-ES";"DEL01-ES";"UOP01-DEL01-ES"
572702;2024-01-05;"sexta-feira";"07:40:00";"ES";101;278,9;"SERRA";"Reacao tardia ou ineficiente do condutor";"Colisao traseira";"Com Vatimas Feridas";"Pleno dia";"Decrescente";"Ceu Claro";"Dupla";"Reta";"Nao";4;0;3;0;0;1;3;2;-20,21698365;-40,32974606;"SPRF-ES";"DEL02-ES";"UOP01-DEL02-ES"
572707;2024-01-05;"sexta-feira";"08:30:00";"PR";376;657,3;"TIJUCAS DO SUL";"Manobra de mudanaa de faixa";"Colisao lateral mesmo sentido";"Com Vatimas Feridas";"Pleno dia";"Crescente";"Sol";"Simples";"Declive;Reta                  ";"Nao";3;0;1;0;2;0;1;2;-25,85304449;-49,02168274;"SPRF-PR";"DEL01-PR";"UOP04-DEL01-PR"
572733;2024-01-05;"sexta-feira";"11:40:00";"MT";364;587;"DIAMANTINO";"Velocidade Incompatavel";"Colisao traseira";"Sem Vatimas";"Pleno dia";"Crescente";"Ceu Claro";"Dupla";"Reta";"Nao";2;0;0;0;2;0;0;2;-14,5333676;-56,23046993;"SPRF-MT";"DEL01-MT";"UOP01-DEL01-MT"
572735;2024-01-05;"sexta-feira";"12:00:00";"SC";101;114;"ITAJAI";"Ausancia de Reacao do condutor";"Engavetamento";"Com Vatimas Feridas";"Pleno dia";"Crescente";"Ceu Claro";"Maltipla";"Reta";"Nao";5;0;1;0;4;0;1;4;-26,86192886;-48,7286704;"SPRF-SC";"DEL04-SC";"UOP04-DEL04-SC"
572736;2024-01-05;"sexta-feira";"10:15:00";"RJ";101;333;"RIO DE JANEIRO";"Manobra de mudanaa de faixa";"Colisao lateral mesmo sentido";"Sem Vatimas";"Pleno dia";"Crescente";"Ceu Claro";"Maltipla";"Reta";"Nao";5;0;0;0;5;0;0;2;-22,87827816;-43,21053578;"SPRF-RJ";"DEL02-RJ";"UOP01-DEL02-RJ"
572756;2024-01-05;"sexta-feira";"12:18:00";"SC";282;151,3;"BOM RETIRO";"Conversao proibida";"Saida de leito carrocavel";"Com Vatimas Feridas";"Pleno dia";"Decrescente";"Ceu Claro";"Simples";"Reta";"Nao";3;0;1;0;2;0;1;2;-27,7628;-49,669552;"SPRF-SC";"DEL05-SC";"UOP01-DEL05-SC"
572757;2024-01-05;"sexta-feira";"13:55:00";"RS";285;293,1;"PASSO FUNDO";"Acessar a via sem observar a presenca dos outros veiculos";"Colisao transversal";"Com Vatimas Feridas";"Pleno dia";"Crescente";"Sol";"Simples";"Rotataria";"Sim";2;0;1;0;1;0;1;2;-28,23695191;-52,37405777;"SPRF-RS";"DEL08-RS";"UOP03-DEL08-RS"
572760;2024-01-05;"sexta-feira";"11:30:00";"PR";376;345;"ORTIGUEIRA";"Acessar a via sem observar a presenca dos outros veiculos";"Colisao transversal";"Com Vatimas Feridas";"Pleno dia";"Decrescente";"Ceu Claro";"Simples";"Curva";"Nao";4;0;2;1;1;0;3;2;-24,17616447;-50,96491635;"SPRF-PR";"DEL07-PR";"UOP02-DEL07-PR"
572762;2024-01-05;"sexta-feira";"13:30:00";"RJ";116;144;"DUQUE DE CAXIAS";"Ausancia de Reacao do condutor";"Colisao traseira";"Com Vatimas Feridas";"Pleno dia";"Decrescente";"Garoa/Chuvisco";"Dupla";"Reta";"Nao";3;0;1;0;2;0;1;2;-22,65737709;-43,24724694;"SPRF-RJ";"DEL01-RJ";"UOP02-DEL01-RJ"
572766;2024-01-05;"sexta-feira";"11:00:00";"PR";376;498;"PONTA GROSSA";"Reacao tardia ou ineficiente do condutor";"Colisao traseira";"Com Vatimas Feridas";"Pleno dia";"Crescente";"Ceu Claro";"Dupla";"Reta";"Sim";3;0;2;0;1;0;2;2;-25,18839776;-50,0846328;"SPRF-PR";"DEL03-PR";"UOP04-DEL03-PR"
572767;2024-01-05;"sexta-feira";"13:20:00";"BA";116;26;"ABARE";"Transitar na contramao";"Colisao frontal";"Com Vatimas Fatais";"Pleno dia";"Crescente";"Ceu Claro";"Simples";"Curva";"Nao";3;1;1;0;1;0;1;2;-8,850426;-39,259525;"SPRF-PE";"DEL05-PE";"UOP03-DEL05-PE"
572768;2024-01-05;"sexta-feira";"09:45:00";"RJ";493;54;"DUQUE DE CAXIAS";"Ausancia de Reacao do condutor";"Colisao traseira";"Com Vatimas Feridas";"Pleno dia";"Decrescente";"Nublado";"Dupla";"Reta";"Nao";3;0;2;0;1;0;2;2;-22,67072907;-43,29986572;"SPRF-RJ";"DEL01-RJ";"UOP03-DEL01-RJ"
572769;2024-01-05;"sexta-feira";"13:00:00";"PE";101;4;"GOIANA";"Desrespeitar a preferancia no cruzamento";"Colisao traseira";"Com Vatimas Feridas";"Pleno dia";"Crescente";"Ceu Claro";"Dupla";"Reta";"Nao";5;0;2;1;1;1;3;4;-7,533512;-34,991547;"SPRF-PE";"DEL01-PE";"UOP02-DEL01-PE"
572772;2024-01-05;"sexta-feira";"11:00:00";"GO";60;38,8;"GOIANIA";"Velocidade Incompatavel";"Tombamento";"Com Vatimas Feridas";"Pleno dia";"Decrescente";"Ceu Claro";"Maltipla";"Rotataria";"Sim";1;0;1;0;0;0;1;1;-16,6777;-49,2676;"SPRF-GO";"DEL01-GO";"UOP03-DEL01-GO"
572773;2024-01-05;"sexta-feira";"13:10:00";"SC";101;37,4;"JOINVILLE";"Condutor deixou de manter distancia do veiculo da frente";"Engavetamento";"Com Vatimas Feridas";"Pleno dia";"Crescente";"Ceu Claro";"Dupla";"Reta";"Nao";5;0;3;0;2;0;3;3;-26,25050176;-48,90863867;"SPRF-SC";"DEL03-SC";"UOP01-DEL03-SC"
572778;2024-01-05;"sexta-feira";"16:20:00";"SP";116;223;"GUARULHOS";"Reacao tardia ou ineficiente do condutor";"Colisao lateral mesmo sentido";"Com Vatimas Feridas";"Pleno dia";"Decrescente";"Sol";"Maltipla";"Reta";"Nao";4;0;1;0;3;0;1;3;-23,47559815;-46,5246609;"SPRF-SP";"DEL01-SP";"UOP01-DEL01-SP"
572779;2024-01-05;"sexta-feira";"10:45:00";"BA";116;893,9;"CANDIDO SALES";"Manobra de mudanaa de faixa";"Colisao lateral sentido oposto";"Com Vatimas Fatais";"Pleno dia";"Crescente";"Ceu Claro";"Simples";"Reta";"Nao";10;4;0;0;6;0;0;4;-15,38437;-41,20159;"SPRF-BA";"DEL08-BA";"UOP03-DEL08-BA"
572787;2024-01-05;"sexta-feira";"14:30:00";"PA";163;653;"ITAITUBA";"Avarias e/ou desgaste excessivo no pneu";"Colisao frontal";"Com Vatimas Feridas";"Pleno dia";"Decrescente";"Nublado";"Simples";"Curva;Declive                 ";"Nao";3;0;2;0;1;0;2;2;-4,50624587;-55,86575279;"SPRF-PA";"DEL05-PA";"UOP02-DEL05-PA"
572793;2024-01-05;"sexta-feira";"17:30:00";"RJ";101;437;"MANGARATIBA";"Avarias e/ou desgaste excessivo no pneu";"Saida de leito carrocavel";"Com Vatimas Feridas";"Pleno dia";"Decrescente";"Ceu Claro";"Simples";"Curva";"Nao";3;0;3;0;0;0;3;1;-22,94811517;-44,06549304;"SPRF-RJ";"DEL03-RJ";"UOP02-DEL03-RJ"
572795;2024-01-05;"sexta-feira";"16:31:00";"MG";251;522,6;"MONTES CLAROS";"Transitar no Acostamento";"Colisao lateral mesmo sentido";"Sem Vatimas";"Pleno dia";"Decrescente";"Nublado";"Simples";"Declive;Reta                  ";"Nao";3;0;0;0;3;0;0;2;-16,6754567;-43,7987724;"SPRF-MG";"DEL12-MG";"UOP01-DEL12-MG"
572797;2024-01-05;"sexta-feira";"16:40:00";"RJ";101;267;"RIO BONITO";"Demais falhas mecanicas ou elatricas";"Colisao com objeto";"Sem Vatimas";"Pleno dia";"Decrescente";"Ceu Claro";"Dupla";"Reta";"Sim";2;0;0;0;2;0;0;2;-22,70728329;-42,66059086;"SPRF-RJ";"DEL02-RJ";"UOP03-DEL02-RJ"
572799;2024-01-05;"sexta-feira";"18:20:00";"SC";101;179,2;"BIGUACU";"Manobra de mudanaa de faixa";"Colisao traseira";"Com Vatimas Feridas";"Pleno dia";"Crescente";"Ceu Claro";"Dupla";"Declive;Reta                  ";"Nao";3;0;1;0;2;0;1;2;-27,37281717;-48,63322708;"SPRF-SC";"DEL01-SC";"UOP01-DEL01-SC"
572801;2024-01-05;"sexta-feira";"17:50:00";"PR";376;307,7;"MAUA DA SERRA";"Velocidade Incompatavel";"Tombamento";"Com Vatimas Feridas";"Pleno dia";"Decrescente";"Ceu Claro";"Dupla";"Curva";"Nao";1;0;1;0;0;0;1;1;-23,95032206;-51,1190629;"SPRF-PR";"DEL07-PR";"UOP02-DEL07-PR"
572804;2024-01-05;"sexta-feira";"17:30:00";"GO";60;173,7;"ABADIA DE GOIAS";"Frear bruscamente";"Colisao traseira";"Com Vatimas Feridas";"Pleno dia";"Crescente";"Chuva";"Dupla";"Declive;Reta                  ";"Sim";4;0;0;1;3;0;1;2;-16,74630768;-49,42199707;"SPRF-GO";"DEL01-GO";"UOP02-DEL01-GO"
572805;2024-01-05;"sexta-feira";"17:10:00";"GO";50;273;"CATALAO";"Carga excessiva e/ou mal acondicionada";"Derramamento de carga";"Sem Vatimas";"Pleno dia";"Crescente";"Ceu Claro";"Simples";"Interseaao de Vias";"Sim";1;0;0;0;1;0;0;1;-18,1302;-47,9047;"SPRF-GO";"DEL06-GO";"UOP01-DEL06-GO"
572816;2024-01-05;"sexta-feira";"18:00:00";"RS";116;399,9;"CAMAQUA";"Demais falhas mecanicas ou elatricas";"Colisao traseira";"Com Vatimas Feridas";"Pleno dia";"Crescente";"Ceu Claro";"Simples";"Reta";"Sim";8;0;3;1;4;0;4;2;-30,86691995;-51,80039803;"SPRF-RS";"DEL02-RS";"UOP02-DEL02-RS"
572826;2024-01-05;"sexta-feira";"16:35:00";"PR";376;308;"ORTIGUEIRA";"Reacao tardia ou ineficiente do condutor";"Engavetamento";"Com Vatimas Feridas";"Pleno dia";"Decrescente";"Ceu Claro";"Dupla";"Reta;Declive                  ";"Nao";5;0;0;1;4;0;1;3;-23,97857518;-51,09540715;"SPRF-PR";"DEL07-PR";"UOP02-DEL07-PR"
572827;2024-01-05;"sexta-feira";"19:10:00";"MT";364;118;"ALTO GARCAS";"Acostamento em desnavel";"Saida de leito carrocavel";"Com Vatimas Feridas";"Plena Noite";"Crescente";"Ceu Claro";"Simples";"Declive";"Nao";1;0;1;0;0;0;1;1;-16,86779789;-53,88686657;"SPRF-MT";"DEL02-MT";"UOP02-DEL02-MT"
572843;2024-01-05;"sexta-feira";"21:00:00";"SC";101;12,2;"GARUVA";"Ingestao de alcool pelo condutor";"Colisao com objeto";"Sem Vatimas";"Plena Noite";"Decrescente";"Nublado";"Dupla";"Declive;Reta                  ";"Nao";1;0;0;0;1;0;0;1;-26,09803515;-48,86773972;"SPRF-SC";"DEL03-SC";"UOP01-DEL03-SC"
572870;2024-01-06;"sabado";"04:00:00";"GO";364;208;"JATAI";"Ausancia de Reacao do condutor";"Saida de leito carrocavel";"Com Vatimas Feridas";"Plena Noite";"Crescente";"Ceu Claro";"Simples";"Aclive;Curva                  ";"Nao";1;0;0;1;0;0;1;1;-17,904121;-51,828594;"SPRF-GO";"DEL05-GO";"UOP01-DEL05-GO"
572880;2024-01-06;"sabado";"05:40:00";"AL";101;165,9;"TEOTONIO VILELA";"Ausancia de Reacao do condutor";"Tombamento";"Com Vatimas Feridas";"Pleno dia";"Crescente";"Ceu Claro";"Dupla";"Reta";"Nao";1;0;1;0;0;0;1;1;-9,8996779;-36,283047;"SPRF-AL";"DEL02-AL";"UOP02-DEL02-AL"
572884;2024-01-06;"sabado";"05:50:00";"MG";365;441,6;"GUIMARANIA";"Reacao tardia ou ineficiente do condutor";"Colisao lateral sentido oposto";"Com Vatimas Feridas";"Amanhecer";"Crescente";"Ceu Claro";"Simples";"Reta";"Nao";2;0;0;1;1;0;1;2;-18,79969152;-46,75281307;"SPRF-MG";"DEL10-MG";"UOP01-DEL10-MG"
572892;2024-01-06;"sabado";"07:00:00";"MG";116;199;"CARAI";"Pista Escorregadia";"Colisao traseira";"Com Vatimas Feridas";"Pleno dia";"Crescente";"Garoa/Chuvisco";"Simples";"Reta";"Nao";4;0;1;0;3;0;1;3;-17,23536898;-41,49650703;"SPRF-MG";"DEL11-MG";"UOP01-DEL11-MG"
572901;2024-01-06;"sabado";"05:45:00";"GO";153;670;"GOIATUBA";"Condutor deixou de manter distancia do veiculo da frente";"Saida de leito carrocavel";"Sem Vatimas";"Amanhecer";"Crescente";"Ceu Claro";"Dupla";"Reta";"Nao";1;0;0;0;1;0;0;1;-18,1413;-49,2886;"SPRF-GO";"DEL03-GO";"UOP02-DEL03-GO"
572902;2024-01-06;"sabado";"02:25:00";"MA";230;83,4;"SAO JOAO DOS PATOS";"Condutor Dormindo";"Tombamento";"Com Vatimas Feridas";"Plena Noite";"Crescente";"Ceu Claro";"Simples";"Reta";"Nao";3;0;1;0;2;0;1;1;-6,49053762;-43,62915604;"SPRF-PI";"DEL03-PI";"UOP01-DEL03-PI"
572903;2024-01-06;"sabado";"06:00:00";"BA";101;230;"CONCEICAO DO ALMEIDA";"Acumulo de agua sobre o pavimento";"Saida de leito carrocavel";"Com Vatimas Feridas";"Amanhecer";"Crescente";"Chuva";"Simples";"Declive;Curva                 ";"Nao";1;0;1;0;0;0;1;1;-12,83551106;-39,20129659;"SPRF-BA";"DEL01-BA";"UOP02-DEL01-BA"
572908;2024-01-06;"sabado";"09:45:00";"SP";381;57;"MAIRIPORA";"Ausancia de Reacao do condutor";"Colisao traseira";"Sem Vatimas";"Pleno dia";"Crescente";"Ceu Claro";"Dupla";"Reta";"Nao";2;0;0;0;2;0;0;2;-23,2658219;-46,5839857;"SPRF-SP";"DEL03-SP";"UOP01-DEL03-SP"
572911;2024-01-06;"sabado";"08:50:00";"SC";116;218,5;"CORREIA PINTO";"Reacao tardia ou ineficiente do condutor";"Colisao traseira";"Com Vatimas Feridas";"Pleno dia";"Crescente";"Nublado";"Simples";"Reta";"Nao";5;0;4;0;1;0;4;2;-27,57407;-50,37174;"SPRF-SC";"DEL05-SC";"UOP03-DEL05-SC"
572916;2024-01-06;"sabado";"08:30:00";"BA";116;909;"CANDIDO SALES";"Problema com o freio";"Colisao traseira";"Com Vatimas Feridas";"Pleno dia";"Decrescente";"Ceu Claro";"Simples";"Declive;Reta;Ponte            ";"Nao";7;0;2;2;3;0;4;2;-15,51216036;-41,23666763;"SPRF-BA";"DEL08-BA";"UOP03-DEL08-BA"
572925;2024-01-06;"sabado";"08:26:00";"GO";364;379,7;"SANTA RITA DO ARAGUAIA";"Reacao tardia ou ineficiente do condutor";"Tombamento";"Sem Vatimas";"Pleno dia";"Decrescente";"Ceu Claro";"Simples";"Reta";"Nao";1;0;0;0;1;0;0;1;-17,361963;-53,149731;"SPRF-GO";"DEL05-GO";"UOP01-DEL05-GO"
572928;2024-01-06;"sabado";"10:55:00";"RS";392;673,7;"SALVADOR DAS MISSOES";"Acesso irregular";"Colisao transversal";"Com Vatimas Feridas";"Pleno dia";"Decrescente";"Ceu Claro";"Simples";"Reta;Interseaao de Vias;Em Obr";"Sim";4;0;2;0;1;1;2;3;-28,11989652;-54,84627664;"SPRF-RS";"DEL10-RS";"UOP01-DEL10-RS"
572936;2024-01-06;"sabado";"10:20:00";"MA";10;119;"ESTREITO";"Manobra de mudanaa de faixa";"Colisao frontal";"Sem Vatimas";"Pleno dia";"Crescente";"Ceu Claro";"Simples";"Reta";"Nao";3;0;0;0;3;0;0;2;-6,6282912;-47,42359132;"SPRF-MA";"DEL04-MA";"UOP02-DEL04-MA"
572938;2024-01-06;"sabado";"07:30:00";"BA";235;60;"JEREMOABO";"Ausancia de Reacao do condutor";"Saida de leito carrocavel";"Com Vatimas Feridas";"Pleno dia";"Crescente";"Ceu Claro";"Simples";"Curva";"Nao";1;0;1;0;0;0;1;1;-10,08929173;-38,18273974;"SPRF-SE";"DEL01-SE";"UOP02-DEL01-SE"
572939;2024-01-06;"sabado";"13:20:00";"MG";381;444;"SANTA LUZIA";"Avarias e/ou desgaste excessivo no pneu";"Colisao traseira";"Com Vatimas Fatais";"Pleno dia";"Crescente";"Ceu Claro";"Simples";"Reta";"Nao";4;1;1;2;0;0;3;3;-19,82360393;-43,82539293;"SPRF-MG";"DEL01-MG";"UOP01-DEL01-MG"
572945;2024-01-06;"sabado";"12:40:00";"CE";222;62;"SAO GONCALO DO AMARANTE";"Condutor deixou de manter distancia do veiculo da frente";"Colisao traseira";"Sem Vatimas";"Pleno dia";"Crescente";"Ceu Claro";"Simples";"Reta";"Nao";2;0;0;0;1;1;0;2;-3,67147075;-39,09840501;"SPRF-CE";"DEL01-CE";"UOP03-DEL01-CE"
572947;2024-01-06;"sabado";"13:00:00";"PE";232;139;"CARUARU";"Carga excessiva e/ou mal acondicionada";"Tombamento";"Com Vatimas Feridas";"Pleno dia";"Decrescente";"Ceu Claro";"Dupla";"Aclive;Retorno Regulamentado  ";"Nao";2;0;2;0;0;0;2;1;-8,31947086;-36,06799801;"SPRF-PE";"DEL02-PE";"UOP01-DEL02-PE"
572955;2024-01-06;"sabado";"14:00:00";"SP";381;43;"ATIBAIA";"Demais falhas mecanicas ou elatricas";"Colisao com objeto";"Com Vatimas Feridas";"Pleno dia";"Decrescente";"Ceu Claro";"Dupla";"Reta;Aclive                   ";"Sim";1;0;1;0;0;0;1;1;-23,15597105;-46,5740155;"SPRF-SP";"DEL03-SP";"UOP01-DEL03-SP"
572958;2024-01-06;"sabado";"12:30:00";"MG";381;483;"BETIM";"Condutor deixou de manter distancia do veiculo da frente";"Colisao traseira";"Sem Vatimas";"Pleno dia";"Crescente";"Nublado";"Dupla";"Declive;Reta                  ";"Nao";2;0;0;0;1;1;0;2;-19,95963614;-44,08476988;"SPRF-MG";"DEL01-MG";"UOP03-DEL01-MG"
572960;2024-01-06;"sabado";"13:30:00";"RJ";116;55;"TERESOPOLIS";"Reacao tardia ou ineficiente do condutor";"Colisao frontal";"Com Vatimas Feridas";"Pleno dia";"Crescente";"Ceu Claro";"Simples";"Curva;Declive                 ";"Nao";3;0;2;0;1;0;2;2;-22,20348855;-42,88843108;"SPRF-RJ";"DEL04-RJ";"UOP01-DEL04-RJ"
572962;2024-01-06;"sabado";"16:15:00";"RS";392;119;"CANGUCU";"Ausancia de Reacao do condutor";"Tombamento";"Com Vatimas Fatais";"Pleno dia";"Crescente";"Ceu Claro";"Simples";"Curva;Declive                 ";"Nao";3;1;0;0;1;1;0;3;-31,39884811;-52,68472032;"SPRF-RS";"DEL07-RS";"UOP01-DEL07-RS"
572966;2024-01-06;"sabado";"14:20:00";"AL";101;86,6;"RIO LARGO";"Condutor Dormindo";"Colisao traseira";"Com Vatimas Feridas";"Pleno dia";"Crescente";"Ceu Claro";"Dupla";"Reta;Aclive                   ";"Nao";2;0;1;0;1;0;1;2;-9,47238667;-35,88083026;"SPRF-AL";"DEL01-AL";"UOP01-DEL01-AL"
572970;2024-01-06;"sabado";"15:00:00";"TO";235;187;"TUPIRAMA";"Conversao proibida";"Colisao transversal";"Com Vatimas Fatais";"Pleno dia";"Decrescente";"Nublado";"Simples";"Reta";"Nao";3;1;0;0;2;0;0;2;-8,97492336;-48,358959;"SPRF-TO";"DEL02-TO";"UOP02-DEL02-TO"
572983;2024-01-06;"sabado";"16:45:00";"RJ";116;285;"BARRA MANSA";"Reacao tardia ou ineficiente do condutor";"Colisao com objeto";"Com Vatimas Feridas";"Pleno dia";"Decrescente";"Ceu Claro";"Dupla";"Reta";"Nao";2;0;0;1;1;0;1;2;-22,50496778;-44,22509483;"SPRF-RJ";"DEL07-RJ";"UOP02-DEL07-RJ"
572989;2024-01-06;"sabado";"17:00:00";"PR";277;413,9;"CANTAGALO";"Condutor Dormindo";"Saida de leito carrocavel";"Com Vatimas Feridas";"Pleno dia";"Crescente";"Sol";"Simples";"Aclive;Reta                   ";"Nao";5;0;1;0;4;0;1;1;-25,41534;-52,074921;"SPRF-PR";"DEL04-PR";"UOP02-DEL04-PR"
572990;2024-01-06;"sabado";"17:00:00";"MG";262;381;"MATEUS LEME";"Velocidade Incompatavel";"Colisao traseira";"Com Vatimas Feridas";"Pleno dia";"Crescente";"Ceu Claro";"Dupla";"Curva;Declive                 ";"Sim";2;0;0;1;1;0;1;2;-19,940622;-44,386969;"SPRF-MG";"DEL01-MG";"UOP03-DEL01-MG"
572997;2024-01-06;"sabado";"15:20:00";"MG";381;432,8;"CAETE";"Mal sabito do condutor";"Colisao frontal";"Com Vatimas Feridas";"Pleno dia";"Crescente";"Ceu Claro";"Simples";"Curva";"Nao";9;0;8;0;1;0;8;4;-19,786624;-43,714648;"SPRF-MG";"DEL01-MG";"UOP01-DEL01-MG"
573000;2024-01-06;"sabado";"16:00:00";"BA";242;245;"ITABERABA";"Reacao tardia ou ineficiente do condutor";"Tombamento";"Com Vatimas Feridas";"Pleno dia";"Crescente";"Sol";"Simples";"Curva";"Nao";1;0;0;1;0;0;1;1;-12,501217;-40,428325;"SPRF-BA";"DEL06-BA";"UOP02-DEL06-BA"
573004;2024-01-06;"sabado";"16:50:00";"RO";364;530;"ARIQUEMES";"Manobra de mudanaa de faixa";"Colisao lateral mesmo sentido";"Sem Vatimas";"Pleno dia";"Decrescente";"Ceu Claro";"Simples";"Reta";"Nao";2;0;0;0;2;0;0;2;-9,798182;-63,08591499;"SPRF-RO";"DEL03-RO";"UOP01-DEL03-RO"
573010;2024-01-06;"sabado";"18:35:00";"PB";230;256,2;"ASSUNCAO";"Acessar a via sem observar a presenca dos outros veiculos";"Colisao transversal";"Sem Vatimas";"Plena Noite";"Decrescente";"Ceu Claro";"Simples";"Retorno Regulamentado;Reta;Int";"Nao";6;0;0;0;6;0;0;2;-7,0177;-36,6742;"SPRF-PB";"DEL03-PB";"UOP01-DEL03-PB"
573023;2024-01-06;"sabado";"20:00:00";"MT";163;838;"SINOP";"Acesso irregular";"Colisao lateral mesmo sentido";"Sem Vatimas";"Plena Noite";"Decrescente";"Ceu Claro";"Dupla";"Retorno Regulamentado;Reta    ";"Sim";6;0;0;0;6;0;0;2;-11,83003306;-55,48726559;"SPRF-MT";"DEL06-MT";"UOP02-DEL06-MT"
573024;2024-01-06;"sabado";"19:00:00";"MA";316;567;"CAXIAS";"Ingestao de alcool pelo condutor";"Colisao lateral sentido oposto";"Sem Vatimas";"Plena Noite";"Crescente";"Ceu Claro";"Simples";"Reta";"Nao";3;0;0;0;3;0;0;3;-4,911043;-43,225277;"SPRF-MA";"DEL03-MA";"UOP02-DEL03-MA"
573039;2024-01-06;"sabado";"21:20:00";"SP";116;513;"CAJATI";"Reacao tardia ou ineficiente do condutor";"Tombamento";"Com Vatimas Feridas";"Plena Noite";"Decrescente";"Nublado";"Dupla";"Curva;Declive                 ";"Nao";1;0;1;0;0;0;1;1;-24,85109616;-48,21802405;"SPRF-SP";"DEL05-SP";"UOP02-DEL05-SP"
573046;2024-01-06;"sabado";"21:00:00";"RO";364;14;"VILHENA";"Ausancia de Reacao do condutor";"Colisao com objeto";"Com Vatimas Feridas";"Plena Noite";"Crescente";"Garoa/Chuvisco";"Dupla";"Reta";"Sim";2;0;0;1;1;0;1;2;-12,73898138;-60,13911417;"SPRF-RO";"DEL04-RO";"UOP01-DEL04-RO"
573047;2024-01-06;"sabado";"22:00:00";"MG";365;622;"UBERLANDIA";"Ausancia de Reacao do condutor";"Colisao traseira";"Com Vatimas Feridas";"Plena Noite";"Decrescente";"Ceu Claro";"Dupla";"Reta";"Sim";3;0;1;0;2;0;1;2;-18,89589256;-48,27156544;"SPRF-MG";"DEL15-MG";"UOP01-DEL15-MG"
573053;2024-01-06;"sabado";"11:45:00";"MT";364;136;"PEDRA PRETA";"Velocidade Incompatavel";"Tombamento";"Com Vatimas Feridas";"Pleno dia";"Decrescente";"Ceu Claro";"Simples";"Curva";"Nao";1;0;0;1;0;0;1;1;-16,8143072;-54,07950613;"SPRF-MT";"DEL02-MT";"UOP01-DEL02-MT"
573058;2024-01-06;"sabado";"22:40:00";"MG";40;505,4;"RIBEIRAO DAS NEVES";"Ingestao de alcool pelo condutor";"Colisao lateral mesmo sentido";"Sem Vatimas";"Plena Noite";"Decrescente";"Nublado";"Dupla";"Aclive;Reta                   ";"Nao";2;0;0;0;2;0;0;2;-19,74053;-44,14891;"SPRF-MG";"DEL02-MG";"UOP01-DEL02-MG"
573062;2024-01-06;"sabado";"23:40:00";"MS";163;678;"RIO VERDE DE MATO GROSSO";"Ausancia de Reacao do condutor";"Colisao traseira";"Com Vatimas Feridas";"Plena Noite";"Decrescente";"Ceu Claro";"Simples";"Reta;Aclive                   ";"Nao";3;0;0;2;1;0;2;2;-18,94110596;-54,82984864;"SPRF-MS";"DEL06-MS";"UOP02-DEL06-MS"
573073;2024-01-07;"domingo";"01:20:00";"PR";163;294,5;"MARECHAL CANDIDO RONDON";"Condutor Dormindo";"Colisao transversal";"Com Vatimas Feridas";"Pleno dia";"Crescente";"Ceu Claro";"Simples";"Curva";"Nao";2;0;0;1;1;0;1;2;-24,500189;-54,125806;"SPRF-PR";"DEL06-PR";"UOP02-DEL06-PR"
573075;2024-01-07;"domingo";"01:45:00";"TO";153;428,8;"MIRACEMA DO TOCANTINS";"Manobra de mudanaa de faixa";"Colisao lateral mesmo sentido";"Com Vatimas Feridas";"Plena Noite";"Crescente";"Nublado";"Simples";"Reta;Declive                  ";"Nao";7;0;2;0;4;1;2;3;-9,65283;-48,64251;"SPRF-TO";"DEL01-TO";"UOP01-DEL01-TO"
573083;2024-01-07;"domingo";"01:32:00";"MA";10;316;"ACAILANDIA";"Ingestao de alcool pelo condutor";"Colisao lateral sentido oposto";"Sem Vatimas";"Plena Noite";"Decrescente";"Ceu Claro";"Simples";"Reta";"Nao";2;0;0;0;1;1;0;2;-4,982702;-47,522224;"SPRF-MA";"DEL04-MA";"UOP03-DEL04-MA"
573107;2024-01-07;"domingo";"06:22:00";"TO";153;716,2;"CARIRI DO TOCANTINS";"Avarias e/ou desgaste excessivo no pneu";"Colisao lateral sentido oposto";"Com Vatimas Feridas";"Pleno dia";"Crescente";"Ceu Claro";"Simples";"Reta";"Nao";6;0;6;0;0;0;6;2;-12,09169576;-49,19398785;"SPRF-TO";"DEL01-TO";"UOP02-DEL01-TO"
573119;2024-01-07;"domingo";"05:50:00";"MG";116;221,7;"CATUJI";"Reacao tardia ou ineficiente do condutor";"Tombamento";"Com Vatimas Fatais";"Amanhecer";"Decrescente";"Nublado";"Simples";"Declive;Curva                 ";"Nao";2;2;0;0;0;0;0;1;-17,41543302;-41,51420574;"SPRF-MG";"DEL11-MG";"UOP01-DEL11-MG"