"id";"data_inversa";"dia_semana";"horario";"uf";"br";"km";"municipio";"causa_acidente";"tipo_acidente";"classificacao_acidente";"fase_dia";"sentido_via";"condicao_metereologica";"tipo_pista";"tracado_via";"uso_solo";"pessoas";"mortos";"feridos_leves";"feridos_graves";"ilesos";"ignorados";"feridos";"veiculos";"latitude";"longitude";"regional";"delegacia";"uop"
573894;2024-01-11;"quinta-feira";"06:30:00";"BA";324;622;"SALVADOR";"Manobra de mudanaa de faixa";"Colisao lateral mesmo sentido";"Com Vatimas Feridas";"Pleno dia";"Crescente";"Ceu Claro";"Dupla";"Reta";"Nao";3;0;1;0;1;1;1;3;-12,91888605;-38,46502095;"SPRF-BA";"DEL01-BA";"UOP01-DEL01-BA"
573896;2024-01-11;"quinta-feira";"04:50:00";"CE";116;267;"ALTO SANTO";"Demais falhas mecanicas ou elatricas";"Incendio";"Sem Vatimas";"Pleno dia";"Decrescente";"Ceu Claro";"Simples";"Reta";"Nao";1;0;0;0;1;0;0;1;-5,62048178;-38,41070004;"SPRF-CE";"DEL05-CE";"UOP02-DEL05-CE"
573897;2024-01-11;"quinta-feira";"06:45:00";"BA";116;785,5;"PLANALTO";"Condutor Dormindo";"Colisao frontal";"Com Vatimas Fatais";"Pleno dia";"Crescente";"Ceu Claro";"Simples";"Curva";"Nao";5;4;0;0;1;0;0;2;-14,68683206;-40,55656087;"SPRF-BA";"DEL08-BA";"UOP02-DEL08-BA"
573899;2024-01-11;"quinta-feira";"05:50:00";"MG";262;430;"SAO GONCALO DO PARA";"Reacao tardia ou ineficiente do condutor";"Colisao traseira";"Com Vatimas Feridas";"Pleno dia";"Decrescente";"Ceu Claro";"Dupla";"Reta";"Nao";3;0;1;0;2;0;1;2;-19,89011218;-44,80551997;"SPRF-MG";"DEL08-MG";"UOP03-DEL08-MG"
573909;2024-01-11;"quinta-feira";"07:50:00";"PE";232;9,2;"JABOATAO DOS GUARARAPES";"Ausancia de Reacao do condutor";"Colisao traseira";"Sem Vatimas";"Pleno dia";"Crescente";"Nublado";"Maltipla";"Declive";"Sim";2;0;0;0;1;1;0;2;-8,07764447;-34,97863609;"SPRF-PE";"DEL01-PE";"UOP01-DEL01-PE"
573910;2024-01-11;"quinta-feira";"08:30:00";"MG";251;512,8;"FRANCISCO SA";"Transitar na contramao";"Colisao lateral sentido oposto";"Com Vatimas Feridas";"Pleno dia";"Crescente";"Ceu Claro";"Simples";"Curva";"Nao";2;0;1;0;0;1;1;2;-16,6553239;-43,71906108;"SPRF-MG";"DEL12-MG";"UOP01-DEL12-MG"
573913;2024-01-11;"quinta-feira";"07:00:00";"MT";163;930;"ITAUBA";"Velocidade Incompatavel";"Saida de leito carrocavel";"Com Vatimas Feridas";"Pleno dia";"Decrescente";"Ceu Claro";"Simples";"Curva";"Nao";2;0;1;0;0;1;1;2;-11,17218194;-55,31169576;"SPRF-MT";"DEL06-MT";"UOP02-DEL06-MT"
573914;2024-01-03;"quarta-feira";"09:40:00";"MG";267;59,2;"BICAS";"Ausancia de Reacao do condutor";"Colisao lateral sentido oposto";"Com Vatimas Fatais";"Pleno dia";"Decrescente";"Ceu Claro";"Simples";"Curva";"Nao";2;1;0;0;1;0;0;2;-21,7245573;-43,04402678;"SPRF-MG";"DEL07-MG";"UOP01-DEL07-MG"
573918;2024-01-11;"quinta-feira";"09:05:00";"PE";232;9;"RECIFE";"Ausancia de Reacao do condutor";"Colisao traseira";"Com Vatimas Feridas";"Pleno dia";"Crescente";"Garoa/Chuvisco";"Dupla";"Reta;Aclive                   ";"Nao";3;0;1;0;1;1;1;3;-8,07764447;-34,97863609;"SPRF-PE";"DEL01-PE";"UOP01-DEL01-PE"
573922;2024-01-06;"sabado";"04:30:00";"SC";480;123,9;"CHAPECO";"Estacionar ou parar em local proibido";"Colisao traseira";"Com Vatimas Feridas";"Amanhecer";"Decrescente";"Ceu Claro";"Dupla";"Aclive;Reta                   ";"Sim";6;0;1;1;4;0;2;2;-27,001992;-52,644768;"SPRF-SC";"DEL07-SC";"UOP01-DEL07-SC"
573927;2024-01-11;"quinta-feira";"07:30:00";"PR";376;305,9;"MAUA DA SERRA";"Velocidade Incompatavel";"Derramamento de carga";"Com Vatimas Feridas";"Amanhecer";"Decrescente";"Ceu Claro";"Dupla";"Curva";"Nao";2;0;1;0;1;0;1;1;-23,93937915;-51,12126231;"SPRF-PR";"DEL07-PR";"UOP02-DEL07-PR"
573930;2024-01-11;"quinta-feira";"09:40:00";"GO";40;92;"CRISTALINA";"Acessar a via sem observar a presenca dos outros veiculos";"Colisao transversal";"Com Vatimas Feridas";"Pleno dia";"Decrescente";"Ceu Claro";"Simples";"Interseaao de Vias";"Nao";4;0;1;0;3;0;1;2;-16,730814;-47,626211;"SPRF-DF";"DEL01-DF";"UOP02-DEL01-DF"
573936;2024-01-11;"quinta-feira";"10:35:00";"RS";116;296;"GUAIBA";"Ausancia de Reacao do condutor";"Colisao com objeto";"Sem Vatimas";"Pleno dia";"Crescente";"Chuva";"Dupla";"Reta;Viaduto                  ";"Nao";2;0;0;0;2;0;0;2;-30,08861201;-51,34229993;"SPRF-RS";"DEL02-RS";"UOP01-DEL02-RS"
573937;2024-01-11;"quinta-feira";"09:20:00";"SC";101;97;"BALNEARIO PICARRAS";"Manobra de mudanaa de faixa";"Colisao lateral sentido oposto";"Com Vatimas Feridas";"Pleno dia";"Crescente";"Sol";"Maltipla";"Reta";"Nao";2;0;1;0;0;1;1;2;-26,72823703;-48,70224928;"SPRF-SC";"DEL03-SC";"UOP02-DEL03-SC"
573939;2024-01-11;"quinta-feira";"11:10:00";"SC";101;151;"ITAPEMA";"Trafegar com motocicleta (ou similar) entre as faixas";"Colisao lateral mesmo sentido";"Com Vatimas Feridas";"Pleno dia";"Decrescente";"Ceu Claro";"Maltipla";"Reta";"Sim";4;0;0;1;3;0;1;4;-27,126536;-48,609642;"SPRF-SC";"DEL04-SC";"UOP03-DEL04-SC"
573947;2024-01-11;"quinta-feira";"11:00:00";"MG";381;484;"BETIM";"Objeto estatico sobre o leito carroaavel";"Colisao traseira";"Com Vatimas Feridas";"Pleno dia";"Crescente";"Ceu Claro";"Dupla";"Reta";"Nao";3;0;1;0;2;0;1;2;-19,95531717;-44,11722196;"SPRF-MG";"DEL01-MG";"UOP03-DEL01-MG"
573953;2024-01-11;"quinta-feira";"11:45:00";"RS";386;166;"CARAZINHO";"Reacao tardia ou ineficiente do condutor";"Tombamento";"Com Vatimas Feridas";"Pleno dia";"Decrescente";"Ceu Claro";"Simples";"Curva;Declive                 ";"Nao";2;0;2;0;0;0;2;1;-28,205965;-52,827972;"SPRF-RS";"DEL08-RS";"UOP01-DEL08-RS"
573955;2024-01-11;"quinta-feira";"13:00:00";"BA";324;517;"FEIRA DE SANTANA";"Condutor deixou de manter distancia do veiculo da frente";"Capotamento";"Com Vatimas Feridas";"Pleno dia";"Decrescente";"Sol";"Simples";"Reta";"Sim";3;0;2;0;1;0;2;2;-12,24953308;-38,93362525;"SPRF-BA";"DEL02-BA";"UOP01-DEL02-BA"
573971;2024-01-11;"quinta-feira";"07:20:00";"PI";316;333;"GEMINIANO";"Acessar a via sem observar a presenca dos outros veiculos";"Colisao transversal";"Com Vatimas Fatais";"Pleno dia";"Decrescente";"Chuva";"Simples";"Interseaao de Vias";"Nao";2;1;0;0;1;0;0;2;-7,1066551;-41,27195001;"SPRF-PI";"DEL04-PI";"UOP01-DEL04-PI"
573973;2024-01-11;"quinta-feira";"14:20:00";"SP";116;198;"ARUJA";"Reacao tardia ou ineficiente do condutor";"Colisao traseira";"Com Vatimas Feridas";"Pleno dia";"Crescente";"Ceu Claro";"Dupla";"Reta";"Sim";2;0;1;0;1;0;1;2;-23,39721625;-46,29284287;"SPRF-SP";"DEL01-SP";"UOP01-DEL01-SP"
573977;2024-01-11;"quinta-feira";"14:05:00";"RJ";40;112;"DUQUE DE CAXIAS";"Condutor Dormindo";"Colisao traseira";"Com Vatimas Feridas";"Pleno dia";"Decrescente";"Ceu Claro";"Dupla";"Reta;Aclive                   ";"Sim";3;0;0;1;2;0;1;2;-22,7004454;-43,29014851;"SPRF-RJ";"DEL01-RJ";"UOP02-DEL01-RJ"
573978;2024-01-11;"quinta-feira";"08:00:00";"SC";282;504,5;"XANXERE";"Acessar a via sem observar a presenca dos outros veiculos";"Queda de ocupante de veiculo";"Com Vatimas Feridas";"Pleno dia";"Crescente";"Nublado";"Simples";"Reta;Interseaao de Vias       ";"Sim";3;0;0;1;1;1;1;3;-26,884279;-52,408466;"SPRF-SC";"DEL07-SC";"UOP01-DEL07-SC"
573980;2024-01-11;"quinta-feira";"14:40:00";"SC";282;19,4;"PALHOCA";"Retorno proibido";"Colisao transversal";"Com Vatimas Feridas";"Pleno dia";"Decrescente";"Garoa/Chuvisco";"Simples";"Reta";"Nao";3;0;2;0;1;0;2;2;-27,678635;-48,70192;"SPRF-SC";"DEL01-SC";"UOP02-DEL01-SC"
573981;2024-01-11;"quinta-feira";"10:40:00";"MT";70;281;"PRIMAVERA DO LESTE";"Demais falhas mecanicas ou elatricas";"Tombamento";"Sem Vatimas";"Pleno dia";"Decrescente";"Ceu Claro";"Dupla";"Curva";"Sim";1;0;0;0;1;0;0;1;-15,56702889;-54,30512706;"SPRF-MT";"DEL05-MT";"UOP01-DEL05-MT"
573990;2024-01-11;"quinta-feira";"14:15:00";"BA";116;637;"JAGUAQUARA";"Ultrapassagem Indevida";"Tombamento";"Com Vatimas Feridas";"Pleno dia";"Decrescente";"Ceu Claro";"Simples";"Reta";"Nao";2;0;1;0;1;0;1;2;-13,50672946;-40,05364095;"SPRF-BA";"DEL03-BA";"UOP01-DEL03-BA"
573993;2024-01-11;"quinta-feira";"15:40:00";"RN";406;171;"SAO GONCALO DO AMARANTE";"Reacao tardia ou ineficiente do condutor";"Colisao traseira";"Com Vatimas Feridas";"Pleno dia";"Crescente";"Ceu Claro";"Maltipla";"Rotataria";"Sim";2;0;1;0;1;0;1;2;-5,76337202;-35,28717399;"SPRF-RN";"DEL02-RN";"UOP01-DEL02-RN"
573994;2024-01-11;"quinta-feira";"15:50:00";"RS";285;296,6;"PASSO FUNDO";"Reacao tardia ou ineficiente do condutor";"Saida de leito carrocavel";"Com Vatimas Feridas";"Pleno dia";"Decrescente";"Ceu Claro";"Simples";"Aclive;Curva                  ";"Nao";1;0;1;0;0;0;1;1;-28,2339272;-52,40753174;"SPRF-RS";"DEL08-RS";"UOP03-DEL08-RS"
573999;2024-01-11;"quinta-feira";"16:40:00";"BA";324;515,5;"FEIRA DE SANTANA";"Condutor deixou de manter distancia do veiculo da frente";"Colisao traseira";"Com Vatimas Feridas";"Pleno dia";"Crescente";"Sol";"Simples";"Reta";"Sim";3;0;1;0;2;0;1;2;-12,23547809;-38,94396807;"SPRF-BA";"DEL02-BA";"UOP01-DEL02-BA"
574000;2024-01-11;"quinta-feira";"10:35:00";"SP";116;19,4;"LAVRINHAS";"Mal sabito do condutor";"Capotamento";"Com Vatimas Feridas";"Pleno dia";"Crescente";"Ceu Claro";"Dupla";"Reta";"Nao";3;0;2;0;1;0;2;2;-22,56334703;-44,86497596;"SPRF-SP";"DEL08-SP";"UOP02-DEL08-SP"
574001;2024-01-11;"quinta-feira";"15:20:00";"AL";104;91,3;"RIO LARGO";"Acessar a via sem observar a presenca dos outros veiculos";"Colisao lateral mesmo sentido";"Sem Vatimas";"Pleno dia";"Decrescente";"Nublado";"Dupla";"Reta";"Sim";3;0;0;0;3;0;0;2;-9,50898856;-35,80777135;"SPRF-AL";"DEL01-AL";"UOP01-DEL01-AL"
574002;2024-01-11;"quinta-feira";"15:20:00";"SC";101;101,4;"BALNEARIO PICARRAS";"Reacao tardia ou ineficiente do condutor";"Colisao traseira";"Com Vatimas Feridas";"Pleno dia";"Crescente";"Nublado";"Maltipla";"Reta;Declive                  ";"Sim";3;0;1;0;2;0;1;2;-26,77241069;-48,68604165;"SPRF-SC";"DEL03-SC";"UOP02-DEL03-SC"
574004;2024-01-11;"quinta-feira";"16:50:00";"SC";470;47,2;"BLUMENAU";"Condutor deixou de manter distancia do veiculo da frente";"Colisao traseira";"Com Vatimas Feridas";"Pleno dia";"Decrescente";"Chuva";"Simples";"Reta;Viaduto                  ";"Sim";2;0;1;0;1;0;1;2;-26,864044;-49,046516;"SPRF-SC";"DEL04-SC";"UOP01-DEL04-SC"
574005;2024-01-11;"quinta-feira";"12:40:00";"MT";174;344;"CONQUISTA DOESTE";"Mal sabito do condutor";"Saida de leito carrocavel";"Com Vatimas Feridas";"Pleno dia";"Crescente";"Nublado";"Simples";"Reta";"Nao";1;0;1;0;0;0;1;1;-14,77008585;-59,34019777;"SPRF-MT";"DEL04-MT";"UOP01-DEL04-MT"
574009;2024-01-11;"quinta-feira";"14:20:00";"MT";364;276;"JACIARA";"Manobra de mudanaa de faixa";"Colisao lateral sentido oposto";"Com Vatimas Feridas";"Pleno dia";"Crescente";"Nublado";"Dupla";"Reta";"Nao";6;0;4;0;1;1;4;3;-15,9525579;-54,98847663;"SPRF-MT";"DEL05-MT";"UOP02-DEL05-MT"
574011;2024-01-11;"quinta-feira";"17:05:00";"PR";163;26,5;"SANTO ANTONIO DO SUDOESTE";"Velocidade Incompatavel";"Engavetamento";"Com Vatimas Fatais";"Pleno dia";"Crescente";"Ceu Claro";"Simples";"Aclive;Rotataria;Curva        ";"Nao";8;1;0;0;4;3;0;5;-26,11976219;-53,67907047;"SPRF-PR";"DEL02-PR";"UOP02-DEL02-PR"
574012;2024-01-11;"quinta-feira";"16:30:00";"TO";153;248;"COLINAS DO TOCANTINS";"Chuva";"Colisao com objeto";"Sem Vatimas";"Anoitecer";"Decrescente";"Chuva";"Dupla";"Reta";"Sim";1;0;0;0;1;0;0;1;-8,06220097;-48,46672098;"SPRF-TO";"DEL02-TO";"UOP02-DEL02-TO"
574016;2024-01-11;"quinta-feira";"08:30:00";"MG";365;218;"BURITIZEIRO";"Demais falhas mecanicas ou elatricas";"Incendio";"Sem Vatimas";"Pleno dia";"Decrescente";"Ceu Claro";"Simples";"Reta";"Nao";1;0;0;0;1;0;0;1;-17,59130864;-45,35991523;"SPRF-MG";"DEL10-MG";"UOP02-DEL010-MG"
574022;2024-01-11;"quinta-feira";"16:20:00";"ES";101;188;"ARACRUZ";"Ingestao de alcool pelo condutor";"Colisao traseira";"Sem Vatimas";"Pleno dia";"Crescente";"Ceu Claro";"Simples";"Reta";"Nao";2;0;0;0;2;0;0;2;-19,67835348;-40,26799321;"SPRF-ES";"DEL04-ES";"UOP01-DEL04-ES"
574026;2024-01-11;"quinta-feira";"07:45:00";"SC";282;476;"VARGEAO";"Transitar na contramao";"Colisao frontal";"Com Vatimas Feridas";"Pleno dia";"Decrescente";"Ceu Claro";"Simples";"Rotataria;Reta                ";"Nao";2;0;1;1;0;0;2;2;-26,882666;-52,169231;"SPRF-SC";"DEL07-SC";"UOP01-DEL07-SC"
574029;2024-01-11;"quinta-feira";"17:30:00";"PB";230;159;"CAMPINA GRANDE";"Desrespeitar a preferancia no cruzamento";"Colisao transversal";"Sem Vatimas";"Anoitecer";"Crescente";"Chuva";"Simples";"Interseaao de Vias";"Sim";2;0;0;0;2;0;0;2;-7,252;-35,9334;"SPRF-PB";"DEL02-PB";"UOP01-DEL02-PB"
574033;2024-01-11;"quinta-feira";"18:45:00";"PR";277;718;"SANTA TEREZINHA DE ITAIPU";"Demais falhas mecanicas ou elatricas";"Incendio";"Sem Vatimas";"Pleno dia";"Decrescente";"Ceu Claro";"Dupla";"Aclive";"Nao";1;0;0;0;1;0;0;1;-25,48013487;-54,48530406;"SPRF-PR";"DEL05-PR";"UOP03-DEL05-PR"
574036;2024-01-11;"quinta-feira";"17:00:00";"CE";116;466;"BARRO";"Demais falhas mecanicas ou elatricas";"Engavetamento";"Sem Vatimas";"Pleno dia";"Crescente";"Sol";"Simples";"Reta;Aclive                   ";"Nao";5;0;0;0;5;0;0;5;-7,237718;-38,84282;"SPRF-CE";"DEL05-CE";"UOP03-DEL05-CE"
574037;2024-01-11;"quinta-feira";"18:52:00";"PB";101;45,2;"MAMANGUAPE";"Acessar a via sem observar a presenca dos outros veiculos";"Colisao traseira";"Sem Vatimas";"Plena Noite";"Crescente";"Ceu Claro";"Dupla";"Reta";"Nao";2;0;0;0;2;0;0;2;-6,88322894;-35,1303459;"SPRF-PB";"DEL01-PB";"UOP04-DEL01-PB"
574040;2024-01-11;"quinta-feira";"17:00:00";"SC";470;341,7;"CAMPOS NOVOS";"Acessar a via sem observar a presenca dos outros veiculos";"Colisao transversal";"Com Vatimas Feridas";"Pleno dia";"Crescente";"Ceu Claro";"Simples";"Reta";"Nao";4;0;1;2;1;0;3;2;-27,527861;-51,380497;"SPRF-SC";"DEL07-SC";"UOP06-DEL07-SC"
574042;2024-01-11;"quinta-feira";"10:00:00";"PR";153;518,9;"GENERAL CARNEIRO";"Reacao tardia ou ineficiente do condutor";"Saida de leito carrocavel";"Com Vatimas Feridas";"Pleno dia";"Crescente";"Nublado";"Simples";"Curva";"Nao";1;0;0;1;0;0;1;1;-26,59244151;-51,45618439;"SPRF-PR";"DEL02-PR";"UOP03-DEL02-PR"
574043;2024-01-11;"quinta-feira";"14:30:00";"PA";10;191,4;"IPIXUNA DO PARA";"Ausancia de Reacao do condutor";"Tombamento";"Com Vatimas Feridas";"Pleno dia";"Crescente";"Nublado";"Simples";"Reta";"Nao";1;0;1;0;0;0;1;1;-2,75791;-47,45823;"SPRF-PA";"DEL02-PA";"UOP01-DEL02-PA"
574049;2024-01-11;"quinta-feira";"17:15:00";"MA";402;2,9;"BACABEIRA";"Transitar na contramao";"Colisao frontal";"Com Vatimas Fatais";"Anoitecer";"Decrescente";"Garoa/Chuvisco";"Simples";"Reta";"Nao";2;1;0;0;1;0;0;2;-2,964762;-44,309975;"SPRF-MA";"DEL01-MA";"UOP01-DEL01-MA"
574050;2024-01-11;"quinta-feira";"19:40:00";"AL";101;92;"RIO LARGO";"Problema com o freio";"Atropelamento de Pedestre";"Com Vatimas Feridas";"Plena Noite";"Crescente";"Ceu Claro";"Dupla";"Aclive";"Nao";1;0;0;1;0;0;1;1;-9,50397895;-35,91844603;"SPRF-AL";"DEL01-AL";"UOP01-DEL01-AL"
574052;2024-01-11;"quinta-feira";"19:55:00";"RS";290;496,6;"ROSARIO DO SUL";"Ausancia de Reacao do condutor";"Colisao transversal";"Com Vatimas Feridas";"Anoitecer";"Decrescente";"Ceu Claro";"Simples";"Reta";"Nao";2;0;1;0;1;0;1;2;-30,20376;-55,071381;"SPRF-RS";"DEL11-RS";"UOP02-DEL11-RS"
574071;2024-01-11;"quinta-feira";"17:40:00";"PI";316;101;"BARRO DURO";"Manobra de mudanaa de faixa";"Colisao lateral mesmo sentido";"Com Vatimas Feridas";"Anoitecer";"Crescente";"Nublado";"Simples";"Aclive;Curva                  ";"Nao";2;0;0;1;1;0;1;2;-5,83803464;-42,47945107;"SPRF-PI";"DEL04-PI";"UOP02-DEL04-PI"
574072;2024-01-11;"quinta-feira";"18:40:00";"PB";104;143;"QUEIMADAS";"Acessar a via sem observar a presenca dos outros veiculos";"Colisao frontal";"Com Vatimas Feridas";"Plena Noite";"Crescente";"Nublado";"Simples";"Reta";"Nao";3;0;0;1;2;0;1;2;-7,40477903;-35,89667929;"SPRF-PB";"DEL02-PB";"UOP03-DEL02-PB"
574090;2024-01-11;"quinta-feira";"23:30:00";"PB";230;57;"CRUZ DO ESPIRITO SANTO";"Ingestao de alcool pelo condutor";"Colisao com objeto";"Sem Vatimas";"Plena Noite";"Decrescente";"Chuva";"Dupla";"Reta";"Nao";2;0;0;0;2;0;0;2;-7,2028;-35,1125;"SPRF-PB";"DEL01-PB";"UOP03-DEL01-PB"
574091;2024-01-11;"quinta-feira";"19:30:00";"PR";153;394;"MALLET";"Transitar na contramao";"Colisao frontal";"Com Vatimas Feridas";"Plena Noite";"Crescente";"Nublado";"Simples";"Reta";"Nao";3;0;2;0;1;0;2;2;-25,91286173;-50,84605212;"SPRF-PR";"DEL08-PR";"UOP02-DEL08-PR"
574094;2024-01-11;"quinta-feira";"23:30:00";"MG";40;143,5;"JOAO PINHEIRO";"Reacao tardia ou ineficiente do condutor";"Colisao traseira";"Com Vatimas Feridas";"Plena Noite";"Crescente";"Ceu Claro";"Simples";"Reta";"Sim";2;0;1;0;0;1;1;2;-17,747998;-46,173903;"SPRF-MG";"DEL14-MG";"UOP01-DEL14-MG"
574095;2024-01-11;"quinta-feira";"21:40:00";"PR";277;40;"MORRETES";"Reacao tardia ou ineficiente do condutor";"Tombamento";"Sem Vatimas";"Plena Noite";"Crescente";"Chuva";"Maltipla";"Aclive;Curva                  ";"Nao";1;0;0;0;1;0;0;1;-25,58285944;-48,86836767;"SPRF-PR";"DEL01-PR";"UOP05-DEL01-PR"
574098;2024-01-12;"sexta-feira";"01:33:00";"ES";101;358;"ANCHIETA";"Condutor Dormindo";"Tombamento";"Com Vatimas Feridas";"Plena Noite";"Decrescente";"Ceu Claro";"Simples";"Reta";"Nao";2;0;2;0;0;0;2;1;-20,691717;-40,704254;"SPRF-ES";"DEL03-ES";"UOP01-DEL03-ES"
574099;2024-01-12;"sexta-feira";"01:30:00";"MG";262;466,6;"BOM DESPACHO";"Acumulo de agua sobre o pavimento";"Saida de leito carrocavel";"Com Vatimas Feridas";"Plena Noite";"Decrescente";"Chuva";"Simples";"Curva";"Nao";1;0;1;0;0;0;1;1;-19,80696129;-45,12497507;"SPRF-MG";"DEL08-MG";"UOP03-DEL08-MG"
574104;2024-01-12;"sexta-feira";"04:55:00";"RS";116;247,1;"SAO LEOPOLDO";"Demais falhas mecanicas ou elatricas";"Incendio";"Sem Vatimas";"Amanhecer";"Decrescente";"Ceu Claro";"Maltipla";"Curva";"Sim";1;0;0;0;1;0;0;1;-29,76733091;-51,1535296;"SPRF-RS";"DEL01-RS";"UOP02-DEL01-RS"
574106;2024-01-12;"sexta-feira";"05:30:00";"PR";376;196,7;"MARIALVA";"Demais falhas mecanicas ou elatricas";"Incendio";"Sem Vatimas";"Amanhecer";"Decrescente";"Ceu Claro";"Dupla";"Reta";"Nao";1;0;0;0;1;0;0;1;-23,50107252;-51,77839279;"SPRF-PR";"DEL09-PR";"UOP01-DEL09-PR"
574108;2024-01-12;"sexta-feira";"06:00:00";"PR";277;588,5;"CASCAVEL";"Condutor Dormindo";"Colisao lateral sentido oposto";"Com Vatimas Feridas";"Pleno dia";"Decrescente";"Ceu Claro";"Simples";"Declive;Reta                  ";"Nao";3;0;1;0;2;0;1;3;-24,97639126;-53,44369406;"SPRF-PR";"DEL04-PR";"UOP01-DEL04-PR"
574127;2024-01-11;"quinta-feira";"19:00:00";"MT";70;86;"GENERAL CARNEIRO";"Velocidade Incompatavel";"Saida de leito carrocavel";"Sem Vatimas";"Anoitecer";"Decrescente";"Ceu Claro";"Simples";"Declive;Curva                 ";"Nao";1;0;0;0;1;0;0;1;-15,62175737;-52,85223412;"SPRF-MT";"DEL07-MT";"UOP01-DEL07-MT"
574128;2024-01-12;"sexta-feira";"07:15:00";"MG";354;705;"CAXAMBU";"Velocidade Incompatavel";"Tombamento";"Com Vatimas Feridas";"Pleno dia";"Crescente";"Ceu Claro";"Simples";"Curva";"Nao";2;0;1;0;1;0;1;1;-21,99205276;-44,9251702;"SPRF-MG";"DEL17-MG";"UOP01-DEL17-MG"
574133;2024-01-12;"sexta-feira";"06:45:00";"PE";116;30;"SALGUEIRO";"Carga excessiva e/ou mal acondicionada";"Tombamento";"Com Vatimas Feridas";"Pleno dia";"Crescente";"Sol";"Simples";"Reta";"Nao";1;0;1;0;0;0;1;1;-8,103991;-39,12421;"SPRF-PE";"DEL05-PE";"UOP01-DEL05-PE"
574139;2024-01-12;"sexta-feira";"07:10:00";"PI";343;314,3;"ALTOS";"Transitar na contramao";"Colisao frontal";"Com Vatimas Feridas";"Pleno dia";"Crescente";"Ceu Claro";"Simples";"Reta";"Nao";2;0;0;1;1;0;1;2;-5,047346;-42,518414;"SPRF-PI";"DEL01-PI";"UOP01-DEL01-PI"
574146;2024-01-04;"quinta-feira";"10:40:00";"MG";381;350;"JOAO MONLEVADE";"Ausancia de Reacao do condutor";"Colisao traseira";"Com Vatimas Feridas";"Pleno dia";"Crescente";"Garoa/Chuvisco";"Simples";"Aclive;Ponte;Reta             ";"Nao";9;0;0;3;6;0;3;5;-19,84953832;-43,15779198;"SPRF-MG";"DEL03-MG";"UOP01-DEL03-MG"
574150;2024-01-12;"sexta-feira";"09:00:00";"PR";163;231;"CASCAVEL";"Manobra de mudanaa de faixa";"Colisao lateral mesmo sentido";"Com Vatimas Feridas";"Pleno dia";"Crescente";"Ceu Claro";"Dupla";"Curva";"Nao";8;0;2;0;6;0;2;2;-24,897235;-53,533793;"SPRF-PR";"DEL04-PR";"UOP01-DEL04-PR"
574151;2024-01-12;"sexta-feira";"07:00:00";"SP";116;360;"MIRACATU";"Ausancia de Reacao do condutor";"Tombamento";"Com Vatimas Feridas";"Pleno dia";"Decrescente";"Ceu Claro";"Dupla";"Aclive;Curva                  ";"Nao";1;0;1;0;0;0;1;1;-24,11321;-47,269527;"SPRF-SP";"DEL04-SP";"UOP03-DEL04-SP"
574154;2024-01-12;"sexta-feira";"09:00:00";"PA";316;35;"SANTA IZABEL DO PARA";"Acessar a via sem observar a presenca dos outros veiculos";"Colisao transversal";"Com Vatimas Feridas";"Pleno dia";"Crescente";"Chuva";"Dupla";"Reta;Desvio Temporario        ";"Sim";2;0;1;0;1;0;1;2;-1,28956444;-48,15451813;"SPRF-PA";"DEL01-PA";"UOP01-DEL01-PA"
574156;2024-01-12;"sexta-feira";"08:30:00";"MS";262;118,9;"AGUA CLARA";"Demais falhas na via";"Tombamento";"Com Vatimas Feridas";"Pleno dia";"Crescente";"Ceu Claro";"Simples";"Reta";"Nao";2;0;1;0;0;1;1;2;-20,50995218;-52,65413403;"SPRF-MS";"DEL07-MS";"UOP02-DEL07-MS"
574159;2024-01-12;"sexta-feira";"07:45:00";"MA";135;105;"ITAPECURU MIRIM";"Reacao tardia ou ineficiente do condutor";"Colisao frontal";"Com Vatimas Feridas";"Pleno dia";"Crescente";"Chuva";"Simples";"Reta";"Nao";8;0;5;1;0;2;6;4;-3,39583238;-44,50239179;"SPRF-MA";"DEL01-MA";"UOP02-DEL01-MA"
574160;2024-01-12;"sexta-feira";"10:45:00";"MG";365;388,2;"PATOS DE MINAS";"Ultrapassagem Indevida";"Colisao frontal";"Com Vatimas Fatais";"Pleno dia";"Crescente";"Sol";"Simples";"Reta";"Nao";2;1;0;0;1;0;0;2;-18,61055297;-46,28857506;"SPRF-MG";"DEL10-MG";"UOP01-DEL10-MG"
574164;2024-01-12;"sexta-feira";"08:50:00";"ES";101;66;"SAO MATEUS";"Acessar a via sem observar a presenca dos outros veiculos";"Colisao transversal";"Com Vatimas Feridas";"Pleno dia";"Decrescente";"Sol";"Simples";"Interseaao de Vias";"Sim";2;0;1;0;1;0;1;2;-18,7165195;-39,87436378;"SPRF-ES";"DEL04-ES";"UOP02-DEL04-ES"
574175;2024-01-12;"sexta-feira";"12:20:00";"SC";101;59;"ARAQUARI";"Manobra de mudanaa de faixa";"Colisao lateral mesmo sentido";"Com Vatimas Feridas";"Pleno dia";"Crescente";"Nublado";"Dupla";"Curva";"Nao";3;0;1;0;2;0;1;2;-26,44651734;-48,79426826;"SPRF-SC";"DEL03-SC";"UOP02-DEL03-SC"
574183;2024-01-12;"sexta-feira";"11:57:00";"MG";381;676,5;"PERDOES";"Mal sabito do condutor";"Colisao transversal";"Com Vatimas Feridas";"Pleno dia";"Decrescente";"Ceu Claro";"Maltipla";"Reta";"Sim";2;0;1;0;1;0;1;2;-21,12375684;-45,09790729;"SPRF-MG";"DEL04-MG";"UOP02-DEL04-MG"