"id";"data_inversa";"dia_semana";"horario";"uf";"br";"km";"municipio";"causa_acidente";"tipo_acidente";"classificacao_acidente";"fase_dia";"sentido_via";"condicao_metereologica";"tipo_pista";"tracado_via";"uso_solo";"pessoas";"mortos";"feridos_leves";"feridos_graves";"ilesos";"ignorados";"feridos";"veiculos";"latitude";"longitude";"regional";"delegacia";"uop"
576428;2024-01-22;"segunda-feira";"13:00:00";"SP";116;513,3;"CAJATI";"Reacao tardia ou ineficiente do condutor";"Tombamento";"Com Vatimas Fatais";"Pleno dia";"Decrescente";"Nublado";"Simples";"Curva;Declive                 ";"Nao";2;1;0;0;1;0;0;1;-24,84870719;-48,21109772;"SPRF-SP";"DEL05-SP";"UOP02-DEL05-SP"
576436;2024-01-02;"terça-feira";"12:30:00";"AL";101;62,8;"MESSIAS";"Ultrapassagem Indevida";"Saida de leito carrocavel";"Com Vatimas Feridas";"Pleno dia";"Decrescente";"Ceu Claro";"Dupla";"Curva";"Nao";2;0;1;0;0;1;1;2;-9,30924999;-35,82452501;"SPRF-AL";"DEL01-AL";"UOP02-DEL01-AL"
576437;2024-01-22;"segunda-feira";"12:30:00";"PR";277;32;"MORRETES";"Manobra de mudanaa de faixa";"Colisao com objeto";"Com Vatimas Feridas";"Pleno dia";"Decrescente";"Chuva";"Dupla";"Curva;Declive                 ";"Nao";4;0;2;1;0;1;3;2;-25,547373;-48,790559;"SPRF-PR";"DEL01-PR";"UOP05-DEL01-PR"
576441;2024-01-22;"segunda-feira";"10:50:00";"BA";101;79;"ALAGOINHAS";"Ultrapassagem Indevida";"Colisao lateral sentido oposto";"Com Vatimas Feridas";"Pleno dia";"Crescente";"Sol";"Maltipla";"Aclive;Reta                   ";"Nao";5;0;2;0;2;1;2;3;-12,01196305;-38,26882996;"SPRF-BA";"DEL01-BA";"UOP04-DEL01-BA"
576442;2024-01-22;"segunda-feira";"14:00:00";"AL";316;242,9;"ATALAIA";"Manobra de mudanaa de faixa";"Colisao lateral mesmo sentido";"Com Vatimas Feridas";"Pleno dia";"Crescente";"Ceu Claro";"Simples";"Declive;Reta                  ";"Nao";5;0;1;2;2;0;3;3;-9,50727405;-36,02113501;"SPRF-AL";"DEL01-AL";"UOP01-DEL01-AL"
576444;2024-01-22;"segunda-feira";"08:00:00";"PA";316;35;"SANTA IZABEL DO PARA";"Acessar a via sem observar a presenca dos outros veiculos";"Colisao transversal";"Com Vatimas Feridas";"Pleno dia";"Decrescente";"Ceu Claro";"Dupla";"Reta";"Sim";3;0;0;2;1;0;2;2;-1,29146197;-48,164561;"SPRF-PA";"DEL01-PA";"UOP01-DEL01-PA"
576453;2024-01-22;"segunda-feira";"12:00:00";"MA";226;3,2;"TIMON";"Transitar na contramao";"Colisao transversal";"Com Vatimas Fatais";"Pleno dia";"Crescente";"Ceu Claro";"Dupla";"Reta";"Sim";3;2;0;0;1;0;0;2;-5,13817871;-42,84456968;"SPRF-MA";"DEL03-MA";"UOP02-DEL03-MA"
576466;2024-01-02;"terça-feira";"14:05:00";"PR";163;147,6;"SANTA LUCIA";"Velocidade Incompatavel";"Colisao transversal";"Com Vatimas Feridas";"Pleno dia";"Decrescente";"Chuva";"Simples";"Reta";"Nao";2;0;0;1;1;0;1;2;-25,44415695;-53,57850109;"SPRF-PR";"DEL05-PR";"UOP05-DEL05-PR"
576470;2024-01-22;"segunda-feira";"14:30:00";"MT";163;1047;"MATUPA";"Ausancia de Reacao do condutor";"Colisao traseira";"Com Vatimas Feridas";"Pleno dia";"Decrescente";"Nublado";"Simples";"Reta";"Nao";6;0;3;0;1;2;3;3;-10,04840183;-54,90943457;"SPRF-MT";"DEL06-MT";"UOP03-DEL06-MT"
576472;2024-01-22;"segunda-feira";"15:10:00";"MG";262;36,3;"MANHUACU";"Ultrapassagem Indevida";"Colisao lateral mesmo sentido";"Com Vatimas Feridas";"Pleno dia";"Decrescente";"Ceu Claro";"Simples";"Curva";"Sim";4;0;1;0;3;0;1;2;-20,25932046;-42,02298331;"SPRF-MG";"DEL06-MG";"UOP03-DEL06-MG"
576476;2024-01-22;"segunda-feira";"18:23:00";"PE";232;136,5;"CARUARU";"Pedestre andava na pista";"Atropelamento de Pedestre";"Com Vatimas Fatais";"Plena Noite";"Crescente";"Ceu Claro";"Dupla";"Reta;Declive                  ";"Nao";3;1;0;0;0;2;0;2;-8,31339932;-36,04175591;"SPRF-PE";"DEL02-PE";"UOP01-DEL02-PE"
576477;2024-01-22;"segunda-feira";"15:00:00";"RS";116;131,9;"CAXIAS DO SUL";"Problema com o freio";"Colisao com objeto";"Com Vatimas Fatais";"Pleno dia";"Decrescente";"Nublado";"Simples";"Declive;Curva                 ";"Nao";3;1;0;1;0;1;1;2;-29,04243793;-51,09118821;"SPRF-RS";"DEL05-RS";"UOP01-DEL05-RS"
576479;2024-01-22;"segunda-feira";"15:40:00";"RJ";116;98,9;"GUAPIMIRIM";"Pista Escorregadia";"Colisao lateral sentido oposto";"Com Vatimas Feridas";"Pleno dia";"Decrescente";"Chuva";"Simples";"Curva";"Nao";2;0;0;1;1;0;1;2;-22,48285706;-42,99723936;"SPRF-RJ";"DEL04-RJ";"UOP01-DEL04-RJ"
576483;2024-01-22;"segunda-feira";"12:00:00";"BA";110;321;"ALAGOINHAS";"Velocidade Incompatavel";"Capotamento";"Com Vatimas Feridas";"Pleno dia";"Crescente";"Ceu Claro";"Simples";"Curva";"Nao";1;0;0;1;0;0;1;1;-12,07521394;-38,34597792;"SPRF-BA";"DEL01-BA";"UOP04-DEL01-BA"
576484;2024-01-22;"segunda-feira";"16:35:00";"PR";277;405;"CANDOI";"Ausancia de Reacao do condutor";"Colisao lateral mesmo sentido";"Sem Vatimas";"Pleno dia";"Decrescente";"Nublado";"Simples";"Aclive;Curva                  ";"Nao";5;0;0;0;3;2;0;3;-25,42476038;-52,01405811;"SPRF-PR";"DEL04-PR";"UOP02-DEL04-PR"
576490;2024-01-22;"segunda-feira";"19:20:00";"RS";290;102;"PORTO ALEGRE";"Reacao tardia ou ineficiente do condutor";"Colisao traseira";"Com Vatimas Fatais";"Anoitecer";"Crescente";"Ceu Claro";"Dupla";"Reta";"Nao";5;1;1;0;2;1;1;5;-29,99054914;-51,2685585;"SPRF-RS";"DEL01-RS";"UOP01-DEL01-RS"
576491;2024-01-22;"segunda-feira";"18:20:00";"MS";163;103;"ITAQUIRAI";"Condutor deixou de manter distancia do veiculo da frente";"Colisao traseira";"Com Vatimas Feridas";"Plena Noite";"Decrescente";"Chuva";"Simples";"Reta";"Nao";5;0;2;0;3;0;2;3;-23,2534093;-54,22740398;"SPRF-MS";"DEL09-MS";"UOP01-DEL09-MS"
576493;2024-01-22;"segunda-feira";"19:25:00";"RS";116;516,7;"PELOTAS";"Acessar a via sem observar a presenca dos outros veiculos";"Colisao transversal";"Com Vatimas Feridas";"Anoitecer";"Crescente";"Nublado";"Dupla";"Interseaao de Vias";"Sim";2;0;1;0;1;0;1;2;-31,67522177;-52,34182298;"SPRF-RS";"DEL07-RS";"UOP01-DEL07-RS"
576496;2024-01-22;"segunda-feira";"14:15:00";"BA";242;258;"BOA VISTA DO TUPIM";"Velocidade Incompatavel";"Tombamento";"Sem Vatimas";"Pleno dia";"Decrescente";"Ceu Claro";"Simples";"Declive;Curva                 ";"Nao";1;0;0;0;1;0;0;1;-12,47654323;-40,53365808;"SPRF-BA";"DEL06-BA";"UOP02-DEL06-BA"
576499;2024-01-22;"segunda-feira";"18:30:00";"PR";376;497;"PONTA GROSSA";"Condutor deixou de manter distancia do veiculo da frente";"Engavetamento";"Com Vatimas Feridas";"Plena Noite";"Decrescente";"Chuva";"Dupla";"Reta";"Nao";3;0;1;0;2;0;1;3;-25,18271102;-50,09257101;"SPRF-PR";"DEL03-PR";"UOP04-DEL03-PR"
576502;2024-01-22;"segunda-feira";"17:20:00";"RJ";493;97;"SEROPEDICA";"Modificaaao proibida";"Colisao traseira";"Com Vatimas Feridas";"Pleno dia";"Crescente";"Nublado";"Dupla";"Reta";"Nao";4;0;3;0;1;0;3;2;-22,72116212;-43,70957851;"SPRF-RJ";"DEL01-RJ";"UOP03-DEL01-RJ"
576507;2024-01-20;"sabado";"16:00:00";"MG";365;245;"JOAO PINHEIRO";"Ultrapassagem Indevida";"Saida de leito carrocavel";"Com Vatimas Feridas";"Pleno dia";"Decrescente";"Ceu Claro";"Simples";"Reta";"Nao";2;0;2;0;0;0;2;1;-17,79493894;-45,42800103;"SPRF-MG";"DEL10-MG";"UOP02-DEL010-MG"
576517;2024-01-22;"segunda-feira";"21:10:00";"SP";116;399;"MIRACATU";"Manobra de mudanaa de faixa";"Colisao lateral mesmo sentido";"Com Vatimas Feridas";"Plena Noite";"Crescente";"Chuva";"Dupla";"Curva";"Nao";2;0;1;0;0;1;1;2;-24,30685192;-47,49673259;"SPRF-SP";"DEL04-SP";"UOP02-DEL04-SP"
576523;2024-01-22;"segunda-feira";"21:40:00";"PE";101;79,9;"JABOATAO DOS GUARARAPES";"Trafegar com motocicleta (ou similar) entre as faixas";"Colisao traseira";"Com Vatimas Feridas";"Plena Noite";"Crescente";"Ceu Claro";"Dupla";"Curva";"Sim";2;0;0;1;1;0;1;2;-8,14366112;-34,94723453;"SPRF-PE";"DEL01-PE";"UOP01-DEL01-PE"
576524;2024-01-22;"segunda-feira";"22:00:00";"PR";476;198,3;"LAPA";"Ausancia de Reacao do condutor";"Colisao traseira";"Com Vatimas Feridas";"Plena Noite";"Decrescente";"Chuva";"Dupla";"Aclive;Reta                   ";"Nao";2;0;0;1;1;0;1;2;-25,765606;-49,73917;"SPRF-PR";"DEL01-PR";"UOP06-DEL01-PR"
576531;2024-01-22;"segunda-feira";"20:50:00";"SC";280;83,3;"CORUPA";"Reacao tardia ou ineficiente do condutor";"Saida de leito carrocavel";"Com Vatimas Fatais";"Plena Noite";"Crescente";"Chuva";"Simples";"Declive;Curva                 ";"Nao";1;1;0;0;0;0;0;1;-26,4152291;-49,2571923;"SPRF-SC";"DEL06-SC";"UOP03-DEL06-SC"
576532;2024-01-22;"segunda-feira";"11:00:00";"RJ";101;309;"SAO GONCALO";"Condutor deixou de manter distancia do veiculo da frente";"Colisao traseira";"Com Vatimas Feridas";"Pleno dia";"Crescente";"Nublado";"Maltipla";"Reta";"Sim";3;0;1;0;2;0;1;3;-22,79498873;-43,03446105;"SPRF-RJ";"DEL02-RJ";"UOP02-DEL02-RJ"
576541;2024-01-22;"segunda-feira";"17:20:00";"BA";324;614;"SALVADOR";"Trafegar com motocicleta (ou similar) entre as faixas";"Colisao lateral mesmo sentido";"Com Vatimas Fatais";"Pleno dia";"Crescente";"Ceu Claro";"Dupla";"Reta";"Nao";3;1;0;0;1;1;0;3;-12,8639793;-38,42370126;"SPRF-BA";"DEL01-BA";"UOP01-DEL01-BA"
576544;2024-01-23;"terça-feira";"04:20:00";"MG";381;454;"BELO HORIZONTE";"Ausancia de Reacao do condutor";"Colisao frontal";"Com Vatimas Feridas";"Plena Noite";"Decrescente";"Ceu Claro";"Simples";"Viaduto";"Sim";3;0;0;1;1;1;1;3;-19,84129444;-43,87213111;"SPRF-MG";"DEL01-MG";"UOP01-DEL01-MG"
576547;2024-01-23;"terça-feira";"04:15:00";"MT";364;354;"SANTO ANTONIO DO LEVERGER";"Reacao tardia ou ineficiente do condutor";"Saida de leito carrocavel";"Com Vatimas Feridas";"Plena Noite";"Decrescente";"Nublado";"Dupla";"Aclive;Curva                  ";"Nao";1;0;1;0;0;0;1;1;-15,79674629;-55,59138;"SPRF-MT";"DEL05-MT";"UOP02-DEL05-MT"
576550;2024-01-23;"terça-feira";"06:00:00";"MG";40;517;"RIBEIRAO DAS NEVES";"Ausancia de Reacao do condutor";"Queda de ocupante de veiculo";"Com Vatimas Fatais";"Amanhecer";"Crescente";"Ceu Claro";"Dupla";"Aclive;Reta                   ";"Sim";2;1;0;0;1;0;0;2;-19,82351202;-44,08438913;"SPRF-MG";"DEL01-MG";"UOP02-DEL01-MG"
576554;2024-01-22;"segunda-feira";"23:00:00";"MG";365;212;"BURITIZEIRO";"Reacao tardia ou ineficiente do condutor";"Tombamento";"Com Vatimas Feridas";"Plena Noite";"Decrescente";"Nublado";"Simples";"Reta";"Nao";1;0;1;0;0;0;1;1;-17,56244988;-45,31488708;"SPRF-MG";"DEL10-MG";"UOP02-DEL010-MG"
576558;2024-01-23;"terça-feira";"05:30:00";"GO";153;304,4;"RIALMA";"Reacao tardia ou ineficiente do condutor";"Saida de leito carrocavel";"Com Vatimas Feridas";"Amanhecer";"Decrescente";"Garoa/Chuvisco";"Simples";"Reta;Declive                  ";"Nao";1;0;1;0;0;0;1;1;-15,311009;-49,572147;"SPRF-GO";"DEL02-GO";"UOP02-DEL02-GO"
576561;2024-01-23;"terça-feira";"00:00:00";"MT";163;570,5;"NOBRES";"Animais na Pista";"Atropelamento de Animal";"Sem Vatimas";"Plena Noite";"Decrescente";"Chuva";"Dupla";"Retorno Regulamentado;Reta    ";"Nao";1;0;0;0;1;0;0;1;-14,654;-56,294;"SPRF-MT";"DEL01-MT";"UOP01-DEL01-MT"
576562;2024-01-23;"terça-feira";"00:15:00";"ES";101;292,9;"CARIACICA";"Acumulo de agua sobre o pavimento";"Colisao com objeto";"Sem Vatimas";"Plena Noite";"Decrescente";"Chuva";"Dupla";"Reta";"Sim";1;0;0;0;1;0;0;1;-20,30650512;-40,39488717;"SPRF-ES";"DEL01-ES";"UOP01-DEL01-ES"
576563;2024-01-23;"terça-feira";"06:50:00";"ES";101;292,5;"CARIACICA";"Ausancia de Reacao do condutor";"Colisao traseira";"Com Vatimas Feridas";"Pleno dia";"Crescente";"Nublado";"Dupla";"Aclive;Reta                   ";"Sim";3;0;2;0;0;1;2;2;-20,30580225;-40,39515138;"SPRF-ES";"DEL01-ES";"UOP01-DEL01-ES"
576566;2024-01-23;"terça-feira";"08:00:00";"SC";101;215,8;"PALHOCA";"Condutor deixou de manter distancia do veiculo da frente";"Colisao traseira";"Com Vatimas Feridas";"Pleno dia";"Decrescente";"Nublado";"Maltipla";"Reta";"Sim";2;0;0;1;1;0;1;2;-27,65184843;-48,67604941;"SPRF-SC";"DEL01-SC";"UOP02-DEL01-SC"
576576;2024-01-23;"terça-feira";"07:40:00";"RS";290;13,9;"SANTO ANTONIO DA PATRULHA";"Condutor Dormindo";"Colisao lateral mesmo sentido";"Sem Vatimas";"Pleno dia";"Decrescente";"Ceu Claro";"Dupla";"Curva";"Nao";2;0;0;0;2;0;0;2;-29,875334;-50,396614;"SPRF-RS";"DEL03-RS";"UOP01-DEL03-RS"
576578;2024-01-23;"terça-feira";"07:00:00";"SC";282;64;"RANCHO QUEIMADO";"Chuva";"Colisao frontal";"Com Vatimas Fatais";"Pleno dia";"Crescente";"Garoa/Chuvisco";"Simples";"Reta;Declive                  ";"Nao";2;1;0;0;1;0;0;2;-27,696323;-49,052456;"SPRF-SC";"DEL01-SC";"UOP03-DEL01-SC"
576587;2024-01-23;"terça-feira";"06:00:00";"MG";262;157;"SAO DOMINGOS DO PRATA";"Demais falhas mecanicas ou elatricas";"Derramamento de carga";"Sem Vatimas";"Amanhecer";"Decrescente";"Ceu Claro";"Simples";"Curva;Declive                 ";"Nao";3;0;0;0;3;0;0;2;-19,96304722;-42,81017502;"SPRF-MG";"DEL03-MG";"UOP03-DEL03-MG"
576590;2024-01-23;"terça-feira";"09:10:00";"SE";101;123;"ITAPORANGA DAJUDA";"Manobra de mudanaa de faixa";"Colisao lateral mesmo sentido";"Com Vatimas Feridas";"Pleno dia";"Decrescente";"Ceu Claro";"Dupla";"Aclive;Reta                   ";"Nao";5;0;1;0;4;0;1;2;-11,04643101;-37,36490103;"SPRF-SE";"DEL02-SE";"UOP01-DEL02-SE"
576595;2024-01-23;"terça-feira";"10:20:00";"RJ";116;180;"BELFORD ROXO";"Manobra de mudanaa de faixa";"Colisao traseira";"Com Vatimas Feridas";"Pleno dia";"Crescente";"Ceu Claro";"Dupla";"Reta";"Sim";2;0;1;0;1;0;1;2;-22,7651616;-43,4154728;"SPRF-RJ";"DEL06-RJ";"UOP01-DEL06-RJ"
576597;2024-01-23;"terça-feira";"09:00:00";"MT";364;205;"RONDONOPOLIS";"Problema com o freio";"Eventos atapicos";"Com Vatimas Feridas";"Pleno dia";"Crescente";"Chuva";"Dupla";"Reta";"Nao";1;0;1;0;0;0;1;1;-16,45928621;-54,66092345;"SPRF-MT";"DEL02-MT";"UOP01-DEL02-MT"
576600;2024-01-23;"terça-feira";"09:00:00";"PR";376;55;"GUAIRACA";"Ausancia de Reacao do condutor";"Colisao lateral sentido oposto";"Com Vatimas Feridas";"Pleno dia";"Crescente";"Nublado";"Simples";"Reta;Declive                  ";"Nao";4;0;2;0;2;0;2;3;-22,91887641;-52,87661121;"SPRF-PR";"DEL09-PR";"UOP02-DEL09-PR"
576601;2024-01-23;"terça-feira";"10:34:00";"SP";116;388;"MIRACATU";"Ausancia de Reacao do condutor";"Engavetamento";"Sem Vatimas";"Pleno dia";"Decrescente";"Chuva";"Dupla";"Reta";"Nao";3;0;0;0;3;0;0;3;-24,26919492;-47,39740603;"SPRF-SP";"DEL04-SP";"UOP02-DEL04-SP"
576603;2024-01-07;"domingo";"23:15:00";"BA";324;385,9;"GAVIAO";"Transitar na contramao";"Colisao frontal";"Com Vatimas Fatais";"Plena Noite";"Crescente";"Ceu Claro";"Simples";"Reta;Declive                  ";"Nao";32;23;0;9;0;0;9;2;-11,48858977;-39,75706888;"SPRF-BA";"DEL04-BA";"UOP02-DEL04-BA"
576605;2024-01-23;"terça-feira";"10:40:00";"PR";376;183;"SARANDI";"Ausancia de Reacao do condutor";"Colisao lateral mesmo sentido";"Com Vatimas Feridas";"Pleno dia";"Crescente";"Nublado";"Maltipla";"Em Obras;Reta                 ";"Sim";3;0;1;0;2;0;1;2;-23,44159097;-51,87067398;"SPRF-PR";"DEL09-PR";"UOP01-DEL09-PR"
576606;2024-01-23;"terça-feira";"11:35:00";"SP";116;299;"ITAPECERICA DA SERRA";"Reacao tardia ou ineficiente do condutor";"Colisao traseira";"Com Vatimas Feridas";"Pleno dia";"Crescente";"Chuva";"Maltipla";"Aclive;Reta                   ";"Nao";4;0;2;0;2;0;2;2;-23,7823995;-46,91522598;"SPRF-SP";"DEL04-SP";"UOP01-DEL04-SP"
576608;2024-01-23;"terça-feira";"10:15:00";"PR";369;405,1;"MAMBORE";"Manobra de mudanaa de faixa";"Colisao lateral mesmo sentido";"Com Vatimas Feridas";"Pleno dia";"Crescente";"Nublado";"Simples";"Reta";"Nao";4;0;2;0;1;1;2;3;-24,3318;-52,6589;"SPRF-PR";"DEL04-PR";"UOP03-DEL04-PR"
576613;2024-01-23;"terça-feira";"09:00:00";"SC";101;14,6;"GARUVA";"Condutor deixou de manter distancia do veiculo da frente";"Saida de leito carrocavel";"Sem Vatimas";"Pleno dia";"Decrescente";"Chuva";"Dupla";"Declive;Reta                  ";"Nao";1;0;0;0;1;0;0;1;-26,09803515;-48,86773972;"SPRF-SC";"DEL03-SC";"UOP01-DEL03-SC"
576618;2024-01-23;"terça-feira";"05:20:00";"PA";230;1120;"ITAITUBA";"Manobra de mudanaa de faixa";"Colisao lateral sentido oposto";"Com Vatimas Feridas";"Plena Noite";"Crescente";"Ignorado";"Simples";"Reta";"Nao";2;0;0;1;1;0;1;2;-4,37059973;-55,83858313;"SPRF-PA";"DEL05-PA";"UOP02-DEL05-PA"
576625;2024-01-23;"terça-feira";"12:40:00";"SP";116;360;"MIRACATU";"Demais falhas mecanicas ou elatricas";"Incendio";"Sem Vatimas";"Pleno dia";"Decrescente";"Chuva";"Maltipla";"Reta";"Nao";1;0;0;0;1;0;0;1;-24,11248793;-47,26510606;"SPRF-SP";"DEL04-SP";"UOP03-DEL04-SP"
576630;2024-01-23;"terça-feira";"14:50:00";"ES";101;148;"LINHARES";"Manobra de mudanaa de faixa";"Colisao lateral mesmo sentido";"Com Vatimas Feridas";"Pleno dia";"Crescente";"Ceu Claro";"Simples";"Reta";"Sim";6;0;1;0;5;0;1;3;-19,38787399;-40,06752766;"SPRF-ES";"DEL04-ES";"UOP01-DEL04-ES"
576632;2024-01-23;"terça-feira";"11:19:00";"MG";262;615,8;"IBIA";"Ausancia de Reacao do condutor";"Saida de leito carrocavel";"Com Vatimas Feridas";"Pleno dia";"Decrescente";"Ceu Claro";"Simples";"Reta;Aclive                   ";"Nao";1;0;0;1;0;0;1;1;-19,58551007;-46,32494606;"SPRF-MG";"DEL08-MG";"UOP02-DEL08-MG"
576634;2024-01-23;"terça-feira";"15:10:00";"SP";116;222;"GUARULHOS";"Manobra de mudanaa de faixa";"Colisao lateral mesmo sentido";"Com Vatimas Feridas";"Pleno dia";"Crescente";"Chuva";"Maltipla";"Reta";"Sim";2;0;1;0;1;0;1;2;-23,47093408;-46,51631097;"SPRF-SP";"DEL01-SP";"UOP01-DEL01-SP"
576637;2024-01-23;"terça-feira";"14:00:00";"PR";376;527;"PONTA GROSSA";"Ausancia de Reacao do condutor";"Saida de leito carrocavel";"Com Vatimas Feridas";"Pleno dia";"Crescente";"Garoa/Chuvisco";"Dupla";"Reta;Declive                  ";"Nao";2;0;1;0;1;0;1;1;-25,278903;-49,920932;"SPRF-PR";"DEL03-PR";"UOP04-DEL03-PR"
576638;2024-01-23;"terça-feira";"14:00:00";"SC";101;149;"ITAPEMA";"Ausancia de Reacao do condutor";"Colisao traseira";"Com Vatimas Feridas";"Pleno dia";"Decrescente";"Nublado";"Dupla";"Reta";"Sim";3;0;0;1;2;0;1;2;-27,1089649;-48,61277586;"SPRF-SC";"DEL04-SC";"UOP03-DEL04-SC"
576640;2024-01-23;"terça-feira";"11:10:00";"MG";262;620,8;"IBIA";"Velocidade Incompatavel";"Capotamento";"Com Vatimas Feridas";"Pleno dia";"Crescente";"Ceu Claro";"Simples";"Curva";"Nao";1;0;0;1;0;0;1;1;-19,5840516;-46,40075684;"SPRF-MG";"DEL08-MG";"UOP02-DEL08-MG"
576641;2024-01-23;"terça-feira";"13:51:00";"MT";163;76,6;"RONDONOPOLIS";"Problema na suspensao";"Tombamento";"Com Vatimas Feridas";"Pleno dia";"Crescente";"Ceu Claro";"Dupla";"Curva;Aclive;Viaduto          ";"Nao";1;0;1;0;0;0;1;1;-16,85115987;-54,70475037;"SPRF-MT";"DEL02-MT";"UOP03-DEL02-MT"
576645;2024-01-15;"segunda-feira";"15:26:00";"MT";364;493;"JANGADA";"Ultrapassagem Indevida";"Colisao frontal";"Com Vatimas Feridas";"Pleno dia";"Crescente";"Ceu Claro";"Simples";"Reta";"Sim";3;0;1;0;2;0;1;3;-15,30106797;-56,43607915;"SPRF-MT";"DEL01-MT";"UOP01-DEL01-MT"
576648;2024-01-23;"terça-feira";"11:00:00";"GO";452;176,8;"ITUMBIARA";"Ausancia de sinalizaaao";"Colisao lateral mesmo sentido";"Com Vatimas Feridas";"Pleno dia";"Crescente";"Ceu Claro";"Simples";"Reta";"Nao";2;0;1;0;1;0;1;2;-18,35517115;-49,38032508;"SPRF-GO";"DEL03-GO";"UOP02-DEL03-GO"
576657;2024-01-23;"terça-feira";"16:10:00";"MG";381;525,7;"BRUMADINHO";"Demais falhas mecanicas ou elatricas";"Tombamento";"Com Vatimas Feridas";"Pleno dia";"Crescente";"Nublado";"Dupla";"Curva;Declive                 ";"Nao";5;0;2;0;3;0;2;2;-20,16710798;-44,33422398;"SPRF-MG";"DEL04-MG";"UOP03-DEL04-MG"
576665;2024-01-23;"terça-feira";"07:40:00";"RS";392;204;"SANTANA DA BOA VISTA";"Transitar na contramao";"Colisao frontal";"Com Vatimas Fatais";"Amanhecer";"Decrescente";"Ceu Claro";"Simples";"Aclive;Curva                  ";"Nao";2;2;0;0;0;0;0;2;-30,85006125;-53,16776104;"SPRF-RS";"DEL09-RS";"UOP02-DEL09-RS"
576666;2024-01-23;"terça-feira";"10:30:00";"RS";285;74,3;"BOM JESUS";"Velocidade Incompatavel";"Tombamento";"Sem Vatimas";"Pleno dia";"Crescente";"Ceu Claro";"Simples";"Curva";"Nao";1;0;0;0;1;0;0;1;-28,635736;-50,54628;"SPRF-RS";"DEL05-RS";"UOP03-DEL05-RS"
576668;2024-01-23;"terça-feira";"15:00:00";"PR";153;399;"TIBAGI";"Reacao tardia ou ineficiente do condutor";"Saida de leito carrocavel";"Sem Vatimas";"Pleno dia";"Crescente";"Nublado";"Dupla";"Reta";"Nao";1;0;0;0;1;0;0;1;-24,54576529;-50,69091007;"SPRF-PR";"DEL08-PR";"UOP02-DEL08-PR"
576670;2024-01-23;"terça-feira";"16:35:00";"SC";101;421,3;"ARARANGUA";"Problema na suspensao";"Colisao lateral mesmo sentido";"Com Vatimas Feridas";"Pleno dia";"Decrescente";"Nublado";"Dupla";"Declive;Reta                  ";"Nao";3;0;1;0;1;1;1;2;-29,007157;-49,567217;"SPRF-SC";"DEL02-SC";"UOP02-DEL02-SC"
576673;2024-01-23;"terça-feira";"17:00:00";"SC";282;51,9;"AGUAS MORNAS";"Acumulo de agua sobre o pavimento";"Colisao frontal";"Com Vatimas Feridas";"Pleno dia";"Crescente";"Chuva";"Simples";"Curva;Declive                 ";"Nao";2;0;0;1;1;0;1;2;-27,703712;-48,959267;"SPRF-SC";"DEL01-SC";"UOP03-DEL01-SC"
576675;2024-01-23;"terça-feira";"16:45:00";"BA";324;526;"FEIRA DE SANTANA";"Condutor deixou de manter distancia do veiculo da frente";"Colisao traseira";"Com Vatimas Feridas";"Pleno dia";"Decrescente";"Chuva";"Dupla";"Reta";"Nao";4;0;1;0;3;0;1;3;-12,30639712;-38,89051509;"SPRF-BA";"DEL01-BA";"UOP03-DEL01-BA"
576677;2024-01-23;"terça-feira";"16:15:00";"PB";104;97;"ESPERANCA";"Velocidade Incompatavel";"Colisao lateral sentido oposto";"Com Vatimas Feridas";"Pleno dia";"Crescente";"Ceu Claro";"Simples";"Reta";"Sim";2;0;0;1;1;0;1;2;-7,01994564;-35,85788662;"SPRF-PB";"DEL02-PB";"UOP04-DEL02-PB"
576682;2024-01-23;"terça-feira";"15:00:00";"MG";116;99;"MEDINA";"Transitar na contramao";"Colisao lateral sentido oposto";"Com Vatimas Feridas";"Pleno dia";"Crescente";"Ceu Claro";"Simples";"Curva";"Nao";2;0;1;0;1;0;1;2;-16,426161;-41,490856;"SPRF-MG";"DEL11-MG";"UOP02-DEL11-MG"
576683;2024-01-23;"terça-feira";"17:00:00";"TO";153;405;"MIRANORTE";"Transitar na contramao";"Colisao lateral sentido oposto";"Com Vatimas Feridas";"Pleno dia";"Crescente";"Ceu Claro";"Simples";"Reta";"Nao";3;0;0;1;2;0;1;2;-9,45445904;-48,57818379;"SPRF-TO";"DEL02-TO";"UOP02-DEL02-TO"
576684;2024-01-23;"terça-feira";"17:25:00";"RJ";101;481;"ANGRA DOS REIS";"Transitar na contramao";"Colisao frontal";"Sem Vatimas";"Pleno dia";"Crescente";"Chuva";"Simples";"Curva";"Nao";3;0;0;0;2;1;0;3;-23,0120552;-44,28807735;"SPRF-RJ";"DEL03-RJ";"UOP03-DEL03-RJ"
576685;2024-01-23;"terça-feira";"17:34:00";"PB";101;89,9;"JOAO PESSOA";"Manobra de mudanaa de faixa";"Colisao transversal";"Com Vatimas Feridas";"Anoitecer";"Crescente";"Ceu Claro";"Dupla";"Retorno Regulamentado;Reta    ";"Sim";2;0;1;0;1;0;1;2;-7,17816256;-34,89989162;"SPRF-PB";"DEL01-PB";"UOP02-DEL01-PB"