"id";"data_inversa";"dia_semana";"horario";"uf";"br";"km";"municipio";"causa_acidente";"tipo_acidente";"classificacao_acidente";"fase_dia";"sentido_via";"condicao_metereologica";"tipo_pista";"tracado_via";"uso_solo";"pessoas";"mortos";"feridos_leves";"feridos_graves";"ilesos";"ignorados";"feridos";"veiculos";"latitude";"longitude";"regional";"delegacia";"uop"
577724;2024-01-28;"domingo";"23:05:00";"MS";163;665;"RIO VERDE DE MATO GROSSO";"Ausancia de Reacao do condutor";"Colisao traseira";"Com Vatimas Feridas";"Plena Noite";"Crescente";"Ceu Claro";"Simples";"Aclive";"Nao";3;0;2;0;1;0;2;2;-19,04496622;-54,81017934;"SPRF-MS";"DEL06-MS";"UOP02-DEL06-MS"
577725;2024-01-28;"domingo";"23:05:00";"MG";365;761,4;"ITUIUTABA";"Ingestao de alcool pelo condutor";"Colisao lateral sentido oposto";"Com Vatimas Feridas";"Pleno dia";"Decrescente";"Ceu Claro";"Simples";"Reta";"Nao";2;0;1;0;1;0;1;2;-18,965055;-49,5192;"SPRF-MG";"DEL15-MG";"UOP03-DEL15-MG"
577726;2024-01-28;"domingo";"20:10:00";"MG";267;290,4;"BAEPENDI";"Condutor Dormindo";"Colisao frontal";"Com Vatimas Fatais";"Plena Noite";"Crescente";"Vento";"Simples";"Reta";"Nao";2;1;0;0;1;0;0;2;-21,92624458;-44,81037679;"SPRF-MG";"DEL17-MG";"UOP01-DEL17-MG"
577739;2024-01-28;"domingo";"18:30:00";"BA";242;901;"LUIS EDUARDO MAGALHAES";"Ausancia de sinalizaaao";"Engavetamento";"Com Vatimas Feridas";"Anoitecer";"Decrescente";"Nublado";"Simples";"Reta";"Nao";5;0;3;0;2;0;3;3;-12,11318006;-45,96027374;"SPRF-BA";"DEL10-BA";"UOP01-DEL10-BA"
577744;2024-01-29;"segunda-feira";"07:00:00";"SP";116;287;"ITAPECERICA DA SERRA";"Acessar a via sem observar a presenca dos outros veiculos";"Colisao lateral mesmo sentido";"Com Vatimas Feridas";"Pleno dia";"Decrescente";"Ceu Claro";"Dupla";"Reta";"Nao";2;0;1;0;1;0;1;2;-23,71441779;-46,87929634;"SPRF-SP";"DEL04-SP";"UOP01-DEL04-SP"
577754;2024-01-28;"domingo";"21:00:00";"MG";262;174;"SAO DOMINGOS DO PRATA";"Ausancia de Reacao do condutor";"Tombamento";"Sem Vatimas";"Plena Noite";"Decrescente";"Nublado";"Simples";"Reta";"Nao";1;0;0;0;1;0;0;1;-19,94016903;-42,95070206;"SPRF-MG";"DEL03-MG";"UOP01-DEL03-MG"
577760;2024-01-29;"segunda-feira";"07:20:00";"MG";40;747,7;"SANTOS DUMONT";"Conversao proibida";"Colisao lateral mesmo sentido";"Com Vatimas Feridas";"Pleno dia";"Crescente";"Ceu Claro";"Simples";"Reta";"Nao";2;0;1;0;1;0;1;2;-21,4328731;-43,55221915;"SPRF-MG";"DEL05-MG";"UOP01-DEL05-MG"
577766;2024-01-29;"segunda-feira";"09:15:00";"PR";277;137;"BALSA NOVA";"Ausancia de Reacao do condutor";"Colisao traseira";"Com Vatimas Feridas";"Pleno dia";"Decrescente";"Ceu Claro";"Dupla";"Aclive;Reta                   ";"Nao";7;0;4;0;3;0;4;2;-25,470618;-49,685526;"SPRF-PR";"DEL03-PR";"UOP03-DEL03-PR"
577773;2024-01-29;"segunda-feira";"08:50:00";"PR";476;338;"PAULA FREITAS";"Demais falhas mecanicas ou elatricas";"Incendio";"Sem Vatimas";"Pleno dia";"Crescente";"Ceu Claro";"Simples";"Reta";"Nao";1;0;0;0;1;0;0;1;-26,15086;-50,876347;"SPRF-PR";"DEL02-PR";"UOP03-DEL02-PR"
577776;2024-01-29;"segunda-feira";"10:20:00";"RS";392;125;"CANGUCU";"Ausancia de Reacao do condutor";"Colisao transversal";"Com Vatimas Fatais";"Pleno dia";"Decrescente";"Nublado";"Simples";"Reta";"Nao";7;1;2;1;1;2;3;3;-31,36506;-52,72544;"SPRF-RS";"DEL07-RS";"UOP01-DEL07-RS"
577778;2024-01-29;"segunda-feira";"10:00:00";"SP";116;519;"CAJATI";"Reacao tardia ou ineficiente do condutor";"Saida de leito carrocavel";"Com Vatimas Feridas";"Pleno dia";"Crescente";"Sol";"Simples";"Reta";"Nao";1;0;1;0;0;0;1;1;-24,88391594;-48,22626356;"SPRF-SP";"DEL05-SP";"UOP02-DEL05-SP"
577800;2024-01-29;"segunda-feira";"06:30:00";"MG";381;260;"IPATINGA";"Trafegar com motocicleta (ou similar) entre as faixas";"Colisao lateral mesmo sentido";"Com Vatimas Feridas";"Pleno dia";"Crescente";"Nublado";"Dupla";"Curva;Retorno Regulamentado;Ac";"Sim";3;0;0;1;2;0;1;3;-19,53123633;-42,62069343;"SPRF-MG";"DEL03-MG";"UOP02-DEL03-MG"
577807;2024-01-29;"segunda-feira";"13:15:00";"PR";277;3;"PARANAGUA";"Conversao proibida";"Colisao lateral mesmo sentido";"Com Vatimas Feridas";"Pleno dia";"Decrescente";"Ceu Claro";"Simples";"Reta";"Sim";2;0;0;1;1;0;1;2;-25,544272;-48,559775;"SPRF-PR";"DEL01-PR";"UOP05-DEL01-PR"
577814;2024-01-29;"segunda-feira";"14:05:00";"RJ";101;66;"CAMPOS DOS GOYTACAZES";"Manobra de mudanaa de faixa";"Colisao lateral mesmo sentido";"Com Vatimas Feridas";"Pleno dia";"Decrescente";"Sol";"Dupla";"Rotataria";"Sim";3;0;1;0;2;0;1;2;-21,76090387;-41,34788959;"SPRF-RJ";"DEL08-RJ";"UOP02-DEL08-RJ"
577819;2024-01-05;"sexta-feira";"11:00:00";"RJ";101;397;"ITAGUAI";"Reacao tardia ou ineficiente do condutor";"Colisao traseira";"Com Vatimas Feridas";"Pleno dia";"Decrescente";"Ceu Claro";"Dupla";"Reta";"Nao";2;0;1;0;1;0;1;2;-22,871171;-43,745031;"SPRF-RJ";"DEL03-RJ";"UOP01-DEL03-RJ"
577821;2024-01-29;"segunda-feira";"11:40:00";"MG";50;172;"UBERABA";"Velocidade Incompatavel";"Colisao com objeto";"Com Vatimas Feridas";"Pleno dia";"Decrescente";"Ceu Claro";"Dupla";"Curva;Viaduto                 ";"Sim";3;0;2;1;0;0;3;1;-19,75402507;-47,98051917;"SPRF-MG";"DEL13-MG";"UOP01-DEL13-MG"
577822;2024-01-29;"segunda-feira";"14:43:00";"MG";381;821;"CAREACU";"Ausancia de Reacao do condutor";"Colisao traseira";"Com Vatimas Feridas";"Pleno dia";"Decrescente";"Garoa/Chuvisco";"Dupla";"Reta;Interseaao de Vias       ";"Nao";4;0;3;0;1;0;3;2;-22,11209226;-45,74742779;"SPRF-MG";"DEL16-MG";"UOP02-DEL16-MG"
577831;2024-01-29;"segunda-feira";"13:33:00";"DF";20;28;"BRASILIA";"Ausancia de Reacao do condutor";"Colisao traseira";"Com Vatimas Feridas";"Pleno dia";"Crescente";"Ceu Claro";"Dupla";"Reta";"Nao";10;0;2;0;8;0;2;2;-15,598319;-47,621925;"SPRF-DF";"DEL02-DF";"UOP01-DEL02-DF"
577835;2024-01-29;"segunda-feira";"13:20:00";"SC";163;116;"GUARUJA DO SUL";"Retorno proibido";"Saida de leito carrocavel";"Com Vatimas Feridas";"Pleno dia";"Crescente";"Ceu Claro";"Simples";"Aclive;Reta                   ";"Nao";2;0;1;0;1;0;1;2;-26,35946595;-53,53565788;"SPRF-SC";"DEL07-SC";"UOP03-DEL07-SC"
577839;2024-01-29;"segunda-feira";"12:15:00";"MG";116;342,2;"CAMPANARIO";"Ultrapassagem Indevida";"Colisao lateral sentido oposto";"Com Vatimas Feridas";"Pleno dia";"Decrescente";"Sol";"Simples";"Reta";"Nao";5;0;4;0;1;0;4;2;-18,338596;-41,766617;"SPRF-MG";"DEL11-MG";"UOP01-DEL11-MG"
577842;2024-01-29;"segunda-feira";"16:00:00";"CE";116;11,7;"FORTALEZA";"Ausancia de Reacao do condutor";"Colisao lateral mesmo sentido";"Com Vatimas Feridas";"Pleno dia";"Crescente";"Ceu Claro";"Dupla";"Reta";"Sim";2;0;1;0;1;0;1;2;-3,84394724;-38,49891546;"SPRF-CE";"DEL01-CE";"UOP02-DEL01-CE"
577850;2024-01-29;"segunda-feira";"17:00:00";"PR";277;240;"IRATI";"Condutor deixou de manter distancia do veiculo da frente";"Colisao traseira";"Com Vatimas Feridas";"Pleno dia";"Crescente";"Ceu Claro";"Simples";"Curva";"Nao";3;0;2;0;1;0;2;2;-25,46360541;-50,55589898;"SPRF-PR";"DEL08-PR";"UOP02-DEL08-PR"
577852;2024-01-29;"segunda-feira";"15:20:00";"RJ";101;485;"ANGRA DOS REIS";"Acessar a via sem observar a presenca dos outros veiculos";"Colisao lateral mesmo sentido";"Com Vatimas Fatais";"Pleno dia";"Crescente";"Ceu Claro";"Dupla";"Reta";"Sim";2;1;0;0;1;0;0;2;-22,98573526;-44,29709764;"SPRF-RJ";"DEL03-RJ";"UOP03-DEL03-RJ"
577854;2024-01-29;"segunda-feira";"17:07:00";"RS";392;72,1;"PELOTAS";"Transitar no Acostamento";"Colisao lateral mesmo sentido";"Com Vatimas Feridas";"Pleno dia";"Crescente";"Nublado";"Simples";"Reta";"Nao";4;0;3;0;1;0;3;2;-31,721104;-52,389843;"SPRF-RS";"DEL07-RS";"UOP01-DEL07-RS"
577857;2024-01-29;"segunda-feira";"16:30:00";"MG";267;11;"LEOPOLDINA";"Reacao tardia ou ineficiente do condutor";"Colisao traseira";"Com Vatimas Fatais";"Pleno dia";"Crescente";"Ceu Claro";"Simples";"Reta";"Nao";5;1;0;0;4;0;0;3;-21,56999426;-42,70830382;"SPRF-MG";"DEL07-MG";"UOP01-DEL07-MG"
577859;2024-01-29;"segunda-feira";"14:30:00";"GO";452;167,6;"ITUMBIARA";"Transitar na contramao";"Colisao lateral sentido oposto";"Com Vatimas Feridas";"Pleno dia";"Crescente";"Ceu Claro";"Simples";"Reta;Aclive                   ";"Nao";2;0;0;1;1;0;1;2;-18,33128292;-49,45148796;"SPRF-GO";"DEL03-GO";"UOP02-DEL03-GO"
577861;2024-01-29;"segunda-feira";"18:00:00";"SE";101;115;"ITAPORANGA DAJUDA";"Manobra de mudanaa de faixa";"Colisao lateral mesmo sentido";"Com Vatimas Feridas";"Anoitecer";"Crescente";"Ceu Claro";"Dupla";"Aclive";"Nao";3;0;1;1;1;0;2;2;-11,00451077;-37,30888444;"SPRF-SE";"DEL02-SE";"UOP01-DEL02-SE"
577863;2024-01-29;"segunda-feira";"16:45:00";"MT";163;119;"RONDONOPOLIS";"Problema com o freio";"Tombamento";"Com Vatimas Feridas";"Pleno dia";"Crescente";"Ceu Claro";"Dupla";"Declive;Curva                 ";"Sim";1;0;1;0;0;0;1;1;-16,505412;-54,65154;"SPRF-MT";"DEL02-MT";"UOP01-DEL02-MT"
577864;2024-01-29;"segunda-feira";"18:00:00";"RS";116;525,4;"PELOTAS";"Ausancia de Reacao do condutor";"Colisao lateral mesmo sentido";"Sem Vatimas";"Pleno dia";"Decrescente";"Nublado";"Simples";"Reta";"Nao";2;0;0;0;2;0;0;2;-31,7359522;-52,39349776;"SPRF-RS";"DEL07-RS";"UOP01-DEL07-RS"
577867;2024-01-29;"segunda-feira";"18:30:00";"MG";40;413,5;"CURVELO";"Acessar a via sem observar a presenca dos outros veiculos";"Colisao transversal";"Com Vatimas Feridas";"Plena Noite";"Decrescente";"Nublado";"Simples";"Declive;Reta;Interseaao de Via";"Nao";4;0;0;3;1;0;3;2;-19,13719395;-44,61662717;"SPRF-MG";"DEL02-MG";"UOP01-DEL02-MG"
577872;2024-01-29;"segunda-feira";"17:30:00";"PR";376;601;"CURITIBA";"Trafegar com motocicleta (ou similar) entre as faixas";"Tombamento";"Com Vatimas Feridas";"Pleno dia";"Crescente";"Ceu Claro";"Dupla";"Reta";"Sim";2;0;0;1;1;0;1;2;-25,537054;-49,31404;"SPRF-PR";"DEL01-PR";"UOP06-DEL01-PR"
577874;2024-01-29;"segunda-feira";"18:30:00";"PB";230;59,3;"CRUZ DO ESPIRITO SANTO";"Acessar a via sem observar a presenca dos outros veiculos";"Colisao transversal";"Com Vatimas Feridas";"Plena Noite";"Crescente";"Ceu Claro";"Dupla";"Reta";"Nao";4;0;0;2;2;0;2;2;-7,2043;-35,1305;"SPRF-PB";"DEL01-PB";"UOP03-DEL01-PB"
577875;2024-01-29;"segunda-feira";"18:40:00";"MG";381;484;"BETIM";"Ausancia de Reacao do condutor";"Colisao lateral mesmo sentido";"Com Vatimas Feridas";"Plena Noite";"Decrescente";"Ceu Claro";"Simples";"Reta;Aclive                   ";"Sim";2;0;1;0;1;0;1;2;-19,95531717;-44,11722196;"SPRF-MG";"DEL01-MG";"UOP03-DEL01-MG"
577883;2024-01-29;"segunda-feira";"19:00:00";"GO";60;381;"RIO VERDE";"Iluminaaao deficiente";"Colisao traseira";"Com Vatimas Feridas";"Plena Noite";"Crescente";"Ceu Claro";"Dupla";"Reta";"Sim";2;0;0;1;1;0;1;2;-17,783349;-50,898516;"SPRF-GO";"DEL04-GO";"UOP02-DEL04-GO"
577884;2024-01-29;"segunda-feira";"17:00:00";"RO";364;523;"ARIQUEMES";"Ausancia de Reacao do condutor";"Colisao traseira";"Com Vatimas Feridas";"Pleno dia";"Decrescente";"Ceu Claro";"Simples";"Reta";"Nao";3;0;1;0;2;0;1;2;-9,85234299;-63,05883787;"SPRF-RO";"DEL03-RO";"UOP01-DEL03-RO"
577892;2024-01-29;"segunda-feira";"17:30:00";"BA";116;576;"BREJOES";"Velocidade Incompatavel";"Colisao traseira";"Com Vatimas Feridas";"Anoitecer";"Decrescente";"Ceu Claro";"Simples";"Declive";"Nao";2;0;1;0;1;0;1;2;-13,0913246;-39,9630336;"SPRF-BA";"DEL03-BA";"UOP02-DEL03-BA"
577893;2024-01-29;"segunda-feira";"15:05:00";"SP";116;430,9;"REGISTRO";"Condutor deixou de manter distancia do veiculo da frente";"Colisao traseira";"Com Vatimas Feridas";"Pleno dia";"Crescente";"Chuva";"Dupla";"Reta";"Nao";3;0;0;2;1;0;2;3;-24,40730885;-47,7459871;"SPRF-SP";"DEL05-SP";"UOP01-DEL05-SP"
577896;2024-01-29;"segunda-feira";"16:05:00";"MG";251;427,8;"GRAO MOGOL";"Velocidade Incompatavel";"Tombamento";"Com Vatimas Feridas";"Pleno dia";"Crescente";"Chuva";"Simples";"Curva;Declive                 ";"Nao";1;0;1;0;0;0;1;1;-16,33690716;-43,13798285;"SPRF-MG";"DEL12-MG";"UOP01-DEL12-MG"
577907;2024-01-29;"segunda-feira";"22:38:00";"PB";101;88;"JOAO PESSOA";"Acessar a via sem observar a presenca dos outros veiculos";"Colisao lateral mesmo sentido";"Com Vatimas Feridas";"Plena Noite";"Crescente";"Ceu Claro";"Dupla";"Curva";"Sim";3;0;2;0;1;0;2;2;-7,16881637;-34,89706993;"SPRF-PB";"DEL01-PB";"UOP01-DEL01-PB"
577910;2024-01-29;"segunda-feira";"21:50:00";"PR";277;108;"CAMPO LARGO";"Chuva";"Saida de leito carrocavel";"Com Vatimas Feridas";"Plena Noite";"Crescente";"Chuva";"Dupla";"Reta";"Nao";1;0;1;0;0;0;1;1;-25,436375;-49,443632;"SPRF-PR";"DEL03-PR";"UOP03-DEL03-PR"
577911;2024-01-29;"segunda-feira";"23:15:00";"SC";470;4;"NAVEGANTES";"Acessar a via sem observar a presenca dos outros veiculos";"Colisao lateral mesmo sentido";"Com Vatimas Feridas";"Plena Noite";"Decrescente";"Ceu Claro";"Dupla";"Rotataria";"Nao";2;0;0;1;1;0;1;2;-26,861937;-48,681618;"SPRF-SC";"DEL04-SC";"UOP04-DEL04-SC"
577912;2024-01-29;"segunda-feira";"23:30:00";"SP";116;557;"BARRA DO TURVO";"Reacao tardia ou ineficiente do condutor";"Saida de leito carrocavel";"Com Vatimas Feridas";"Plena Noite";"Decrescente";"Garoa/Chuvisco";"Simples";"Curva";"Nao";1;0;1;0;0;0;1;1;-24,99089107;-48,50734616;"SPRF-SP";"DEL05-SP";"UOP02-DEL05-SP"
577914;2024-01-30;"terça-feira";"00:00:00";"RS";158;548,2;"SANTANA DO LIVRAMENTO";"Condutor deixou de manter distancia do veiculo da frente";"Colisao traseira";"Com Vatimas Feridas";"Plena Noite";"Crescente";"Ceu Claro";"Simples";"Reta";"Nao";2;0;1;0;1;0;1;2;-30,82738156;-55,34514608;"SPRF-RS";"DEL11-RS";"UOP01-DEL11-RS"
577918;2024-01-30;"terça-feira";"00:11:00";"CE";116;325;"JAGUARIBE";"Velocidade Incompatavel";"Tombamento";"Com Vatimas Feridas";"Plena Noite";"Decrescente";"Ceu Claro";"Simples";"Curva";"Nao";2;0;1;1;0;0;2;1;-6,03230093;-38,64455732;"SPRF-CE";"DEL05-CE";"UOP02-DEL05-CE"
577921;2024-01-30;"terça-feira";"04:15:00";"SC";101;38,5;"JOINVILLE";"Velocidade Incompatavel";"Colisao traseira";"Com Vatimas Feridas";"Plena Noite";"Crescente";"Ceu Claro";"Dupla";"Em Obras;Viaduto;Reta         ";"Sim";5;0;4;0;1;0;4;2;-26,25472505;-48,90561309;"SPRF-SC";"DEL03-SC";"UOP01-DEL03-SC"
577922;2024-01-30;"terça-feira";"04:32:00";"MS";163;609;"SAO GABRIEL DO OESTE";"Condutor deixou de manter distancia do veiculo da frente";"Colisao traseira";"Com Vatimas Feridas";"Plena Noite";"Decrescente";"Ceu Claro";"Simples";"Aclive;Reta                   ";"Sim";3;0;1;0;1;1;1;3;-19,4409361;-54,53079011;"SPRF-MS";"DEL06-MS";"UOP02-DEL06-MS"
577926;2024-01-30;"terça-feira";"04:30:00";"MS";463;7,4;"DOURADOS";"Ingestao de alcool pelo condutor";"Tombamento";"Com Vatimas Feridas";"Amanhecer";"Crescente";"Ceu Claro";"Simples";"Rotataria;Declive             ";"Nao";1;0;0;1;0;0;1;1;-22,25364476;-54,87542582;"SPRF-MS";"DEL04-MS";"UOP01-DEL04-MS"
577928;2024-01-30;"terça-feira";"00:30:00";"GO";80;134;"BARRO ALTO";"Acessar a via sem observar a presenca dos outros veiculos";"Colisao traseira";"Sem Vatimas";"Pleno dia";"Crescente";"Ceu Claro";"Simples";"Reta";"Sim";3;0;0;0;3;0;0;2;-14,96601325;-48,93447876;"SPRF-GO";"DEL07-GO";"UOP02-DEL07-GO"
577929;2024-01-30;"terça-feira";"06:08:00";"MG";364;1;"PLANURA";"Pedestre andava na pista";"Atropelamento de Pedestre";"Com Vatimas Fatais";"Pleno dia";"Crescente";"Ceu Claro";"Simples";"Reta;Aclive                   ";"Sim";2;1;0;0;0;1;0;2;-20,13824;-48,702347;"SPRF-MG";"DEL13-MG";"UOP02-DEL13-MG"
577932;2024-01-30;"terça-feira";"03:50:00";"AM";230;612;"HUMAITA";"Reacao tardia ou ineficiente do condutor";"Tombamento";"Com Vatimas Feridas";"Plena Noite";"Crescente";"Ceu Claro";"Simples";"Rotataria";"Sim";1;0;1;0;0;0;1;1;-7,51704445;-63,03054929;"SPRF-AM";"DEL01-AM";"UOP05-DEL01-AM"
577934;2024-01-30;"terça-feira";"05:00:00";"PR";376;421,3;"TIBAGI";"Velocidade Incompatavel";"Tombamento";"Com Vatimas Feridas";"Plena Noite";"Crescente";"Ignorado";"Dupla";"Curva";"Nao";1;0;1;0;0;0;1;1;-24,72548801;-50,53830472;"SPRF-PR";"DEL03-PR";"UOP02-DEL03-PR"
577935;2024-01-29;"segunda-feira";"08:47:00";"PE";428;187;"PETROLINA";"Ausancia de Reacao do condutor";"Colisao traseira";"Com Vatimas Feridas";"Pleno dia";"Crescente";"Ceu Claro";"Maltipla";"Rotataria";"Sim";2;0;1;0;1;0;1;2;-9,35604301;-40,47854198;"SPRF-PE";"DEL06-PE";"UOP01-DEL06-PE"
577936;2024-01-30;"terça-feira";"04:35:00";"MG";262;432,8;"NOVA SERRANA";"Ausancia de Reacao do condutor";"Colisao traseira";"Com Vatimas Feridas";"Amanhecer";"Decrescente";"Ceu Claro";"Dupla";"Aclive";"Nao";11;0;8;2;1;0;10;2;-19,89018451;-44,89041875;"SPRF-MG";"DEL08-MG";"UOP03-DEL08-MG"
577942;2024-01-30;"terça-feira";"05:30:00";"MG";381;938;"EXTREMA";"Demais falhas mecanicas ou elatricas";"Eventos atapicos";"Com Vatimas Feridas";"Amanhecer";"Decrescente";"Ceu Claro";"Dupla";"Reta";"Nao";2;0;1;0;1;0;1;2;-22,81742326;-46,29383902;"SPRF-MG";"DEL16-MG";"UOP03-DEL16-MG"
577943;2024-01-30;"terça-feira";"07:05:00";"RJ";116;170;"RIO DE JANEIRO";"Trafegar com motocicleta (ou similar) entre as faixas";"Colisao lateral mesmo sentido";"Com Vatimas Feridas";"Pleno dia";"Decrescente";"Ceu Claro";"Dupla";"Reta";"Sim";2;0;1;0;0;1;1;2;-22,81113183;-43,3336729;"SPRF-RJ";"DEL06-RJ";"UOP01-DEL06-RJ"
577948;2024-01-30;"terça-feira";"07:40:00";"MG";267;286,3;"BAEPENDI";"Velocidade Incompatavel";"Tombamento";"Com Vatimas Feridas";"Pleno dia";"Crescente";"Ceu Claro";"Simples";"Curva";"Nao";1;0;1;0;0;0;1;1;-21,92600738;-44,78319168;"SPRF-MG";"DEL17-MG";"UOP01-DEL17-MG"
577953;2024-01-30;"terça-feira";"08:15:00";"SC";282;64,2;"RANCHO QUEIMADO";"Ultrapassagem Indevida";"Colisao frontal";"Com Vatimas Fatais";"Pleno dia";"Decrescente";"Ceu Claro";"Simples";"Declive;Curva                 ";"Nao";3;1;0;1;1;0;1;2;-27,696963;-49,054121;"SPRF-SC";"DEL01-SC";"UOP03-DEL01-SC"
577956;2024-01-30;"terça-feira";"07:00:00";"MG";50;72,5;"UBERLANDIA";"Manobra de mudanaa de faixa";"Colisao lateral mesmo sentido";"Sem Vatimas";"Pleno dia";"Decrescente";"Sol";"Dupla";"Reta;Aclive                   ";"Sim";3;0;0;0;3;0;0;3;-18,85140204;-48,25345932;"SPRF-MG";"DEL15-MG";"UOP01-DEL15-MG"
577957;2024-01-30;"terça-feira";"06:20:00";"RJ";116;223;"PARACAMBI";"Demais falhas mecanicas ou elatricas";"Incendio";"Sem Vatimas";"Pleno dia";"Decrescente";"Ceu Claro";"Dupla";"Reta";"Nao";1;0;0;0;1;0;0;1;-22,68972504;-43,801317;"SPRF-RJ";"DEL06-RJ";"UOP02-DEL06-RJ"
577958;2024-01-30;"terça-feira";"08:05:00";"MS";267;482,1;"JARDIM";"Acessar a via sem observar a presenca dos outros veiculos";"Colisao transversal";"Com Vatimas Feridas";"Pleno dia";"Decrescente";"Sol";"Simples";"Reta";"Sim";2;0;0;1;1;0;1;2;-21,48097208;-56,15576902;"SPRF-MS";"DEL05-MS";"UOP01-DEL05-MS"
577959;2024-01-30;"terça-feira";"05:30:00";"BA";407;207;"CAPIM GROSSO";"Condutor Dormindo";"Colisao lateral sentido oposto";"Com Vatimas Feridas";"Pleno dia";"Decrescente";"Ceu Claro";"Simples";"Reta";"Nao";3;0;1;0;2;0;1;2;-11,16499996;-40,05247087;"SPRF-BA";"DEL04-BA";"UOP02-DEL04-BA"
577960;2024-01-30;"terça-feira";"08:50:00";"PB";230;282;"SANTA LUZIA";"Reacao tardia ou ineficiente do condutor";"Colisao traseira";"Com Vatimas Feridas";"Pleno dia";"Crescente";"Sol";"Simples";"Reta";"Nao";9;0;3;0;5;1;3;5;-6,9203;-36,8532;"SPRF-PB";"DEL03-PB";"UOP01-DEL03-PB"
577961;2024-01-30;"terça-feira";"08:40:00";"RJ";101;180;"MACAE";"Reacao tardia ou ineficiente do condutor";"Colisao traseira";"Com Vatimas Feridas";"Pleno dia";"Crescente";"Ceu Claro";"Simples";"Curva";"Nao";2;0;0;1;1;0;1;2;-22,40868134;-41,99838761;"SPRF-RJ";"DEL08-RJ";"UOP04-DEL08-RJ"
577964;2024-01-29;"segunda-feira";"18:30:00";"BA";407;172;"PONTO NOVO";"Pedestre cruzava a pista fora da faixa";"Atropelamento de Pedestre";"Com Vatimas Feridas";"Plena Noite";"Decrescente";"Ceu Claro";"Simples";"Reta";"Nao";2;0;0;1;1;0;1;2;-10,85708513;-40,11203125;"SPRF-BA";"DEL04-BA";"UOP02-DEL04-BA"
577966;2024-01-30;"terça-feira";"09:00:00";"MT";70;7;"BARRA DO GARCAS";"Velocidade Incompatavel";"Colisao traseira";"Com Vatimas Feridas";"Pleno dia";"Crescente";"Ceu Claro";"Dupla";"Interseaao de Vias";"Sim";3;0;1;0;2;0;1;3;-15,87783366;-52,31337829;"SPRF-MT";"DEL07-MT";"UOP01-DEL07-MT"
577969;2024-01-19;"sexta-feira";"19:20:00";"ES";101;294,4;"CARIACICA";"Reacao tardia ou ineficiente do condutor";"Colisao traseira";"Com Vatimas Feridas";"Plena Noite";"Crescente";"Ceu Claro";"Dupla";"Reta;Declive                  ";"Sim";2;0;1;0;1;0;1;2;-20,32415948;-40,3952903;"SPRF-ES";"DEL01-ES";"UOP01-DEL01-ES"
577970;2024-01-30;"terça-feira";"06:30:00";"MT";163;660;"LUCAS DO RIO VERDE";"Condutor Dormindo";"Colisao lateral sentido oposto";"Com Vatimas Feridas";"Pleno dia";"Decrescente";"Ceu Claro";"Simples";"Reta";"Nao";2;0;1;0;1;0;1;2;-13,296;-56,036;"SPRF-MT";"DEL06-MT";"UOP01-DEL06-MT"
577971;2024-01-30;"terça-feira";"09:40:00";"ES";101;124;"SOORETAMA";"Acesso irregular";"Colisao transversal";"Com Vatimas Feridas";"Pleno dia";"Decrescente";"Nublado";"Simples";"Reta";"Nao";2;0;1;0;1;0;1;2;-19,17652792;-40,09118118;"SPRF-ES";"DEL04-ES";"UOP01-DEL04-ES"
577975;2024-01-30;"terça-feira";"09:00:00";"SC";116;247,9;"LAGES";"Acessar a via sem observar a presenca dos outros veiculos";"Colisao transversal";"Com Vatimas Feridas";"Pleno dia";"Crescente";"Ceu Claro";"Simples";"Interseaao de Vias";"Sim";3;0;1;1;1;0;2;2;-27,81262488;-50,36859817;"SPRF-SC";"DEL05-SC";"UOP02-DEL05-SC"
577978;2024-01-30;"terça-feira";"09:35:00";"RS";290;94;"PORTO ALEGRE";"Demais falhas mecanicas ou elatricas";"Tombamento";"Sem Vatimas";"Pleno dia";"Decrescente";"Ceu Claro";"Dupla";"Curva";"Sim";1;0;0;0;1;0;0;1;-29,973856;-51,197853;"SPRF-RS";"DEL01-RS";"UOP01-DEL01-RS"
577982;2024-01-30;"terça-feira";"10:35:00";"PE";232;5;"RECIFE";"Manobra de mudanaa de faixa";"Colisao lateral mesmo sentido";"Sem Vatimas";"Pleno dia";"Crescente";"Sol";"Maltipla";"Reta";"Sim";2;0;0;0;2;0;0;2;-8,06795766;-34,94535414;"SPRF-PE";"DEL01-PE";"UOP01-DEL01-PE"
577983;2024-01-30;"terça-feira";"07:25:00";"PR";277;138;"BALSA NOVA";"Velocidade Incompatavel";"Colisao traseira";"Com Vatimas Fatais";"Pleno dia";"Crescente";"Sol";"Dupla";"Reta;Declive                  ";"Nao";9;1;1;1;6;0;2;7;-25,47604973;-49,71521419;"SPRF-PR";"DEL03-PR";"UOP03-DEL03-PR"
577984;2024-01-30;"terça-feira";"09:30:00";"RO";364;703;"PORTO VELHO";"Acessar a via sem observar a presenca dos outros veiculos";"Colisao lateral mesmo sentido";"Com Vatimas Feridas";"Pleno dia";"Decrescente";"Sol";"Dupla";"Reta";"Sim";2;0;1;0;1;0;1;2;-8,80021523;-63,79557792;"SPRF-RO";"DEL01-RO";"UOP01-DEL01-RO"
577988;2024-01-30;"terça-feira";"10:00:00";"MT";364;280,1;"JACIARA";"Demais falhas mecanicas ou elatricas";"Incendio";"Sem Vatimas";"Pleno dia";"Crescente";"Ceu Claro";"Dupla";"Reta";"Nao";1;0;0;0;1;0;0;1;-15,9364519;-55,0199037;"SPRF-MT";"DEL05-MT";"UOP02-DEL05-MT"