"id";"data_inversa";"dia_semana";"horario";"uf";"br";"km";"municipio";"causa_acidente";"tipo_acidente";"classificacao_acidente";"fase_dia";"sentido_via";"condicao_metereologica";"tipo_pista";"tracado_via";"uso_solo";"pessoas";"mortos";"feridos_leves";"feridos_graves";"ilesos";"ignorados";"feridos";"veiculos";"latitude";"longitude";"regional";"delegacia";"uop"
578616;2024-02-02;"sexta-feira";"19:30:00";"SP";116;464;"PARIQUERA-ACU";"Problema com o freio";"Incendio";"Sem Vatimas";"Plena Noite";"Decrescente";"Garoa/Chuvisco";"Dupla";"Reta";"Nao";1;0;0;0;1;0;0;1;-24,63517676;-47,90877722;"SPRF-SP";"DEL05-SP";"UOP01-DEL05-SP"
578622;2024-02-02;"sexta-feira";"15:45:00";"PR";277;595,5;"CASCAVEL";"Reacao tardia ou ineficiente do condutor";"Colisao lateral mesmo sentido";"Com Vatimas Feridas";"Pleno dia";"Decrescente";"Chuva";"Maltipla";"Reta";"Sim";4;0;3;0;1;0;3;2;-24,98154632;-53,50141969;"SPRF-PR";"DEL04-PR";"UOP01-DEL04-PR"
578623;2024-02-02;"sexta-feira";"20:35:00";"RS";386;344;"LAJEADO";"Retorno proibido";"Colisao transversal";"Com Vatimas Feridas";"Plena Noite";"Crescente";"Ceu Claro";"Simples";"Reta;Em Obras                 ";"Sim";2;0;1;0;1;0;1;2;-29,44374043;-51,9821012;"SPRF-RS";"DEL04-RS";"UOP01-DEL04-RS"
578628;2024-02-02;"sexta-feira";"10:00:00";"MG";267;21,3;"ARGIRITA";"Demais falhas mecanicas ou elatricas";"Eventos atapicos";"Com Vatimas Feridas";"Pleno dia";"Crescente";"Nublado";"Simples";"Aclive";"Nao";3;0;1;0;1;1;1;2;-21,59274447;-42,78538272;"SPRF-MG";"DEL07-MG";"UOP01-DEL07-MG"
578629;2024-02-02;"sexta-feira";"21:00:00";"MG";262;427;"SAO GONCALO DO PARA";"Condutor deixou de manter distancia do veiculo da frente";"Colisao traseira";"Com Vatimas Feridas";"Plena Noite";"Crescente";"Ignorado";"Dupla";"Reta";"Nao";2;0;1;0;1;0;1;2;-19,8850241;-44,77734698;"SPRF-MG";"DEL08-MG";"UOP03-DEL08-MG"
578640;2024-02-02;"sexta-feira";"19:30:00";"RJ";40;37;"AREAL";"Carga excessiva e/ou mal acondicionada";"Derramamento de carga";"Sem Vatimas";"Plena Noite";"Decrescente";"Ceu Claro";"Dupla";"Curva";"Nao";2;0;0;0;2;0;0;1;-22,22225309;-43,12711619;"SPRF-RJ";"DEL05-RJ";"UOP02-DEL05-RJ"
578644;2024-02-02;"sexta-feira";"18:30:00";"SC";101;56,5;"ARAQUARI";"Pedestre - Ingestao de alcool/ substancias psicoativas";"Colisao traseira";"Com Vatimas Feridas";"Plena Noite";"Decrescente";"Ceu Claro";"Dupla";"Reta";"Nao";2;0;1;0;1;0;1;2;-26,43207484;-48,82263984;"SPRF-SC";"DEL03-SC";"UOP01-DEL03-SC"
578645;2024-02-02;"sexta-feira";"09:40:00";"SP";116;209;"GUARULHOS";"Ausancia de Reacao do condutor";"Colisao lateral mesmo sentido";"Sem Vatimas";"Pleno dia";"Crescente";"Ceu Claro";"Maltipla";"Reta";"Nao";2;0;0;0;2;0;0;2;-23,42511799;-46,40221101;"SPRF-SP";"DEL01-SP";"UOP01-DEL01-SP"
578652;2024-02-02;"sexta-feira";"18:30:00";"GO";364;304;"MINEIROS";"Ingestao de alcool pelo condutor";"Colisao lateral sentido oposto";"Sem Vatimas";"Anoitecer";"Crescente";"Ceu Claro";"Simples";"Aclive;Reta                   ";"Nao";4;0;0;0;4;0;0;3;-17,524496;-52,530273;"SPRF-GO";"DEL05-GO";"UOP01-DEL05-GO"
578655;2024-02-02;"sexta-feira";"22:00:00";"PR";376;469;"PONTA GROSSA";"Ausancia de Reacao do condutor";"Colisao traseira";"Com Vatimas Feridas";"Plena Noite";"Crescente";"Ceu Claro";"Simples";"Reta";"Nao";3;0;1;0;2;0;1;2;-25,03974803;-50,27969674;"SPRF-PR";"DEL03-PR";"UOP01-DEL03-PR"
578660;2024-02-02;"sexta-feira";"20:20:00";"PR";376;316;"ORTIGUEIRA";"Ingestao de alcool pelo condutor";"Saida de leito carrocavel";"Com Vatimas Feridas";"Plena Noite";"Crescente";"Ceu Claro";"Dupla";"Reta;Declive                  ";"Nao";1;0;1;0;0;0;1;1;-24,0001061;-51,0853817;"SPRF-PR";"DEL07-PR";"UOP02-DEL07-PR"
578661;2024-02-02;"sexta-feira";"23:15:00";"PR";373;172,6;"PONTA GROSSA";"Ingestao de alcool pelo condutor";"Colisao lateral mesmo sentido";"Com Vatimas Feridas";"Plena Noite";"Crescente";"Ceu Claro";"Dupla";"Declive;Reta                  ";"Sim";3;0;1;0;2;0;1;2;-25,08139932;-50,19200981;"SPRF-PR";"DEL03-PR";"UOP01-DEL03-PR"
578662;2024-01-23;"terça-feira";"16:00:00";"MT";364;27;"ALTO ARAGUAIA";"Transitar na contramao";"Colisao frontal";"Com Vatimas Fatais";"Pleno dia";"Crescente";"Ceu Claro";"Simples";"Reta";"Nao";7;3;0;2;2;0;2;3;-17,17425847;-53,39357512;"SPRF-MT";"DEL02-MT";"UOP02-DEL02-MT"
578667;2024-02-02;"sexta-feira";"21:30:00";"GO";153;173;"CAMPINORTE";"Ultrapassagem Indevida";"Colisao frontal";"Com Vatimas Fatais";"Plena Noite";"Decrescente";"Ignorado";"Simples";"Reta";"Nao";2;1;0;0;1;0;0;2;-14,29261;-49,15028;"SPRF-GO";"DEL07-GO";"UOP02-DEL07-GO"
578673;2024-02-03;"sabado";"00:50:00";"BA";116;806,6;"VITORIA DA CONQUISTA";"Ingestao de alcool pelo condutor";"Colisao frontal";"Com Vatimas Feridas";"Plena Noite";"Crescente";"Ceu Claro";"Simples";"Reta";"Nao";2;0;0;1;1;0;1;2;-14,73489475;-40,64877613;"SPRF-BA";"DEL08-BA";"UOP01-DEL08-BA"
578679;2024-02-03;"sabado";"02:30:00";"SC";282;669,9;"PARAISO";"Ingestao de alcool pelo condutor";"Colisao lateral sentido oposto";"Sem Vatimas";"Plena Noite";"Crescente";"Ceu Claro";"Simples";"Reta";"Nao";2;0;0;0;1;1;0;2;-26,637705;-53,634178;"SPRF-SC";"DEL07-SC";"UOP03-DEL07-SC"
578680;2024-02-03;"sabado";"02:30:00";"SC";101;81,2;"BARRA VELHA";"Manobra de mudanaa de faixa";"Colisao lateral mesmo sentido";"Com Vatimas Fatais";"Plena Noite";"Crescente";"Ceu Claro";"Dupla";"Reta;Declive                  ";"Nao";6;1;1;0;1;3;1;3;-26,6073;-48,724333;"SPRF-SC";"DEL03-SC";"UOP02-DEL03-SC"
578684;2024-02-03;"sabado";"04:30:00";"ES";101;279;"SERRA";"Acumulo de aleo sobre o pavimento";"Saida de leito carrocavel";"Com Vatimas Feridas";"Amanhecer";"Crescente";"Chuva";"Dupla";"Reta";"Nao";2;0;1;0;1;0;1;1;-20,218122;-40,339325;"SPRF-ES";"DEL02-ES";"UOP01-DEL02-ES"
578687;2024-02-03;"sabado";"03:40:00";"MG";251;523;"MONTES CLAROS";"Velocidade Incompatavel";"Tombamento";"Com Vatimas Feridas";"Plena Noite";"Decrescente";"Chuva";"Simples";"Rotataria";"Nao";1;0;1;0;0;0;1;1;-16,682184;-43,803516;"SPRF-MG";"DEL12-MG";"UOP01-DEL12-MG"
578696;2024-02-03;"sabado";"03:40:00";"BA";110;290;"INHAMBUPE";"Velocidade Incompatavel";"Tombamento";"Com Vatimas Feridas";"Amanhecer";"Crescente";"Ceu Claro";"Simples";"Curva";"Nao";2;0;1;0;1;0;1;1;-11,82090111;-38,35767177;"SPRF-BA";"DEL01-BA";"UOP04-DEL01-BA"
578697;2024-02-03;"sabado";"05:30:00";"PR";116;91;"PIRAQUARA";"Reacao tardia ou ineficiente do condutor";"Colisao traseira";"Com Vatimas Feridas";"Amanhecer";"Crescente";"Ceu Claro";"Dupla";"Reta";"Nao";2;0;1;0;1;0;1;2;-25,4915;-49,11344;"SPRF-PR";"DEL01-PR";"UOP07-DEL01-PR"
578698;2024-02-02;"sexta-feira";"19:45:00";"GO";364;210,3;"JATAI";"Objeto estatico sobre o leito carroaavel";"Colisao com objeto";"Com Vatimas Feridas";"Plena Noite";"Decrescente";"Ceu Claro";"Simples";"Declive";"Nao";6;0;0;1;3;2;1;3;-17,891758;-51,840656;"SPRF-GO";"DEL05-GO";"UOP01-DEL05-GO"
578700;2024-02-03;"sabado";"06:10:00";"MS";262;209,2;"RIBAS DO RIO PARDO";"Manobra de mudanaa de faixa";"Colisao frontal";"Com Vatimas Fatais";"Amanhecer";"Crescente";"Ceu Claro";"Simples";"Reta";"Nao";2;1;1;0;0;0;1;2;-20,46560596;-53,471373;"SPRF-MS";"DEL07-MS";"UOP02-DEL07-MS"
578705;2024-02-02;"sexta-feira";"14:30:00";"GO";364;291,7;"MINEIROS";"Acostamento em desnavel";"Tombamento";"Com Vatimas Feridas";"Pleno dia";"Decrescente";"Ceu Claro";"Simples";"Reta";"Nao";1;0;1;0;0;0;1;1;-17,592016;-52,486064;"SPRF-GO";"DEL05-GO";"UOP01-DEL05-GO"
578709;2024-02-03;"sabado";"06:30:00";"PA";163;591;"TRAIRAO";"Ingestao de substancias psicoativas pelo condutor";"Colisao lateral sentido oposto";"Com Vatimas Feridas";"Amanhecer";"Crescente";"Ceu Claro";"Simples";"Curva";"Nao";4;0;1;1;2;0;2;3;-4,90250197;-56,18616339;"SPRF-PA";"DEL05-PA";"UOP02-DEL05-PA"
578711;2024-02-02;"sexta-feira";"11:00:00";"AC";364;515;"FEIJO";"Transitar na contramao";"Colisao frontal";"Com Vatimas Fatais";"Pleno dia";"Decrescente";"Sol";"Simples";"Reta";"Nao";3;2;0;0;1;0;0;2;-8,1903642269;-70,5572690194;"SPRF-AC";"DEL01-AC";"UOP01-DEL01-AC"
578713;2024-02-03;"sabado";"07:20:00";"SP";116;349;"MIRACATU";"Condutor deixou de manter distancia do veiculo da frente";"Colisao lateral mesmo sentido";"Com Vatimas Feridas";"Pleno dia";"Decrescente";"Ceu Claro";"Dupla";"Reta";"Nao";8;0;3;0;5;0;3;2;-24,05190879;-47,213052;"SPRF-SP";"DEL04-SP";"UOP03-DEL04-SP"
578715;2024-02-03;"sabado";"06:00:00";"MT";163;1033;"PEIXOTO DE AZEVEDO";"Ultrapassagem Indevida";"Colisao lateral sentido oposto";"Com Vatimas Feridas";"Pleno dia";"Crescente";"Ceu Claro";"Simples";"Reta";"Nao";2;0;1;0;0;1;1;2;-10,3429349;-55,04102846;"SPRF-MT";"DEL06-MT";"UOP03-DEL06-MT"
578722;2024-02-03;"sabado";"07:20:00";"MG";40;588;"ITABIRITO";"Acessar a via sem observar a presenca dos outros veiculos";"Colisao lateral mesmo sentido";"Com Vatimas Feridas";"Pleno dia";"Crescente";"Ceu Claro";"Simples";"Curva";"Nao";2;0;0;1;1;0;1;2;-20,35149094;-43,91313094;"SPRF-MG";"DEL01-MG";"UOP02-DEL01-MG"
578724;2024-02-03;"sabado";"07:34:00";"GO";20;91;"VILA BOA";"Acessar a via sem observar a presenca dos outros veiculos";"Colisao traseira";"Com Vatimas Feridas";"Pleno dia";"Crescente";"Ceu Claro";"Simples";"Reta";"Nao";2;0;1;0;1;0;1;2;-15,02026;-47,046417;"SPRF-DF";"DEL02-DF";"UOP02-DEL02-DF"
578730;2024-02-03;"sabado";"07:13:00";"MG";381;720,8;"CARMO DA CACHOEIRA";"Ausancia de Reacao do condutor";"Tombamento";"Com Vatimas Feridas";"Pleno dia";"Decrescente";"Ceu Claro";"Dupla";"Curva";"Nao";1;0;1;0;0;0;1;1;-21,46061202;-45,20743901;"SPRF-MG";"DEL04-MG";"UOP02-DEL04-MG"
578731;2024-02-03;"sabado";"09:00:00";"MG";381;384;"SAO GONCALO DO RIO ABAIXO";"Ausancia de Reacao do condutor";"Colisao frontal";"Com Vatimas Feridas";"Pleno dia";"Decrescente";"Ceu Claro";"Simples";"Curva";"Nao";3;0;1;0;2;0;1;2;-19,83443178;-43,35093867;"SPRF-MG";"DEL01-MG";"UOP01-DEL01-MG"
578734;2024-02-03;"sabado";"07:45:00";"MG";365;45,5;"CLARO DOS POCOES";"Chuva";"Colisao lateral sentido oposto";"Com Vatimas Feridas";"Pleno dia";"Crescente";"Chuva";"Simples";"Reta";"Nao";5;0;1;1;3;0;2;2;-16,91338837;-44,20830575;"SPRF-MG";"DEL12-MG";"UOP01-DEL12-MG"
578736;2024-02-03;"sabado";"08:10:00";"PR";277;63,2;"SAO JOSE DOS PINHAIS";"Pedestre andava na pista";"Atropelamento de Pedestre";"Com Vatimas Feridas";"Pleno dia";"Crescente";"Ceu Claro";"Dupla";"Reta";"Sim";3;0;1;0;2;0;1;3;-25,54036665;-49,06301737;"SPRF-PR";"DEL01-PR";"UOP01-DEL01-PR"
578737;2024-02-03;"sabado";"09:40:00";"GO";60;51,9;"ABADIANIA";"Ingestao de alcool pelo condutor";"Saida de leito carrocavel";"Com Vatimas Feridas";"Pleno dia";"Crescente";"Nublado";"Dupla";"Declive;Reta                  ";"Nao";1;0;1;0;0;0;1;1;-16,168616;-48,638241;"SPRF-GO";"DEL02-GO";"UOP01-DEL02-GO"
578741;2024-02-03;"sabado";"10:00:00";"MG";381;560;"ITAGUARA";"Demais falhas mecanicas ou elatricas";"Saida de leito carrocavel";"Com Vatimas Feridas";"Pleno dia";"Crescente";"Ceu Claro";"Dupla";"Declive;Curva                 ";"Nao";3;0;2;0;1;0;2;2;-20,38551554;-44,48916608;"SPRF-MG";"DEL04-MG";"UOP03-DEL04-MG"
578746;2024-02-03;"sabado";"11:20:00";"RS";386;22;"FREDERICO WESTPHALEN";"Reacao tardia ou ineficiente do condutor";"Colisao frontal";"Sem Vatimas";"Pleno dia";"Crescente";"Ceu Claro";"Simples";"Curva;Declive                 ";"Nao";2;0;0;0;2;0;0;2;-27,275194;-53,353176;"SPRF-RS";"DEL08-RS";"UOP02-DEL08-RS"
578750;2024-02-03;"sabado";"12:00:00";"AL";101;100;"PILAR";"Reacao tardia ou ineficiente do condutor";"Colisao com objeto";"Com Vatimas Fatais";"Pleno dia";"Crescente";"Ceu Claro";"Simples";"Ponte";"Nao";1;1;0;0;0;0;0;1;-9,56369581;-35,97111969;"SPRF-AL";"DEL01-AL";"UOP01-DEL01-AL"
578753;2024-02-03;"sabado";"10:35:00";"RJ";40;119;"DUQUE DE CAXIAS";"Reacao tardia ou ineficiente do condutor";"Colisao lateral mesmo sentido";"Com Vatimas Feridas";"Pleno dia";"Crescente";"Nublado";"Maltipla";"Reta";"Sim";4;0;1;0;3;0;1;3;-22,76375592;-43,28683062;"SPRF-RJ";"DEL01-RJ";"UOP02-DEL01-RJ"
578755;2024-02-03;"sabado";"12:15:00";"SC";470;92;"APIUNA";"Transitar na contramao";"Colisao frontal";"Com Vatimas Feridas";"Pleno dia";"Crescente";"Ceu Claro";"Simples";"Reta";"Sim";5;0;1;3;1;0;4;2;-26,98592;-49,373047;"SPRF-SC";"DEL04-SC";"UOP01-DEL04-SC"
578764;2024-02-03;"sabado";"08:30:00";"RJ";495;22;"PETROPOLIS";"Falta de acostamento";"Colisao lateral mesmo sentido";"Com Vatimas Feridas";"Pleno dia";"Decrescente";"Nublado";"Simples";"Aclive;Reta                   ";"Nao";4;0;1;0;3;0;1;2;-22,40775537;-43,08365822;"SPRF-RJ";"DEL05-RJ";"UOP02-DEL05-RJ"
578770;2024-02-03;"sabado";"13:30:00";"PI";316;42,4;"LAGOA DO PIAUI";"Reacao tardia ou ineficiente do condutor";"Saida de leito carrocavel";"Com Vatimas Feridas";"Pleno dia";"Crescente";"Nublado";"Simples";"Reta";"Nao";1;0;1;0;0;0;1;1;-5,41952403;-42,64045707;"SPRF-PI";"DEL01-PI";"UOP02-DEL01-PI"
578772;2024-02-03;"sabado";"13:40:00";"PR";376;591;"CURITIBA";"Condutor deixou de manter distancia do veiculo da frente";"Engavetamento";"Com Vatimas Feridas";"Pleno dia";"Decrescente";"Ceu Claro";"Dupla";"Reta";"Nao";3;0;1;0;2;0;1;3;-25,45999605;-49,35895013;"SPRF-PR";"DEL01-PR";"UOP06-DEL01-PR"
578783;2024-02-03;"sabado";"17:00:00";"MG";381;817,4;"CAREACU";"Chuva";"Saida de leito carrocavel";"Com Vatimas Feridas";"Pleno dia";"Crescente";"Chuva";"Dupla";"Reta";"Nao";1;0;1;0;0;0;1;1;-22,09779644;-45,71786074;"SPRF-MG";"DEL16-MG";"UOP02-DEL16-MG"
578786;2024-02-03;"sabado";"17:20:00";"SC";101;237,9;"PALHOCA";"Suicadio (presumido)";"Colisao com objeto";"Com Vatimas Fatais";"Pleno dia";"Crescente";"Ceu Claro";"Maltipla";"Reta";"Nao";3;1;0;0;1;1;0;3;-27,8438031;-48,6355409;"SPRF-SC";"DEL01-SC";"UOP02-DEL01-SC"
578787;2024-02-03;"sabado";"17:00:00";"PR";153;18,3;"JACAREZINHO";"Transitar na contramao";"Colisao frontal";"Com Vatimas Fatais";"Pleno dia";"Crescente";"Ceu Claro";"Simples";"Aclive";"Sim";2;1;0;0;1;0;0;2;-23,14821281;-49,95294571;"SPRF-PR";"DEL07-PR";"UOP04-DEL07-PR"
578788;2024-01-17;"quarta-feira";"05:30:00";"BA";116;529,3;"ITATIM";"Transitar na contramao";"Colisao lateral sentido oposto";"Com Vatimas Feridas";"Amanhecer";"Decrescente";"Nublado";"Simples";"Reta";"Nao";4;0;1;1;2;0;2;3;-12,740198;-39,786502;"SPRF-BA";"DEL03-BA";"UOP02-DEL03-BA"
578791;2024-02-03;"sabado";"17:00:00";"BA";116;691;"JEQUIE";"Ausancia de Reacao do condutor";"Tombamento";"Com Vatimas Feridas";"Pleno dia";"Crescente";"Ceu Claro";"Simples";"Reta";"Nao";2;0;2;0;0;0;2;1;-13,94789006;-40,16494773;"SPRF-BA";"DEL03-BA";"UOP01-DEL03-BA"
578794;2024-02-03;"sabado";"17:15:00";"PE";423;97,3;"GARANHUNS";"Acessar a via sem observar a presenca dos outros veiculos";"Colisao transversal";"Com Vatimas Fatais";"Pleno dia";"Decrescente";"Ceu Claro";"Simples";"Reta;Declive                  ";"Sim";2;1;0;0;1;0;0;2;-8,8796227;-36,49484286;"SPRF-PE";"DEL03-PE";"UOP01-DEL03-PE"
578801;2024-02-03;"sabado";"19:25:00";"RJ";101;19;"CAMPOS DOS GOYTACAZES";"Transitar na contramao";"Colisao lateral sentido oposto";"Com Vatimas Fatais";"Plena Noite";"Crescente";"Ceu Claro";"Simples";"Declive";"Sim";2;1;0;0;1;0;0;2;-21,37421125;-41,34253394;"SPRF-RJ";"DEL08-RJ";"UOP01-DEL08-RJ"
578807;2024-02-03;"sabado";"19:05:00";"MS";262;491,8;"ANASTACIO";"Acessar a via sem observar a presenca dos outros veiculos";"Atropelamento de Pedestre";"Com Vatimas Feridas";"Plena Noite";"Crescente";"Ceu Claro";"Simples";"Reta";"Nao";2;0;0;1;1;0;1;2;-20,50107013;-55,82486196;"SPRF-MS";"DEL03-MS";"UOP01-DEL03-MS"
578814;2024-02-03;"sabado";"19:11:00";"PR";373;401;"CANDOI";"Entrada inopinada do pedestre";"Atropelamento de Pedestre";"Com Vatimas Feridas";"Pleno dia";"Crescente";"Ceu Claro";"Simples";"Reta";"Nao";4;0;0;1;1;2;1;2;-25,57658993;-52,05533419;"SPRF-PR";"DEL08-PR";"UOP01-DEL08-PR"
578819;2024-02-03;"sabado";"19:24:00";"SP";116;137;"SAO JOSE DOS CAMPOS";"Pedestre andava na pista";"Atropelamento de Pedestre";"Com Vatimas Fatais";"Plena Noite";"Decrescente";"Chuva";"Dupla";"Reta";"Nao";5;1;0;0;3;1;0;5;-23,15300766;-45,78709317;"SPRF-SP";"DEL02-SP";"UOP01-DEL02-SP"
578820;2024-02-03;"sabado";"19:00:00";"MT";163;72,5;"RONDONOPOLIS";"Demais falhas mecanicas ou elatricas";"Incendio";"Sem Vatimas";"Plena Noite";"Crescente";"Ceu Claro";"Dupla";"Reta";"Nao";1;0;0;0;1;0;0;1;-16,88528221;-54,71596956;"SPRF-MT";"DEL02-MT";"UOP03-DEL02-MT"
578833;2024-02-03;"sabado";"17:00:00";"BA";407;37,6;"JUAZEIRO";"Ultrapassagem Indevida";"Colisao frontal";"Com Vatimas Fatais";"Pleno dia";"Crescente";"Ceu Claro";"Simples";"Reta";"Nao";3;1;0;0;2;0;0;2;-9,70639516;-40,36659835;"SPRF-BA";"DEL04-BA";"UOP01-DEL04-BA"
578840;2024-02-03;"sabado";"22:00:00";"MG";40;605;"CONGONHAS";"Demais falhas mecanicas ou elatricas";"Saida de leito carrocavel";"Com Vatimas Feridas";"Plena Noite";"Decrescente";"Ceu Claro";"Simples";"Curva";"Nao";1;0;1;0;0;0;1;1;-20,4679836;-43,8407073;"SPRF-MG";"DEL05-MG";"UOP02-DEL05-MG"
578846;2024-02-03;"sabado";"23:15:00";"PR";376;170,4;"MARINGA";"Ingestao de alcool pelo condutor";"Saida de leito carrocavel";"Sem Vatimas";"Plena Noite";"Crescente";"Ceu Claro";"Dupla";"Rotataria;Reta;Interseaao de V";"Nao";1;0;0;0;1;0;0;1;-23,41595703;-51,97950402;"SPRF-PR";"DEL09-PR";"UOP01-DEL09-PR"
578849;2024-02-03;"sabado";"23:40:00";"PR";277;659,5;"MATELANDIA";"Velocidade Incompatavel";"Tombamento";"Com Vatimas Feridas";"Plena Noite";"Crescente";"Ceu Claro";"Dupla";"Curva;Declive                 ";"Nao";4;0;1;1;2;0;2;3;-25,24664169;-53,98334832;"SPRF-PR";"DEL05-PR";"UOP02-DEL05-PR"
578855;2024-02-04;"domingo";"01:30:00";"TO";153;408,7;"MIRANORTE";"Pedestre cruzava a pista fora da faixa";"Atropelamento de Pedestre";"Com Vatimas Fatais";"Plena Noite";"Crescente";"Ceu Claro";"Simples";"Reta";"Nao";3;1;0;0;2;0;0;2;-9,48122494;-48,58319433;"SPRF-TO";"DEL02-TO";"UOP02-DEL02-TO"
578866;2024-02-04;"domingo";"04:50:00";"ES";101;74;"SAO MATEUS";"Ultrapassagem Indevida";"Colisao frontal";"Com Vatimas Feridas";"Amanhecer";"Crescente";"Ceu Claro";"Simples";"Reta";"Nao";6;0;1;2;3;0;3;4;-18,80685577;-39,8956893;"SPRF-ES";"DEL04-ES";"UOP02-DEL04-ES"
578869;2024-02-04;"domingo";"04:30:00";"PE";232;439,8;"SERRA TALHADA";"Transitar na contramao";"Colisao frontal";"Com Vatimas Feridas";"Amanhecer";"Crescente";"Nublado";"Simples";"Curva;Declive                 ";"Nao";3;0;2;1;0;0;3;2;-8,012299;-38,556566;"SPRF-PE";"DEL04-PE";"UOP01-DEL04-PE"
578874;2024-02-04;"domingo";"04:55:00";"RS";101;67;"MAQUINE";"Reacao tardia ou ineficiente do condutor";"Colisao com objeto";"Sem Vatimas";"Pleno dia";"Crescente";"Ceu Claro";"Dupla";"Reta";"Sim";1;0;0;0;1;0;0;1;-29,725468;-50,199816;"SPRF-RS";"DEL03-RS";"UOP02-DEL03-RS"
578875;2024-01-24;"quarta-feira";"15:00:00";"BA";242;405;"SEABRA";"Condutor deixou de manter distancia do veiculo da frente";"Colisao traseira";"Sem Vatimas";"Pleno dia";"Crescente";"Ceu Claro";"Simples";"Reta";"Nao";2;0;0;0;2;0;0;2;-12,48810878;-41,72887312;"SPRF-BA";"DEL06-BA";"UOP01-DEL06-BA"
578884;2024-02-04;"domingo";"03:30:00";"TO";153;297,8;"PRESIDENTE KENNEDY";"Transitar na contramao";"Colisao frontal";"Com Vatimas Fatais";"Plena Noite";"Crescente";"Nublado";"Simples";"Aclive";"Nao";3;1;0;0;1;1;0;3;-8,50685805;-48,48795923;"SPRF-TO";"DEL02-TO";"UOP02-DEL02-TO"
578887;2024-02-03;"sabado";"23:30:00";"PA";222;218;"BOM JESUS DO TOCANTINS";"Transitar na contramao";"Colisao lateral sentido oposto";"Com Vatimas Feridas";"Plena Noite";"Crescente";"Ceu Claro";"Simples";"Declive";"Nao";3;0;1;0;2;0;1;2;-5,180754;-48,979069;"SPRF-PA";"DEL03-PA";"UOP01-DEL03-PA"
578888;2024-02-03;"sabado";"22:30:00";"MG";262;651;"IBIA";"Condutor Dormindo";"Saida de leito carrocavel";"Com Vatimas Feridas";"Plena Noite";"Decrescente";"Nublado";"Simples";"Aclive;Reta                   ";"Nao";1;0;1;0;0;0;1;1;-19,569754;-46,658166;"SPRF-MG";"DEL08-MG";"UOP01-DEL08-MG"
578892;2024-02-04;"domingo";"06:30:00";"MG";365;621,5;"UBERLANDIA";"Mal sabito do condutor";"Colisao com objeto";"Com Vatimas Feridas";"Amanhecer";"Crescente";"Chuva";"Dupla";"Curva;Declive                 ";"Sim";1;0;1;0;0;0;1;1;-18,9048022;-48,29052803;"SPRF-MG";"DEL15-MG";"UOP01-DEL15-MG"
578902;2024-02-04;"domingo";"03:45:00";"PA";230;1126;"ITAITUBA";"Ingestao de alcool pelo condutor";"Colisao lateral sentido oposto";"Sem Vatimas";"Plena Noite";"Decrescente";"Ignorado";"Simples";"Curva;Declive                 ";"Nao";2;0;0;0;1;1;0;2;-4,31664891;-55,95736027;"SPRF-PA";"DEL05-PA";"UOP02-DEL05-PA"
578907;2024-02-03;"sabado";"21:30:00";"BA";242;156;"RAFAEL JAMBEIRO";"Transitar na contramao";"Colisao frontal";"Com Vatimas Fatais";"Plena Noite";"Crescente";"Ceu Claro";"Simples";"Reta";"Nao";5;4;0;0;1;0;0;2;-12,505998;-39,655906;"SPRF-BA";"DEL06-BA";"UOP02-DEL06-BA"
578908;2024-02-03;"sabado";"21:00:00";"MT";163;1004;"TERRA NOVA DO NORTE";"Transitar na contramao";"Colisao frontal";"Com Vatimas Fatais";"Plena Noite";"Decrescente";"Chuva";"Simples";"Aclive;Reta                   ";"Nao";2;1;0;0;1;0;0;2;-10,58824596;-55,09321322;"SPRF-MT";"DEL06-MT";"UOP03-DEL06-MT"
578911;2024-02-04;"domingo";"09:45:00";"MG";381;837,5;"SAO SEBASTIAO DA BELA VISTA";"Manobra de mudanaa de faixa";"Colisao lateral mesmo sentido";"Com Vatimas Feridas";"Pleno dia";"Crescente";"Nublado";"Dupla";"Declive;Curva                 ";"Nao";4;0;2;0;2;0;2;2;-22,18544691;-45,84411022;"SPRF-MG";"DEL16-MG";"UOP01-DEL16-MG"
578914;2024-02-04;"domingo";"08:50:00";"MT";163;768;"SORRISO";"Transitar na contramao";"Colisao frontal";"Com Vatimas Feridas";"Pleno dia";"Crescente";"Ceu Claro";"Simples";"Reta";"Nao";2;0;0;1;1;0;1;2;-12,53807594;-55,70640432;"SPRF-MT";"DEL06-MT";"UOP01-DEL06-MT"
578915;2024-02-04;"domingo";"07:50:00";"BA";101;819,6;"ITAMARAJU";"Reacao tardia ou ineficiente do condutor";"Tombamento";"Com Vatimas Feridas";"Pleno dia";"Decrescente";"Ceu Claro";"Simples";"Curva";"Nao";1;0;1;0;0;0;1;1;-17,106572;-39,561826;"SPRF-BA";"DEL09-BA";"UOP02-DEL09-BA"
578921;2024-02-04;"domingo";"09:30:00";"GO";452;145,5;"BOM JESUS DE GOIAS";"Problema com o freio";"Colisao traseira";"Com Vatimas Feridas";"Pleno dia";"Crescente";"Sol";"Simples";"Reta";"Nao";4;0;1;0;3;0;1;4;-18,28004135;-49,62383116;"SPRF-GO";"DEL03-GO";"UOP02-DEL03-GO"
578928;2024-02-04;"domingo";"10:15:00";"MT";364;193;"RONDONOPOLIS";"Ausancia de Reacao do condutor";"Colisao traseira";"Com Vatimas Feridas";"Pleno dia";"Crescente";"Ceu Claro";"Simples";"Reta";"Nao";2;0;1;0;1;0;1;2;-16,53246336;-54,58496737;"SPRF-MT";"DEL02-MT";"UOP01-DEL02-MT"
578930;2024-02-04;"domingo";"12:30:00";"RJ";101;69;"CAMPOS DOS GOYTACAZES";"Suicadio (presumido)";"Colisao lateral sentido oposto";"Com Vatimas Feridas";"Pleno dia";"Crescente";"Ceu Claro";"Simples";"Reta";"Nao";2;0;1;0;1;0;1;2;-21,77624383;-41,3653321;"SPRF-RJ";"DEL08-RJ";"UOP02-DEL08-RJ"