"id";"data_inversa";"dia_semana";"horario";"uf";"br";"km";"municipio";"causa_acidente";"tipo_acidente";"classificacao_acidente";"fase_dia";"sentido_via";"condicao_metereologica";"tipo_pista";"tracado_via";"uso_solo";"pessoas";"mortos";"feridos_leves";"feridos_graves";"ilesos";"ignorados";"feridos";"veiculos";"latitude";"longitude";"regional";"delegacia";"uop"
579312;2024-02-06;"terça-feira";"02:45:00";"CE";116;466;"BARRO";"Chuva";"Saida de leito carrocavel";"Sem Vatimas";"Plena Noite";"Crescente";"Chuva";"Simples";"Declive;Curva                 ";"Nao";1;0;0;0;1;0;0;1;-7,2382616667;-38,8407316667;"SPRF-CE";"DEL05-CE";"UOP03-DEL05-CE"
579324;2024-02-06;"terça-feira";"07:05:00";"SC";282;402;"JOACABA";"Ausancia de Reacao do condutor";"Colisao frontal";"Com Vatimas Feridas";"Pleno dia";"Decrescente";"Ceu Claro";"Simples";"Curva";"Nao";2;0;0;1;1;0;1;2;-27,115656;-51,631065;"SPRF-SC";"DEL07-SC";"UOP05-DEL07-SC"
579326;2024-02-06;"terça-feira";"04:00:00";"RJ";101;383;"RIO DE JANEIRO";"Ausancia de Reacao do condutor";"Colisao com objeto";"Com Vatimas Feridas";"Plena Noite";"Decrescente";"Ignorado";"Dupla";"Reta";"Sim";3;0;3;0;0;0;3;1;-22,879342;-43,621665;"SPRF-RJ";"DEL03-RJ";"UOP01-DEL03-RJ"
579327;2024-02-06;"terça-feira";"08:20:00";"RJ";40;117;"DUQUE DE CAXIAS";"Demais falhas mecanicas ou elatricas";"Saida de leito carrocavel";"Com Vatimas Feridas";"Pleno dia";"Crescente";"Ceu Claro";"Maltipla";"Reta";"Nao";2;0;2;0;0;0;2;1;-22,745676;-43,2881;"SPRF-RJ";"DEL01-RJ";"UOP02-DEL01-RJ"
579334;2024-02-05;"segunda-feira";"23:40:00";"BA";110;213,9;"NOVA SOURE";"Condutor Dormindo";"Capotamento";"Com Vatimas Feridas";"Plena Noite";"Decrescente";"Ceu Claro";"Simples";"Reta";"Nao";2;0;1;0;0;1;1;2;-11,21968195;-38,48769686;"SPRF-BA";"DEL07-BA";"UOP02-DEL07-BA"
579343;2024-02-06;"terça-feira";"06:30:00";"BA";324;487;"FEIRA DE SANTANA";"Manobra de mudanaa de faixa";"Saida de leito carrocavel";"Com Vatimas Feridas";"Pleno dia";"Crescente";"Ceu Claro";"Simples";"Reta";"Nao";2;0;1;0;1;0;1;2;-12,03364074;-39,01582097;"SPRF-BA";"DEL02-BA";"UOP01-DEL02-BA"
579349;2024-02-06;"terça-feira";"09:40:00";"CE";222;75,1;"SAO GONCALO DO AMARANTE";"Demais falhas mecanicas ou elatricas";"Tombamento";"Com Vatimas Feridas";"Pleno dia";"Crescente";"Ceu Claro";"Simples";"Declive";"Nao";1;0;1;0;0;0;1;1;-3,671003;-39,21995;"SPRF-CE";"DEL01-CE";"UOP03-DEL01-CE"
579354;2024-02-06;"terça-feira";"08:25:00";"SC";101;46,4;"JOINVILLE";"Trafegar com motocicleta (ou similar) entre as faixas";"Colisao lateral mesmo sentido";"Com Vatimas Feridas";"Pleno dia";"Decrescente";"Sol";"Dupla";"Reta";"Sim";3;0;1;0;1;1;1;3;-26,33150083;-48,86187762;"SPRF-SC";"DEL03-SC";"UOP01-DEL03-SC"
579355;2024-02-06;"terça-feira";"11:20:00";"RS";386;347,2;"LAJEADO";"Ausancia de Reacao do condutor";"Colisao traseira";"Com Vatimas Feridas";"Pleno dia";"Crescente";"Sol";"Maltipla";"Reta;Declive;Em Obras         ";"Sim";7;0;3;0;4;0;3;4;-29,45267758;-51,96422696;"SPRF-RS";"DEL04-RS";"UOP01-DEL04-RS"
579356;2024-02-06;"terça-feira";"03:45:00";"MT";364;524,6;"ROSARIO OESTE";"Ingestao de alcool pelo condutor";"Derramamento de carga";"Sem Vatimas";"Plena Noite";"Decrescente";"Ceu Claro";"Simples";"Curva";"Nao";1;0;0;0;1;0;0;1;-15,05826498;-56,51689234;"SPRF-MT";"DEL01-MT";"UOP01-DEL01-MT"
579360;2024-02-06;"terça-feira";"10:46:00";"RS";290;322,6;"CACAPAVA DO SUL";"Ingestao de alcool pelo condutor";"Colisao frontal";"Com Vatimas Feridas";"Pleno dia";"Decrescente";"Ceu Claro";"Simples";"Curva";"Nao";2;0;0;1;1;0;1;2;-30,37617039;-53,42125654;"SPRF-RS";"DEL09-RS";"UOP02-DEL09-RS"
579365;2024-02-06;"terça-feira";"08:00:00";"PB";104;130;"CAMPINA GRANDE";"Transitar na contramao";"Colisao lateral sentido oposto";"Sem Vatimas";"Pleno dia";"Crescente";"Sol";"Simples";"Reta";"Sim";2;0;0;0;2;0;0;2;-7,29013399;-35,89029705;"SPRF-PB";"DEL02-PB";"UOP01-DEL02-PB"
579368;2024-02-06;"terça-feira";"12:45:00";"SC";282;599;"CUNHA PORA";"Demais falhas na via";"Colisao lateral mesmo sentido";"Com Vatimas Feridas";"Pleno dia";"Crescente";"Sol";"Simples";"Aclive;Reta                   ";"Nao";3;0;1;0;2;0;1;2;-26,820206;-53,155052;"SPRF-SC";"DEL07-SC";"UOP02-DEL07-SC"
579370;2024-02-06;"terça-feira";"12:10:00";"MT";70;85;"GENERAL CARNEIRO";"Reacao tardia ou ineficiente do condutor";"Tombamento";"Sem Vatimas";"Pleno dia";"Decrescente";"Ceu Claro";"Simples";"Curva;Declive                 ";"Nao";1;0;0;0;1;0;0;1;-15,67421693;-52,81408803;"SPRF-MT";"DEL07-MT";"UOP01-DEL07-MT"
579372;2024-02-06;"terça-feira";"11:00:00";"PA";10;175,9;"PARAGOMINAS";"Carga excessiva e/ou mal acondicionada";"Tombamento";"Com Vatimas Feridas";"Pleno dia";"Crescente";"Ceu Claro";"Simples";"Rotataria";"Nao";1;0;1;0;0;0;1;1;-2,89485593;-47,43342876;"SPRF-PA";"DEL02-PA";"UOP01-DEL02-PA"
579376;2024-02-06;"terça-feira";"13:00:00";"PE";408;97;"SAO LOURENCO DA MATA";"Ausancia de Reacao do condutor";"Colisao traseira";"Com Vatimas Feridas";"Pleno dia";"Decrescente";"Sol";"Dupla";"Aclive;Reta                   ";"Nao";2;0;0;1;1;0;1;2;-8,02843077;-35,03684556;"SPRF-PE";"DEL01-PE";"UOP01-DEL01-PE"
579385;2024-02-06;"terça-feira";"12:00:00";"TO";153;307;"GUARAI";"Ausancia de Reacao do condutor";"Colisao com objeto";"Sem Vatimas";"Pleno dia";"Crescente";"Ceu Claro";"Simples";"Reta";"Nao";1;0;0;0;1;0;0;1;-8,59672901;-48,48314149;"SPRF-TO";"DEL02-TO";"UOP02-DEL02-TO"
579386;2024-02-02;"sexta-feira";"12:00:00";"PR";116;152;"MANDIRITUBA";"Reacao tardia ou ineficiente do condutor";"Colisao traseira";"Com Vatimas Feridas";"Pleno dia";"Decrescente";"Ceu Claro";"Dupla";"Rotataria";"Sim";2;0;1;0;1;0;1;2;-25,83236296;-49,33609707;"SPRF-PR";"DEL01-PR";"UOP03-DEL01-PR"
579392;2024-01-20;"sabado";"21:50:00";"BA";110;98;"JEREMOABO";"Demais falhas mecanicas ou elatricas";"Incendio";"Sem Vatimas";"Plena Noite";"Decrescente";"Ceu Claro";"Simples";"Reta";"Nao";2;0;0;0;1;1;0;2;-10,28052905;-38,31012085;"SPRF-BA";"DEL07-BA";"UOP01-DEL07-BA"
579398;2024-02-06;"terça-feira";"14:45:00";"RN";101;97,9;"NATAL";"Acumulo de areia ou detritos sobre o pavimento";"Colisao traseira";"Com Vatimas Feridas";"Pleno dia";"Decrescente";"Ceu Claro";"Maltipla";"Reta";"Sim";2;0;1;0;1;0;1;2;-5,85758898;-35,21271205;"SPRF-RN";"DEL01-RN";"UOP01-DEL01-RN"
579402;2024-02-06;"terça-feira";"14:50:00";"PR";277;456,6;"LARANJEIRAS DO SUL";"Manobra de mudanaa de faixa";"Colisao traseira";"Com Vatimas Feridas";"Pleno dia";"Decrescente";"Nublado";"Simples";"Aclive;Reta                   ";"Nao";2;0;1;0;1;0;1;2;-25,385905;-52,413842;"SPRF-PR";"DEL04-PR";"UOP02-DEL04-PR"
579408;2024-02-06;"terça-feira";"10:40:00";"RJ";356;54;"ITAPERUNA";"Ultrapassagem Indevida";"Colisao lateral mesmo sentido";"Com Vatimas Feridas";"Pleno dia";"Crescente";"Nublado";"Simples";"Reta";"Nao";3;0;2;0;1;0;2;2;-21,27393692;-41,74440596;"SPRF-RJ";"DEL08-RJ";"UOP03-DEL08-RJ"
579409;2024-02-06;"terça-feira";"14:45:00";"PR";163;19,1;"BOM JESUS DO SUL";"Ausancia de Reacao do condutor";"Colisao lateral sentido oposto";"Com Vatimas Feridas";"Pleno dia";"Decrescente";"Ceu Claro";"Simples";"Reta";"Nao";2;0;2;0;0;0;2;2;-26,2185571;-53,63797285;"SPRF-PR";"DEL02-PR";"UOP02-DEL02-PR"
579410;2024-02-06;"terça-feira";"15:50:00";"MG";381;766;"CAMPANHA";"Reacao tardia ou ineficiente do condutor";"Colisao traseira";"Com Vatimas Feridas";"Pleno dia";"Crescente";"Ceu Claro";"Dupla";"Reta";"Nao";2;0;1;0;1;0;1;2;-21,76294597;-45,41241603;"SPRF-MG";"DEL16-MG";"UOP02-DEL16-MG"
579411;2024-02-06;"terça-feira";"15:00:00";"RS";290;147;"ARROIO DOS RATOS";"Demais falhas mecanicas ou elatricas";"Incendio";"Sem Vatimas";"Pleno dia";"Crescente";"Ceu Claro";"Simples";"Curva";"Nao";1;0;0;0;1;0;0;1;-30,10755;-51,675858;"SPRF-RS";"DEL02-RS";"UOP01-DEL02-RS"
579412;2024-02-06;"terça-feira";"15:35:00";"MS";163;610,7;"SAO GABRIEL DO OESTE";"Acessar a via sem observar a presenca dos outros veiculos";"Colisao transversal";"Com Vatimas Feridas";"Pleno dia";"Decrescente";"Nublado";"Simples";"Reta";"Nao";5;0;2;0;3;0;2;4;-19,42512336;-54,54549909;"SPRF-MS";"DEL06-MS";"UOP02-DEL06-MS"
579415;2024-02-06;"terça-feira";"14:50:00";"RJ";40;45;"PETROPOLIS";"Velocidade Incompatavel";"Colisao traseira";"Sem Vatimas";"Pleno dia";"Decrescente";"Ceu Claro";"Dupla";"Reta";"Nao";6;0;0;0;6;0;0;2;-22,27821816;-43,11580971;"SPRF-RJ";"DEL05-RJ";"UOP02-DEL05-RJ"
579416;2024-02-06;"terça-feira";"15:30:00";"RS";158;223,3;"CRUZ ALTA";"Ausancia de Reacao do condutor";"Engavetamento";"Com Vatimas Feridas";"Pleno dia";"Crescente";"Ceu Claro";"Simples";"Em Obras;Reta                 ";"Nao";3;0;2;0;1;0;2;3;-28,88719277;-53,61882847;"SPRF-RS";"DEL10-RS";"UOP02-DEL10-RS"
579417;2024-02-06;"terça-feira";"16:30:00";"MG";381;489;"BETIM";"Ausancia de Reacao do condutor";"Colisao lateral mesmo sentido";"Sem Vatimas";"Pleno dia";"Crescente";"Nublado";"Dupla";"Reta";"Sim";2;0;0;0;1;1;0;2;-19,96245618;-44,16455495;"SPRF-MG";"DEL01-MG";"UOP03-DEL01-MG"
579430;2024-01-05;"sexta-feira";"19:55:00";"PR";163;292;"MARECHAL CANDIDO RONDON";"Desrespeitar a preferancia no cruzamento";"Colisao transversal";"Com Vatimas Fatais";"Plena Noite";"Decrescente";"Ceu Claro";"Simples";"Reta;Interseaao de Vias       ";"Nao";2;1;0;0;1;0;0;2;-24,52360956;-54,06210088;"SPRF-PR";"DEL06-PR";"UOP02-DEL06-PR"
579431;2024-02-06;"terça-feira";"17:25:00";"BA";324;516;"FEIRA DE SANTANA";"Trafegar com motocicleta (ou similar) entre as faixas";"Colisao transversal";"Com Vatimas Feridas";"Pleno dia";"Decrescente";"Ceu Claro";"Simples";"Reta";"Sim";2;0;0;1;1;0;1;2;-12,2417119;-38,93768485;"SPRF-BA";"DEL02-BA";"UOP01-DEL02-BA"
579432;2024-02-06;"terça-feira";"17:00:00";"RS";285;314;"PASSO FUNDO";"Demais falhas mecanicas ou elatricas";"Saida de leito carrocavel";"Com Vatimas Feridas";"Pleno dia";"Decrescente";"Ceu Claro";"Simples";"Curva";"Nao";1;0;1;0;0;0;1;1;-28,245794;-52,572262;"SPRF-RS";"DEL08-RS";"UOP03-DEL08-RS"
579438;2024-02-06;"terça-feira";"13:10:00";"MT";364;486;"JANGADA";"Ausancia de Reacao do condutor";"Tombamento";"Com Vatimas Feridas";"Pleno dia";"Decrescente";"Ceu Claro";"Simples";"Reta";"Nao";1;0;1;0;0;0;1;1;-15,35830706;-56,41219514;"SPRF-MT";"DEL01-MT";"UOP02-DEL01-MT"
579439;2024-02-06;"terça-feira";"18:00:00";"RJ";116;69;"TERESOPOLIS";"Condutor Dormindo";"Tombamento";"Com Vatimas Feridas";"Anoitecer";"Decrescente";"Nublado";"Simples";"Curva";"Nao";1;0;1;0;0;0;1;1;-22,31064086;-42,93779076;"SPRF-RJ";"DEL04-RJ";"UOP01-DEL04-RJ"
579441;2024-02-06;"terça-feira";"17:26:00";"PR";369;482,5;"CORBELIA";"Reacao tardia ou ineficiente do condutor";"Colisao lateral mesmo sentido";"Com Vatimas Feridas";"Pleno dia";"Decrescente";"Nublado";"Simples";"Reta";"Sim";3;0;1;0;2;0;1;2;-24,6524;-53,2195;"SPRF-PR";"DEL04-PR";"UOP03-DEL04-PR"
579443;2024-02-06;"terça-feira";"18:34:00";"SC";101;335,9;"TUBARAO";"Condutor deixou de manter distancia do veiculo da frente";"Colisao traseira";"Sem Vatimas";"Anoitecer";"Crescente";"Garoa/Chuvisco";"Dupla";"Reta";"Sim";2;0;0;0;2;0;0;2;-28,46927473;-49,01557908;"SPRF-SC";"DEL02-SC";"UOP01-DEL02-SC"
579445;2024-02-06;"terça-feira";"16:00:00";"RJ";101;323;"NITEROI";"Ausancia de Reacao do condutor";"Colisao traseira";"Com Vatimas Feridas";"Pleno dia";"Decrescente";"Ceu Claro";"Maltipla";"Ponte;Reta                    ";"Nao";3;0;1;0;2;0;1;2;-22,87684786;-43,11728689;"SPRF-RJ";"DEL02-RJ";"UOP01-DEL02-RJ"
579446;2024-02-06;"terça-feira";"17:30:00";"GO";20;232;"POSSE";"Velocidade Incompatavel";"Tombamento";"Com Vatimas Feridas";"Pleno dia";"Decrescente";"Ceu Claro";"Simples";"Reta";"Nao";1;0;0;1;0;0;1;1;-14,087328;-46,296154;"SPRF-DF";"DEL02-DF";"UOP03-DEL02-DF"
579453;2024-02-06;"terça-feira";"17:00:00";"BA";101;99;"ALAGOINHAS";"Condutor deixou de manter distancia do veiculo da frente";"Colisao lateral mesmo sentido";"Com Vatimas Feridas";"Pleno dia";"Crescente";"Ceu Claro";"Simples";"Reta";"Nao";2;0;1;0;1;0;1;2;-12,132932;-38,39226983;"SPRF-BA";"DEL01-BA";"UOP04-DEL01-BA"
579467;2024-02-06;"terça-feira";"20:20:00";"PR";369;39,1;"ANDIRA";"Estacionar ou parar em local proibido";"Colisao com objeto";"Com Vatimas Feridas";"Plena Noite";"Crescente";"Ceu Claro";"Simples";"Reta";"Sim";2;0;0;1;1;0;1;2;-23,05688053;-50,24630427;"SPRF-PR";"DEL07-PR";"UOP05-DEL07-PR"
579468;2024-02-06;"terça-feira";"16:30:00";"SC";116;58;"PAPANDUVA";"Acessar a via sem observar a presenca dos outros veiculos";"Colisao transversal";"Com Vatimas Feridas";"Pleno dia";"Decrescente";"Sol";"Simples";"Retorno Regulamentado";"Nao";2;0;1;0;1;0;1;2;-26,37763463;-50,19755176;"SPRF-SC";"DEL06-SC";"UOP02-DEL06-SC"
579477;2024-02-06;"terça-feira";"21:20:00";"MA";135;3;"SAO LUIS";"Velocidade Incompatavel";"Tombamento";"Com Vatimas Feridas";"Plena Noite";"Decrescente";"Nublado";"Dupla";"Retorno Regulamentado";"Sim";1;0;1;0;0;0;1;1;-2,53073;-44,3068;"SPRF-MA";"DEL01-MA";"UOP01-DEL01-MA"
579482;2024-02-06;"terça-feira";"16:10:00";"MG";381;905,6;"CAMBUI";"Reacao tardia ou ineficiente do condutor";"Colisao lateral mesmo sentido";"Com Vatimas Feridas";"Pleno dia";"Decrescente";"Nublado";"Dupla";"Declive;Curva                 ";"Nao";8;0;2;1;5;0;3;7;-22,66343332;-46,0909026;"SPRF-MG";"DEL16-MG";"UOP03-DEL16-MG"
579483;2024-02-06;"terça-feira";"13:30:00";"MS";267;654;"PORTO MURTINHO";"Reacao tardia ou ineficiente do condutor";"Tombamento";"Com Vatimas Feridas";"Pleno dia";"Decrescente";"Chuva";"Simples";"Reta";"Nao";1;0;1;0;0;0;1;1;-21,72869184;-57,60706991;"SPRF-MS";"DEL05-MS";"UOP01-DEL05-MS"
579485;2024-02-06;"terça-feira";"23:30:00";"BA";324;442;"RIACHAO DO JACUIPE";"Transitar na contramao";"Colisao lateral sentido oposto";"Com Vatimas Feridas";"Plena Noite";"Decrescente";"Ceu Claro";"Simples";"Reta";"Nao";3;0;3;0;0;0;3;2;-11,82877428;-39,36212626;"SPRF-BA";"DEL02-BA";"UOP01-DEL02-BA"
579495;2024-02-07;"quarta-feira";"01:20:00";"SP";116;58,9;"GUARATINGUETA";"Acessar a via sem observar a presenca dos outros veiculos";"Colisao traseira";"Com Vatimas Feridas";"Plena Noite";"Crescente";"Ceu Claro";"Maltipla";"Reta";"Sim";3;0;2;0;1;0;2;2;-22,78005511;-45,14572791;"SPRF-SP";"DEL08-SP";"UOP01-DEL08-SP"
579496;2024-02-06;"terça-feira";"22:20:00";"MG";50;184;"UBERABA";"Pedestre andava na pista";"Atropelamento de Pedestre";"Com Vatimas Fatais";"Plena Noite";"Crescente";"Ignorado";"Dupla";"Reta";"Sim";2;1;0;0;1;0;0;2;-19,80945315;-47,90078523;"SPRF-MG";"DEL13-MG";"UOP01-DEL13-MG"
579500;2024-02-07;"quarta-feira";"03:37:00";"GO";60;31,4;"ALEXANIA";"Demais falhas mecanicas ou elatricas";"Incendio";"Sem Vatimas";"Plena Noite";"Decrescente";"Ceu Claro";"Dupla";"Reta";"Sim";1;0;0;0;1;0;0;1;-16,0963;-48,5202;"SPRF-DF";"DEL03-DF";"UOP01-DEL03-DF"
579503;2024-02-07;"quarta-feira";"05:45:00";"SC";282;346,2;"CAMPOS NOVOS";"Ausancia de Reacao do condutor";"Colisao frontal";"Com Vatimas Feridas";"Amanhecer";"Decrescente";"Ceu Claro";"Simples";"Curva;Aclive                  ";"Nao";2;0;0;1;1;0;1;2;-27,390287;-51,223286;"SPRF-SC";"DEL07-SC";"UOP06-DEL07-SC"
579510;2024-02-07;"quarta-feira";"07:10:00";"MG";116;276,9;"TEOFILO OTONI";"Ausancia de Reacao do condutor";"Colisao lateral mesmo sentido";"Com Vatimas Feridas";"Pleno dia";"Crescente";"Ceu Claro";"Simples";"Reta";"Sim";2;0;1;0;1;0;1;2;-17,85105696;-41,51454492;"SPRF-MG";"DEL11-MG";"UOP01-DEL11-MG"
579511;2024-02-07;"quarta-feira";"03:30:00";"SC";280;101,4;"SAO BENTO DO SUL";"Reacao tardia ou ineficiente do condutor";"Tombamento";"Com Vatimas Fatais";"Plena Noite";"Decrescente";"Ceu Claro";"Simples";"Curva;Declive                 ";"Nao";1;1;0;0;0;0;0;1;-26,36307266;-49,34030771;"SPRF-SC";"DEL06-SC";"UOP03-DEL06-SC"
579516;2024-02-07;"quarta-feira";"07:30:00";"RS";153;39,3;"ERECHIM";"Ultrapassagem Indevida";"Colisao lateral mesmo sentido";"Com Vatimas Feridas";"Pleno dia";"Decrescente";"Ceu Claro";"Simples";"Aclive;Reta                   ";"Nao";3;0;0;1;1;1;1;3;-27,58082872;-52,22808233;"SPRF-RS";"DEL08-RS";"UOP04-DEL08-RS"
579534;2024-02-07;"quarta-feira";"06:10:00";"PR";153;112,3;"IBAITI";"Velocidade Incompatavel";"Tombamento";"Com Vatimas Feridas";"Pleno dia";"Decrescente";"Ceu Claro";"Simples";"Interseaao de Vias";"Nao";1;0;1;0;0;0;1;1;-23,87218152;-50,20176888;"SPRF-PR";"DEL07-PR";"UOP04-DEL07-PR"
579536;2024-02-07;"quarta-feira";"06:45:00";"CE";116;124,7;"RUSSAS";"Manobra de mudanaa de faixa";"Colisao frontal";"Com Vatimas Fatais";"Pleno dia";"Decrescente";"Ceu Claro";"Simples";"Curva";"Nao";2;1;0;0;1;0;0;2;-4,65515598;-38,15286197;"SPRF-CE";"DEL03-CE";"UOP01-DEL03-CE"
579544;2024-02-07;"quarta-feira";"10:20:00";"SC";101;184,9;"BIGUACU";"Acessar a via sem observar a presenca dos outros veiculos";"Colisao lateral mesmo sentido";"Com Vatimas Feridas";"Pleno dia";"Decrescente";"Sol";"Maltipla";"Reta";"Nao";4;0;2;0;2;0;2;3;-27,42536698;-48,62465876;"SPRF-SC";"DEL01-SC";"UOP01-DEL01-SC"
579546;2024-02-07;"quarta-feira";"07:48:00";"SP";116;499;"CAJATI";"Reacao tardia ou ineficiente do condutor";"Tombamento";"Com Vatimas Fatais";"Pleno dia";"Crescente";"Ceu Claro";"Maltipla";"Curva";"Nao";1;1;0;0;0;0;0;1;-24,78228753;-48,17695233;"SPRF-SP";"DEL05-SP";"UOP02-DEL05-SP"
579551;2024-02-07;"quarta-feira";"10:00:00";"RJ";101;11;"CAMPOS DOS GOYTACAZES";"Velocidade Incompatavel";"Tombamento";"Com Vatimas Feridas";"Pleno dia";"Crescente";"Ceu Claro";"Simples";"Curva;Declive                 ";"Nao";1;0;0;1;0;0;1;1;-21,30855953;-41,3256432;"SPRF-RJ";"DEL08-RJ";"UOP01-DEL08-RJ"
579555;2024-02-07;"quarta-feira";"11:00:00";"SP";116;279,3;"EMBU DAS ARTES";"Reacao tardia ou ineficiente do condutor";"Colisao traseira";"Com Vatimas Feridas";"Pleno dia";"Crescente";"Ceu Claro";"Dupla";"Reta";"Sim";3;0;1;0;2;0;1;3;-23,66233697;-46,85292907;"SPRF-SP";"DEL04-SP";"UOP01-DEL04-SP"
579557;2024-02-07;"quarta-feira";"10:30:00";"MG";381;432;"SABARA";"Velocidade Incompatavel";"Tombamento";"Com Vatimas Feridas";"Pleno dia";"Crescente";"Sol";"Simples";"Declive;Curva                 ";"Nao";1;0;1;0;0;0;1;1;-19,7872619;-43,7021304;"SPRF-MG";"DEL01-MG";"UOP01-DEL01-MG"
579558;2024-02-07;"quarta-feira";"12:00:00";"MG";381;489;"BETIM";"Ultrapassagem Indevida";"Colisao lateral mesmo sentido";"Com Vatimas Feridas";"Pleno dia";"Crescente";"Ceu Claro";"Dupla";"Reta";"Sim";2;0;1;0;1;0;1;2;-19,96245618;-44,16455495;"SPRF-MG";"DEL01-MG";"UOP03-DEL01-MG"
579559;2024-02-07;"quarta-feira";"11:45:00";"PR";116;116;"CURITIBA";"Manobra de mudanaa de faixa";"Engavetamento";"Com Vatimas Feridas";"Pleno dia";"Crescente";"Ceu Claro";"Maltipla";"Interseaao de Vias";"Sim";4;0;1;0;3;0;1;3;-25,5566319;-49,30597544;"SPRF-PR";"DEL01-PR";"UOP03-DEL01-PR"
579561;2024-01-11;"quinta-feira";"06:30:00";"GO";364;308,5;"MINEIROS";"Demais falhas mecanicas ou elatricas";"Incendio";"Sem Vatimas";"Amanhecer";"Crescente";"Chuva";"Simples";"Reta";"Nao";1;0;0;0;1;0;0;1;-17,498772;-52,543625;"SPRF-GO";"DEL05-GO";"UOP01-DEL05-GO"
579564;2024-02-07;"quarta-feira";"13:30:00";"MG";365;69,5;"JEQUITAI";"Velocidade Incompatavel";"Tombamento";"Com Vatimas Feridas";"Pleno dia";"Decrescente";"Chuva";"Simples";"Curva;Declive                 ";"Nao";2;0;1;1;0;0;2;2;-17,07222805;-44,33952581;"SPRF-MG";"DEL12-MG";"UOP01-DEL12-MG"
579566;2024-02-07;"quarta-feira";"12:30:00";"RS";386;36,2;"FREDERICO WESTPHALEN";"Acessar a via sem observar a presenca dos outros veiculos";"Colisao transversal";"Com Vatimas Feridas";"Pleno dia";"Decrescente";"Ceu Claro";"Simples";"Reta";"Sim";3;0;1;1;1;0;2;2;-27,373381;-53,39772;"SPRF-RS";"DEL08-RS";"UOP02-DEL08-RS"
579572;2024-02-07;"quarta-feira";"14:05:00";"GO";60;93,2;"ANAPOLIS";"Condutor deixou de manter distancia do veiculo da frente";"Colisao traseira";"Sem Vatimas";"Pleno dia";"Crescente";"Ceu Claro";"Simples";"Rotataria";"Sim";2;0;0;0;2;0;0;2;-16,35363539;-48,92845284;"SPRF-GO";"DEL02-GO";"UOP01-DEL02-GO"
579573;2024-02-07;"quarta-feira";"07:30:00";"MG";116;648,5;"FERVEDOURO";"Condutor deixou de manter distancia do veiculo da frente";"Colisao traseira";"Com Vatimas Feridas";"Pleno dia";"Decrescente";"Ceu Claro";"Simples";"Curva";"Nao";2;0;1;0;1;0;1;2;-20,70304399;-42,27800019;"SPRF-MG";"DEL07-MG";"UOP02-DEL07-MG"
579574;2024-02-07;"quarta-feira";"12:40:00";"RS";386;152,9;"ALMIRANTE TAMANDARE DO SUL";"Ausancia de sinalizaaao";"Colisao frontal";"Com Vatimas Fatais";"Pleno dia";"Crescente";"Sol";"Simples";"Curva";"Nao";4;1;0;3;0;0;3;2;-28,094997;-52,860783;"SPRF-RS";"DEL08-RS";"UOP01-DEL08-RS"
579575;2024-02-07;"quarta-feira";"09:40:00";"RJ";40;121;"DUQUE DE CAXIAS";"Manobra de mudanaa de faixa";"Colisao traseira";"Com Vatimas Feridas";"Pleno dia";"Crescente";"Sol";"Maltipla";"Reta";"Sim";5;0;3;0;2;0;3;3;-22,78185499;-43,28571273;"SPRF-RJ";"DEL01-RJ";"UOP02-DEL01-RJ"
579576;2024-02-07;"quarta-feira";"13:50:00";"MG";365;31;"MONTES CLAROS";"Pista Escorregadia";"Saida de leito carrocavel";"Com Vatimas Feridas";"Pleno dia";"Crescente";"Chuva";"Simples";"Reta";"Nao";2;0;2;0;0;0;2;1;-16,85025469;-44,11000723;"SPRF-MG";"DEL12-MG";"UOP01-DEL12-MG"
579582;2024-02-07;"quarta-feira";"14:40:00";"RS";386;436;"NOVA SANTA RITA";"Desrespeitar a preferancia no cruzamento";"Colisao transversal";"Com Vatimas Feridas";"Pleno dia";"Crescente";"Ceu Claro";"Dupla";"Reta;Retorno Regulamentado    ";"Nao";2;0;1;0;1;0;1;2;-29,850487;-51,266758;"SPRF-RS";"DEL04-RS";"UOP02-DEL04-RS"
579585;2024-02-07;"quarta-feira";"09:00:00";"MG";381;324;"NOVA ERA";"Reacao tardia ou ineficiente do condutor";"Saida de leito carrocavel";"Com Vatimas Feridas";"Pleno dia";"Decrescente";"Nublado";"Simples";"Curva";"Nao";1;0;1;0;0;0;1;1;-19,759028;-43,028651;"SPRF-MG";"DEL03-MG";"UOP02-DEL03-MG"
579587;2024-02-07;"quarta-feira";"14:39:00";"PR";277;586,4;"CASCAVEL";"Desrespeitar a preferancia no cruzamento";"Colisao transversal";"Com Vatimas Feridas";"Pleno dia";"Decrescente";"Ceu Claro";"Simples";"Reta;Interseaao de Vias       ";"Sim";2;0;1;0;1;0;1;2;-24,9649472;-53,4210459;"SPRF-PR";"DEL04-PR";"UOP01-DEL04-PR"
579597;2024-02-07;"quarta-feira";"15:40:00";"MG";40;474;"SETE LAGOAS";"Pista Escorregadia";"Saida de leito carrocavel";"Com Vatimas Feridas";"Pleno dia";"Decrescente";"Chuva";"Dupla";"Reta;Declive                  ";"Nao";1;0;1;0;0;0;1;1;-19,49804878;-44,27929974;"SPRF-MG";"DEL02-MG";"UOP01-DEL02-MG"
579599;2024-01-06;"sabado";"17:15:00";"PE";104;68;"CARUARU";"Demais falhas mecanicas ou elatricas";"Colisao lateral mesmo sentido";"Com Vatimas Feridas";"Pleno dia";"Crescente";"Ceu Claro";"Dupla";"Reta";"Nao";3;0;0;1;2;0;1;2;-8,306963;-35,989668;"SPRF-PE";"DEL02-PE";"UOP01-DEL02-PE"