"id";"data_inversa";"dia_semana";"horario";"uf";"br";"km";"municipio";"causa_acidente";"tipo_acidente";"classificacao_acidente";"fase_dia";"sentido_via";"condicao_metereologica";"tipo_pista";"tracado_via";"uso_solo";"pessoas";"mortos";"feridos_leves";"feridos_graves";"ilesos";"ignorados";"feridos";"veiculos";"latitude";"longitude";"regional";"delegacia";"uop"
579600;2024-02-07;"quarta-feira";"12:40:00";"MT";364;94;"ALTO GARCAS";"Reacao tardia ou ineficiente do condutor";"Colisao traseira";"Sem Vatimas";"Pleno dia";"Decrescente";"Ceu Claro";"Simples";"Reta";"Nao";3;0;0;0;2;1;0;3;-16,85952659;-53,74882793;"SPRF-MT";"DEL02-MT";"UOP02-DEL02-MT"
579602;2024-02-07;"quarta-feira";"15:00:00";"PR";277;195;"PALMEIRA";"Acessar a via sem observar a presenca dos outros veiculos";"Colisao lateral mesmo sentido";"Com Vatimas Feridas";"Pleno dia";"Decrescente";"Ceu Claro";"Simples";"Aclive;Reta                   ";"Sim";2;0;1;0;1;0;1;2;-25,43309215;-50,15896593;"SPRF-PR";"DEL08-PR";"UOP02-DEL08-PR"
579606;2024-02-07;"quarta-feira";"09:00:00";"SC";282;525;"XAXIM";"Manobra de mudanaa de faixa";"Saida de leito carrocavel";"Sem Vatimas";"Pleno dia";"Crescente";"Ceu Claro";"Simples";"Curva";"Nao";4;0;0;0;4;0;0;3;-26,965441;-52,566383;"SPRF-SC";"DEL07-SC";"UOP01-DEL07-SC"
579614;2024-02-07;"quarta-feira";"15:35:00";"MA";135;60;"BACABEIRA";"Chuva";"Colisao lateral mesmo sentido";"Sem Vatimas";"Pleno dia";"Crescente";"Chuva";"Dupla";"Reta";"Sim";3;0;0;0;3;0;0;2;-3,05225689;-44,31876443;"SPRF-MA";"DEL01-MA";"UOP02-DEL01-MA"
579615;2024-02-07;"quarta-feira";"17:00:00";"SC";101;202;"SAO JOSE";"Manobra de mudanaa de faixa";"Colisao lateral mesmo sentido";"Sem Vatimas";"Pleno dia";"Decrescente";"Ceu Claro";"Maltipla";"Reta";"Sim";2;0;0;0;2;0;0;2;-27,55711595;-48,61897889;"SPRF-SC";"DEL01-SC";"UOP01-DEL01-SC"
579616;2024-02-07;"quarta-feira";"16:25:00";"RS";386;318;"MARQUES DE SOUZA";"Ultrapassagem Indevida";"Colisao frontal";"Com Vatimas Feridas";"Pleno dia";"Decrescente";"Ceu Claro";"Simples";"Curva";"Nao";3;0;1;1;1;0;2;3;-29,272459;-52,141353;"SPRF-RS";"DEL04-RS";"UOP01-DEL04-RS"
579618;2024-02-07;"quarta-feira";"16:15:00";"PR";116;142,9;"MANDIRITUBA";"Ultrapassagem Indevida";"Colisao lateral mesmo sentido";"Sem Vatimas";"Pleno dia";"Decrescente";"Ceu Claro";"Simples";"Reta";"Nao";2;0;0;0;2;0;0;2;-25,746524;-49,31741923;"SPRF-PR";"DEL01-PR";"UOP03-DEL01-PR"
579620;2024-02-07;"quarta-feira";"13:55:00";"SP";488;0,1;"APARECIDA";"Afundamento ou ondulaaao no pavimento";"Eventos atapicos";"Sem Vatimas";"Pleno dia";"Decrescente";"Ceu Claro";"Simples";"Rotataria";"Sim";1;0;0;0;1;0;0;1;-22,85856;-45,233116;"SPRF-SP";"DEL08-SP";"UOP01-DEL08-SP"
579622;2024-02-07;"quarta-feira";"13:00:00";"SP";116;520;"CAJATI";"Reacao tardia ou ineficiente do condutor";"Saida de leito carrocavel";"Com Vatimas Feridas";"Pleno dia";"Decrescente";"Ceu Claro";"Simples";"Declive;Reta                  ";"Nao";2;0;1;0;1;0;1;1;-24,89364369;-48,24164206;"SPRF-SP";"DEL05-SP";"UOP02-DEL05-SP"
579632;2024-02-07;"quarta-feira";"11:15:00";"MG";381;922;"CAMANDUCAIA";"Manobra de mudanaa de faixa";"Colisao lateral mesmo sentido";"Com Vatimas Feridas";"Pleno dia";"Decrescente";"Ceu Claro";"Dupla";"Reta;Aclive                   ";"Nao";3;0;1;0;2;0;1;2;-22,76707833;-46,21789606;"SPRF-MG";"DEL16-MG";"UOP03-DEL16-MG"
579636;2024-02-07;"quarta-feira";"17:50:00";"SC";282;510;"XANXERE";"Acessar a via sem observar a presenca dos outros veiculos";"Colisao lateral mesmo sentido";"Com Vatimas Feridas";"Pleno dia";"Decrescente";"Nublado";"Simples";"Reta";"Nao";3;0;0;1;1;1;1;3;-26,897114;-52,463585;"SPRF-SC";"DEL07-SC";"UOP01-DEL07-SC"
579637;2024-02-07;"quarta-feira";"01:00:00";"MA";226;409;"GRAJAU";"Ausancia de Reacao do condutor";"Colisao traseira";"Sem Vatimas";"Plena Noite";"Crescente";"Ignorado";"Dupla";"Aclive";"Nao";3;0;0;0;3;0;0;2;-5,7745215;-46,07900136;"SPRF-MA";"DEL03-MA";"UOP03-DEL03-MA"
579648;2024-02-07;"quarta-feira";"07:20:00";"BA";116;582;"NOVA ITARANA";"Ausancia de Reacao do condutor";"Saida de leito carrocavel";"Com Vatimas Feridas";"Pleno dia";"Decrescente";"Ceu Claro";"Simples";"Declive;Curva                 ";"Nao";1;0;0;1;0;0;1;1;-13,1062779;-39,9658473;"SPRF-BA";"DEL03-BA";"UOP02-DEL03-BA"
579649;2024-01-23;"terça-feira";"09:15:00";"MG";50;136;"UBERABA";"Condutor deixou de manter distancia do veiculo da frente";"Colisao traseira";"Com Vatimas Feridas";"Pleno dia";"Crescente";"Ceu Claro";"Dupla";"Reta";"Nao";4;0;1;0;3;0;1;4;-19,44189098;-48,06412595;"SPRF-MG";"DEL13-MG";"UOP01-DEL13-MG"
579650;2024-02-07;"quarta-feira";"19:00:00";"SC";480;125;"CHAPECO";"Acessar a via sem observar a presenca dos outros veiculos";"Colisao transversal";"Com Vatimas Feridas";"Anoitecer";"Crescente";"Ceu Claro";"Simples";"Viaduto";"Sim";2;0;1;0;1;0;1;2;-27,01164515;-52,63953123;"SPRF-SC";"DEL07-SC";"UOP01-DEL07-SC"
579651;2024-02-07;"quarta-feira";"19:00:00";"RS";386;271,7;"FONTOURA XAVIER";"Manobra de mudanaa de faixa";"Colisao lateral mesmo sentido";"Com Vatimas Feridas";"Anoitecer";"Decrescente";"Ceu Claro";"Simples";"Curva";"Nao";4;0;1;0;3;0;1;3;-28,98775867;-52,36719131;"SPRF-RS";"DEL04-RS";"UOP03-DEL04-RS"
579655;2024-02-07;"quarta-feira";"20:15:00";"SC";470;62,1;"INDAIAL";"Pedestre andava na pista";"Atropelamento de Pedestre";"Com Vatimas Fatais";"Plena Noite";"Crescente";"Nublado";"Simples";"Aclive;Curva                  ";"Nao";2;1;0;0;1;0;0;2;-26,87443993;-49,18635964;"SPRF-SC";"DEL04-SC";"UOP01-DEL04-SC"
579664;2024-02-07;"quarta-feira";"21:05:00";"RN";304;35;"MOSSORO";"Manobra de mudanaa de faixa";"Colisao lateral mesmo sentido";"Sem Vatimas";"Plena Noite";"Decrescente";"Ceu Claro";"Dupla";"Reta";"Sim";2;0;0;0;1;1;0;2;-5,16149497;-37,35068212;"SPRF-RN";"DEL04-RN";"UOP02-DEL04-RN"
579666;2024-02-07;"quarta-feira";"19:50:00";"RJ";116;211;"SEROPEDICA";"Reacao tardia ou ineficiente do condutor";"Colisao com objeto";"Com Vatimas Feridas";"Plena Noite";"Decrescente";"Ceu Claro";"Dupla";"Reta";"Nao";1;0;1;0;0;0;1;1;-22,71844298;-43,700897;"SPRF-RJ";"DEL06-RJ";"UOP02-DEL06-RJ"
579669;2024-02-07;"quarta-feira";"21:20:00";"ES";101;149,4;"LINHARES";"Carga excessiva e/ou mal acondicionada";"Colisao com objeto";"Com Vatimas Feridas";"Plena Noite";"Decrescente";"Ceu Claro";"Simples";"Reta";"Sim";3;0;0;1;2;0;1;3;-19,39619083;-40,06435871;"SPRF-ES";"DEL04-ES";"UOP01-DEL04-ES"
579678;2024-02-07;"quarta-feira";"22:40:00";"MG";116;803;"ALEM PARAIBA";"Reacao tardia ou ineficiente do condutor";"Tombamento";"Com Vatimas Feridas";"Plena Noite";"Crescente";"Ceu Claro";"Simples";"Curva";"Nao";2;0;2;0;0;0;2;1;-21,7922616;-42,715434;"SPRF-MG";"DEL07-MG";"UOP01-DEL07-MG"
579681;2024-02-07;"quarta-feira";"17:00:00";"PR";376;323;"ORTIGUEIRA";"Reacao tardia ou ineficiente do condutor";"Saida de leito carrocavel";"Com Vatimas Fatais";"Pleno dia";"Crescente";"Ceu Claro";"Simples";"Curva";"Nao";3;1;0;2;0;0;2;1;-24,043;-51,077;"SPRF-PR";"DEL07-PR";"UOP02-DEL07-PR"
579691;2024-02-07;"quarta-feira";"23:30:00";"MG";116;2;"DIVISA ALEGRE";"Acesso irregular";"Colisao frontal";"Com Vatimas Feridas";"Plena Noite";"Crescente";"Nublado";"Simples";"Reta";"Sim";3;0;0;1;1;1;1;3;-15,717818;-41,340694;"SPRF-BA";"DEL08-BA";"UOP03-DEL08-BA"
579695;2024-02-08;"quinta-feira";"00:09:00";"RJ";101;71;"CAMPOS DOS GOYTACAZES";"Reacao tardia ou ineficiente do condutor";"Engavetamento";"Com Vatimas Feridas";"Plena Noite";"Crescente";"Ceu Claro";"Simples";"Reta";"Nao";6;0;1;0;5;0;1;6;-21,78577807;-41,38139396;"SPRF-RJ";"DEL08-RJ";"UOP02-DEL08-RJ"
579696;2024-02-08;"quinta-feira";"00:10:00";"PR";116;52,9;"CAMPINA GRANDE DO SUL";"Demais falhas mecanicas ou elatricas";"Saida de leito carrocavel";"Com Vatimas Feridas";"Plena Noite";"Decrescente";"Ceu Claro";"Dupla";"Reta";"Nao";1;0;1;0;0;0;1;1;-25,258775;-48,913625;"SPRF-PR";"DEL01-PR";"UOP02-DEL01-PR"
579700;2024-02-08;"quinta-feira";"03:30:00";"PR";376;668;"GUARATUBA";"Problema com o freio";"Atropelamento de Pedestre";"Com Vatimas Feridas";"Plena Noite";"Decrescente";"Ceu Claro";"Dupla";"Declive";"Nao";1;0;1;0;0;0;1;1;-25,864159;-48,937538;"SPRF-PR";"DEL01-PR";"UOP04-DEL01-PR"
579701;2024-02-07;"quarta-feira";"14:30:00";"MG";365;28,1;"MONTES CLAROS";"Reacao tardia ou ineficiente do condutor";"Saida de leito carrocavel";"Com Vatimas Feridas";"Pleno dia";"Decrescente";"Chuva";"Simples";"Reta";"Nao";1;0;1;0;0;0;1;1;-16,84279211;-44,08613806;"SPRF-MG";"DEL12-MG";"UOP01-DEL12-MG"
579702;2024-02-08;"quinta-feira";"05:30:00";"RJ";101;53;"CAMPOS DOS GOYTACAZES";"Reacao tardia ou ineficiente do condutor";"Colisao transversal";"Com Vatimas Fatais";"Amanhecer";"Crescente";"Ceu Claro";"Simples";"Reta";"Sim";3;1;0;0;1;1;0;3;-21,660484;-41,31128898;"SPRF-RJ";"DEL08-RJ";"UOP01-DEL08-RJ"
579705;2024-02-07;"quarta-feira";"20:30:00";"GO";60;266,9;"INDIARA";"Velocidade Incompatavel";"Derramamento de carga";"Sem Vatimas";"Plena Noite";"Crescente";"Ceu Claro";"Dupla";"Reta;Ponte                    ";"Nao";1;0;0;0;1;0;0;1;-17,1988;-50,0863;"SPRF-GO";"DEL01-GO";"UOP02-DEL01-GO"
579712;2024-02-07;"quarta-feira";"16:00:00";"PE";407;79;"PETROLINA";"Transitar na contramao";"Colisao frontal";"Com Vatimas Fatais";"Pleno dia";"Decrescente";"Ceu Claro";"Simples";"Reta";"Nao";3;2;1;0;0;0;1;2;-9,00260507;-40,70129314;"SPRF-PE";"DEL06-PE";"UOP02-DEL06-PE"
579719;2024-02-08;"quinta-feira";"04:00:00";"PE";316;45,9;"ARARIPINA";"Transitar na contramao";"Colisao frontal";"Com Vatimas Feridas";"Plena Noite";"Crescente";"Garoa/Chuvisco";"Simples";"Reta";"Nao";2;0;0;2;0;0;2;2;-7,69006322;-40,35621918;"SPRF-PE";"DEL05-PE";"UOP02-DEL05-PE"
579724;2024-02-08;"quinta-feira";"07:30:00";"RJ";116;136;"MAGE";"Condutor deixou de manter distancia do veiculo da frente";"Colisao transversal";"Com Vatimas Feridas";"Pleno dia";"Decrescente";"Ceu Claro";"Dupla";"Reta";"Sim";2;0;1;0;1;0;1;2;-22,64988985;-43,17250297;"SPRF-RJ";"DEL04-RJ";"UOP02-DEL04-RJ"
579727;2024-02-08;"quinta-feira";"07:40:00";"SC";280;56,4;"GUARAMIRIM";"Ultrapassagem Indevida";"Colisao frontal";"Com Vatimas Feridas";"Pleno dia";"Crescente";"Ceu Claro";"Simples";"Reta;Em Obras                 ";"Nao";3;0;0;1;2;0;1;3;-26,47947677;-49,00298702;"SPRF-SC";"DEL03-SC";"UOP03-DEL03-SC"
579730;2024-02-08;"quinta-feira";"05:20:00";"MT";158;687,6;"BARRA DO GARCAS";"Objeto estatico sobre o leito carroaavel";"Colisao traseira";"Sem Vatimas";"Amanhecer";"Crescente";"Ceu Claro";"Simples";"Reta";"Nao";3;0;0;0;2;1;0;3;-14,958392;-52,266026;"SPRF-MT";"DEL07-MT";"UOP01-DEL07-MT"
579731;2024-02-08;"quinta-feira";"06:40:00";"RJ";116;142;"DUQUE DE CAXIAS";"Reacao tardia ou ineficiente do condutor";"Colisao lateral mesmo sentido";"Com Vatimas Feridas";"Pleno dia";"Crescente";"Ceu Claro";"Simples";"Reta";"Nao";5;0;1;0;4;0;1;4;-22,64876087;-43,23031638;"SPRF-RJ";"DEL01-RJ";"UOP02-DEL01-RJ"
579738;2024-02-08;"quinta-feira";"09:02:00";"RS";285;395,2;"SANTA BARBARA DO SUL";"Pista esburacada";"Colisao lateral mesmo sentido";"Com Vatimas Feridas";"Pleno dia";"Decrescente";"Ceu Claro";"Simples";"Reta;Declive                  ";"Nao";3;0;2;0;1;0;2;2;-28,38855762;-53,27633142;"SPRF-RS";"DEL10-RS";"UOP02-DEL10-RS"
579740;2024-02-08;"quinta-feira";"05:45:00";"ES";101;294;"CARIACICA";"Carga excessiva e/ou mal acondicionada";"Derramamento de carga";"Com Vatimas Feridas";"Amanhecer";"Crescente";"Ceu Claro";"Dupla";"Aclive;Reta                   ";"Sim";1;0;1;0;0;0;1;1;-20,32415948;-40,3952903;"SPRF-ES";"DEL01-ES";"UOP01-DEL01-ES"
579751;2024-02-07;"quarta-feira";"23:30:00";"BA";242;280;"BOA VISTA DO TUPIM";"Reacao tardia ou ineficiente do condutor";"Colisao traseira";"Sem Vatimas";"Plena Noite";"Crescente";"Ceu Claro";"Simples";"Reta";"Nao";2;0;0;0;1;1;0;2;-12,445899;-40,70829;"SPRF-BA";"DEL06-BA";"UOP02-DEL06-BA"
579754;2024-02-07;"quarta-feira";"00:15:00";"PR";376;428,6;"TIBAGI";"Manobra de mudanaa de faixa";"Colisao traseira";"Sem Vatimas";"Plena Noite";"Crescente";"Ceu Claro";"Dupla";"Reta";"Nao";2;0;0;0;2;0;0;2;-24,77948744;-50,51432133;"SPRF-PR";"DEL03-PR";"UOP02-DEL03-PR"
579757;2024-02-08;"quinta-feira";"08:50:00";"MG";50;158;"UBERABA";"Ausancia de Reacao do condutor";"Colisao traseira";"Com Vatimas Feridas";"Pleno dia";"Crescente";"Ceu Claro";"Dupla";"Retorno Regulamentado;Aclive  ";"Sim";3;0;2;0;1;0;2;2;-19,63378122;-48,01229957;"SPRF-MG";"DEL13-MG";"UOP01-DEL13-MG"
579758;2024-02-08;"quinta-feira";"07:37:00";"MT";70;70;"GENERAL CARNEIRO";"Manobra de mudanaa de faixa";"Colisao lateral mesmo sentido";"Com Vatimas Feridas";"Pleno dia";"Decrescente";"Ceu Claro";"Simples";"Aclive";"Nao";5;0;4;0;1;0;4;2;-15,70436387;-52,77770797;"SPRF-MT";"DEL07-MT";"UOP01-DEL07-MT"
579759;2024-02-08;"quinta-feira";"10:00:00";"TO";153;683;"CARIRI DO TOCANTINS";"Ultrapassagem Indevida";"Colisao lateral mesmo sentido";"Com Vatimas Fatais";"Pleno dia";"Crescente";"Ceu Claro";"Simples";"Reta";"Nao";7;1;1;2;1;2;3;4;-11,813967;-49,12936499;"SPRF-TO";"DEL01-TO";"UOP02-DEL01-TO"
579763;2024-01-11;"quinta-feira";"17:00:00";"SC";101;130;"BALNEARIO CAMBORIU";"Trafegar com motocicleta (ou similar) entre as faixas";"Colisao lateral mesmo sentido";"Com Vatimas Feridas";"Pleno dia";"Decrescente";"Chuva";"Dupla";"Reta";"Sim";3;0;1;0;2;0;1;3;-26,98407618;-48,66977107;"SPRF-SC";"DEL04-SC";"UOP03-DEL04-SC"
579766;2024-02-08;"quinta-feira";"09:45:00";"RJ";493;59;"NOVA IGUACU";"Ultrapassagem Indevida";"Colisao lateral mesmo sentido";"Com Vatimas Feridas";"Pleno dia";"Crescente";"Ceu Claro";"Dupla";"Reta";"Nao";2;0;1;0;1;0;1;2;-22,67536213;-43,39226246;"SPRF-RJ";"DEL01-RJ";"UOP03-DEL01-RJ"
579767;2024-02-08;"quinta-feira";"09:30:00";"RS";101;4;"TORRES";"Ausancia de Reacao do condutor";"Colisao lateral mesmo sentido";"Sem Vatimas";"Pleno dia";"Crescente";"Ceu Claro";"Dupla";"Declive";"Nao";2;0;0;0;2;0;0;2;-29,33222497;-49,78508308;"SPRF-RS";"DEL03-RS";"UOP02-DEL03-RS"
579770;2024-01-20;"sabado";"06:40:00";"MG";381;533;"ITATIAIUCU";"Velocidade Incompatavel";"Colisao traseira";"Com Vatimas Feridas";"Pleno dia";"Crescente";"Ceu Claro";"Dupla";"Reta";"Nao";2;0;0;1;1;0;1;2;-20,19896036;-44,38641307;"SPRF-MG";"DEL04-MG";"UOP03-DEL04-MG"
579779;2024-02-08;"quinta-feira";"12:00:00";"SC";101;148;"ITAPEMA";"Ultrapassagem Indevida";"Colisao lateral mesmo sentido";"Com Vatimas Feridas";"Pleno dia";"Crescente";"Ceu Claro";"Dupla";"Retorno Regulamentado";"Sim";2;0;0;1;1;0;1;2;-27,10123686;-48,61807962;"SPRF-SC";"DEL04-SC";"UOP03-DEL04-SC"
579782;2024-02-08;"quinta-feira";"12:00:00";"PR";373;175,1;"PONTA GROSSA";"Estacionar ou parar em local proibido";"Colisao traseira";"Com Vatimas Feridas";"Pleno dia";"Crescente";"Ceu Claro";"Dupla";"Retorno Regulamentado;Reta    ";"Sim";2;0;0;1;1;0;1;2;-25,06636487;-50,21239579;"SPRF-PR";"DEL03-PR";"UOP01-DEL03-PR"
579784;2024-02-08;"quinta-feira";"12:20:00";"RS";472;589;"URUGUAIANA";"Carga excessiva e/ou mal acondicionada";"Colisao com objeto";"Com Vatimas Feridas";"Pleno dia";"Decrescente";"Ceu Claro";"Simples";"Reta";"Nao";5;0;2;0;3;0;2;3;-29,802303;-57,0929;"SPRF-RS";"DEL13-RS";"UOP01-DEL13-RS"
579786;2024-01-24;"quarta-feira";"05:45:00";"MG";381;525,5;"BRUMADINHO";"Velocidade Incompatavel";"Tombamento";"Com Vatimas Feridas";"Amanhecer";"Crescente";"Ceu Claro";"Dupla";"Curva";"Nao";1;0;0;1;0;0;1;1;-20,16710798;-44,33422398;"SPRF-MG";"DEL04-MG";"UOP03-DEL04-MG"
579789;2024-02-08;"quinta-feira";"11:20:00";"RJ";101;150;"MACAE";"Condutor Dormindo";"Colisao frontal";"Com Vatimas Fatais";"Pleno dia";"Crescente";"Ceu Claro";"Simples";"Reta";"Nao";3;1;1;0;1;0;1;2;-22,23967891;-41,80006315;"SPRF-RJ";"DEL08-RJ";"UOP04-DEL08-RJ"
579791;2024-02-08;"quinta-feira";"09:40:00";"RJ";40;119;"DUQUE DE CAXIAS";"Manobra de mudanaa de faixa";"Colisao lateral mesmo sentido";"Com Vatimas Feridas";"Pleno dia";"Crescente";"Ceu Claro";"Maltipla";"Reta";"Sim";4;0;2;0;2;0;2;3;-22,76375592;-43,28683062;"SPRF-RJ";"DEL01-RJ";"UOP02-DEL01-RJ"
579793;2024-02-08;"quinta-feira";"13:00:00";"MT";163;843;"SINOP";"Reacao tardia ou ineficiente do condutor";"Colisao frontal";"Com Vatimas Feridas";"Pleno dia";"Crescente";"Nublado";"Simples";"Reta";"Sim";2;0;1;1;0;0;2;2;-11,796377;-55,47827053;"SPRF-MT";"DEL06-MT";"UOP02-DEL06-MT"
579798;2024-02-08;"quinta-feira";"15:10:00";"MG";381;490;"BETIM";"Ingestao de alcool pelo condutor";"Colisao traseira";"Com Vatimas Feridas";"Pleno dia";"Decrescente";"Chuva";"Dupla";"Reta;Declive                  ";"Sim";2;0;1;0;1;0;1;2;-19,96502819;-44,17422195;"SPRF-MG";"DEL01-MG";"UOP03-DEL01-MG"
579801;2024-02-08;"quinta-feira";"13:30:00";"RS";101;13,9;"DOM PEDRO DE ALCANTARA";"Acessar a via sem observar a presenca dos outros veiculos";"Colisao frontal";"Com Vatimas Feridas";"Pleno dia";"Crescente";"Sol";"Simples";"Reta";"Nao";2;0;1;0;1;0;1;2;-29,3930518;-49,84373839;"SPRF-RS";"DEL03-RS";"UOP02-DEL03-RS"
579803;2024-02-02;"sexta-feira";"18:15:00";"PA";163;579;"TRAIRAO";"Animais na Pista";"Atropelamento de Animal";"Sem Vatimas";"Anoitecer";"Decrescente";"Nublado";"Simples";"Declive;Reta                  ";"Nao";1;0;0;0;1;0;0;1;-5,07340914;-56,17069244;"SPRF-PA";"DEL05-PA";"UOP02-DEL05-PA"
579808;2024-02-08;"quinta-feira";"14:30:00";"MS";163;449;"CAMPO GRANDE";"Manobra de mudanaa de faixa";"Colisao lateral sentido oposto";"Com Vatimas Feridas";"Pleno dia";"Decrescente";"Ceu Claro";"Simples";"Reta;Aclive                   ";"Nao";4;0;1;0;3;0;1;2;-20,73342883;-54,53902046;"SPRF-MS";"DEL01-MS";"UOP01-DEL01-MS"
579809;2024-02-08;"quinta-feira";"13:45:00";"PB";104;55,6;"BARRA DE SANTA ROSA";"Condutor deixou de manter distancia do veiculo da frente";"Colisao traseira";"Com Vatimas Feridas";"Pleno dia";"Crescente";"Ceu Claro";"Simples";"Aclive";"Nao";2;0;1;0;1;0;1;2;-6,78424966;-35,98358004;"SPRF-PB";"DEL02-PB";"UOP04-DEL02-PB"
579811;2024-02-08;"quinta-feira";"15:45:00";"PE";424;0;"ARCOVERDE";"Demais falhas mecanicas ou elatricas";"Tombamento";"Sem Vatimas";"Pleno dia";"Crescente";"Chuva";"Simples";"Reta";"Sim";2;0;0;0;2;0;0;1;-8,430991;-37,062363;"SPRF-PE";"DEL04-PE";"UOP02-DEL04-PE"
579813;2024-02-08;"quinta-feira";"16:00:00";"RS";290;43,9;"GLORINHA";"Manobra de mudanaa de faixa";"Colisao lateral mesmo sentido";"Sem Vatimas";"Pleno dia";"Crescente";"Sol";"Dupla";"Reta";"Nao";2;0;0;0;2;0;0;2;-29,889925;-50,698332;"SPRF-RS";"DEL03-RS";"UOP01-DEL03-RS"
579814;2024-02-08;"quinta-feira";"16:50:00";"ES";101;272;"SERRA";"Ausancia de Reacao do condutor";"Colisao lateral mesmo sentido";"Com Vatimas Feridas";"Pleno dia";"Crescente";"Ceu Claro";"Dupla";"Declive;Reta                  ";"Sim";2;0;1;0;1;0;1;2;-20,22724888;-40,28426988;"SPRF-ES";"DEL02-ES";"UOP01-DEL02-ES"
579821;2024-02-08;"quinta-feira";"13:40:00";"SC";153;60,1;"IRANI";"Demais falhas mecanicas ou elatricas";"Colisao com objeto";"Com Vatimas Feridas";"Pleno dia";"Decrescente";"Nublado";"Simples";"Reta";"Nao";2;0;1;0;1;0;1;2;-26,97267;-51,858185;"SPRF-SC";"DEL07-SC";"UOP04-DEL07-SC"
579822;2024-02-08;"quinta-feira";"15:55:00";"PR";376;511,7;"PONTA GROSSA";"Demais falhas mecanicas ou elatricas";"Incendio";"Sem Vatimas";"Pleno dia";"Crescente";"Sol";"Dupla";"Reta";"Nao";1;0;0;0;1;0;0;1;-25,2287323;-50,0461962;"SPRF-PR";"DEL03-PR";"UOP04-DEL03-PR"
579830;2024-02-08;"quinta-feira";"17:00:00";"SC";101;194,7;"BIGUACU";"Ausancia de Reacao do condutor";"Colisao traseira";"Sem Vatimas";"Pleno dia";"Crescente";"Ceu Claro";"Dupla";"Reta";"Sim";2;0;0;0;2;0;0;2;-27,49815117;-48,65661236;"SPRF-SC";"DEL01-SC";"UOP01-DEL01-SC"
579837;2024-02-08;"quinta-feira";"13:45:00";"SC";282;636,5;"DESCANSO";"Reacao tardia ou ineficiente do condutor";"Saida de leito carrocavel";"Com Vatimas Fatais";"Pleno dia";"Decrescente";"Nublado";"Simples";"Reta;Declive                  ";"Nao";2;1;0;0;1;0;0;1;-26,80928698;-53,43977451;"SPRF-SC";"DEL07-SC";"UOP03-DEL07-SC"
579840;2024-02-08;"quinta-feira";"18:30:00";"ES";101;115,9;"SOORETAMA";"Demais falhas mecanicas ou elatricas";"Colisao com objeto";"Com Vatimas Feridas";"Anoitecer";"Decrescente";"Ceu Claro";"Simples";"Reta";"Nao";4;0;1;0;3;0;1;2;-19,10300393;-40,05496212;"SPRF-ES";"DEL04-ES";"UOP01-DEL04-ES"
579841;2024-02-08;"quinta-feira";"14:05:00";"GO";364;244;"JATAI";"Reacao tardia ou ineficiente do condutor";"Saida de leito carrocavel";"Com Vatimas Feridas";"Pleno dia";"Decrescente";"Nublado";"Simples";"Reta";"Nao";1;0;1;0;0;0;1;1;-17,762192;-52,113304;"SPRF-GO";"DEL05-GO";"UOP01-DEL05-GO"
579842;2024-02-08;"quinta-feira";"14:30:00";"SP";116;340,9;"MIRACATU";"Ausancia de Reacao do condutor";"Saida de leito carrocavel";"Com Vatimas Feridas";"Pleno dia";"Crescente";"Ceu Claro";"Maltipla";"Curva";"Nao";1;0;1;0;0;0;1;1;-24,00328505;-47,15633198;"SPRF-SP";"DEL04-SP";"UOP03-DEL04-SP"
579844;2024-02-08;"quinta-feira";"18:15:00";"PR";369;201;"APUCARANA";"Condutor deixou de manter distancia do veiculo da frente";"Engavetamento";"Com Vatimas Feridas";"Pleno dia";"Decrescente";"Ceu Claro";"Simples";"Reta";"Sim";7;0;5;0;2;0;5;3;-23,536875;-51,456575;"SPRF-PR";"DEL07-PR";"UOP03-DEL07-PR"
579848;2024-02-08;"quinta-feira";"13:55:00";"BA";101;454,6;"AURELINO LEAL";"Ausancia de Reacao do condutor";"Saida de leito carrocavel";"Com Vatimas Feridas";"Pleno dia";"Crescente";"Ceu Claro";"Simples";"Reta";"Nao";3;0;1;0;2;0;1;1;-14,45733798;-39,32048009;"SPRF-BA";"DEL05-BA";"UOP01-DEL05-BA"
579850;2024-02-08;"quinta-feira";"18:15:00";"BA";324;612;"SALVADOR";"Acessar a via sem observar a presenca dos outros veiculos";"Colisao lateral mesmo sentido";"Sem Vatimas";"Plena Noite";"Crescente";"Ceu Claro";"Maltipla";"Aclive;Reta                   ";"Nao";3;0;0;0;2;1;0;3;-12,84664721;-38,41741648;"SPRF-BA";"DEL01-BA";"UOP01-DEL01-BA"
579857;2024-02-08;"quinta-feira";"18:00:00";"SP";116;275;"EMBU DAS ARTES";"Acessar a via sem observar a presenca dos outros veiculos";"Colisao transversal";"Com Vatimas Feridas";"Anoitecer";"Crescente";"Ceu Claro";"Dupla";"Curva";"Sim";3;0;2;0;1;0;2;2;-23,63638826;-46,83251584;"SPRF-SP";"DEL04-SP";"UOP01-DEL04-SP"
579859;2024-02-08;"quinta-feira";"18:40:00";"PR";376;597;"CURITIBA";"Trafegar com motocicleta (ou similar) entre as faixas";"Colisao lateral mesmo sentido";"Com Vatimas Feridas";"Anoitecer";"Crescente";"Ceu Claro";"Dupla";"Reta";"Sim";4;0;1;0;2;1;1;3;-25,51058917;-49,33889151;"SPRF-PR";"DEL01-PR";"UOP06-DEL01-PR"