"id";"data_inversa";"dia_semana";"horario";"uf";"br";"km";"municipio";"causa_acidente";"tipo_acidente";"classificacao_acidente";"fase_dia";"sentido_via";"condicao_metereologica";"tipo_pista";"tracado_via";"uso_solo";"pessoas";"mortos";"feridos_leves";"feridos_graves";"ilesos";"ignorados";"feridos";"veiculos";"latitude";"longitude";"regional";"delegacia";"uop"
579863;2024-02-08;"quinta-feira";"10:30:00";"MT";163;1063;"GUARANTA DO NORTE";"Demais falhas mecanicas ou elatricas";"Colisao frontal";"Com Vatimas Feridas";"Pleno dia";"Decrescente";"Nublado";"Simples";"Reta";"Sim";3;0;2;0;1;0;2;3;-9,9773898;-54,9058509;"SPRF-MT";"DEL06-MT";"UOP03-DEL06-MT"
579867;2024-02-08;"quinta-feira";"15:15:00";"PI";316;309;"PICOS";"Ausancia de Reacao do condutor";"Engavetamento";"Sem Vatimas";"Pleno dia";"Crescente";"Ceu Claro";"Dupla";"Reta";"Sim";4;0;0;0;4;0;0;4;-7,07778744;-41,48370094;"SPRF-PI";"DEL04-PI";"UOP01-DEL04-PI"
579870;2024-02-08;"quinta-feira";"15:10:00";"PI";316;69,2;"MONSENHOR GIL";"Entrada inopinada do pedestre";"Atropelamento de Pedestre";"Com Vatimas Fatais";"Pleno dia";"Decrescente";"Sol";"Simples";"Reta";"Nao";3;1;0;0;1;1;0;3;-5,64919099;-42,59145462;"SPRF-PI";"DEL01-PI";"UOP02-DEL01-PI"
579874;2024-02-08;"quinta-feira";"21:00:00";"PR";277;2;"PARANAGUA";"Transitar no Acostamento";"Colisao lateral mesmo sentido";"Com Vatimas Feridas";"Plena Noite";"Decrescente";"Nublado";"Simples";"Reta";"Sim";3;0;2;1;0;0;3;2;-25,5205;-48,5095;"SPRF-PR";"DEL01-PR";"UOP05-DEL01-PR"
579875;2024-02-08;"quinta-feira";"19:58:00";"SC";282;212;"LAGES";"Transitar na contramao";"Colisao frontal";"Com Vatimas Feridas";"Plena Noite";"Crescente";"Chuva";"Simples";"Reta";"Nao";2;0;1;0;1;0;1;2;-27,782257;-50,251381;"SPRF-SC";"DEL05-SC";"UOP01-DEL05-SC"
579883;2024-02-08;"quinta-feira";"21:00:00";"MG";262;443,2;"NOVA SERRANA";"Suicadio (presumido)";"Atropelamento de Pedestre";"Com Vatimas Feridas";"Plena Noite";"Decrescente";"Ceu Claro";"Dupla";"Reta";"Sim";4;0;0;1;1;2;1;2;-19,88065393;-44,92197102;"SPRF-MG";"DEL08-MG";"UOP03-DEL08-MG"
579889;2024-02-08;"quinta-feira";"22:40:00";"SP";116;488;"CAJATI";"Velocidade Incompatavel";"Colisao traseira";"Com Vatimas Feridas";"Plena Noite";"Decrescente";"Ceu Claro";"Dupla";"Reta";"Nao";3;0;1;0;2;0;1;2;-24,73097634;-48,09815591;"SPRF-SP";"DEL05-SP";"UOP01-DEL05-SP"
579890;2024-02-08;"quinta-feira";"19:40:00";"MA";10;314,5;"ACAILANDIA";"Condutor Dormindo";"Saida de leito carrocavel";"Com Vatimas Feridas";"Plena Noite";"Crescente";"Ceu Claro";"Simples";"Reta";"Nao";1;0;0;1;0;0;1;1;-4,997943;-47,531734;"SPRF-MA";"DEL04-MA";"UOP03-DEL04-MA"
579893;2024-02-08;"quinta-feira";"23:00:00";"RS";386;380,7;"TABAI";"Ausancia de Reacao do condutor";"Colisao traseira";"Com Vatimas Feridas";"Plena Noite";"Decrescente";"Ceu Claro";"Dupla";"Aclive";"Nao";2;0;0;1;1;0;1;2;-29,650621;-51,759407;"SPRF-RS";"DEL04-RS";"UOP01-DEL04-RS"
579900;2024-02-08;"quinta-feira";"23:00:00";"MG";40;234;"SAO GONCALO DO ABAETE";"Reacao tardia ou ineficiente do condutor";"Saida de leito carrocavel";"Com Vatimas Feridas";"Plena Noite";"Crescente";"Nublado";"Simples";"Reta";"Nao";1;0;1;0;0;0;1;1;-18,02167408;-45,54020403;"SPRF-MG";"DEL14-MG";"UOP02-DEL14-MG"
579904;2024-02-08;"quinta-feira";"21:39:00";"MT";364;139;"PEDRA PRETA";"Problema com o freio";"Derramamento de carga";"Sem Vatimas";"Plena Noite";"Crescente";"Ceu Claro";"Simples";"Curva;Declive                 ";"Nao";1;0;0;0;1;0;0;1;-16,793113;-54,197712;"SPRF-MT";"DEL02-MT";"UOP01-DEL02-MT"
579905;2024-02-08;"quinta-feira";"23:30:00";"SC";116;236,9;"CORREIA PINTO";"Pedestre andava na pista";"Atropelamento de Pedestre";"Com Vatimas Fatais";"Plena Noite";"Decrescente";"Garoa/Chuvisco";"Simples";"Reta;Interseaao de Vias       ";"Nao";5;1;0;0;1;3;0;2;-27,72090493;-50,33607643;"SPRF-SC";"DEL05-SC";"UOP01-DEL05-SC"
579909;2024-02-09;"sexta-feira";"01:35:00";"PR";369;159;"CAMBE";"Condutor deixou de manter distancia do veiculo da frente";"Colisao traseira";"Com Vatimas Feridas";"Plena Noite";"Crescente";"Ceu Claro";"Dupla";"Reta";"Sim";2;0;1;0;1;0;1;2;-23,28418003;-51,24316871;"SPRF-PR";"DEL07-PR";"UOP01-DEL07-PR"
579915;2024-02-09;"sexta-feira";"04:00:00";"CE";116;529,2;"JATI";"Chuva";"Colisao com objeto";"Com Vatimas Fatais";"Plena Noite";"Crescente";"Chuva";"Simples";"Curva;Declive                 ";"Nao";1;1;0;0;0;0;0;1;-7,70117801;-39,0270342;"SPRF-CE";"DEL05-CE";"UOP03-DEL05-CE"
579929;2024-02-09;"sexta-feira";"05:00:00";"RS";158;258,7;"JULIO DE CASTILHOS";"Neblina";"Colisao frontal";"Com Vatimas Feridas";"Amanhecer";"Decrescente";"Nevoeiro/Neblina";"Simples";"Aclive;Curva                  ";"Nao";3;0;2;0;1;0;2;2;-29,18643803;-53,67579996;"SPRF-RS";"DEL10-RS";"UOP02-DEL10-RS"
579938;2024-02-09;"sexta-feira";"08:15:00";"PR";376;216,7;"JANDAIA DO SUL";"Acessar a via sem observar a presenca dos outros veiculos";"Colisao transversal";"Com Vatimas Fatais";"Amanhecer";"Decrescente";"Ceu Claro";"Simples";"Declive";"Sim";2;1;0;0;1;0;0;2;-23,595216;-51,641711;"SPRF-PR";"DEL09-PR";"UOP01-DEL09-PR"
579941;2024-02-09;"sexta-feira";"08:15:00";"SE";101;96;"SAO CRISTOVAO";"Acessar a via sem observar a presenca dos outros veiculos";"Colisao transversal";"Com Vatimas Fatais";"Pleno dia";"Crescente";"Ceu Claro";"Dupla";"Retorno Regulamentado";"Nao";4;1;0;0;0;3;0;3;-10,91774224;-37,16729183;"SPRF-SE";"DEL02-SE";"UOP01-DEL02-SE"
579945;2024-02-09;"sexta-feira";"08:15:00";"RS";290;86;"PORTO ALEGRE";"Condutor deixou de manter distancia do veiculo da frente";"Colisao traseira";"Sem Vatimas";"Pleno dia";"Crescente";"Ceu Claro";"Dupla";"Reta";"Nao";2;0;0;0;1;1;0;2;-29,96830836;-51,11502886;"SPRF-RS";"DEL01-RS";"UOP01-DEL01-RS"
579948;2024-02-09;"sexta-feira";"06:00:00";"BA";242;362;"LENCOIS";"Velocidade Incompatavel";"Colisao lateral mesmo sentido";"Com Vatimas Feridas";"Pleno dia";"Crescente";"Nublado";"Simples";"Reta;Declive                  ";"Nao";5;0;3;0;2;0;3;3;-12,46458265;-41,40667003;"SPRF-BA";"DEL08-BA";"UOP04-DEL08-BA"
579949;2024-02-09;"sexta-feira";"08:00:00";"BA";242;657;"MUQUEM DE SAO FRANCISCO";"Acumulo de agua sobre o pavimento";"Colisao frontal";"Com Vatimas Fatais";"Pleno dia";"Crescente";"Chuva";"Simples";"Reta";"Nao";3;2;0;0;1;0;0;2;-12,216429;-43,809162;"SPRF-BA";"DEL10-BA";"UOP02-DEL10-BA"
579955;2024-02-09;"sexta-feira";"09:15:00";"MG";262;365;"JUATUBA";"Ausancia de Reacao do condutor";"Colisao traseira";"Com Vatimas Feridas";"Pleno dia";"Crescente";"Sol";"Dupla";"Reta";"Sim";2;0;0;1;1;0;1;2;-19,97856934;-44,25336717;"SPRF-MG";"DEL01-MG";"UOP03-DEL01-MG"
579957;2024-02-09;"sexta-feira";"09:40:00";"ES";101;274,9;"SERRA";"Reacao tardia ou ineficiente do condutor";"Colisao traseira";"Com Vatimas Feridas";"Pleno dia";"Decrescente";"Ceu Claro";"Dupla";"Reta";"Nao";3;0;1;0;2;0;1;2;-20,218122;-40,339325;"SPRF-ES";"DEL02-ES";"UOP01-DEL02-ES"
579971;2024-02-09;"sexta-feira";"04:30:00";"PR";373;306;"PRUDENTOPOLIS";"Condutor Dormindo";"Tombamento";"Sem Vatimas";"Plena Noite";"Decrescente";"Nublado";"Simples";"Declive;Curva                 ";"Nao";1;0;0;0;1;0;0;1;-25,32342949;-51,19676113;"SPRF-PR";"DEL08-PR";"UOP01-DEL08-PR"
579972;2024-02-09;"sexta-feira";"01:30:00";"MA";226;99;"CAXIAS";"Velocidade Incompatavel";"Capotamento";"Com Vatimas Feridas";"Plena Noite";"Decrescente";"Chuva";"Simples";"Reta";"Nao";2;0;2;0;0;0;2;1;-5,27183219;-43,64882691;"SPRF-MA";"DEL03-MA";"UOP02-DEL03-MA"
579973;2024-02-09;"sexta-feira";"10:20:00";"PR";116;81,4;"PIRAQUARA";"Velocidade Incompatavel";"Colisao lateral mesmo sentido";"Com Vatimas Feridas";"Pleno dia";"Crescente";"Ceu Claro";"Maltipla";"Declive;Curva;Em Obras        ";"Nao";5;0;4;0;1;0;4;4;-25,42614168;-49,07766044;"SPRF-PR";"DEL01-PR";"UOP07-DEL01-PR"
579975;2024-01-29;"segunda-feira";"07:10:00";"SP";116;285,5;"ITAPECERICA DA SERRA";"Trafegar com motocicleta (ou similar) entre as faixas";"Queda de ocupante de veiculo";"Com Vatimas Feridas";"Pleno dia";"Decrescente";"Ignorado";"Dupla";"Reta";"Nao";2;0;1;0;0;1;1;2;-23,70407794;-46,87249709;"SPRF-SP";"DEL04-SP";"UOP01-DEL04-SP"
579976;2024-02-09;"sexta-feira";"10:15:00";"PR";373;172,2;"PONTA GROSSA";"Ingestao de alcool pelo condutor";"Colisao lateral mesmo sentido";"Sem Vatimas";"Pleno dia";"Crescente";"Ceu Claro";"Dupla";"Reta;Interseaao de Vias       ";"Sim";2;0;0;0;2;0;0;2;-25,08139932;-50,19200981;"SPRF-PR";"DEL03-PR";"UOP01-DEL03-PR"
579982;2024-02-09;"sexta-feira";"11:15:00";"PE";101;67,3;"RECIFE";"Manobra de mudanaa de faixa";"Colisao traseira";"Com Vatimas Feridas";"Pleno dia";"Crescente";"Ceu Claro";"Dupla";"Reta";"Sim";3;0;1;0;1;1;1;3;-8,044859;-34,944316;"SPRF-PE";"DEL01-PE";"UOP01-DEL01-PE"
579987;2024-02-09;"sexta-feira";"11:45:00";"PR";376;618;"SAO JOSE DOS PINHAIS";"Manobra de mudanaa de faixa";"Colisao lateral mesmo sentido";"Com Vatimas Feridas";"Pleno dia";"Crescente";"Sol";"Simples";"Reta";"Nao";2;0;1;0;1;0;1;2;-25,59168398;-49,17197705;"SPRF-PR";"DEL01-PR";"UOP04-DEL01-PR"
579998;2024-02-06;"terça-feira";"07:10:00";"RS";290;150;"ARROIO DOS RATOS";"Ausancia de Reacao do condutor";"Colisao frontal";"Com Vatimas Feridas";"Pleno dia";"Crescente";"Ceu Claro";"Simples";"Reta";"Nao";2;0;1;0;1;0;1;2;-30,105978;-51,706875;"SPRF-RS";"DEL02-RS";"UOP01-DEL02-RS"
580004;2024-02-09;"sexta-feira";"13:15:00";"MG";381;497,9;"BETIM";"Velocidade Incompatavel";"Colisao com objeto";"Com Vatimas Feridas";"Pleno dia";"Decrescente";"Ceu Claro";"Maltipla";"Declive;Curva                 ";"Sim";3;0;0;1;1;1;1;3;-19,9861071;-44,2031123;"SPRF-MG";"DEL01-MG";"UOP03-DEL01-MG"
580005;2024-02-09;"sexta-feira";"07:20:00";"CE";116;192,8;"LIMOEIRO DO NORTE";"Velocidade Incompatavel";"Saida de leito carrocavel";"Sem Vatimas";"Pleno dia";"Decrescente";"Nublado";"Simples";"Curva";"Nao";1;0;0;0;1;0;0;1;-5,13121505;-38,15484932;"SPRF-CE";"DEL03-CE";"UOP01-DEL03-CE"
580006;2024-02-09;"sexta-feira";"12:30:00";"MG";381;574,4;"ITAGUARA";"Demais falhas mecanicas ou elatricas";"Incendio";"Sem Vatimas";"Pleno dia";"Decrescente";"Sol";"Dupla";"Reta";"Nao";2;0;0;0;2;0;0;1;-20,46631134;-44,57958977;"SPRF-MG";"DEL04-MG";"UOP01-DEL04-MG"
580007;2024-01-29;"segunda-feira";"11:30:00";"ES";101;297;"VIANA";"Manobra de mudanaa de faixa";"Colisao lateral mesmo sentido";"Com Vatimas Feridas";"Pleno dia";"Crescente";"Ceu Claro";"Dupla";"Reta";"Sim";3;0;0;1;2;0;1;3;-20,34529844;-40,41026774;"SPRF-ES";"DEL01-ES";"UOP01-DEL01-ES"
580010;2024-02-09;"sexta-feira";"13:45:00";"PR";277;8;"PARANAGUA";"Manobra de mudanaa de faixa";"Colisao lateral mesmo sentido";"Sem Vatimas";"Pleno dia";"Crescente";"Ceu Claro";"Dupla";"Reta";"Nao";3;0;0;0;3;0;0;2;-25,562845;-48,591792;"SPRF-PR";"DEL01-PR";"UOP05-DEL01-PR"
580012;2024-02-09;"sexta-feira";"11:20:00";"PR";369;68;"SANTA MARIANA";"Transitar na contramao";"Colisao lateral sentido oposto";"Com Vatimas Feridas";"Pleno dia";"Decrescente";"Sol";"Simples";"Reta";"Nao";4;0;2;0;1;1;2;4;-23,135126;-50,477948;"SPRF-PR";"DEL07-PR";"UOP05-DEL07-PR"
580019;2024-02-09;"sexta-feira";"07:00:00";"MG";262;185;"SAO DOMINGOS DO PRATA";"Condutor Dormindo";"Tombamento";"Sem Vatimas";"Amanhecer";"Decrescente";"Ceu Claro";"Simples";"Curva";"Nao";1;0;0;0;1;0;0;1;-19,88347238;-43,04926873;"SPRF-MG";"DEL03-MG";"UOP01-DEL03-MG"
580020;2024-02-09;"sexta-feira";"14:30:00";"MG";381;908,8;"CAMBUI";"Retorno proibido";"Colisao transversal";"Com Vatimas Feridas";"Pleno dia";"Decrescente";"Sol";"Dupla";"Reta";"Nao";2;0;1;1;0;0;2;2;-22,71744092;-46,12652111;"SPRF-MG";"DEL16-MG";"UOP03-DEL16-MG"
580021;2024-02-09;"sexta-feira";"13:40:00";"MS";158;61,4;"PARANAIBA";"Reacao tardia ou ineficiente do condutor";"Colisao frontal";"Com Vatimas Feridas";"Pleno dia";"Crescente";"Chuva";"Simples";"Curva";"Nao";3;0;1;1;1;0;2;2;-19,44059596;-51,36226295;"SPRF-MS";"DEL08-MS";"UOP01-DEL08-MS"
580027;2024-02-09;"sexta-feira";"15:15:00";"RS";116;238;"NOVO HAMBURGO";"Trafegar com motocicleta (ou similar) entre as faixas";"Colisao traseira";"Com Vatimas Feridas";"Pleno dia";"Decrescente";"Ceu Claro";"Maltipla";"Reta";"Sim";2;0;1;0;1;0;1;2;-29,68739789;-51,14197352;"SPRF-RS";"DEL01-RS";"UOP02-DEL01-RS"
580038;2024-02-09;"sexta-feira";"13:10:00";"BA";116;29;"BOA NOVA";"Reacao tardia ou ineficiente do condutor";"Colisao traseira";"Com Vatimas Feridas";"Pleno dia";"Crescente";"Ceu Claro";"Simples";"Reta";"Nao";3;0;1;0;2;0;1;2;-14,30543;-40,31922;"SPRF-PE";"DEL05-PE";"UOP03-DEL05-PE"
580043;2024-02-09;"sexta-feira";"13:40:00";"SP";116;116,4;"TAUBATE";"Condutor deixou de manter distancia do veiculo da frente";"Colisao lateral mesmo sentido";"Com Vatimas Feridas";"Pleno dia";"Crescente";"Sol";"Dupla";"Reta";"Sim";2;0;1;0;1;0;1;2;-23,05376319;-45,6088049;"SPRF-SP";"DEL02-SP";"UOP02-DEL02-SP"
580049;2024-02-09;"sexta-feira";"17:20:00";"SP";116;220;"GUARULHOS";"Trafegar com motocicleta (ou similar) entre as faixas";"Queda de ocupante de veiculo";"Com Vatimas Fatais";"Pleno dia";"Decrescente";"Ceu Claro";"Maltipla";"Reta";"Nao";2;1;0;0;1;0;0;2;-23,46759;-46,50599;"SPRF-SP";"DEL01-SP";"UOP01-DEL01-SP"
580055;2024-02-09;"sexta-feira";"16:38:00";"PE";101;64;"RECIFE";"Manobra de mudanaa de faixa";"Colisao traseira";"Com Vatimas Feridas";"Anoitecer";"Decrescente";"Ceu Claro";"Simples";"Reta";"Nao";3;0;0;2;1;0;2;2;-8,0162921;-34,94045886;"SPRF-PE";"DEL01-PE";"UOP01-DEL01-PE"
580060;2024-02-09;"sexta-feira";"14:55:00";"MG";381;679,4;"PERDOES";"Ausancia de Reacao do condutor";"Colisao traseira";"Com Vatimas Feridas";"Pleno dia";"Decrescente";"Ceu Claro";"Dupla";"Retorno Regulamentado;Curva   ";"Nao";3;0;1;0;1;1;1;3;-21,14734508;-45,10983682;"SPRF-MG";"DEL04-MG";"UOP02-DEL04-MG"
580063;2024-02-09;"sexta-feira";"17:30:00";"BA";116;835,9;"VITORIA DA CONQUISTA";"Transitar na contramao";"Colisao frontal";"Com Vatimas Fatais";"Anoitecer";"Crescente";"Chuva";"Simples";"Reta";"Nao";13;4;2;5;2;0;7;2;-14,955726;-40,902855;"SPRF-BA";"DEL08-BA";"UOP01-DEL08-BA"
580071;2024-02-09;"sexta-feira";"15:00:00";"PB";NA;NA;"SANTA RITA";"Acesso irregular";"Colisao com objeto";"Com Vatimas Feridas";"Pleno dia";"Nao Informado";"Ceu Claro";"Simples";"Ponte;Curva                   ";"Nao";1;0;1;0;0;0;1;1;-7,11158168;-34,96210098;"SPRF-PB";"DEL01-PB";"UOP04-DEL01-PB"
580081;2024-02-02;"sexta-feira";"10:34:00";"SC";101;212,6;"PALHOCA";"Manobra de mudanaa de faixa";"Colisao lateral mesmo sentido";"Sem Vatimas";"Pleno dia";"Crescente";"Ceu Claro";"Dupla";"Reta";"Sim";3;0;0;0;3;0;0;3;-27,62996929;-48,65903871;"SPRF-SC";"DEL01-SC";"UOP02-DEL01-SC"
580096;2024-02-09;"sexta-feira";"19:20:00";"MS";262;762;"LADARIO";"Reacao tardia ou ineficiente do condutor";"Colisao com objeto";"Com Vatimas Feridas";"Plena Noite";"Crescente";"Ceu Claro";"Simples";"Rotataria";"Nao";1;0;1;0;0;0;1;1;-19,12764098;-57,62375735;"SPRF-MS";"DEL03-MS";"UOP03-DEL03-MS"
580098;2024-02-09;"sexta-feira";"18:50:00";"PA";163;844;"PLACAS";"Reacao tardia ou ineficiente do condutor";"Tombamento";"Com Vatimas Feridas";"Anoitecer";"Crescente";"Chuva";"Simples";"Declive";"Nao";1;0;1;0;0;0;1;1;-3,68577791;-54,82389988;"SPRF-PA";"DEL05-PA";"UOP01-DEL05-PA"
580103;2024-02-09;"sexta-feira";"07:30:00";"MA";10;330;"ACAILANDIA";"Ultrapassagem Indevida";"Colisao frontal";"Com Vatimas Feridas";"Pleno dia";"Crescente";"Ceu Claro";"Simples";"Reta";"Nao";5;0;2;2;1;0;4;3;-4,864507;-47,515343;"SPRF-MA";"DEL04-MA";"UOP03-DEL04-MA"
580105;2024-02-09;"sexta-feira";"20:30:00";"GO";40;11,9;"LUZIANIA";"Transitar no Acostamento";"Atropelamento de Pedestre";"Com Vatimas Fatais";"Plena Noite";"Crescente";"Chuva";"Dupla";"Reta";"Sim";3;1;0;0;1;1;0;3;-16,145123;-47,945382;"SPRF-DF";"DEL01-DF";"UOP01-DEL01-DF"
580107;2024-02-09;"sexta-feira";"14:20:00";"PA";316;98;"IGARAPE-ACU";"Manobra de mudanaa de faixa";"Tombamento";"Com Vatimas Feridas";"Pleno dia";"Crescente";"Nublado";"Simples";"Reta";"Nao";1;0;1;0;0;0;1;1;-1,33188337;-47,62160007;"SPRF-PA";"DEL01-PA";"UOP02-DEL01-PA"
580113;2024-02-09;"sexta-feira";"20:12:00";"SC";101;441,5;"SANTA ROSA DO SUL";"Estacionar ou parar em local proibido";"Colisao traseira";"Com Vatimas Feridas";"Plena Noite";"Crescente";"Ceu Claro";"Maltipla";"Reta;Declive;Interseaao de Via";"Nao";2;0;0;1;1;0;1;2;-29,131307;-49,693191;"SPRF-SC";"DEL02-SC";"UOP02-DEL02-SC"
580115;2024-02-09;"sexta-feira";"22:00:00";"PR";277;609;"SANTA TEREZA DO OESTE";"Acessar a via sem observar a presenca dos outros veiculos";"Colisao transversal";"Com Vatimas Feridas";"Plena Noite";"Crescente";"Ceu Claro";"Simples";"Rotataria";"Sim";5;0;3;0;2;0;3;2;-25,05068814;-53,62014234;"SPRF-PR";"DEL05-PR";"UOP02-DEL05-PR"
580123;2024-02-09;"sexta-feira";"21:40:00";"MT";163;844;"SINOP";"Acessar a via sem observar a presenca dos outros veiculos";"Colisao transversal";"Com Vatimas Feridas";"Plena Noite";"Decrescente";"Nublado";"Simples";"Interseaao de Vias";"Sim";4;0;1;0;3;0;1;2;-11,77795;-55,47355;"SPRF-MT";"DEL06-MT";"UOP02-DEL06-MT"
580135;2024-02-09;"sexta-feira";"21:35:00";"GO";153;278;"NOVA GLORIA";"Reacao tardia ou ineficiente do condutor";"Saida de leito carrocavel";"Com Vatimas Feridas";"Plena Noite";"Crescente";"Ceu Claro";"Simples";"Reta";"Nao";2;0;1;0;1;0;1;1;-15,131915;-49,514952;"SPRF-GO";"DEL07-GO";"UOP02-DEL07-GO"
580136;2024-02-09;"sexta-feira";"23:10:00";"MS";163;325;"RIO BRILHANTE";"Demais falhas mecanicas ou elatricas";"Incendio";"Sem Vatimas";"Plena Noite";"Decrescente";"Ceu Claro";"Simples";"Reta";"Nao";1;0;0;0;1;0;0;1;-21,7538;-54,519471;"SPRF-MS";"DEL02-MS";"UOP02-DEL02-MS"
580138;2024-02-09;"sexta-feira";"23:40:00";"PR";277;42;"MORRETES";"Demais falhas mecanicas ou elatricas";"Incendio";"Sem Vatimas";"Plena Noite";"Crescente";"Nublado";"Dupla";"Reta";"Nao";2;0;0;0;2;0;0;1;-25,57361239;-48,84469597;"SPRF-PR";"DEL01-PR";"UOP01-DEL01-PR"
580144;2024-02-10;"sabado";"00:25:00";"PR";476;176;"CONTENDA";"Ingestao de alcool pelo condutor";"Colisao frontal";"Com Vatimas Feridas";"Plena Noite";"Crescente";"Ceu Claro";"Simples";"Reta";"Nao";2;0;1;0;1;0;1;2;-25,694412;-49,553158;"SPRF-PR";"DEL01-PR";"UOP06-DEL01-PR"
580146;2024-02-09;"sexta-feira";"22:30:00";"PA";10;70;"ULIANOPOLIS";"Deficiancia do Sistema de Iluminaaao/Sinalizaaao";"Colisao traseira";"Com Vatimas Feridas";"Plena Noite";"Crescente";"Ceu Claro";"Simples";"Reta";"Nao";4;0;1;1;2;0;2;2;-3,8350438;-47,51638456;"SPRF-PA";"DEL02-PA";"UOP02-DEL02-PA"
580158;2024-02-09;"sexta-feira";"22:30:00";"MT";364;349;"SANTO ANTONIO DO LEVERGER";"Ausancia de Reacao do condutor";"Saida de leito carrocavel";"Com Vatimas Fatais";"Plena Noite";"Crescente";"Ceu Claro";"Dupla";"Declive;Curva                 ";"Nao";1;1;0;0;0;0;0;1;-15,80502622;-55,5546431;"SPRF-MT";"DEL05-MT";"UOP02-DEL05-MT"
580162;2024-02-10;"sabado";"01:30:00";"MT";364;247,7;"JUSCIMEIRA";"Reacao tardia ou ineficiente do condutor";"Saida de leito carrocavel";"Com Vatimas Feridas";"Plena Noite";"Decrescente";"Ceu Claro";"Dupla";"Reta";"Nao";2;0;2;0;0;0;2;1;-16,13537488;-54,83069792;"SPRF-MT";"DEL02-MT";"UOP01-DEL02-MT"
580166;2024-02-10;"sabado";"03:30:00";"PR";277;168;"PORTO AMAZONAS";"Manobra de mudanaa de faixa";"Colisao lateral mesmo sentido";"Sem Vatimas";"Plena Noite";"Decrescente";"Ceu Claro";"Simples";"Reta;Rotataria                ";"Sim";2;0;0;0;2;0;0;2;-25,46413908;-49,91312702;"SPRF-PR";"DEL03-PR";"UOP03-DEL03-PR"
580167;2024-02-10;"sabado";"03:35:00";"PE";232;173,9;"BELO JARDIM";"Ultrapassagem Indevida";"Colisao frontal";"Sem Vatimas";"Plena Noite";"Decrescente";"Nublado";"Simples";"Reta";"Nao";2;0;0;0;1;1;0;2;-8,33916255;-36,36917103;"SPRF-PE";"DEL03-PE";"UOP02-DEL03-PE"
580171;2024-02-10;"sabado";"04:00:00";"MG";381;837,5;"SAO SEBASTIAO DA BELA VISTA";"Demais falhas mecanicas ou elatricas";"Incendio";"Sem Vatimas";"Plena Noite";"Crescente";"Nublado";"Dupla";"Curva";"Nao";1;0;0;0;1;0;0;1;-22,14133447;-45,81655455;"SPRF-MG";"DEL16-MG";"UOP01-DEL16-MG"
580174;2024-02-10;"sabado";"04:00:00";"RJ";116;190;"NOVA IGUACU";"Ingestao de alcool pelo condutor";"Colisao traseira";"Com Vatimas Feridas";"Amanhecer";"Decrescente";"Ceu Claro";"Dupla";"Reta";"Sim";3;0;1;0;2;0;1;3;-22,74123776;-43,5007311;"SPRF-RJ";"DEL06-RJ";"UOP01-DEL06-RJ"
580179;2024-02-06;"terça-feira";"23:45:00";"RJ";101;328;"RIO DE JANEIRO";"Ausancia de Reacao do condutor";"Colisao traseira";"Com Vatimas Feridas";"Plena Noite";"Crescente";"Ceu Claro";"Maltipla";"Reta;Declive                  ";"Nao";4;0;1;0;3;0;1;2;-22,87028692;-43,16579699;"SPRF-RJ";"DEL02-RJ";"UOP01-DEL02-RJ"
580180;2024-02-10;"sabado";"05:10:00";"SC";101;198,4;"SAO JOSE";"Ausancia de Reacao do condutor";"Colisao lateral mesmo sentido";"Com Vatimas Fatais";"Amanhecer";"Decrescente";"Ceu Claro";"Maltipla";"Reta";"Sim";2;1;0;0;1;0;0;2;-27,5300902;-48,6325387;"SPRF-SC";"DEL01-SC";"UOP01-DEL01-SC"
580181;2024-02-10;"sabado";"04:30:00";"PI";402;68;"LUIS CORREIA";"Transitar na contramao";"Colisao lateral sentido oposto";"Sem Vatimas";"Plena Noite";"Crescente";"Ceu Claro";"Simples";"Reta";"Nao";3;0;0;0;2;1;0;2;-3,09729973;-41,51393695;"SPRF-PI";"DEL05-PI";"UOP01-DEL05-PI"
580182;2024-02-10;"sabado";"05:00:00";"MT";163;979;"TERRA NOVA DO NORTE";"Transitar na contramao";"Colisao frontal";"Com Vatimas Feridas";"Amanhecer";"Crescente";"Chuva";"Simples";"Aclive;Reta                   ";"Nao";3;0;2;1;0;0;3;2;-10,76508986;-55,15165735;"SPRF-MT";"DEL06-MT";"UOP03-DEL06-MT"
580194;2024-02-10;"sabado";"07:00:00";"RJ";116;112,8;"GUAPIMIRIM";"Reacao tardia ou ineficiente do condutor";"Colisao com objeto";"Com Vatimas Feridas";"Pleno dia";"Decrescente";"Sol";"Dupla";"Em Obras;Curva                ";"Sim";3;0;1;0;1;1;1;3;-22,57214;-43,007291;"SPRF-RJ";"DEL04-RJ";"UOP02-DEL04-RJ"
580197;2024-01-16;"terça-feira";"17:10:00";"PR";277;126;"CAMPO LARGO";"Reacao tardia ou ineficiente do condutor";"Engavetamento";"Com Vatimas Feridas";"Pleno dia";"Decrescente";"Nublado";"Dupla";"Reta";"Nao";3;0;1;1;1;0;2;3;-25,4702437;-49,60515976;"SPRF-PR";"DEL03-PR";"UOP03-DEL03-PR"
580201;2024-02-10;"sabado";"06:50:00";"SC";116;5;"MAFRA";"Acesso irregular";"Colisao transversal";"Com Vatimas Feridas";"Pleno dia";"Decrescente";"Ceu Claro";"Simples";"Reta";"Sim";3;0;1;1;1;0;2;3;-26,14094396;-49,81508303;"SPRF-SC";"DEL06-SC";"UOP01-DEL06-SC"
580203;2024-02-10;"sabado";"04:15:00";"MG";381;163;"GOVERNADOR VALADARES";"Condutor Dormindo";"Colisao lateral sentido oposto";"Com Vatimas Feridas";"Plena Noite";"Decrescente";"Nublado";"Simples";"Reta";"Nao";2;0;0;1;1;0;1;2;-18,93550625;-42,0516298;"SPRF-MG";"DEL06-MG";"UOP01-DEL06-MG"