"id";"data_inversa";"dia_semana";"horario";"uf";"br";"km";"municipio";"causa_acidente";"tipo_acidente";"classificacao_acidente";"fase_dia";"sentido_via";"condicao_metereologica";"tipo_pista";"tracado_via";"uso_solo";"pessoas";"mortos";"feridos_leves";"feridos_graves";"ilesos";"ignorados";"feridos";"veiculos";"latitude";"longitude";"regional";"delegacia";"uop"
580207;2024-02-10;"sabado";"07:32:00";"SC";101;121;"ITAJAI";"Reacao tardia ou ineficiente do condutor";"Colisao traseira";"Com Vatimas Feridas";"Pleno dia";"Crescente";"Ceu Claro";"Dupla";"Reta";"Nao";4;0;1;0;3;0;1;4;-26,92103178;-48,70856446;"SPRF-SC";"DEL04-SC";"UOP04-DEL04-SC"
580220;2024-02-10;"sabado";"08:00:00";"MG";381;636,9;"SANTO ANTONIO DO AMPARO";"Velocidade Incompatavel";"Saida de leito carrocavel";"Com Vatimas Feridas";"Pleno dia";"Decrescente";"Nublado";"Dupla";"Declive;Curva                 ";"Nao";1;0;1;0;0;0;1;1;-20,89141186;-44,8525565;"SPRF-MG";"DEL04-MG";"UOP01-DEL04-MG"
580221;2024-02-10;"sabado";"06:48:00";"MG";262;575,6;"CORREGO DANTA";"Velocidade Incompatavel";"Tombamento";"Com Vatimas Feridas";"Pleno dia";"Decrescente";"Sol";"Simples";"Curva";"Nao";1;0;0;1;0;0;1;1;-19,69297478;-46,03637682;"SPRF-MG";"DEL08-MG";"UOP02-DEL08-MG"
580222;2024-02-10;"sabado";"09:45:00";"SC";101;209,7;"SAO JOSE";"Velocidade Incompatavel";"Colisao traseira";"Com Vatimas Feridas";"Pleno dia";"Decrescente";"Ceu Claro";"Maltipla";"Reta";"Sim";3;0;1;0;2;0;1;3;-27,61000542;-48,63895057;"SPRF-SC";"DEL01-SC";"UOP01-DEL01-SC"
580225;2024-02-10;"sabado";"09:15:00";"BA";116;777;"PLANALTO";"Desrespeitar a preferancia no cruzamento";"Colisao transversal";"Com Vatimas Feridas";"Pleno dia";"Crescente";"Nublado";"Simples";"Reta";"Sim";3;0;0;2;1;0;2;2;-14,67104115;-40,47874158;"SPRF-BA";"DEL08-BA";"UOP02-DEL08-BA"
580228;2024-02-10;"sabado";"10:05:00";"PI";343;15;"PARNAIBA";"Desrespeitar a preferancia no cruzamento";"Colisao transversal";"Sem Vatimas";"Pleno dia";"Crescente";"Chuva";"Dupla";"Reta;Interseaao de Vias       ";"Sim";2;0;0;0;2;0;0;2;-2,93659;-41,754936;"SPRF-PI";"DEL05-PI";"UOP01-DEL05-PI"
580230;2024-01-16;"terça-feira";"10:50:00";"PR";376;185;"SARANDI";"Ultrapassagem Indevida";"Colisao lateral mesmo sentido";"Com Vatimas Feridas";"Pleno dia";"Decrescente";"Ceu Claro";"Maltipla";"Reta";"Sim";2;0;1;0;1;0;1;2;-23,45147413;-51,85361808;"SPRF-PR";"DEL09-PR";"UOP01-DEL09-PR"
580237;2024-02-10;"sabado";"07:20:00";"MT";174;122;"CACERES";"Condutor Dormindo";"Saida de leito carrocavel";"Com Vatimas Feridas";"Pleno dia";"Crescente";"Ceu Claro";"Simples";"Reta";"Nao";1;0;0;1;0;0;1;1;-15,82935414;-58,06396499;"SPRF-MT";"DEL03-MT";"UOP01-DEL03-MT"
580247;2024-02-10;"sabado";"12:30:00";"MG";50;191,4;"UBERABA";"Problema com o freio";"Colisao traseira";"Com Vatimas Feridas";"Pleno dia";"Decrescente";"Ceu Claro";"Dupla";"Declive;Reta                  ";"Nao";16;0;5;4;7;0;9;8;-19,862761;-47,865264;"SPRF-MG";"DEL13-MG";"UOP01-DEL13-MG"
580259;2024-02-10;"sabado";"10:20:00";"CE";116;17;"ITAITINGA";"Ausancia de Reacao do condutor";"Colisao com objeto";"Sem Vatimas";"Pleno dia";"Crescente";"Chuva";"Dupla";"Curva";"Nao";1;0;0;0;1;0;0;1;-3,89617918;-38,50336042;"SPRF-CE";"DEL01-CE";"UOP02-DEL01-CE"
580272;2024-02-10;"sabado";"14:15:00";"SC";101;164;"TIJUCAS";"Ausancia de Reacao do condutor";"Colisao traseira";"Com Vatimas Feridas";"Pleno dia";"Decrescente";"Sol";"Dupla";"Aclive;Ponte;Reta             ";"Sim";2;0;1;0;1;0;1;2;-27,243868;-48,6309;"SPRF-SC";"DEL04-SC";"UOP03-DEL04-SC"
580273;2024-02-10;"sabado";"11:30:00";"RS";386;393,5;"TRIUNFO";"Manobra de mudanaa de faixa";"Colisao lateral mesmo sentido";"Com Vatimas Feridas";"Pleno dia";"Crescente";"Ceu Claro";"Dupla";"Reta";"Sim";5;0;2;0;3;0;2;3;-29,71176;-51,64938;"SPRF-RS";"DEL04-RS";"UOP02-DEL04-RS"
580276;2024-02-10;"sabado";"11:00:00";"GO";452;5;"RIO VERDE";"Condutor deixou de manter distancia do veiculo da frente";"Engavetamento";"Sem Vatimas";"Pleno dia";"Decrescente";"Ceu Claro";"Simples";"Aclive;Reta                   ";"Nao";5;0;0;0;5;0;0;5;-17,810072;-50,861195;"SPRF-GO";"DEL04-GO";"UOP01-DEL04-GO"
580277;2024-02-10;"sabado";"14:00:00";"AL";101;135;"SAO MIGUEL DOS CAMPOS";"Acostamento em desnavel";"Tombamento";"Sem Vatimas";"Pleno dia";"Crescente";"Nublado";"Simples";"Curva";"Nao";1;0;0;0;1;0;0;1;-9,78834902;-36,10509283;"SPRF-AL";"DEL02-AL";"UOP01-DEL02-AL"
580284;2024-02-10;"sabado";"14:00:00";"RS";116;241;"NOVO HAMBURGO";"Condutor deixou de manter distancia do veiculo da frente";"Engavetamento";"Com Vatimas Feridas";"Pleno dia";"Crescente";"Ceu Claro";"Dupla";"Reta";"Sim";7;0;2;0;5;0;2;4;-29,71396796;-51,1476744;"SPRF-RS";"DEL01-RS";"UOP02-DEL01-RS"
580287;2024-02-10;"sabado";"09:30:00";"SC";282;625;"IRACEMINHA";"Carga excessiva e/ou mal acondicionada";"Colisao frontal";"Com Vatimas Feridas";"Pleno dia";"Decrescente";"Sol";"Simples";"Curva";"Nao";2;0;1;0;0;1;1;2;-26,800232;-53,351334;"SPRF-SC";"DEL07-SC";"UOP02-DEL07-SC"
580290;2024-02-10;"sabado";"13:30:00";"TO";153;552;"OLIVEIRA DE FATIMA";"Transitar na contramao";"Colisao frontal";"Com Vatimas Feridas";"Pleno dia";"Crescente";"Chuva";"Simples";"Reta;Aclive                   ";"Nao";2;0;0;1;1;0;1;2;-10,66675097;-48,90822853;"SPRF-TO";"DEL01-TO";"UOP01-DEL01-TO"
580293;2024-02-10;"sabado";"14:00:00";"RN";304;231;"RIACHUELO";"Condutor Dormindo";"Saida de leito carrocavel";"Com Vatimas Feridas";"Pleno dia";"Decrescente";"Ceu Claro";"Simples";"Reta";"Nao";2;0;2;0;0;0;2;1;-5,752643;-35,8957;"SPRF-RN";"DEL01-RN";"UOP02-DEL01-RN"
580298;2024-02-10;"sabado";"09:20:00";"SC";282;450,6;"PONTE SERRADA";"Mal sabito do condutor";"Saida de leito carrocavel";"Com Vatimas Fatais";"Pleno dia";"Decrescente";"Ceu Claro";"Simples";"Declive;Curva                 ";"Nao";1;1;0;0;0;0;0;1;-26,920411;-51,9409027;"SPRF-SC";"DEL07-SC";"UOP04-DEL07-SC"
580306;2024-02-10;"sabado";"09:00:00";"RJ";356;107;"CARDOSO MOREIRA";"Afundamento ou ondulaaao no pavimento";"Tombamento";"Sem Vatimas";"Pleno dia";"Decrescente";"Sol";"Simples";"Declive;Reta                  ";"Nao";2;0;0;0;2;0;0;1;-21,54542261;-41,4746409;"SPRF-RJ";"DEL08-RJ";"UOP03-DEL08-RJ"
580327;2024-02-10;"sabado";"17:10:00";"SP";116;348,5;"MIRACATU";"Reacao tardia ou ineficiente do condutor";"Saida de leito carrocavel";"Com Vatimas Feridas";"Pleno dia";"Decrescente";"Nublado";"Dupla";"Curva";"Nao";1;0;1;0;0;0;1;1;-24,05143375;-47,20399492;"SPRF-SP";"DEL04-SP";"UOP03-DEL04-SP"
580329;2024-02-10;"sabado";"18:00:00";"MG";381;430;"SABARA";"Velocidade Incompatavel";"Saida de leito carrocavel";"Com Vatimas Feridas";"Anoitecer";"Crescente";"Ceu Claro";"Simples";"Declive";"Nao";1;0;1;0;0;0;1;1;-19,78831547;-43,73175712;"SPRF-MG";"DEL01-MG";"UOP01-DEL01-MG"
580337;2024-02-10;"sabado";"16:00:00";"MG";50;177;"UBERABA";"Condutor Dormindo";"Saida de leito carrocavel";"Com Vatimas Feridas";"Pleno dia";"Crescente";"Ceu Claro";"Dupla";"Reta";"Nao";1;0;1;0;0;0;1;1;-19,77914852;-47,95047701;"SPRF-MG";"DEL13-MG";"UOP01-DEL13-MG"
580343;2024-02-10;"sabado";"18:00:00";"RS";153;37,2;"TRES ARROIOS";"Ultrapassagem Indevida";"Colisao frontal";"Com Vatimas Feridas";"Pleno dia";"Decrescente";"Ceu Claro";"Simples";"Curva";"Nao";4;0;1;1;2;0;2;2;-27,56598492;-52,21728001;"SPRF-RS";"DEL08-RS";"UOP04-DEL08-RS"
580353;2024-02-10;"sabado";"17:00:00";"RO";364;21,8;"VILHENA";"Reacao tardia ou ineficiente do condutor";"Colisao frontal";"Com Vatimas Feridas";"Pleno dia";"Crescente";"Chuva";"Simples";"Aclive";"Nao";5;0;3;2;0;0;5;3;-12,72595705;-60,192765;"SPRF-RO";"DEL04-RO";"UOP01-DEL04-RO"
580361;2024-02-10;"sabado";"18:15:00";"MG";381;587,1;"CARMOPOLIS DE MINAS";"Ausancia de Reacao do condutor";"Colisao traseira";"Com Vatimas Fatais";"Anoitecer";"Crescente";"Ceu Claro";"Dupla";"Aclive;Reta                   ";"Sim";2;1;0;0;1;0;0;2;-20,5460261;-44,65677896;"SPRF-MG";"DEL04-MG";"UOP01-DEL04-MG"
580365;2024-02-10;"sabado";"19:00:00";"MS";262;238;"RIBAS DO RIO PARDO";"Ultrapassagem Indevida";"Colisao frontal";"Com Vatimas Fatais";"Plena Noite";"Decrescente";"Ceu Claro";"Simples";"Reta";"Sim";4;2;0;0;2;0;0;2;-20,4560229;-53,74643001;"SPRF-MS";"DEL01-MS";"UOP01-DEL01-MS"
580369;2024-02-10;"sabado";"20:00:00";"MG";116;313,3;"ITAMBACURI";"Demais falhas mecanicas ou elatricas";"Incendio";"Sem Vatimas";"Pleno dia";"Decrescente";"Nublado";"Simples";"Reta";"Nao";2;0;0;0;2;0;0;1;-18,09344397;-41,68893313;"SPRF-MG";"DEL11-MG";"UOP01-DEL11-MG"
580374;2024-02-10;"sabado";"17:00:00";"TO";153;366;"FORTALEZA DO TABOCAO";"Demais falhas na via";"Colisao frontal";"Sem Vatimas";"Pleno dia";"Decrescente";"Chuva";"Simples";"Reta";"Nao";3;0;0;0;3;0;0;2;-9,11752593;-48,53156135;"SPRF-TO";"DEL02-TO";"UOP02-DEL02-TO"
580389;2024-02-10;"sabado";"16:30:00";"MT";158;624,5;"NOVA XAVANTINA";"Ultrapassagem Indevida";"Colisao frontal";"Com Vatimas Feridas";"Pleno dia";"Decrescente";"Nublado";"Simples";"Reta";"Nao";2;0;1;0;1;0;1;2;-14,4847019;-52,28140519;"SPRF-MT";"DEL07-MT";"UOP02-DEL07-MT"
580392;2024-02-10;"sabado";"18:15:00";"MG";262;589,9;"CAMPOS ALTOS";"Velocidade Incompatavel";"Tombamento";"Sem Vatimas";"Anoitecer";"Decrescente";"Ceu Claro";"Simples";"Curva";"Nao";1;0;0;0;1;0;0;1;-19,65792178;-46,126369;"SPRF-MG";"DEL08-MG";"UOP02-DEL08-MG"
580393;2024-02-10;"sabado";"21:30:00";"SC";101;396,5;"MARACAJA";"Demais falhas mecanicas ou elatricas";"Incendio";"Sem Vatimas";"Plena Noite";"Decrescente";"Ceu Claro";"Dupla";"Reta";"Nao";1;0;0;0;1;0;0;1;-28,82459572;-49,40472033;"SPRF-SC";"DEL02-SC";"UOP02-DEL02-SC"
580401;2024-02-10;"sabado";"21:30:00";"MG";365;543;"ROMARIA";"Transitar na contramao";"Colisao frontal";"Com Vatimas Feridas";"Plena Noite";"Crescente";"Ignorado";"Simples";"Reta";"Nao";4;0;1;3;0;0;4;2;-18,93148287;-47,61932501;"SPRF-MG";"DEL10-MG";"UOP01-DEL10-MG"
580402;2024-02-10;"sabado";"23:03:00";"SC";158;110,7;"CUNHA PORA";"Acessar a via sem observar a presenca dos outros veiculos";"Colisao transversal";"Com Vatimas Feridas";"Plena Noite";"Decrescente";"Ceu Claro";"Simples";"Reta";"Nao";3;0;0;2;1;0;2;2;-26,893902;-53,188772;"SPRF-SC";"DEL07-SC";"UOP02-DEL07-SC"
580421;2024-02-10;"sabado";"23:50:00";"RS";285;572;"SAO LUIZ GONZAGA";"Ausancia de Reacao do condutor";"Colisao traseira";"Com Vatimas Feridas";"Plena Noite";"Decrescente";"Ceu Claro";"Simples";"Reta;Declive                  ";"Nao";6;0;4;0;2;0;4;2;-28,416843;-55,016129;"SPRF-RS";"DEL12-RS";"UOP01-DEL12-RS"
580432;2024-02-11;"domingo";"03:00:00";"TO";230;82;"CACHOEIRINHA";"Ingestao de alcool pelo condutor";"Colisao lateral sentido oposto";"Sem Vatimas";"Plena Noite";"Crescente";"Ignorado";"Simples";"Interseaao de Vias";"Nao";2;0;0;0;2;0;0;2;-6,10098395;-47,90268299;"SPRF-TO";"DEL02-TO";"UOP03-DEL02-TO"
580438;2024-02-11;"domingo";"03:20:00";"PI";343;344;"TERESINA";"Manobra de mudanaa de faixa";"Colisao lateral sentido oposto";"Sem Vatimas";"Plena Noite";"Crescente";"Chuva";"Simples";"Reta";"Sim";2;0;0;0;2;0;0;2;-5,094729;-42,762775;"SPRF-PI";"DEL01-PI";"UOP01-DEL01-PI"
580445;2024-02-11;"domingo";"02:00:00";"MG";40;293,1;"TRES MARIAS";"Transitar na contramao";"Colisao frontal";"Com Vatimas Fatais";"Plena Noite";"Crescente";"Nublado";"Simples";"Reta";"Nao";2;1;0;0;1;0;0;2;-18,29623795;-45,12429391;"SPRF-MG";"DEL14-MG";"UOP02-DEL14-MG"
580452;2024-02-10;"sabado";"17:00:00";"BA";110;43;"SANTA BRIGIDA";"Manobra de mudanaa de faixa";"Colisao frontal";"Com Vatimas Fatais";"Pleno dia";"Decrescente";"Ceu Claro";"Simples";"Reta;Declive                  ";"Nao";3;1;0;0;2;0;0;3;-9,83277896;-38,26111719;"SPRF-BA";"DEL07-BA";"UOP01-DEL07-BA"
580461;2024-02-11;"domingo";"06:20:00";"CE";116;17;"EUSEBIO";"Condutor Dormindo";"Saida de leito carrocavel";"Sem Vatimas";"Pleno dia";"Decrescente";"Chuva";"Dupla";"Reta;Declive                  ";"Sim";1;0;0;0;1;0;0;1;-3,89617918;-38,50336042;"SPRF-CE";"DEL01-CE";"UOP02-DEL01-CE"
580482;2024-02-11;"domingo";"09:20:00";"RS";392;52,3;"RIO GRANDE";"Manobra de mudanaa de faixa";"Colisao traseira";"Sem Vatimas";"Pleno dia";"Crescente";"Chuva";"Maltipla";"Reta";"Nao";2;0;0;0;2;0;0;2;-31,85621898;-52,32534987;"SPRF-RS";"DEL07-RS";"UOP02-DEL07-RS"
580484;2024-02-11;"domingo";"09:25:00";"MG";251;474,1;"FRANCISCO SA";"Velocidade Incompatavel";"Engavetamento";"Com Vatimas Fatais";"Pleno dia";"Crescente";"Sol";"Simples";"Curva;Declive                 ";"Nao";7;1;5;1;0;0;6;4;-16,47130466;-43,45673904;"SPRF-MG";"DEL12-MG";"UOP01-DEL12-MG"
580485;2024-02-11;"domingo";"08:05:00";"MS";158;279;"TRES LAGOAS";"Condutor Dormindo";"Colisao com objeto";"Sem Vatimas";"Pleno dia";"Crescente";"Ceu Claro";"Simples";"Reta";"Nao";1;0;0;0;1;0;0;1;-20,81961778;-51,72596451;"SPRF-MS";"DEL07-MS";"UOP01-DEL07-MS"
580486;2024-02-11;"domingo";"07:00:00";"MT";163;33,2;"ITIQUIRA";"Condutor Dormindo";"Saida de leito carrocavel";"Com Vatimas Feridas";"Pleno dia";"Decrescente";"Ceu Claro";"Dupla";"Reta";"Nao";1;0;1;0;0;0;1;1;-17,22667198;-54,75934919;"SPRF-MT";"DEL02-MT";"UOP03-DEL02-MT"
580497;2024-02-11;"domingo";"08:40:00";"RJ";393;236;"VASSOURAS";"Reacao tardia ou ineficiente do condutor";"Colisao lateral sentido oposto";"Com Vatimas Feridas";"Pleno dia";"Crescente";"Sol";"Simples";"Reta";"Sim";2;0;0;1;1;0;1;2;-22,38996804;-43,64928296;"SPRF-RJ";"DEL05-RJ";"UOP03-DEL05-RJ"
580498;2024-02-11;"domingo";"09:10:00";"MT";364;275,4;"JACIARA";"Acostamento em desnavel";"Tombamento";"Com Vatimas Feridas";"Pleno dia";"Decrescente";"Chuva";"Simples";"Reta";"Sim";1;0;1;0;0;0;1;1;-15,95155464;-54,98514201;"SPRF-MT";"DEL05-MT";"UOP02-DEL05-MT"
580502;2024-01-12;"sexta-feira";"18:00:00";"ES";101;239;"FUNDAO";"Pedestre cruzava a pista fora da faixa";"Atropelamento de Pedestre";"Com Vatimas Feridas";"Anoitecer";"Crescente";"Ceu Claro";"Simples";"Reta";"Sim";2;0;1;0;1;0;1;2;-20,00782494;-40,40790907;"SPRF-ES";"DEL02-ES";"UOP01-DEL02-ES"
580508;2024-02-11;"domingo";"11:45:00";"SC";101;187,7;"BIGUACU";"Pedestre andava na pista";"Atropelamento de Pedestre";"Com Vatimas Feridas";"Pleno dia";"Decrescente";"Ceu Claro";"Dupla";"Reta";"Nao";2;0;0;1;1;0;1;2;-27,44307116;-48,62848475;"SPRF-SC";"DEL01-SC";"UOP01-DEL01-SC"
580516;2024-02-11;"domingo";"12:25:00";"SP";381;37;"ATIBAIA";"Ultrapassagem Indevida";"Colisao com objeto";"Sem Vatimas";"Pleno dia";"Decrescente";"Ceu Claro";"Dupla";"Reta";"Sim";2;0;0;0;1;1;0;2;-23,10506237;-46,56881577;"SPRF-SP";"DEL03-SP";"UOP01-DEL03-SP"
580518;2024-02-11;"domingo";"12:15:00";"GO";40;135,1;"CRISTALINA";"Retorno proibido";"Colisao transversal";"Com Vatimas Feridas";"Pleno dia";"Crescente";"Garoa/Chuvisco";"Simples";"Curva;Declive                 ";"Nao";5;0;4;0;1;0;4;2;-16,938771;-47,320336;"SPRF-DF";"DEL01-DF";"UOP02-DEL01-DF"
580519;2024-02-11;"domingo";"08:45:00";"PE";232;243,5;"ARCOVERDE";"Demais falhas mecanicas ou elatricas";"Incendio";"Sem Vatimas";"Pleno dia";"Crescente";"Ceu Claro";"Simples";"Reta";"Nao";1;0;0;0;1;0;0;1;-8,41700383;-36,9892481;"SPRF-PE";"DEL04-PE";"UOP02-DEL04-PE"
580523;2024-02-11;"domingo";"12:30:00";"SC";282;535,4;"CHAPECO";"Desrespeitar a preferancia no cruzamento";"Colisao transversal";"Com Vatimas Feridas";"Pleno dia";"Decrescente";"Sol";"Simples";"Interseaao de Vias";"Sim";4;0;1;0;3;0;1;2;-26,99942338;-52,64596939;"SPRF-SC";"DEL07-SC";"UOP01-DEL07-SC"
580525;2024-02-11;"domingo";"12:15:00";"MG";153;189,6;"FRUTAL";"Velocidade Incompatavel";"Colisao frontal";"Com Vatimas Feridas";"Pleno dia";"Decrescente";"Garoa/Chuvisco";"Simples";"Curva";"Nao";3;0;1;0;1;1;1;3;-19,93202411;-48,95602032;"SPRF-MG";"DEL13-MG";"UOP02-DEL13-MG"
580527;2024-02-05;"segunda-feira";"07:10:00";"SC";470;134,3;"RIO DO SUL";"Ausancia de Reacao do condutor";"Colisao traseira";"Com Vatimas Feridas";"Pleno dia";"Crescente";"Nublado";"Simples";"Reta";"Sim";2;0;0;1;1;0;1;2;-27,17567694;-49,59106207;"SPRF-SC";"DEL04-SC";"UOP02-DEL04-SC"
580547;2024-02-11;"domingo";"15:45:00";"MG";381;635;"SANTO ANTONIO DO AMPARO";"Ausancia de Reacao do condutor";"Tombamento";"Com Vatimas Feridas";"Pleno dia";"Crescente";"Nublado";"Dupla";"Curva";"Nao";1;0;1;0;0;0;1;1;-20,88278809;-44,85183046;"SPRF-MG";"DEL04-MG";"UOP01-DEL04-MG"
580550;2024-02-11;"domingo";"15:48:00";"MG";381;853;"POUSO ALEGRE";"Condutor deixou de manter distancia do veiculo da frente";"Colisao traseira";"Com Vatimas Feridas";"Pleno dia";"Decrescente";"Nublado";"Dupla";"Reta";"Nao";2;0;1;0;1;0;1;2;-22,30499294;-45,90167524;"SPRF-MG";"DEL16-MG";"UOP01-DEL16-MG"
580556;2024-02-11;"domingo";"14:50:00";"GO";153;577;"PROFESSOR JAMIL";"Velocidade Incompatavel";"Colisao traseira";"Com Vatimas Feridas";"Pleno dia";"Decrescente";"Chuva";"Dupla";"Declive";"Nao";6;0;3;0;3;0;3;3;-17,362;-49,2477;"SPRF-GO";"DEL03-GO";"UOP01-DEL03-GO"
580560;2024-02-11;"domingo";"16:50:00";"PA";10;153,9;"PARAGOMINAS";"Transitar na contramao";"Colisao frontal";"Com Vatimas Fatais";"Amanhecer";"Decrescente";"Ceu Claro";"Simples";"Reta";"Nao";6;2;0;3;1;0;3;3;-3,0890036;-47,479754;"SPRF-PA";"DEL02-PA";"UOP01-DEL02-PA"
580584;2024-02-11;"domingo";"18:00:00";"PE";232;230;"PESQUEIRA";"Transitar na contramao";"Colisao frontal";"Sem Vatimas";"Plena Noite";"Crescente";"Ceu Claro";"Simples";"Reta";"Nao";2;0;0;0;1;1;0;2;-8,40207956;-36,87425106;"SPRF-PE";"DEL03-PE";"UOP02-DEL03-PE"
580593;2024-02-11;"domingo";"17:40:00";"SC";282;588;"SAUDADES";"Velocidade Incompatavel";"Colisao lateral sentido oposto";"Sem Vatimas";"Pleno dia";"Crescente";"Sol";"Simples";"Curva;Aclive                  ";"Nao";2;0;0;0;1;1;0;2;-26,82600479;-53,07286978;"SPRF-SC";"DEL07-SC";"UOP02-DEL07-SC"
580621;2024-02-11;"domingo";"18:00:00";"PB";412;82;"SERRA BRANCA";"Avarias e/ou desgaste excessivo no pneu";"Saida de leito carrocavel";"Com Vatimas Feridas";"Plena Noite";"Crescente";"Ceu Claro";"Simples";"Reta";"Nao";1;0;1;0;0;0;1;1;-7,5193;-36,709885;"SPRF-PB";"DEL02-PB";"UOP02-DEL02-PB"
580628;2024-02-11;"domingo";"19:42:00";"MT";364;1;"ALTO ARAGUAIA";"Ingestao de alcool pelo condutor";"Colisao lateral sentido oposto";"Sem Vatimas";"Plena Noite";"Crescente";"Ceu Claro";"Simples";"Declive;Curva                 ";"Sim";2;0;0;0;2;0;0;2;-17,31077744;-53,22322369;"SPRF-MT";"DEL02-MT";"UOP02-DEL02-MT"
580633;2024-02-11;"domingo";"15:50:00";"SC";282;49;"VARGEM BONITA";"Reacao tardia ou ineficiente do condutor";"Colisao com objeto";"Sem Vatimas";"Pleno dia";"Crescente";"Ceu Claro";"Simples";"Em Obras;Declive;Curva        ";"Nao";1;0;0;0;1;0;0;1;-26,911786;-51,787604;"SPRF-SC";"DEL01-SC";"UOP03-DEL01-SC"
580644;2024-02-12;"segunda-feira";"00:20:00";"PR";373;203,5;"IPIRANGA";"Transitar na contramao";"Colisao lateral sentido oposto";"Com Vatimas Feridas";"Plena Noite";"Decrescente";"Ceu Claro";"Simples";"Declive;Reta                  ";"Nao";6;0;3;1;0;2;4;3;-25,11305618;-50,43166732;"SPRF-PR";"DEL03-PR";"UOP01-DEL03-PR"
580647;2024-02-11;"domingo";"23:04:00";"MS";158;103;"PARANAIBA";"Ingestao de alcool pelo condutor";"Colisao lateral mesmo sentido";"Com Vatimas Feridas";"Plena Noite";"Crescente";"Ceu Claro";"Simples";"Reta";"Nao";5;0;2;0;3;0;2;2;-19,72704906;-51,13418411;"SPRF-MS";"DEL08-MS";"UOP01-DEL08-MS"
580651;2024-02-12;"segunda-feira";"01:05:00";"TO";153;269;"BRASILANDIA DO TOCANTINS";"Transitar na contramao";"Colisao lateral sentido oposto";"Com Vatimas Fatais";"Plena Noite";"Crescente";"Ceu Claro";"Simples";"Reta";"Nao";3;1;0;0;2;0;0;3;-8,25476402;-48,46708978;"SPRF-TO";"DEL02-TO";"UOP02-DEL02-TO"
580658;2024-02-12;"segunda-feira";"00:45:00";"PR";376;202,6;"MANDAGUARI";"Reacao tardia ou ineficiente do condutor";"Colisao traseira";"Com Vatimas Feridas";"Plena Noite";"Crescente";"Ceu Claro";"Dupla";"Reta";"Nao";4;0;3;0;1;0;3;2;-23,50970969;-51,72123384;"SPRF-PR";"DEL09-PR";"UOP01-DEL09-PR"
580663;2024-02-12;"segunda-feira";"02:10:00";"PR";163;212;"CASCAVEL";"Velocidade Incompatavel";"Tombamento";"Sem Vatimas";"Plena Noite";"Crescente";"Ceu Claro";"Dupla";"Viaduto";"Nao";1;0;0;0;1;0;0;1;-24,89696671;-53,53287935;"SPRF-PR";"DEL05-PR";"UOP05-DEL05-PR"
580665;2024-02-12;"segunda-feira";"01:40:00";"RO";364;209,7;"PIMENTA BUENO";"Acumulo de agua sobre o pavimento";"Saida de leito carrocavel";"Com Vatimas Feridas";"Plena Noite";"Decrescente";"Chuva";"Simples";"Reta";"Nao";4;0;1;0;3;0;1;1;-11,59383384;-61,24554291;"SPRF-RO";"DEL02-RO";"UOP02-DEL02-RO"
580668;2024-02-12;"segunda-feira";"03:15:00";"SC";101;192,4;"BIGUACU";"Condutor Dormindo";"Tombamento";"Com Vatimas Feridas";"Plena Noite";"Crescente";"Ceu Claro";"Dupla";"Curva";"Nao";2;0;1;1;0;0;2;1;-27,48443781;-48,64765238;"SPRF-SC";"DEL01-SC";"UOP01-DEL01-SC"
580679;2024-02-11;"domingo";"23:10:00";"SC";163;70;"SAO MIGUEL DO OESTE";"Ingestao de alcool pelo condutor";"Colisao transversal";"Sem Vatimas";"Plena Noite";"Crescente";"Ceu Claro";"Simples";"Interseaao de Vias";"Sim";3;0;0;0;2;1;0;3;-26,73461723;-53,50680015;"SPRF-SC";"DEL07-SC";"UOP03-DEL07-SC"
580681;2024-02-11;"domingo";"22:50:00";"RJ";101;175;"MACAE";"Velocidade Incompatavel";"Colisao frontal";"Com Vatimas Fatais";"Plena Noite";"Decrescente";"Ceu Claro";"Simples";"Reta";"Nao";2;1;0;0;1;0;0;2;-22,37846293;-41,96901206;"SPRF-RJ";"DEL08-RJ";"UOP04-DEL08-RJ"
580685;2024-02-12;"segunda-feira";"04:50:00";"PR";376;488,9;"PONTA GROSSA";"Manobra de mudanaa de faixa";"Saida de leito carrocavel";"Com Vatimas Feridas";"Plena Noite";"Crescente";"Ceu Claro";"Dupla";"Curva;Declive                 ";"Sim";3;0;1;0;2;0;1;2;-25,0916436;-50,19653338;"SPRF-PR";"DEL03-PR";"UOP04-DEL03-PR"
580688;2024-02-12;"segunda-feira";"06:05:00";"SP";116;13,8;"QUELUZ";"Acumulo de agua sobre o pavimento";"Tombamento";"Sem Vatimas";"Amanhecer";"Decrescente";"Chuva";"Dupla";"Reta";"Nao";1;0;0;0;1;0;0;1;-22,55663517;-44,81924057;"SPRF-SP";"DEL08-SP";"UOP02-DEL08-SP"
580690;2024-02-11;"domingo";"17:00:00";"PR";163;168;"LINDOESTE";"Reacao tardia ou ineficiente do condutor";"Saida de leito carrocavel";"Sem Vatimas";"Pleno dia";"Crescente";"Ceu Claro";"Dupla";"Aclive;Reta                   ";"Nao";1;0;0;0;1;0;0;1;-25,29248982;-53,57038619;"SPRF-PR";"DEL05-PR";"UOP05-DEL05-PR"
580699;2024-02-12;"segunda-feira";"02:00:00";"MG";267;148;"LIMA DUARTE";"Condutor Dormindo";"Saida de leito carrocavel";"Com Vatimas Feridas";"Plena Noite";"Decrescente";"Nublado";"Simples";"Reta";"Nao";1;0;1;0;0;0;1;1;-21,81126926;-43,73579976;"SPRF-MG";"DEL05-MG";"UOP01-DEL05-MG"
580713;2024-02-12;"segunda-feira";"07:30:00";"SC";470;70;"INDAIAL";"Demais falhas mecanicas ou elatricas";"Colisao traseira";"Com Vatimas Feridas";"Pleno dia";"Decrescente";"Ceu Claro";"Dupla";"Aclive;Reta;Em Obras;Desvio Te";"Sim";3;0;0;1;2;0;1;2;-26,889374;-49,254478;"SPRF-SC";"DEL04-SC";"UOP01-DEL04-SC"