"id";"data_inversa";"dia_semana";"horario";"uf";"br";"km";"municipio";"causa_acidente";"tipo_acidente";"classificacao_acidente";"fase_dia";"sentido_via";"condicao_metereologica";"tipo_pista";"tracado_via";"uso_solo";"pessoas";"mortos";"feridos_leves";"feridos_graves";"ilesos";"ignorados";"feridos";"veiculos";"latitude";"longitude";"regional";"delegacia";"uop"
580715;2024-02-09;"sexta-feira";"03:40:00";"SC";101;307,7;"LAGUNA";"Condutor Dormindo";"Colisao traseira";"Com Vatimas Feridas";"Plena Noite";"Crescente";"Ceu Claro";"Maltipla";"Viaduto";"Nao";3;0;1;0;2;0;1;2;-28,39199505;-48,77826295;"SPRF-SC";"DEL02-SC";"UOP03-DEL02-SC"
580723;2024-02-12;"segunda-feira";"09:00:00";"PR";376;191;"MARIALVA";"Condutor deixou de manter distancia do veiculo da frente";"Colisao traseira";"Com Vatimas Feridas";"Pleno dia";"Decrescente";"Nublado";"Maltipla";"Reta;Declive                  ";"Nao";2;0;1;0;1;0;1;2;-23,47560277;-51,81167587;"SPRF-PR";"DEL09-PR";"UOP01-DEL09-PR"
580725;2024-02-12;"segunda-feira";"08:50:00";"SC";280;192,8;"MAFRA";"Velocidade Incompatavel";"Colisao traseira";"Com Vatimas Feridas";"Pleno dia";"Crescente";"Ceu Claro";"Simples";"Aclive;Reta                   ";"Nao";2;0;0;1;1;0;1;2;-26,17893079;-49,99673293;"SPRF-SC";"DEL06-SC";"UOP01-DEL06-SC"
580734;2024-02-12;"segunda-feira";"07:40:00";"RJ";356;163;"CAMPOS DOS GOYTACAZES";"Ultrapassagem Indevida";"Colisao frontal";"Com Vatimas Fatais";"Pleno dia";"Crescente";"Ceu Claro";"Simples";"Reta";"Nao";2;1;0;0;1;0;0;2;-21,70969582;-41,14093103;"SPRF-RJ";"DEL08-RJ";"UOP02-DEL08-RJ"
580736;2024-02-12;"segunda-feira";"09:15:00";"SC";101;223;"PALHOCA";"Condutor deixou de manter distancia do veiculo da frente";"Colisao traseira";"Com Vatimas Feridas";"Pleno dia";"Decrescente";"Sol";"Dupla";"Reta";"Nao";2;0;1;0;0;1;1;2;-27,71552634;-48,64881251;"SPRF-SC";"DEL01-SC";"UOP02-DEL01-SC"
580740;2024-02-12;"segunda-feira";"09:10:00";"BA";101;771;"ITAMARAJU";"Velocidade Incompatavel";"Tombamento";"Com Vatimas Feridas";"Pleno dia";"Crescente";"Nublado";"Simples";"Curva";"Nao";1;0;1;0;0;0;1;1;-16,91561807;-39,52897099;"SPRF-BA";"DEL09-BA";"UOP01-DEL09-BA"
580744;2024-02-12;"segunda-feira";"07:10:00";"RJ";116;245;"PIRAI";"Ausancia de Reacao do condutor";"Colisao com objeto";"Sem Vatimas";"Pleno dia";"Decrescente";"Ceu Claro";"Dupla";"Reta";"Nao";1;0;0;0;1;0;0;1;-22,62040692;-43,92593694;"SPRF-RJ";"DEL07-RJ";"UOP01-DEL07-RJ"
580747;2024-02-12;"segunda-feira";"11:20:00";"ES";101;229,5;"FUNDAO";"Condutor desrespeitou a iluminaaao vermelha do semaforo";"Colisao transversal";"Com Vatimas Feridas";"Pleno dia";"Crescente";"Ceu Claro";"Dupla";"Reta";"Sim";8;0;1;0;6;1;1;4;-19,933467;-40,405019;"SPRF-ES";"DEL02-ES";"UOP01-DEL02-ES"
580755;2024-02-12;"segunda-feira";"12:30:00";"ES";101;356,2;"ANCHIETA";"Curva acentuada";"Colisao lateral mesmo sentido";"Com Vatimas Feridas";"Pleno dia";"Decrescente";"Sol";"Dupla";"Curva";"Nao";3;0;1;0;1;1;1;2;-20,69339794;-40,68748402;"SPRF-ES";"DEL03-ES";"UOP01-DEL03-ES"
580762;2024-02-12;"segunda-feira";"14:10:00";"MG";381;534,9;"ITATIAIUCU";"Condutor Dormindo";"Saida de leito carrocavel";"Com Vatimas Feridas";"Pleno dia";"Crescente";"Ceu Claro";"Dupla";"Reta";"Sim";2;0;1;0;1;0;1;1;-20,20728901;-44,39007699;"SPRF-MG";"DEL04-MG";"UOP03-DEL04-MG"
580763;2024-02-12;"segunda-feira";"14:17:00";"SC";280;38,3;"ARAQUARI";"Ausancia de Reacao do condutor";"Engavetamento";"Com Vatimas Feridas";"Pleno dia";"Crescente";"Sol";"Simples";"Reta;Em Obras                 ";"Nao";11;0;2;0;9;0;2;8;-26,44812855;-48,82794004;"SPRF-SC";"DEL03-SC";"UOP03-DEL03-SC"
580766;2024-02-12;"segunda-feira";"13:15:00";"RS";471;148,2;"SANTA CRUZ DO SUL";"Desrespeitar a preferancia no cruzamento";"Colisao transversal";"Com Vatimas Feridas";"Pleno dia";"Crescente";"Ceu Claro";"Simples";"Reta";"Nao";2;0;0;1;1;0;1;2;-29,799774;-52,407185;"SPRF-RS";"DEL02-RS";"UOP03-DEL02-RS"
580767;2024-02-12;"segunda-feira";"11:30:00";"RO";364;438;"JARU";"Objeto estatico sobre o leito carroaavel";"Saida de leito carrocavel";"Com Vatimas Feridas";"Pleno dia";"Decrescente";"Chuva";"Simples";"Reta";"Nao";2;0;1;0;1;0;1;2;-10,36530904;-62,56654003;"SPRF-RO";"DEL03-RO";"UOP02-DEL03-RO"
580776;2024-02-12;"segunda-feira";"13:30:00";"ES";262;33,6;"DOMINGOS MARTINS";"Problema com o freio";"Tombamento";"Com Vatimas Feridas";"Pleno dia";"Decrescente";"Ceu Claro";"Simples";"Declive;Reta                  ";"Nao";1;0;1;0;0;0;1;1;-20,37535106;-40,58433127;"SPRF-ES";"DEL01-ES";"UOP01-DEL01-ES"
580785;2024-02-12;"segunda-feira";"04:00:00";"MG";251;351;"PADRE CARVALHO";"Transitar na contramao";"Colisao lateral sentido oposto";"Com Vatimas Feridas";"Amanhecer";"Decrescente";"Nublado";"Simples";"Declive;Curva                 ";"Nao";3;0;1;0;1;1;1;2;-16,26811445;-42,52683163;"SPRF-MG";"DEL12-MG";"UOP02-DEL12-MG"
580787;2024-02-12;"segunda-feira";"10:00:00";"PI";316;39,5;"LAGOA DO PIAUI";"Ausancia de Reacao do condutor";"Colisao traseira";"Com Vatimas Feridas";"Pleno dia";"Decrescente";"Sol";"Simples";"Reta";"Sim";3;0;1;0;2;0;1;2;-5,39641527;-42,65710034;"SPRF-PI";"DEL01-PI";"UOP02-DEL01-PI"
580789;2024-02-12;"segunda-feira";"16:00:00";"SP";459;9,8;"PIQUETE";"Demais falhas mecanicas ou elatricas";"Saida de leito carrocavel";"Com Vatimas Feridas";"Pleno dia";"Crescente";"Ceu Claro";"Simples";"Reta";"Nao";1;0;0;1;0;0;1;1;-22,580744;-45,196285;"SPRF-SP";"DEL08-SP";"UOP02-DEL08-SP"
580790;2024-02-12;"segunda-feira";"15:20:00";"PA";316;21,3;"BENEVIDES";"Manobra de mudanaa de faixa";"Colisao transversal";"Com Vatimas Feridas";"Pleno dia";"Crescente";"Ceu Claro";"Dupla";"Retorno Regulamentado;Reta    ";"Sim";2;0;1;0;1;0;1;2;-1,36097138;-48,26241527;"SPRF-PA";"DEL01-PA";"UOP01-DEL01-PA"
580794;2024-02-12;"segunda-feira";"16:30:00";"MT";70;127;"GENERAL CARNEIRO";"Acostamento em desnavel";"Saida de leito carrocavel";"Sem Vatimas";"Anoitecer";"Crescente";"Ceu Claro";"Simples";"Reta";"Nao";1;0;0;0;1;0;0;1;-15,58212421;-53,17766205;"SPRF-MT";"DEL07-MT";"UOP01-DEL07-MT"
580796;2024-02-12;"segunda-feira";"16:45:00";"MT";158;789;"BARRA DO GARCAS";"Carga excessiva e/ou mal acondicionada";"Eventos atapicos";"Sem Vatimas";"Pleno dia";"Crescente";"Ceu Claro";"Simples";"Reta";"Nao";1;0;0;0;1;0;0;1;-15,81783013;-52,30325965;"SPRF-MT";"DEL07-MT";"UOP01-DEL07-MT"
580800;2024-01-18;"quinta-feira";"17:05:00";"PR";376;178;"MARINGA";"Manobra de mudanaa de faixa";"Colisao transversal";"Com Vatimas Feridas";"Pleno dia";"Crescente";"Nublado";"Maltipla";"Reta";"Sim";3;0;1;0;2;0;1;2;-23,4192146;-51,91293985;"SPRF-PR";"DEL09-PR";"UOP01-DEL09-PR"
580802;2024-02-12;"segunda-feira";"16:25:00";"BA";407;124;"SENHOR DO BONFIM";"Acessar a via sem observar a presenca dos outros veiculos";"Colisao lateral mesmo sentido";"Com Vatimas Feridas";"Pleno dia";"Decrescente";"Nublado";"Simples";"Reta";"Sim";2;0;1;0;1;0;1;2;-10,43896901;-40,18718133;"SPRF-BA";"DEL04-BA";"UOP01-DEL04-BA"
580824;2024-02-12;"segunda-feira";"18:02:00";"MG";262;48,3;"MANHUACU";"Ausancia de Reacao do condutor";"Colisao frontal";"Com Vatimas Fatais";"Pleno dia";"Decrescente";"Ceu Claro";"Simples";"Curva";"Nao";4;1;2;0;1;0;2;2;-20,25373412;-42,12287611;"SPRF-MG";"DEL06-MG";"UOP03-DEL06-MG"
580833;2024-02-12;"segunda-feira";"19:30:00";"MG";381;527;"BRUMADINHO";"Ausancia de Reacao do condutor";"Tombamento";"Com Vatimas Feridas";"Plena Noite";"Decrescente";"Ceu Claro";"Dupla";"Curva";"Nao";1;0;0;1;0;0;1;1;-20,16283256;-44,35072739;"SPRF-MG";"DEL04-MG";"UOP03-DEL04-MG"
580835;2024-02-12;"segunda-feira";"21:30:00";"ES";101;132,6;"LINHARES";"Pedestre andava na pista";"Atropelamento de Pedestre";"Com Vatimas Fatais";"Plena Noite";"Crescente";"Ceu Claro";"Simples";"Reta";"Nao";2;1;0;0;1;0;0;2;-19,24798699;-40,09078893;"SPRF-ES";"DEL04-ES";"UOP01-DEL04-ES"
580848;2024-02-12;"segunda-feira";"21:00:00";"RS";153;413,7;"CACHOEIRA DO SUL";"Ausancia de Reacao do condutor";"Colisao traseira";"Com Vatimas Feridas";"Plena Noite";"Decrescente";"Ceu Claro";"Simples";"Reta";"Nao";2;0;1;0;1;0;1;2;-30,10719207;-52,86494521;"SPRF-RS";"DEL02-RS";"UOP03-DEL02-RS"
580851;2024-02-12;"segunda-feira";"21:30:00";"RN";101;157,2;"CANGUARETAMA";"Mal sabito do condutor";"Saida de leito carrocavel";"Com Vatimas Feridas";"Plena Noite";"Decrescente";"Nublado";"Dupla";"Reta";"Nao";1;0;1;0;0;0;1;1;-6,34791574;-35,16581255;"SPRF-RN";"DEL01-RN";"UOP01-DEL01-RN"
580862;2024-02-12;"segunda-feira";"21:20:00";"PA";10;111;"PARAGOMINAS";"Deficiancia do Sistema de Iluminaaao/Sinalizaaao";"Eventos atapicos";"Sem Vatimas";"Plena Noite";"Crescente";"Chuva";"Simples";"Aclive;Reta                   ";"Nao";2;0;0;0;2;0;0;2;-3,4703279;-47,4694273;"SPRF-PA";"DEL02-PA";"UOP02-DEL02-PA"
580873;2024-02-13;"terça-feira";"05:05:00";"GO";NA;NA;"JATAI";"Ausancia de Reacao do condutor";"Colisao traseira";"Sem Vatimas";"Plena Noite";"Nao Informado";"Ceu Claro";"Simples";"Reta";"Sim";3;0;0;0;2;1;0;2;-17,917818;-51,696274;"SPRF-GO";"DEL05-GO";"UOP01-DEL05-GO"
580874;2024-02-13;"terça-feira";"01:30:00";"MG";116;426,2;"ALPERCATA";"Condutor Dormindo";"Saida de leito carrocavel";"Com Vatimas Feridas";"Plena Noite";"Crescente";"Ceu Claro";"Simples";"Reta";"Nao";1;0;1;0;0;0;1;1;-18,97008195;-41,97635605;"SPRF-MG";"DEL06-MG";"UOP01-DEL06-MG"
580885;2024-02-12;"segunda-feira";"09:00:00";"MG";251;223;"SANTA CRUZ DE SALINAS";"Condutor Dormindo";"Saida de leito carrocavel";"Com Vatimas Feridas";"Pleno dia";"Crescente";"Ceu Claro";"Simples";"Reta";"Nao";1;0;1;0;0;0;1;1;-15,95877788;-41,64451999;"SPRF-MG";"DEL12-MG";"UOP02-DEL12-MG"
580886;2024-02-13;"terça-feira";"07:20:00";"MG";267;81,5;"JUIZ DE FORA";"Transitar na contramao";"Colisao frontal";"Com Vatimas Feridas";"Pleno dia";"Decrescente";"Ceu Claro";"Simples";"Curva;Aclive                  ";"Nao";5;0;2;0;3;0;2;3;-21,76012664;-43,21968811;"SPRF-MG";"DEL05-MG";"UOP01-DEL05-MG"
580893;2024-02-13;"terça-feira";"08:00:00";"RJ";101;450;"MANGARATIBA";"Mal sabito do condutor";"Colisao frontal";"Com Vatimas Feridas";"Pleno dia";"Crescente";"Ceu Claro";"Simples";"Curva";"Nao";3;0;2;0;1;0;2;2;-23,02288754;-44,11624415;"SPRF-RJ";"DEL03-RJ";"UOP02-DEL03-RJ"
580899;2024-02-13;"terça-feira";"10:25:00";"SC";101;41;"JOINVILLE";"Manobra de mudanaa de faixa";"Colisao lateral mesmo sentido";"Sem Vatimas";"Pleno dia";"Decrescente";"Sol";"Dupla";"Reta;Aclive                   ";"Sim";2;0;0;0;2;0;0;2;-26,318977;-48,871376;"SPRF-SC";"DEL03-SC";"UOP01-DEL03-SC"
580903;2024-02-13;"terça-feira";"11:05:00";"MG";153;46;"MONTE ALEGRE DE MINAS";"Demais falhas mecanicas ou elatricas";"Incendio";"Sem Vatimas";"Pleno dia";"Decrescente";"Ceu Claro";"Dupla";"Aclive";"Nao";1;0;0;0;1;0;0;1;-18,79564784;-49,08343792;"SPRF-MG";"DEL15-MG";"UOP03-DEL15-MG"
580904;2024-02-13;"terça-feira";"09:40:00";"MT";364;391;"CUIABA";"Demais falhas mecanicas ou elatricas";"Colisao traseira";"Sem Vatimas";"Pleno dia";"Decrescente";"Ceu Claro";"Dupla";"Reta";"Nao";2;0;0;0;2;0;0;2;-15,70133417;-55,863696;"SPRF-MT";"DEL01-MT";"UOP02-DEL01-MT"
580905;2024-02-13;"terça-feira";"09:30:00";"BA";101;654;"ITAPEBI";"Chuva";"Saida de leito carrocavel";"Com Vatimas Fatais";"Pleno dia";"Crescente";"Chuva";"Simples";"Curva";"Nao";2;1;1;0;0;0;1;1;-16,05214898;-39,61572239;"SPRF-BA";"DEL05-BA";"UOP02-DEL05-BA"
580906;2024-02-13;"terça-feira";"10:10:00";"GO";153;200;"URUACU";"Acessar a via sem observar a presenca dos outros veiculos";"Colisao transversal";"Com Vatimas Feridas";"Pleno dia";"Decrescente";"Ceu Claro";"Simples";"Reta;Interseaao de Vias       ";"Sim";6;0;5;0;1;0;5;2;-14,513057;-49,149277;"SPRF-GO";"DEL07-GO";"UOP02-DEL07-GO"
580908;2024-02-13;"terça-feira";"10:30:00";"RS";290;203;"PANTANO GRANDE";"Reacao tardia ou ineficiente do condutor";"Colisao frontal";"Com Vatimas Fatais";"Pleno dia";"Crescente";"Garoa/Chuvisco";"Simples";"Em Obras;Reta                 ";"Nao";2;1;0;0;1;0;0;2;-30,173361;-52,247738;"SPRF-RS";"DEL02-RS";"UOP03-DEL02-RS"
580911;2024-02-13;"terça-feira";"08:30:00";"RS";386;155;"ALMIRANTE TAMANDARE DO SUL";"Ausancia de Reacao do condutor";"Saida de leito carrocavel";"Com Vatimas Feridas";"Pleno dia";"Decrescente";"Chuva";"Simples";"Declive;Reta                  ";"Nao";1;0;1;0;0;0;1;1;-28,117487;-52,853813;"SPRF-RS";"DEL08-RS";"UOP01-DEL08-RS"
580914;2024-02-13;"terça-feira";"11:45:00";"PR";376;650;"TIJUCAS DO SUL";"Manobra de mudanaa de faixa";"Colisao lateral mesmo sentido";"Com Vatimas Feridas";"Pleno dia";"Decrescente";"Ceu Claro";"Dupla";"Curva";"Nao";5;0;2;0;3;0;2;2;-25,84564757;-49,08816197;"SPRF-PR";"DEL01-PR";"UOP04-DEL01-PR"
580918;2024-02-13;"terça-feira";"13:00:00";"RS";386;396,9;"TRIUNFO";"Velocidade Incompatavel";"Engavetamento";"Com Vatimas Feridas";"Pleno dia";"Decrescente";"Chuva";"Dupla";"Declive;Retorno Regulamentado;";"Nao";13;0;2;0;11;0;2;5;-29,73741516;-51,62676215;"SPRF-RS";"DEL04-RS";"UOP02-DEL04-RS"
580921;2024-02-13;"terça-feira";"14:15:00";"RS";285;253;"GENTIL";"Avarias e/ou desgaste excessivo no pneu";"Colisao frontal";"Sem Vatimas";"Pleno dia";"Decrescente";"Chuva";"Simples";"Reta";"Nao";3;0;0;0;3;0;0;2;-28,297823;-52,010067;"SPRF-RS";"DEL08-RS";"UOP03-DEL08-RS"
580923;2024-02-13;"terça-feira";"12:30:00";"MG";40;720,8;"BARBACENA";"Condutor deixou de manter distancia do veiculo da frente";"Colisao traseira";"Com Vatimas Feridas";"Pleno dia";"Decrescente";"Ceu Claro";"Dupla";"Reta";"Sim";4;0;2;0;2;0;2;2;-21,27884073;-43,64475887;"SPRF-MG";"DEL05-MG";"UOP01-DEL05-MG"
580924;2024-02-13;"terça-feira";"11:15:00";"MT";163;688;"LUCAS DO RIO VERDE";"Mal sabito do condutor";"Colisao traseira";"Com Vatimas Feridas";"Pleno dia";"Decrescente";"Ceu Claro";"Simples";"Reta";"Sim";2;0;1;0;1;0;1;2;-13,17535188;-55,98243627;"SPRF-MT";"DEL06-MT";"UOP01-DEL06-MT"
580928;2024-02-13;"terça-feira";"13:40:00";"MG";459;65,9;"IPUIUNA";"Velocidade Incompatavel";"Saida de leito carrocavel";"Com Vatimas Feridas";"Pleno dia";"Decrescente";"Chuva";"Simples";"Declive;Curva                 ";"Nao";2;0;1;0;1;0;1;1;-22,109483;-46,178992;"SPRF-MG";"DEL09-MG";"UOP01-DEL09-MG"
580930;2024-02-13;"terça-feira";"14:00:00";"PR";116;111,4;"CURITIBA";"Problema com o freio";"Incendio";"Sem Vatimas";"Pleno dia";"Crescente";"Nublado";"Dupla";"Viaduto;Reta                  ";"Nao";1;0;0;0;1;0;0;1;-25,555932;-49,271817;"SPRF-PR";"DEL01-PR";"UOP07-DEL01-PR"
580937;2024-02-13;"terça-feira";"15:00:00";"MG";116;688,6;"MURIAE";"Velocidade Incompatavel";"Tombamento";"Com Vatimas Feridas";"Pleno dia";"Crescente";"Ceu Claro";"Simples";"Curva;Declive                 ";"Nao";2;0;1;1;0;0;2;1;-21,00463422;-42,36667213;"SPRF-MG";"DEL07-MG";"UOP02-DEL07-MG"
580946;2024-02-13;"terça-feira";"14:13:00";"SP";381;89;"GUARULHOS";"Ausancia de Reacao do condutor";"Saida de leito carrocavel";"Com Vatimas Feridas";"Pleno dia";"Crescente";"Ceu Claro";"Dupla";"Reta";"Nao";1;0;1;0;0;0;1;1;-23,497294;-46,559729;"SPRF-SP";"DEL03-SP";"UOP01-DEL03-SP"
580972;2024-02-13;"terça-feira";"09:00:00";"MT";158;701;"BARRA DO GARCAS";"Falta de acostamento";"Tombamento";"Sem Vatimas";"Pleno dia";"Crescente";"Ceu Claro";"Simples";"Reta";"Nao";1;0;0;0;1;0;0;1;-15,06504599;-52,22600396;"SPRF-MT";"DEL07-MT";"UOP01-DEL07-MT"
580984;2024-02-13;"terça-feira";"20:00:00";"MG";365;406,6;"PATOS DE MINAS";"Conversao proibida";"Colisao transversal";"Com Vatimas Fatais";"Plena Noite";"Decrescente";"Ceu Claro";"Maltipla";"Reta";"Nao";4;1;2;0;1;0;2;2;-18,64784618;-46,50720896;"SPRF-MG";"DEL10-MG";"UOP01-DEL10-MG"
580989;2024-02-13;"terça-feira";"19:50:00";"MG";251;449;"GRAO MOGOL";"Velocidade Incompatavel";"Colisao com objeto";"Sem Vatimas";"Plena Noite";"Decrescente";"Ceu Claro";"Simples";"Curva";"Nao";1;0;0;0;1;0;0;1;-16,420528;-43,28967;"SPRF-MG";"DEL12-MG";"UOP01-DEL12-MG"
580992;2024-02-13;"terça-feira";"14:00:00";"PA";163;598;"ITAITUBA";"Velocidade Incompatavel";"Tombamento";"Com Vatimas Feridas";"Pleno dia";"Decrescente";"Ceu Claro";"Simples";"Curva;Declive                 ";"Nao";2;0;1;0;1;0;1;1;-4,84994898;-56,15879205;"SPRF-PA";"DEL05-PA";"UOP02-DEL05-PA"
580995;2024-02-13;"terça-feira";"20:35:00";"MG";381;513,4;"IGARAPE";"Ingestao de alcool pelo condutor";"Colisao com objeto";"Com Vatimas Feridas";"Plena Noite";"Decrescente";"Ceu Claro";"Dupla";"Reta;Declive                  ";"Sim";2;0;1;1;0;0;2;2;-20,07842424;-44,30485725;"SPRF-MG";"DEL01-MG";"UOP03-DEL01-MG"
581000;2024-02-13;"terça-feira";"21:00:00";"MG";381;483,5;"BETIM";"Velocidade Incompatavel";"Tombamento";"Com Vatimas Feridas";"Pleno dia";"Crescente";"Ceu Claro";"Dupla";"Reta";"Sim";2;0;0;1;0;1;1;2;-19,9589907;-44,0908354;"SPRF-MG";"DEL01-MG";"UOP03-DEL01-MG"
581005;2024-02-13;"terça-feira";"21:30:00";"PR";277;1;"PARANAGUA";"Ausancia de Reacao do condutor";"Colisao traseira";"Com Vatimas Feridas";"Plena Noite";"Decrescente";"Nublado";"Simples";"Reta";"Sim";2;0;0;1;1;0;1;2;-25,568198;-48,615292;"SPRF-PR";"DEL01-PR";"UOP05-DEL01-PR"
581011;2024-02-13;"terça-feira";"19:00:00";"MA";10;187,7;"RIBAMAR FIQUENE";"Acesso irregular";"Colisao frontal";"Com Vatimas Feridas";"Plena Noite";"Crescente";"Ceu Claro";"Simples";"Aclive;Reta                   ";"Sim";4;0;1;1;2;0;2;3;-6,089414;-47,381809;"SPRF-MA";"DEL04-MA";"UOP02-DEL04-MA"
581012;2024-02-13;"terça-feira";"20:20:00";"BA";116;476;"SANTO ESTEVAO";"Demais falhas mecanicas ou elatricas";"Saida de leito carrocavel";"Sem Vatimas";"Plena Noite";"Decrescente";"Ceu Claro";"Dupla";"Reta";"Nao";1;0;0;0;1;0;0;1;-12,49267041;-39,3355288;"SPRF-BA";"DEL02-BA";"UOP01-DEL02-BA"
581030;2024-02-13;"terça-feira";"23:15:00";"GO";153;310,1;"RIALMA";"Condutor Dormindo";"Colisao lateral sentido oposto";"Com Vatimas Feridas";"Plena Noite";"Crescente";"Ceu Claro";"Simples";"Curva";"Nao";4;0;1;0;3;0;1;2;-15,395206;-49,54552;"SPRF-GO";"DEL02-GO";"UOP02-DEL02-GO"
581031;2024-02-13;"terça-feira";"23:30:00";"MT";364;523,5;"ROSARIO OESTE";"Manobra de mudanaa de faixa";"Colisao lateral sentido oposto";"Com Vatimas Feridas";"Plena Noite";"Crescente";"Ceu Claro";"Simples";"Reta";"Nao";3;0;2;0;1;0;2;2;-15,05826498;-56,51689234;"SPRF-MT";"DEL01-MT";"UOP01-DEL01-MT"
581038;2024-02-14;"quarta-feira";"02:59:00";"PR";376;665;"GUARATUBA";"Problema com o freio";"Saida de leito carrocavel";"Com Vatimas Feridas";"Plena Noite";"Crescente";"Nublado";"Simples";"Curva";"Nao";1;0;0;1;0;0;1;1;-25,85455838;-48,95670808;"SPRF-PR";"DEL01-PR";"UOP04-DEL01-PR"
581039;2024-02-14;"quarta-feira";"02:50:00";"SC";470;54;"BLUMENAU";"Reacao tardia ou ineficiente do condutor";"Colisao frontal";"Com Vatimas Feridas";"Plena Noite";"Decrescente";"Chuva";"Dupla";"Reta";"Sim";2;0;1;0;1;0;1;2;-26,871065;-49,110374;"SPRF-SC";"DEL04-SC";"UOP01-DEL04-SC"
581047;2024-02-14;"quarta-feira";"04:17:00";"MT";364;350;"SANTO ANTONIO DO LEVERGER";"Ausancia de Reacao do condutor";"Saida de leito carrocavel";"Com Vatimas Feridas";"Amanhecer";"Crescente";"Ceu Claro";"Dupla";"Curva";"Nao";1;0;1;0;0;0;1;1;-15,80518241;-55,55686807;"SPRF-MT";"DEL05-MT";"UOP02-DEL05-MT"
581052;2024-02-14;"quarta-feira";"04:10:00";"SC";280;102,5;"SAO BENTO DO SUL";"Pista Escorregadia";"Colisao com objeto";"Com Vatimas Feridas";"Plena Noite";"Decrescente";"Chuva";"Simples";"Curva;Declive                 ";"Nao";1;0;1;0;0;0;1;1;-26,35991955;-49,34605837;"SPRF-SC";"DEL06-SC";"UOP03-DEL06-SC"
581054;2024-02-13;"terça-feira";"06:20:00";"AL";101;119;"SAO MIGUEL DOS CAMPOS";"Declive acentuado";"Colisao lateral mesmo sentido";"Sem Vatimas";"Pleno dia";"Decrescente";"Chuva";"Simples";"Curva;Desvio Temporario;Aclive";"Nao";2;0;0;0;2;0;0;2;-9,68088104;-36,03736984;"SPRF-AL";"DEL02-AL";"UOP01-DEL02-AL"
581058;2024-02-14;"quarta-feira";"07:20:00";"PE";428;186;"PETROLINA";"Acessar a via sem observar a presenca dos outros veiculos";"Colisao transversal";"Com Vatimas Feridas";"Pleno dia";"Crescente";"Sol";"Dupla";"Interseaao de Vias";"Nao";2;0;1;0;1;0;1;2;-9,34807826;-40,47441248;"SPRF-PE";"DEL06-PE";"UOP01-DEL06-PE"
581061;2024-02-14;"quarta-feira";"07:00:00";"RS";290;607;"ALEGRETE";"Transitar na contramao";"Colisao transversal";"Com Vatimas Feridas";"Amanhecer";"Decrescente";"Ceu Claro";"Simples";"Em Obras;Declive;Reta         ";"Nao";2;0;1;0;1;0;1;2;-29,899818;-56,023525;"SPRF-RS";"DEL13-RS";"UOP02-DEL13-RS"
581065;2024-02-13;"terça-feira";"17:30:00";"PA";308;226;"AUGUSTO CORREA";"Carga excessiva e/ou mal acondicionada";"Capotamento";"Sem Vatimas";"Pleno dia";"Crescente";"Ceu Claro";"Simples";"Reta;Ponte                    ";"Nao";1;0;0;0;1;0;0;1;-1,13217038;-46,62461205;"SPRF-PA";"DEL01-PA";"UOP03-DEL01-PA"
581070;2024-02-10;"sabado";"11:30:00";"MT";158;697;"BARRA DO GARCAS";"Ausancia de Reacao do condutor";"Colisao traseira";"Sem Vatimas";"Pleno dia";"Decrescente";"Ceu Claro";"Simples";"Reta";"Sim";4;0;0;0;4;0;0;4;-15,031419;-52,23907;"SPRF-MT";"DEL07-MT";"UOP01-DEL07-MT"
581076;2024-02-14;"quarta-feira";"07:50:00";"MT";364;579;"DIAMANTINO";"Ausancia de Reacao do condutor";"Saida de leito carrocavel";"Com Vatimas Feridas";"Pleno dia";"Decrescente";"Ceu Claro";"Dupla";"Declive;Curva                 ";"Nao";1;0;1;0;0;0;1;1;-14,66298789;-56,29936934;"SPRF-MT";"DEL01-MT";"UOP01-DEL01-MT"
581077;2024-02-14;"quarta-feira";"06:30:00";"MT";364;240,6;"JUSCIMEIRA";"Condutor deixou de manter distancia do veiculo da frente";"Colisao lateral mesmo sentido";"Sem Vatimas";"Pleno dia";"Decrescente";"Sol";"Dupla";"Reta";"Nao";2;0;0;0;2;0;0;2;-16,17914141;-54,78905337;"SPRF-MT";"DEL02-MT";"UOP01-DEL02-MT"
581078;2024-02-14;"quarta-feira";"08:00:00";"SC";101;23,5;"JOINVILLE";"Reacao tardia ou ineficiente do condutor";"Colisao traseira";"Sem Vatimas";"Pleno dia";"Crescente";"Chuva";"Dupla";"Reta";"Nao";3;0;0;0;3;0;0;3;-26,16582501;-48,90742427;"SPRF-SC";"DEL03-SC";"UOP01-DEL03-SC"
581090;2024-02-14;"quarta-feira";"10:25:00";"PE";232;9;"RECIFE";"Frear bruscamente";"Colisao traseira";"Com Vatimas Feridas";"Pleno dia";"Crescente";"Ceu Claro";"Maltipla";"Aclive;Viaduto                ";"Sim";4;0;1;0;2;1;1;3;-8,07764447;-34,97863609;"SPRF-PE";"DEL01-PE";"UOP01-DEL01-PE"
581091;2024-02-14;"quarta-feira";"10:10:00";"SP";116;283;"EMBU DAS ARTES";"Manobra de mudanaa de faixa";"Colisao lateral mesmo sentido";"Com Vatimas Feridas";"Pleno dia";"Decrescente";"Ceu Claro";"Dupla";"Reta";"Sim";3;0;2;0;1;0;2;2;-23,69297005;-46,86352786;"SPRF-SP";"DEL04-SP";"UOP01-DEL04-SP"