"id";"data_inversa";"dia_semana";"horario";"uf";"br";"km";"municipio";"causa_acidente";"tipo_acidente";"classificacao_acidente";"fase_dia";"sentido_via";"condicao_metereologica";"tipo_pista";"tracado_via";"uso_solo";"pessoas";"mortos";"feridos_leves";"feridos_graves";"ilesos";"ignorados";"feridos";"veiculos";"latitude";"longitude";"regional";"delegacia";"uop"
581403;2024-02-16;"sexta-feira";"03:57:00";"TO";153;143;"ARAGUAINA";"Ausancia de Reacao do condutor";"Colisao traseira";"Com Vatimas Fatais";"Plena Noite";"Crescente";"Nublado";"Maltipla";"Reta";"Sim";2;1;0;0;1;0;0;2;-7,18866332;-48,23207966;"SPRF-TO";"DEL02-TO";"UOP01-DEL02-TO"
581410;2024-02-16;"sexta-feira";"04:55:00";"PR";369;445,9;"UBIRATA";"Condutor Dormindo";"Colisao traseira";"Com Vatimas Feridas";"Plena Noite";"Crescente";"Nublado";"Simples";"Reta";"Nao";2;0;1;0;1;0;1;2;-24,548;-52,9479;"SPRF-PR";"DEL04-PR";"UOP03-DEL04-PR"
581411;2024-02-16;"sexta-feira";"03:30:00";"BA";242;558;"OLIVEIRA DOS BREJINHOS";"Condutor Dormindo";"Tombamento";"Com Vatimas Feridas";"Plena Noite";"Decrescente";"Ceu Claro";"Simples";"Reta";"Nao";2;0;1;0;1;0;1;1;-12,06598813;-43,10633227;"SPRF-BA";"DEL10-BA";"UOP02-DEL10-BA"
581412;2024-02-16;"sexta-feira";"05:30:00";"RJ";116;42,9;"TERESOPOLIS";"Condutor deixou de manter distancia do veiculo da frente";"Colisao traseira";"Com Vatimas Feridas";"Amanhecer";"Crescente";"Nevoeiro/Neblina";"Simples";"Reta";"Nao";2;0;1;0;0;1;1;2;-22,14560636;-42,79362881;"SPRF-RJ";"DEL04-RJ";"UOP01-DEL04-RJ"
581413;2024-02-15;"quinta-feira";"16:55:00";"SC";101;396;"MARACAJA";"Ausancia de Reacao do condutor";"Colisao traseira";"Com Vatimas Feridas";"Pleno dia";"Crescente";"Ceu Claro";"Maltipla";"Aclive";"Nao";2;0;0;1;1;0;1;2;-28,82459572;-49,40472033;"SPRF-SC";"DEL02-SC";"UOP02-DEL02-SC"
581414;2024-02-16;"sexta-feira";"05:18:00";"PR";277;404,8;"CANDOI";"Condutor Dormindo";"Saida de leito carrocavel";"Com Vatimas Feridas";"Plena Noite";"Decrescente";"Nublado";"Simples";"Reta";"Nao";2;0;1;0;1;0;1;1;-25,45842513;-51,96393708;"SPRF-PR";"DEL04-PR";"UOP02-DEL04-PR"
581419;2024-02-16;"sexta-feira";"07:00:00";"RS";392;12,5;"RIO GRANDE";"Manobra de mudanaa de faixa";"Colisao lateral mesmo sentido";"Com Vatimas Feridas";"Pleno dia";"Decrescente";"Ceu Claro";"Dupla";"Reta";"Sim";2;0;1;0;1;0;1;2;-32,12601434;-52,13875392;"SPRF-RS";"DEL07-RS";"UOP02-DEL07-RS"
581421;2024-02-16;"sexta-feira";"06:00:00";"SC";153;92,7;"CONCORDIA";"Transitar na contramao";"Colisao lateral sentido oposto";"Com Vatimas Feridas";"Amanhecer";"Crescente";"Nublado";"Simples";"Reta";"Nao";2;0;1;0;1;0;1;2;-27,185669;-51,931538;"SPRF-SC";"DEL07-SC";"UOP04-DEL07-SC"
581423;2024-02-16;"sexta-feira";"04:30:00";"GO";153;564;"PROFESSOR JAMIL";"Ausancia de Reacao do condutor";"Saida de leito carrocavel";"Com Vatimas Feridas";"Amanhecer";"Decrescente";"Chuva";"Dupla";"Declive;Curva                 ";"Nao";8;0;2;0;6;0;2;6;-17,2476;-49,2417;"SPRF-GO";"DEL03-GO";"UOP01-DEL03-GO"
581424;2024-02-15;"quinta-feira";"16:30:00";"AM";174;1079;"PRESIDENTE FIGUEIREDO";"Pista Escorregadia";"Colisao com objeto";"Com Vatimas Feridas";"Pleno dia";"Decrescente";"Chuva";"Simples";"Declive;Curva                 ";"Nao";1;0;1;0;0;0;1;1;-1,36714986;-60,35853186;"SPRF-AM";"DEL01-AM";"UOP02-DEL01-AM"
581437;2024-02-16;"sexta-feira";"08:35:00";"RS";470;166,8;"VILA FLORES";"Reacao tardia ou ineficiente do condutor";"Colisao traseira";"Com Vatimas Feridas";"Pleno dia";"Decrescente";"Chuva";"Simples";"Reta;Declive                  ";"Nao";2;0;1;0;1;0;1;2;-28,8560509;-51,55771673;"SPRF-RS";"DEL06-RS";"UOP02-DEL06-RS"
581443;2024-02-16;"sexta-feira";"09:35:00";"MG";40;795;"JUIZ DE FORA";"Reacao tardia ou ineficiente do condutor";"Colisao traseira";"Sem Vatimas";"Anoitecer";"Crescente";"Ceu Claro";"Dupla";"Reta";"Nao";2;0;0;0;2;0;0;2;-21,80351702;-43,39998309;"SPRF-MG";"DEL05-MG";"UOP01-DEL05-MG"
581447;2024-02-16;"sexta-feira";"04:30:00";"MG";381;532;"ITATIAIUCU";"Condutor Dormindo";"Tombamento";"Com Vatimas Fatais";"Plena Noite";"Decrescente";"Ceu Claro";"Dupla";"Declive;Curva                 ";"Nao";2;1;0;0;0;1;0;2;-20,1904316;-44,38268793;"SPRF-MG";"DEL04-MG";"UOP03-DEL04-MG"
581448;2024-02-08;"quinta-feira";"11:20:00";"MS";163;539;"BANDEIRANTES";"Chuva";"Atropelamento de Pedestre";"Com Vatimas Feridas";"Pleno dia";"Crescente";"Chuva";"Simples";"Reta";"Nao";2;0;0;1;0;1;1;2;-19,9894849;-54,39027124;"SPRF-MS";"DEL01-MS";"UOP02-DEL01-MS"
581454;2024-02-16;"sexta-feira";"08:50:00";"PR";163;186,1;"SANTA TEREZA DO OESTE";"Velocidade Incompatavel";"Colisao traseira";"Sem Vatimas";"Pleno dia";"Decrescente";"Nublado";"Dupla";"Curva";"Nao";2;0;0;0;2;0;0;2;-25,12777504;-53,5882494;"SPRF-PR";"DEL05-PR";"UOP05-DEL05-PR"
581459;2024-02-16;"sexta-feira";"10:35:00";"PR";163;255,5;"TOLEDO";"Reacao tardia ou ineficiente do condutor";"Colisao traseira";"Com Vatimas Feridas";"Pleno dia";"Crescente";"Sol";"Dupla";"Reta";"Nao";2;0;0;1;1;0;1;2;-24,68418265;-53,77699081;"SPRF-PR";"DEL06-PR";"UOP02-DEL06-PR"
581464;2024-02-16;"sexta-feira";"12:30:00";"MG";50;54,2;"ARAGUARI";"Demais falhas mecanicas ou elatricas";"Tombamento";"Com Vatimas Feridas";"Pleno dia";"Crescente";"Nublado";"Dupla";"Declive;Curva                 ";"Nao";1;0;1;0;0;0;1;1;-18,76664393;-48,24409132;"SPRF-MG";"DEL15-MG";"UOP02-DEL15-MG"
581465;2024-02-16;"sexta-feira";"11:15:00";"RR";401;13;"BOA VISTA";"Reacao tardia ou ineficiente do condutor";"Colisao transversal";"Com Vatimas Feridas";"Pleno dia";"Crescente";"Ceu Claro";"Maltipla";"Reta";"Sim";2;0;1;0;1;0;1;2;2,827483;-60,591545;"SPRF-RR";"DEL01-RR";"UOP01-DEL01-RR"
581467;2024-02-16;"sexta-feira";"10:30:00";"MG";381;532;"ITATIAIUCU";"Condutor deixou de manter distancia do veiculo da frente";"Colisao lateral mesmo sentido";"Sem Vatimas";"Pleno dia";"Crescente";"Nublado";"Dupla";"Reta;Aclive                   ";"Nao";3;0;0;0;2;1;0;2;-20,16425773;-44,36638069;"SPRF-MG";"DEL04-MG";"UOP03-DEL04-MG"
581468;2024-02-16;"sexta-feira";"12:45:00";"SC";101;50,4;"JOINVILLE";"Demais falhas mecanicas ou elatricas";"Colisao com objeto";"Com Vatimas Feridas";"Pleno dia";"Crescente";"Nublado";"Dupla";"Reta";"Nao";4;0;1;0;3;0;1;4;-26,380125;-48,851591;"SPRF-SC";"DEL03-SC";"UOP01-DEL03-SC"
581470;2024-02-16;"sexta-feira";"11:15:00";"MT";163;827;"SINOP";"Condutor deixou de manter distancia do veiculo da frente";"Colisao traseira";"Com Vatimas Feridas";"Pleno dia";"Crescente";"Ceu Claro";"Simples";"Interseaao de Vias;Reta       ";"Sim";2;0;0;1;1;0;1;2;-11,93;-55,513;"SPRF-MT";"DEL06-MT";"UOP02-DEL06-MT"
581472;2024-02-16;"sexta-feira";"11:30:00";"PR";369;52;"BANDEIRANTES";"Ausancia de Reacao do condutor";"Tombamento";"Com Vatimas Feridas";"Pleno dia";"Crescente";"Nublado";"Simples";"Interseaao de Vias;Rotataria  ";"Nao";1;0;1;0;0;0;1;1;-23,1107669;-50,3342644;"SPRF-PR";"DEL07-PR";"UOP05-DEL07-PR"
581474;2024-02-16;"sexta-feira";"13:00:00";"PR";376;292;"MAUA DA SERRA";"Demais falhas mecanicas ou elatricas";"Eventos atapicos";"Com Vatimas Feridas";"Pleno dia";"Decrescente";"Nublado";"Dupla";"Curva";"Sim";1;0;1;0;0;0;1;1;-23,90368323;-51,21851921;"SPRF-PR";"DEL07-PR";"UOP02-DEL07-PR"
581487;2024-02-16;"sexta-feira";"13:25:00";"MS";163;512;"JARAGUARI";"Condutor deixou de manter distancia do veiculo da frente";"Colisao traseira";"Com Vatimas Fatais";"Pleno dia";"Decrescente";"Ceu Claro";"Dupla";"Reta";"Nao";3;1;0;1;1;0;1;2;-20,22783328;-54,47717844;"SPRF-MS";"DEL01-MS";"UOP02-DEL01-MS"
581493;2024-02-16;"sexta-feira";"14:30:00";"RJ";101;325;"NITEROI";"Ausancia de Reacao do condutor";"Colisao traseira";"Com Vatimas Feridas";"Pleno dia";"Crescente";"Ceu Claro";"Maltipla";"Reta";"Nao";2;0;0;1;1;0;1;2;-22,87292569;-43,13625699;"SPRF-RJ";"DEL02-RJ";"UOP01-DEL02-RJ"
581495;2024-02-16;"sexta-feira";"14:45:00";"RS";116;488;"TURUCU";"Demais falhas mecanicas ou elatricas";"Colisao com objeto";"Sem Vatimas";"Pleno dia";"Crescente";"Garoa/Chuvisco";"Simples";"Reta";"Nao";2;0;0;0;2;0;0;2;-31,4510348;-52,20460653;"SPRF-RS";"DEL07-RS";"UOP01-DEL07-RS"
581497;2024-02-16;"sexta-feira";"15:00:00";"MG";262;361;"BETIM";"Demais falhas mecanicas ou elatricas";"Incendio";"Sem Vatimas";"Pleno dia";"Decrescente";"Ceu Claro";"Dupla";"Reta";"Nao";1;0;0;0;1;0;0;1;-19,97906129;-44,21765208;"SPRF-MG";"DEL01-MG";"UOP03-DEL01-MG"
581500;2024-02-16;"sexta-feira";"05:30:00";"SE";101;24;"MALHADA DOS BOIS";"Reacao tardia ou ineficiente do condutor";"Saida de leito carrocavel";"Sem Vatimas";"Pleno dia";"Crescente";"Ceu Claro";"Dupla";"Curva";"Nao";1;0;0;0;1;0;0;1;-10,39607118;-36,91721184;"SPRF-SE";"DEL02-SE";"UOP02-DEL02-SE"
581504;2024-02-16;"sexta-feira";"14:50:00";"RS";392;120;"CANGUCU";"Conversao proibida";"Colisao transversal";"Com Vatimas Feridas";"Pleno dia";"Decrescente";"Nublado";"Simples";"Interseaao de Vias;Reta       ";"Nao";3;0;1;0;2;0;1;2;-31,39139698;-52,6887662;"SPRF-RS";"DEL07-RS";"UOP01-DEL07-RS"
581506;2024-02-16;"sexta-feira";"15:00:00";"GO";364;315,8;"MINEIROS";"Reacao tardia ou ineficiente do condutor";"Colisao lateral sentido oposto";"Com Vatimas Feridas";"Pleno dia";"Decrescente";"Ceu Claro";"Simples";"Aclive;Ponte;Curva            ";"Nao";8;0;1;0;3;4;1;5;-17,453203;-52,59116;"SPRF-GO";"DEL05-GO";"UOP01-DEL05-GO"
581508;2024-02-16;"sexta-feira";"08:50:00";"BA";116;919,7;"ENCRUZILHADA";"Reacao tardia ou ineficiente do condutor";"Colisao com objeto";"Com Vatimas Feridas";"Pleno dia";"Crescente";"Ceu Claro";"Simples";"Curva";"Nao";1;0;1;0;0;0;1;1;-15,61592798;-41,29159927;"SPRF-BA";"DEL08-BA";"UOP03-DEL08-BA"
581510;2024-02-16;"sexta-feira";"15:00:00";"GO";20;1;"FORMOSA";"Reacao tardia ou ineficiente do condutor";"Colisao traseira";"Com Vatimas Feridas";"Pleno dia";"Decrescente";"Ceu Claro";"Simples";"Declive;Curva                 ";"Sim";2;0;1;0;1;0;1;2;-15,579424;-47,334297;"SPRF-DF";"DEL02-DF";"UOP02-DEL02-DF"
581511;2024-02-16;"sexta-feira";"15:20:00";"SC";470;163;"POUSO REDONDO";"Acessar a via sem observar a presenca dos outros veiculos";"Colisao traseira";"Com Vatimas Feridas";"Pleno dia";"Crescente";"Chuva";"Simples";"Reta";"Nao";4;0;2;0;2;0;2;2;-27,27660362;-49,85046744;"SPRF-SC";"DEL04-SC";"UOP02-DEL04-SC"
581515;2024-02-16;"sexta-feira";"16:00:00";"MG";251;475,8;"FRANCISCO SA";"Manobra de mudanaa de faixa";"Colisao transversal";"Com Vatimas Fatais";"Pleno dia";"Crescente";"Ceu Claro";"Simples";"Reta";"Nao";3;2;0;0;1;0;0;2;-16,50714948;-43,54451367;"SPRF-MG";"DEL12-MG";"UOP01-DEL12-MG"
581518;2024-02-16;"sexta-feira";"16:10:00";"PR";116;11;"COLOMBO";"Demais falhas mecanicas ou elatricas";"Incendio";"Sem Vatimas";"Pleno dia";"Decrescente";"Nublado";"Dupla";"Reta";"Sim";1;0;0;0;1;0;0;1;-25,3727;-49,1408;"SPRF-PR";"DEL01-PR";"UOP02-DEL01-PR"
581519;2024-02-16;"sexta-feira";"14:15:00";"MG";251;451,3;"GRAO MOGOL";"Transitar na contramao";"Colisao frontal";"Com Vatimas Feridas";"Pleno dia";"Decrescente";"Chuva";"Simples";"Curva";"Nao";3;0;1;0;2;0;1;3;-16,41900232;-43,30798792;"SPRF-MG";"DEL12-MG";"UOP01-DEL12-MG"
581521;2024-02-16;"sexta-feira";"13:50:00";"RJ";116;136;"MAGE";"Animais na Pista";"Colisao lateral mesmo sentido";"Com Vatimas Feridas";"Pleno dia";"Crescente";"Ceu Claro";"Dupla";"Reta";"Sim";2;0;0;1;1;0;1;2;-22,64988985;-43,17250297;"SPRF-RJ";"DEL04-RJ";"UOP02-DEL04-RJ"
581525;2024-02-16;"sexta-feira";"16:30:00";"PR";369;201,8;"APUCARANA";"Condutor deixou de manter distancia do veiculo da frente";"Colisao traseira";"Com Vatimas Feridas";"Pleno dia";"Crescente";"Nublado";"Simples";"Aclive;Interseaao de Vias;Reta";"Sim";2;0;1;0;1;0;1;2;-23,540872;-51,456733;"SPRF-PR";"DEL07-PR";"UOP03-DEL07-PR"
581526;2024-02-16;"sexta-feira";"13:20:00";"RJ";40;100;"DUQUE DE CAXIAS";"Mal sabito do condutor";"Colisao com objeto";"Com Vatimas Feridas";"Pleno dia";"Decrescente";"Ceu Claro";"Simples";"Curva";"Nao";1;0;1;0;0;0;1;1;-22,59404803;-43,28079889;"SPRF-RJ";"DEL01-RJ";"UOP01-DEL01-RJ"
581534;2024-02-16;"sexta-feira";"14:00:00";"RS";101;67,5;"MAQUINE";"Carga excessiva e/ou mal acondicionada";"Colisao com objeto";"Sem Vatimas";"Pleno dia";"Decrescente";"Nublado";"Dupla";"Tanel;Reta                    ";"Nao";3;0;0;0;3;0;0;2;-29,72879377;-50,20168304;"SPRF-RS";"DEL03-RS";"UOP01-DEL03-RS"
581535;2024-02-16;"sexta-feira";"16:30:00";"MG";116;9;"LEOPOLDINA";"Reacao tardia ou ineficiente do condutor";"Colisao traseira";"Com Vatimas Feridas";"Pleno dia";"Crescente";"Ceu Claro";"Simples";"Reta";"Nao";7;0;3;0;3;1;3;3;-21,5684336;-42,69637238;"SPRF-BA";"DEL08-BA";"UOP03-DEL08-BA"
581536;2024-02-16;"sexta-feira";"17:40:00";"ES";101;142;"LINHARES";"Reacao tardia ou ineficiente do condutor";"Engavetamento";"Com Vatimas Feridas";"Anoitecer";"Crescente";"Nublado";"Dupla";"Reta";"Sim";4;0;1;0;2;1;1;3;-19,33458987;-40,06755477;"SPRF-ES";"DEL04-ES";"UOP01-DEL04-ES"
581538;2024-02-16;"sexta-feira";"18:30:00";"SP";381;33;"ATIBAIA";"Condutor deixou de manter distancia do veiculo da frente";"Colisao lateral mesmo sentido";"Com Vatimas Feridas";"Anoitecer";"Decrescente";"Ceu Claro";"Dupla";"Reta";"Nao";2;0;1;0;0;1;1;2;-23,0728028;-46,56673562;"SPRF-SP";"DEL03-SP";"UOP02-DEL03-SP"
581542;2024-02-16;"sexta-feira";"18:15:00";"ES";101;292;"CARIACICA";"Frear bruscamente";"Colisao traseira";"Com Vatimas Feridas";"Anoitecer";"Decrescente";"Nublado";"Dupla";"Reta";"Sim";3;0;1;0;2;0;1;2;-20,30650512;-40,39488717;"SPRF-ES";"DEL01-ES";"UOP01-DEL01-ES"
581543;2024-02-16;"sexta-feira";"18:40:00";"MG";40;253;"SAO GONCALO DO ABAETE";"Transitar na contramao";"Colisao frontal";"Com Vatimas Fatais";"Plena Noite";"Crescente";"Nublado";"Simples";"Aclive";"Nao";2;1;1;0;0;0;1;2;-18,12760614;-45,41828006;"SPRF-MG";"DEL14-MG";"UOP02-DEL14-MG"
581567;2024-02-16;"sexta-feira";"17:41:00";"MT";163;690;"LUCAS DO RIO VERDE";"Transitar no Acostamento";"Colisao lateral mesmo sentido";"Com Vatimas Feridas";"Anoitecer";"Crescente";"Ceu Claro";"Simples";"Ponte;Reta                    ";"Sim";4;0;0;1;1;2;1;2;-13,051972;-55,909282;"SPRF-MT";"DEL06-MT";"UOP01-DEL06-MT"
581570;2024-02-16;"sexta-feira";"10:40:00";"MG";251;240,6;"SANTA CRUZ DE SALINAS";"Ausancia de Reacao do condutor";"Colisao lateral mesmo sentido";"Com Vatimas Fatais";"Pleno dia";"Decrescente";"Ignorado";"Simples";"Reta";"Nao";6;1;2;0;3;0;2;5;-15,99915558;-41,76824223;"SPRF-MG";"DEL12-MG";"UOP02-DEL12-MG"
581575;2024-02-16;"sexta-feira";"20:50:00";"MT";364;207;"RONDONOPOLIS";"Acessar a via sem observar a presenca dos outros veiculos";"Colisao transversal";"Sem Vatimas";"Plena Noite";"Crescente";"Ceu Claro";"Dupla";"Reta";"Sim";3;0;0;0;2;1;0;3;-16,4410184;-54,67563283;"SPRF-MT";"DEL02-MT";"UOP01-DEL02-MT"
581576;2024-02-16;"sexta-feira";"22:35:00";"CE";20;395;"CAUCAIA";"Demais falhas mecanicas ou elatricas";"Saida de leito carrocavel";"Sem Vatimas";"Plena Noite";"Decrescente";"Ceu Claro";"Simples";"Reta";"Nao";3;0;0;0;3;0;0;1;-3,82645524;-38,7511478;"SPRF-CE";"DEL01-CE";"UOP01-DEL01-CE"
581581;2024-02-16;"sexta-feira";"22:30:00";"MG";364;32;"FRUTAL";"Reacao tardia ou ineficiente do condutor";"Colisao com objeto";"Com Vatimas Feridas";"Plena Noite";"Crescente";"Chuva";"Simples";"Rotataria";"Nao";1;0;1;0;0;0;1;1;-20,00655282;-48,93488275;"SPRF-MG";"DEL13-MG";"UOP02-DEL13-MG"
581599;2024-02-16;"sexta-feira";"18:45:00";"BA";135;155;"RIACHAO DAS NEVES";"Ausancia de Reacao do condutor";"Saida de leito carrocavel";"Com Vatimas Fatais";"Plena Noite";"Decrescente";"Ceu Claro";"Simples";"Reta";"Nao";3;1;0;0;0;2;0;2;-11,97308396;-44,92264505;"SPRF-BA";"DEL08-BA";"UOP04-DEL08-BA"
581602;2024-02-17;"sabado";"01:30:00";"BA";407;22;"JUAZEIRO";"Entrada inopinada do pedestre";"Atropelamento de Pedestre";"Com Vatimas Fatais";"Plena Noite";"Decrescente";"Ignorado";"Simples";"Reta";"Nao";2;1;0;0;0;1;0;2;-9,58891;-40,4207605;"SPRF-BA";"DEL04-BA";"UOP01-DEL04-BA"
581612;2024-02-17;"sabado";"05:50:00";"SC";101;219,7;"PALHOCA";"Reacao tardia ou ineficiente do condutor";"Colisao lateral mesmo sentido";"Com Vatimas Feridas";"Amanhecer";"Decrescente";"Nublado";"Maltipla";"Reta";"Nao";2;0;0;1;1;0;1;2;-27,68392194;-48,66710085;"SPRF-SC";"DEL01-SC";"UOP02-DEL01-SC"
581613;2024-02-17;"sabado";"03:50:00";"MG";50;206,5;"DELTA";"Acessar a via sem observar a presenca dos outros veiculos";"Atropelamento de Pedestre";"Com Vatimas Fatais";"Plena Noite";"Crescente";"Nublado";"Dupla";"Reta";"Nao";2;1;0;0;0;1;0;2;-19,97999605;-47,78905558;"SPRF-MG";"DEL13-MG";"UOP01-DEL13-MG"
581615;2024-02-16;"sexta-feira";"23:30:00";"RJ";40;67;"PETROPOLIS";"Demais falhas mecanicas ou elatricas";"Incendio";"Sem Vatimas";"Plena Noite";"Decrescente";"Nublado";"Simples";"Curva";"Nao";1;0;0;0;1;0;0;1;-22,43674775;-43,1756712;"SPRF-RJ";"DEL05-RJ";"UOP02-DEL05-RJ"
581616;2024-02-17;"sabado";"06:15:00";"MG";251;464,7;"GRAO MOGOL";"Ausancia de Reacao do condutor";"Colisao frontal";"Com Vatimas Feridas";"Amanhecer";"Decrescente";"Chuva";"Simples";"Curva";"Nao";3;0;0;2;1;0;2;2;-16,44852635;-43,40147861;"SPRF-MG";"DEL12-MG";"UOP01-DEL12-MG"
581619;2024-02-17;"sabado";"05:50:00";"GO";153;127;"ESTRELA DO NORTE";"Acesso irregular";"Colisao frontal";"Com Vatimas Feridas";"Amanhecer";"Decrescente";"Ignorado";"Simples";"Reta";"Nao";6;0;1;1;4;0;2;3;-13,884283;-49,055367;"SPRF-GO";"DEL07-GO";"UOP01-DEL07-GO"
581624;2024-02-17;"sabado";"05:30:00";"SC";280;146;"MAFRA";"Velocidade Incompatavel";"Colisao frontal";"Com Vatimas Feridas";"Plena Noite";"Crescente";"Chuva";"Simples";"Curva;Declive                 ";"Nao";2;0;0;1;1;0;1;2;-26,25487301;-49,66127724;"SPRF-SC";"DEL06-SC";"UOP03-DEL06-SC"
581645;2024-02-15;"quinta-feira";"09:30:00";"SC";282;617;"IRACEMINHA";"Chuva";"Colisao lateral sentido oposto";"Com Vatimas Feridas";"Pleno dia";"Decrescente";"Chuva";"Simples";"Curva";"Nao";2;0;1;0;1;0;1;2;-26,782682;-53,285789;"SPRF-SC";"DEL07-SC";"UOP02-DEL07-SC"
581646;2024-02-17;"sabado";"08:00:00";"PE";424;52;"VENTUROSA";"Transitar na contramao";"Colisao frontal";"Com Vatimas Fatais";"Pleno dia";"Decrescente";"Ceu Claro";"Simples";"Declive";"Nao";2;1;1;0;0;0;1;2;-8,72160964;-36,76908468;"SPRF-PE";"DEL03-PE";"UOP01-DEL03-PE"
581653;2024-02-17;"sabado";"09:50:00";"PB";230;354,6;"PATOS";"Acesso irregular";"Colisao traseira";"Com Vatimas Fatais";"Pleno dia";"Crescente";"Sol";"Simples";"Declive;Reta                  ";"Nao";3;1;0;1;1;0;1;2;-6,9338;-37,4135;"SPRF-PB";"DEL03-PB";"UOP02-DEL03-PB"
581654;2024-02-17;"sabado";"10:30:00";"SC";101;120;"ITAJAI";"Condutor deixou de manter distancia do veiculo da frente";"Colisao traseira";"Com Vatimas Feridas";"Pleno dia";"Decrescente";"Ceu Claro";"Dupla";"Reta";"Nao";2;0;1;0;1;0;1;2;-26,912758;-48,711998;"SPRF-SC";"DEL04-SC";"UOP04-DEL04-SC"
581660;2024-02-17;"sabado";"10:50:00";"PR";476;194;"LAPA";"Manobra de mudanaa de faixa";"Colisao lateral mesmo sentido";"Com Vatimas Feridas";"Pleno dia";"Crescente";"Nublado";"Simples";"Reta";"Nao";4;0;2;0;2;0;2;2;-25,74048;-49,710938;"SPRF-PR";"DEL01-PR";"UOP06-DEL01-PR"
581666;2024-02-17;"sabado";"12:20:00";"MG";40;465;"SETE LAGOAS";"Ausancia de Reacao do condutor";"Colisao traseira";"Com Vatimas Feridas";"Pleno dia";"Crescente";"Nublado";"Dupla";"Aclive;Curva                  ";"Nao";3;0;0;2;0;1;2;2;-19,43835777;-44,33103681;"SPRF-MG";"DEL02-MG";"UOP01-DEL02-MG"
581668;2024-02-17;"sabado";"11:15:00";"MS";376;126,4;"IVINHEMA";"Reacao tardia ou ineficiente do condutor";"Colisao traseira";"Com Vatimas Fatais";"Pleno dia";"Crescente";"Sol";"Simples";"Declive;Ponte                 ";"Nao";5;2;1;0;2;0;1;2;-22,36021748;-53,70728925;"SPRF-MS";"DEL04-MS";"UOP04-DEL04-MS"
581676;2024-02-17;"sabado";"14:00:00";"SP";153;113,8;"JOSE BONIFACIO";"Ingestao de alcool pelo condutor";"Colisao traseira";"Com Vatimas Feridas";"Pleno dia";"Crescente";"Ceu Claro";"Simples";"Reta;Em Obras                 ";"Nao";3;0;1;0;2;0;1;2;-21,11299309;-49,68678482;"SPRF-SP";"DEL09-SP";"UOP01-DEL09-SP"
581678;2024-02-17;"sabado";"10:15:00";"CE";304;84,9;"ARACATI";"Ingestao de alcool pelo condutor";"Colisao traseira";"Sem Vatimas";"Pleno dia";"Decrescente";"Ceu Claro";"Simples";"Reta";"Nao";2;0;0;0;2;0;0;2;-4,75262703;-37,52993004;"SPRF-CE";"DEL03-CE";"UOP03-DEL03-CE"
581681;2024-02-17;"sabado";"09:20:00";"PR";476;173;"CONTENDA";"Mal sabito do condutor";"Tombamento";"Com Vatimas Feridas";"Pleno dia";"Decrescente";"Nublado";"Simples";"Curva";"Sim";1;0;0;1;0;0;1;1;-25,6889911;-49,5391898;"SPRF-PR";"DEL01-PR";"UOP06-DEL01-PR"
581682;2024-02-17;"sabado";"13:37:00";"RN";405;24;"MOSSORO";"Demais falhas mecanicas ou elatricas";"Incendio";"Sem Vatimas";"Pleno dia";"Decrescente";"Ceu Claro";"Simples";"Reta";"Nao";1;0;0;0;1;0;0;1;-5,269673;-37,53744;"SPRF-RN";"DEL04-RN";"UOP02-DEL04-RN"
581685;2024-02-17;"sabado";"14:00:00";"PI";316;314;"PICOS";"Transitar na contramao";"Colisao frontal";"Com Vatimas Fatais";"Pleno dia";"Crescente";"Ceu Claro";"Dupla";"Reta;Interseaao de Vias       ";"Sim";2;1;0;0;1;0;0;2;-7,079291;-41,433616;"SPRF-PI";"DEL04-PI";"UOP01-DEL04-PI"
581686;2024-02-17;"sabado";"14:45:00";"MG";381;286;"JAGUARACU";"Ausancia de Reacao do condutor";"Colisao traseira";"Com Vatimas Feridas";"Pleno dia";"Crescente";"Ceu Claro";"Simples";"Reta";"Nao";3;0;1;0;2;0;1;2;-19,60538666;-42,75909685;"SPRF-MG";"DEL03-MG";"UOP02-DEL03-MG"
581687;2024-02-17;"sabado";"13:58:00";"TO";153;134;"ARAGUAINA";"Carga excessiva e/ou mal acondicionada";"Tombamento";"Com Vatimas Feridas";"Pleno dia";"Decrescente";"Ceu Claro";"Simples";"Rotataria";"Nao";3;0;1;1;1;0;2;3;-7,12178379;-48,19293926;"SPRF-TO";"DEL02-TO";"UOP01-DEL02-TO"
581696;2024-02-17;"sabado";"16:30:00";"PR";376;4;"APUCARANA";"Ausancia de Reacao do condutor";"Colisao traseira";"Com Vatimas Feridas";"Pleno dia";"Decrescente";"Ceu Claro";"Simples";"Reta";"Sim";6;0;1;0;5;0;1;3;-23,5513;-51,461266;"SPRF-PR";"DEL07-PR";"UOP03-DEL07-PR"
581697;2024-02-17;"sabado";"16:20:00";"SC";101;5,8;"GARUVA";"Estacionar ou parar em local proibido";"Colisao traseira";"Com Vatimas Feridas";"Pleno dia";"Decrescente";"Nublado";"Dupla";"Interseaao de Vias;Reta       ";"Sim";5;0;2;0;3;0;2;3;-26,01779797;-48,86233322;"SPRF-SC";"DEL03-SC";"UOP01-DEL03-SC"
581701;2024-02-17;"sabado";"14:00:00";"GO";153;698;"ITUMBIARA";"Velocidade Incompatavel";"Colisao traseira";"Com Vatimas Feridas";"Pleno dia";"Crescente";"Ceu Claro";"Dupla";"Reta";"Sim";4;0;2;1;1;0;3;2;-18,3777;-49,2106;"SPRF-GO";"DEL03-GO";"UOP02-DEL03-GO"