"id";"data_inversa";"dia_semana";"horario";"uf";"br";"km";"municipio";"causa_acidente";"tipo_acidente";"classificacao_acidente";"fase_dia";"sentido_via";"condicao_metereologica";"tipo_pista";"tracado_via";"uso_solo";"pessoas";"mortos";"feridos_leves";"feridos_graves";"ilesos";"ignorados";"feridos";"veiculos";"latitude";"longitude";"regional";"delegacia";"uop"
581705;2024-02-17;"sabado";"17:00:00";"RS";448;15;"CANOAS";"Reacao tardia ou ineficiente do condutor";"Colisao traseira";"Com Vatimas Feridas";"Pleno dia";"Decrescente";"Garoa/Chuvisco";"Maltipla";"Curva";"Nao";6;0;5;0;1;0;5;2;-29,92004835;-51,23212874;"SPRF-RS";"DEL01-RS";"UOP01-DEL01-RS"
581711;2024-02-17;"sabado";"15:40:00";"RS";116;635;"JAGUARAO";"Condutor Dormindo";"Tombamento";"Com Vatimas Feridas";"Pleno dia";"Decrescente";"Garoa/Chuvisco";"Simples";"Reta";"Nao";1;0;0;1;0;0;1;1;-32,416934;-53,235894;"SPRF-RS";"DEL07-RS";"UOP03-DEL07-RS"
581719;2024-02-17;"sabado";"17:45:00";"CE";116;363;"ICO";"Pista esburacada";"Colisao com objeto";"Sem Vatimas";"Pleno dia";"Decrescente";"Ceu Claro";"Simples";"Reta";"Nao";1;0;0;0;1;0;0;1;-6,33591622;-38,74744221;"SPRF-CE";"DEL05-CE";"UOP01-DEL05-CE"
581721;2024-02-17;"sabado";"17:50:00";"SC";101;307,3;"LAGUNA";"Reacao tardia ou ineficiente do condutor";"Colisao traseira";"Com Vatimas Feridas";"Anoitecer";"Decrescente";"Garoa/Chuvisco";"Maltipla";"Reta";"Nao";6;0;1;0;5;0;1;3;-28,41186742;-48,79322827;"SPRF-SC";"DEL02-SC";"UOP03-DEL02-SC"
581725;2024-02-17;"sabado";"18:20:00";"SP";116;223;"GUARULHOS";"Ausancia de Reacao do condutor";"Colisao traseira";"Sem Vatimas";"Plena Noite";"Crescente";"Nublado";"Maltipla";"Reta";"Sim";2;0;0;0;0;2;0;2;-23,47559815;-46,5246609;"SPRF-SP";"DEL01-SP";"UOP01-DEL01-SP"
581738;2024-02-17;"sabado";"13:10:00";"MT";163;604,1;"NOVA MUTUM";"Ultrapassagem Indevida";"Colisao lateral mesmo sentido";"Com Vatimas Fatais";"Pleno dia";"Decrescente";"Ceu Claro";"Simples";"Reta";"Sim";4;1;1;0;2;0;1;2;-13,87236604;-56,08739473;"SPRF-MT";"DEL01-MT";"UOP01-DEL01-MT"
581739;2024-02-17;"sabado";"20:40:00";"PR";277;599,2;"CASCAVEL";"Ausancia de Reacao do condutor";"Colisao traseira";"Com Vatimas Feridas";"Plena Noite";"Decrescente";"Ceu Claro";"Dupla";"Reta";"Nao";2;0;1;0;1;0;1;2;-25,00130545;-53,52092743;"SPRF-PR";"DEL04-PR";"UOP01-DEL04-PR"
581745;2024-02-17;"sabado";"14:50:00";"SC";153;111,2;"CONCORDIA";"Transitar na contramao";"Colisao lateral mesmo sentido";"Com Vatimas Fatais";"Pleno dia";"Crescente";"Ceu Claro";"Simples";"Reta";"Nao";3;1;1;0;1;0;1;2;-27,3271078;-51,9797747;"SPRF-SC";"DEL07-SC";"UOP04-DEL07-SC"
581752;2024-02-17;"sabado";"19:00:00";"TO";153;561;"FATIMA";"Transitar na contramao";"Colisao frontal";"Com Vatimas Feridas";"Plena Noite";"Decrescente";"Nublado";"Dupla";"Reta";"Sim";2;0;0;1;1;0;1;2;-10,75197807;-48,90257114;"SPRF-TO";"DEL01-TO";"UOP01-DEL01-TO"
581754;2024-02-17;"sabado";"22:00:00";"MG";50;77,3;"UBERLANDIA";"Ausancia de Reacao do condutor";"Colisao traseira";"Com Vatimas Feridas";"Plena Noite";"Decrescente";"Nublado";"Dupla";"Reta";"Sim";2;0;1;0;1;0;1;2;-18,93704836;-48,21962714;"SPRF-MG";"DEL15-MG";"UOP01-DEL15-MG"
581757;2024-02-17;"sabado";"20:30:00";"RO";319;57;"PORTO VELHO";"Manobra de mudanaa de faixa";"Atropelamento de Pedestre";"Com Vatimas Fatais";"Plena Noite";"Decrescente";"Ceu Claro";"Simples";"Reta;Aclive                   ";"Nao";2;1;0;0;1;0;0;2;-8,739714;-63,93214024;"SPRF-RO";"DEL01-RO";"UOP01-DEL01-RO"
581758;2024-02-17;"sabado";"22:20:00";"MG";365;756,8;"ITUIUTABA";"Reacao tardia ou ineficiente do condutor";"Saida de leito carrocavel";"Com Vatimas Feridas";"Plena Noite";"Decrescente";"Ceu Claro";"Dupla";"Retorno Regulamentado";"Nao";6;0;3;1;1;1;4;2;-18,9656911;-49,50626671;"SPRF-MG";"DEL15-MG";"UOP03-DEL15-MG"
581759;2024-02-17;"sabado";"19:30:00";"PI";316;117,4;"PASSAGEM FRANCA DO PIAUI";"Transitar na contramao";"Colisao frontal";"Com Vatimas Fatais";"Plena Noite";"Decrescente";"Chuva";"Simples";"Reta;Interseaao de Vias       ";"Nao";4;2;0;0;2;0;0;2;-5,93319732;-42,38002737;"SPRF-PI";"DEL04-PI";"UOP02-DEL04-PI"
581765;2024-02-17;"sabado";"20:00:00";"RJ";393;244;"VASSOURAS";"Mal sabito do condutor";"Colisao frontal";"Com Vatimas Fatais";"Plena Noite";"Crescente";"Ceu Claro";"Simples";"Curva";"Sim";2;1;0;0;1;0;0;2;-22,42799046;-43,70899806;"SPRF-RJ";"DEL05-RJ";"UOP04-DEL05-RJ"
581770;2024-02-18;"domingo";"00:05:00";"CE";116;541,3;"PENAFORTE";"Transitar na contramao";"Colisao frontal";"Com Vatimas Fatais";"Plena Noite";"Crescente";"Ceu Claro";"Simples";"Reta";"Nao";3;1;0;0;2;0;0;2;-7,77028401;-39,06799897;"SPRF-CE";"DEL05-CE";"UOP03-DEL05-CE"
581772;2024-02-17;"sabado";"20:40:00";"GO";153;627;"MORRINHOS";"Ingestao de alcool pelo condutor";"Colisao traseira";"Com Vatimas Fatais";"Plena Noite";"Decrescente";"Nublado";"Dupla";"Reta";"Nao";4;1;1;0;2;0;1;4;-17,7792;-49,1788;"SPRF-GO";"DEL03-GO";"UOP01-DEL03-GO"
581773;2024-02-17;"sabado";"23:45:00";"PR";376;655;"TIJUCAS DO SUL";"Velocidade Incompatavel";"Tombamento";"Com Vatimas Feridas";"Plena Noite";"Decrescente";"Nublado";"Simples";"Declive;Curva                 ";"Nao";2;0;2;0;0;0;2;1;-25,840147;-49,029841;"SPRF-PR";"DEL01-PR";"UOP04-DEL01-PR"
581777;2024-02-18;"domingo";"00:18:00";"MG";40;504,7;"RIBEIRAO DAS NEVES";"Ingestao de alcool pelo condutor";"Colisao traseira";"Com Vatimas Feridas";"Plena Noite";"Crescente";"Nublado";"Dupla";"Reta;Aclive                   ";"Nao";3;0;0;1;2;0;1;2;-19,72987888;-44,15253368;"SPRF-MG";"DEL02-MG";"UOP01-DEL02-MG"
581779;2024-02-17;"sabado";"19:00:00";"BA";407;50;"JUAZEIRO";"Transitar na contramao";"Colisao frontal";"Com Vatimas Fatais";"Plena Noite";"Decrescente";"Chuva";"Simples";"Reta";"Nao";2;1;0;0;1;0;0;2;-9,81415798;-40,31571096;"SPRF-BA";"DEL04-BA";"UOP01-DEL04-BA"
581784;2024-02-18;"domingo";"02:00:00";"MG";381;906,9;"CAMBUI";"Velocidade Incompatavel";"Tombamento";"Com Vatimas Fatais";"Plena Noite";"Decrescente";"Nevoeiro/Neblina";"Dupla";"Reta";"Nao";3;1;2;0;0;0;2;1;-22,70254777;-46,11752735;"SPRF-MG";"DEL16-MG";"UOP03-DEL16-MG"
581787;2024-02-18;"domingo";"01:50:00";"SP";116;172;"JACAREI";"Ausancia de Reacao do condutor";"Saida de leito carrocavel";"Com Vatimas Feridas";"Plena Noite";"Crescente";"Ceu Claro";"Dupla";"Reta";"Nao";1;0;1;0;0;0;1;1;-23,31527532;-46,07231796;"SPRF-SP";"DEL02-SP";"UOP01-DEL02-SP"
581788;2024-02-17;"sabado";"23:00:00";"MG";365;541;"ROMARIA";"Ausancia de Reacao do condutor";"Saida de leito carrocavel";"Com Vatimas Feridas";"Anoitecer";"Crescente";"Nevoeiro/Neblina";"Simples";"Rotataria;Reta                ";"Nao";2;0;1;0;0;1;1;2;-18,93214935;-47,60038505;"SPRF-MG";"DEL10-MG";"UOP01-DEL10-MG"
581789;2024-02-18;"domingo";"00:50:00";"PI";316;351;"CAMPO GRANDE DO PIAUI";"Transitar na contramao";"Colisao frontal";"Com Vatimas Fatais";"Plena Noite";"Decrescente";"Ceu Claro";"Simples";"Reta";"Nao";2;1;0;0;0;1;0;2;-7,12447184;-41,11031598;"SPRF-PI";"DEL04-PI";"UOP03-DEL04-PI"
581791;2024-02-17;"sabado";"01:40:00";"BA";418;79;"NOVA VICOSA";"Ingestao de alcool pelo condutor";"Colisao frontal";"Com Vatimas Feridas";"Plena Noite";"Decrescente";"Nublado";"Simples";"Reta";"Nao";2;0;0;1;1;0;1;2;-17,865864;-39,751092;"SPRF-BA";"DEL09-BA";"UOP02-DEL09-BA"
581798;2024-02-18;"domingo";"04:40:00";"PE";232;68,6;"GRAVATA";"Reacao tardia ou ineficiente do condutor";"Saida de leito carrocavel";"Com Vatimas Feridas";"Plena Noite";"Decrescente";"Ceu Claro";"Dupla";"Curva";"Nao";1;0;1;0;0;0;1;1;-8,16728938;-35,47308397;"SPRF-PE";"DEL02-PE";"UOP02-DEL02PE"
581802;2024-02-18;"domingo";"05:44:00";"PR";376;673;"GUARATUBA";"Ausancia de Reacao do condutor";"Colisao traseira";"Com Vatimas Feridas";"Amanhecer";"Crescente";"Nublado";"Simples";"Reta";"Nao";3;0;1;0;2;0;1;2;-25,90092097;-48,92572096;"SPRF-PR";"DEL01-PR";"UOP04-DEL01-PR"
581807;2024-02-18;"domingo";"02:30:00";"CE";20;146,8;"TAUA";"Condutor Dormindo";"Tombamento";"Sem Vatimas";"Plena Noite";"Decrescente";"Nublado";"Simples";"Reta";"Nao";1;0;0;0;1;0;0;1;-5,51003399;-40,05581301;"SPRF-CE";"DEL02-CE";"UOP02-DEL02-CE"
581816;2024-02-18;"domingo";"04:30:00";"MG";381;589;"CARMOPOLIS DE MINAS";"Demais falhas mecanicas ou elatricas";"Incendio";"Sem Vatimas";"Plena Noite";"Decrescente";"Nublado";"Maltipla";"Reta";"Sim";1;0;0;0;1;0;0;1;-20,56175976;-44,66523212;"SPRF-MG";"DEL04-MG";"UOP01-DEL04-MG"
581821;2024-02-18;"domingo";"07:05:00";"SC";101;186,1;"BIGUACU";"Velocidade Incompatavel";"Colisao com objeto";"Com Vatimas Feridas";"Pleno dia";"Crescente";"Garoa/Chuvisco";"Dupla";"Curva";"Nao";2;0;1;0;1;0;1;2;-27,4341098;-48,62567129;"SPRF-SC";"DEL01-SC";"UOP01-DEL01-SC"
581831;2024-01-23;"terça-feira";"10:30:00";"PI";316;15;"TERESINA";"Reacao tardia ou ineficiente do condutor";"Saida de leito carrocavel";"Com Vatimas Feridas";"Pleno dia";"Decrescente";"Ceu Claro";"Dupla";"Curva";"Nao";2;0;0;1;1;0;1;2;-5,22618889;-42,75017066;"SPRF-PI";"DEL01-PI";"UOP02-DEL01-PI"
581832;2024-02-18;"domingo";"05:30:00";"SC";158;119;"CAIBI";"Demais falhas na via";"Colisao lateral sentido oposto";"Com Vatimas Feridas";"Amanhecer";"Crescente";"Ceu Claro";"Simples";"Reta";"Nao";2;0;1;0;1;0;1;2;-27,07838586;-53,22910309;"SPRF-SC";"DEL07-SC";"UOP02-DEL07-SC"
581835;2024-02-18;"domingo";"05:30:00";"TO";230;40;"NAZARE";"Animais na Pista";"Atropelamento de Animal";"Sem Vatimas";"Plena Noite";"Crescente";"Ceu Claro";"Simples";"Reta;Declive                  ";"Nao";1;0;0;0;1;0;0;1;-6,39259112;-47,69827323;"SPRF-TO";"DEL02-TO";"UOP03-DEL02-TO"
581839;2024-02-18;"domingo";"05:00:00";"MG";251;503,3;"FRANCISCO SA";"Pista Escorregadia";"Tombamento";"Com Vatimas Feridas";"Amanhecer";"Decrescente";"Chuva";"Simples";"Declive;Reta                  ";"Nao";1;0;1;0;0;0;1;1;-16,61472808;-43,6647179;"SPRF-MG";"DEL12-MG";"UOP01-DEL12-MG"
581844;2024-02-15;"quinta-feira";"08:20:00";"RJ";40;123;"DUQUE DE CAXIAS";"Manobra de mudanaa de faixa";"Colisao lateral mesmo sentido";"Com Vatimas Feridas";"Amanhecer";"Crescente";"Nublado";"Dupla";"Reta";"Sim";4;0;2;0;2;0;2;3;-22,79907687;-43,29015739;"SPRF-RJ";"DEL01-RJ";"UOP02-DEL01-RJ"
581847;2024-02-18;"domingo";"08:35:00";"PR";376;325,5;"ORTIGUEIRA";"Ausancia de Reacao do condutor";"Colisao frontal";"Com Vatimas Feridas";"Pleno dia";"Decrescente";"Sol";"Dupla";"Aclive;Reta                   ";"Nao";2;0;1;0;1;0;1;2;-24,08870932;-51,05177324;"SPRF-PR";"DEL07-PR";"UOP02-DEL07-PR"
581848;2024-02-09;"sexta-feira";"14:15:00";"GO";70;370;"MONTES CLAROS DE GOIAS";"Acessar a via sem observar a presenca dos outros veiculos";"Colisao transversal";"Com Vatimas Feridas";"Pleno dia";"Crescente";"Ceu Claro";"Simples";"Interseaao de Vias";"Sim";3;0;2;0;1;0;2;2;-15,94190095;-51,35837302;"SPRF-GO";"DEL04-GO";"UOP02-DEL04-GO"
581849;2024-02-18;"domingo";"07:10:00";"MG";381;904,5;"CAMBUI";"Reacao tardia ou ineficiente do condutor";"Colisao lateral mesmo sentido";"Com Vatimas Fatais";"Pleno dia";"Decrescente";"Ceu Claro";"Dupla";"Reta;Declive                  ";"Nao";6;1;0;0;1;4;0;3;-22,65413365;-46,0890103;"SPRF-MG";"DEL16-MG";"UOP03-DEL16-MG"
581852;2024-02-18;"domingo";"10:23:00";"MG";251;515;"MONTES CLAROS";"Velocidade Incompatavel";"Saida de leito carrocavel";"Com Vatimas Feridas";"Pleno dia";"Crescente";"Chuva";"Simples";"Reta";"Nao";3;0;2;1;0;0;3;1;-16,65954384;-43,74380102;"SPRF-MG";"DEL12-MG";"UOP01-DEL12-MG"
581855;2024-02-18;"domingo";"08:00:00";"PR";369;24;"CAMBARA";"Velocidade Incompatavel";"Colisao lateral mesmo sentido";"Com Vatimas Feridas";"Pleno dia";"Decrescente";"Ceu Claro";"Simples";"Reta;Declive                  ";"Nao";3;0;1;1;1;0;2;2;-23,03549471;-50,13299704;"SPRF-PR";"DEL07-PR";"UOP05-DEL07-PR"
581864;2024-02-18;"domingo";"04:45:00";"MT";163;1045;"MATUPA";"Transitar na contramao";"Colisao frontal";"Com Vatimas Fatais";"Amanhecer";"Decrescente";"Ceu Claro";"Simples";"Reta";"Nao";3;2;0;0;1;0;0;2;-10,11550649;-54,93267059;"SPRF-MT";"DEL06-MT";"UOP03-DEL06-MT"
581869;2024-02-18;"domingo";"12:24:00";"PI";316;10;"TERESINA";"Manobra de mudanaa de faixa";"Colisao lateral mesmo sentido";"Sem Vatimas";"Pleno dia";"Decrescente";"Sol";"Maltipla";"Reta";"Sim";2;0;0;0;2;0;0;2;-5,18280197;-42,76350291;"SPRF-PI";"DEL01-PI";"UOP02-DEL01-PI"
581874;2024-02-18;"domingo";"13:00:00";"PR";116;206;"RIO NEGRO";"Condutor Dormindo";"Tombamento";"Com Vatimas Feridas";"Pleno dia";"Decrescente";"Chuva";"Simples";"Declive;Reta                  ";"Sim";1;0;1;0;0;0;1;1;-26,06325968;-49,73150253;"SPRF-SC";"DEL06-SC";"UOP01-DEL06-SC"
581880;2024-02-18;"domingo";"11:25:00";"MG";251;370,7;"GRAO MOGOL";"Velocidade Incompatavel";"Engavetamento";"Com Vatimas Feridas";"Pleno dia";"Decrescente";"Chuva";"Simples";"Reta";"Nao";4;0;0;2;2;0;2;4;-16,28432002;-42,68795299;"SPRF-MG";"DEL12-MG";"UOP01-DEL12-MG"
581883;2024-02-18;"domingo";"12:00:00";"MG";116;614,5;"ORIZANIA";"Manobra de mudanaa de faixa";"Colisao traseira";"Com Vatimas Feridas";"Pleno dia";"Crescente";"Sol";"Simples";"Declive;Reta                  ";"Nao";3;0;0;2;1;0;2;2;-20,46076099;-42,17499018;"SPRF-MG";"DEL07-MG";"UOP02-DEL07-MG"
581885;2024-02-18;"domingo";"14:15:00";"SP";NA;NA;"BADY BASSITT";"Ausancia de Reacao do condutor";"Incendio";"Sem Vatimas";"Pleno dia";"Nao Informado";"Nublado";"Dupla";"Reta";"Nao";1;0;0;0;1;0;0;1;-20,91678258;-49,49721334;"SPRF-SP";"DEL09-SP";"UOP01-DEL09-SP"
581886;2024-02-18;"domingo";"16:00:00";"SP";116;312;"SAO LOURENCO DA SERRA";"Trafegar com motocicleta (ou similar) entre as faixas";"Colisao lateral mesmo sentido";"Com Vatimas Feridas";"Pleno dia";"Decrescente";"Nublado";"Dupla";"Declive;Reta                  ";"Sim";3;0;0;1;1;1;1;3;-23,88342825;-46,97368879;"SPRF-SP";"DEL04-SP";"UOP01-DEL04-SP"
581888;2024-02-18;"domingo";"14:49:00";"PA";155;261;"ELDORADO DO CARAJAS";"Reacao tardia ou ineficiente do condutor";"Colisao traseira";"Sem Vatimas";"Pleno dia";"Crescente";"Sol";"Simples";"Reta;Em Obras                 ";"Nao";3;0;0;0;3;0;0;3;-6,041951;-49,286166;"SPRF-PA";"DEL03-PA";"UOP01-DEL03-PA"
581893;2024-02-18;"domingo";"10:40:00";"ES";101;335,6;"GUARAPARI";"Reacao tardia ou ineficiente do condutor";"Saida de leito carrocavel";"Sem Vatimas";"Pleno dia";"Decrescente";"Nublado";"Dupla";"Curva";"Nao";1;0;0;0;1;0;0;1;-20,62718356;-40,52742029;"SPRF-ES";"DEL03-ES";"UOP01-DEL03-ES"
581895;2024-02-18;"domingo";"13:45:00";"MG";251;513,6;"MONTES CLAROS";"Velocidade Incompatavel";"Colisao com objeto";"Sem Vatimas";"Pleno dia";"Decrescente";"Chuva";"Simples";"Reta;Ponte                    ";"Nao";1;0;0;0;1;0;0;1;-16,6575132;-43,72704597;"SPRF-MG";"DEL12-MG";"UOP01-DEL12-MG"
581911;2024-02-18;"domingo";"00:00:00";"PA";316;184,6;"SANTA LUZIA DO PARA";"Demais falhas mecanicas ou elatricas";"Incendio";"Sem Vatimas";"Plena Noite";"Crescente";"Nublado";"Simples";"Reta";"Nao";1;0;0;0;0;1;0;1;-1,43195493;-46,98150193;"SPRF-PA";"DEL01-PA";"UOP03-DEL01-PA"
581916;2024-02-18;"domingo";"17:27:00";"MT";364;399;"CUIABA";"Reacao tardia ou ineficiente do condutor";"Tombamento";"Com Vatimas Feridas";"Anoitecer";"Decrescente";"Nublado";"Dupla";"Reta";"Nao";1;0;1;0;0;0;1;1;-15,67919104;-55,92995102;"SPRF-MT";"DEL01-MT";"UOP02-DEL01-MT"
581927;2024-02-18;"domingo";"15:22:00";"SP";116;564;"BARRA DO TURVO";"Velocidade Incompatavel";"Saida de leito carrocavel";"Com Vatimas Feridas";"Pleno dia";"Crescente";"Chuva";"Simples";"Curva";"Nao";5;0;1;0;4;0;1;2;-25,03458919;-48,53543877;"SPRF-SP";"DEL05-SP";"UOP02-DEL05-SP"
581937;2024-02-18;"domingo";"21:20:00";"GO";50;210,3;"CAMPO ALEGRE DE GOIAS";"Ingestao de alcool pelo condutor";"Colisao lateral mesmo sentido";"Sem Vatimas";"Plena Noite";"Decrescente";"Chuva";"Dupla";"Declive;Reta                  ";"Nao";2;0;0;0;1;1;0;2;-17,647;-47,757;"SPRF-GO";"DEL06-GO";"UOP01-DEL06-GO"
581940;2024-02-18;"domingo";"17:10:00";"MG";116;78,2;"MEDINA";"Transitar na contramao";"Colisao frontal";"Com Vatimas Feridas";"Anoitecer";"Decrescente";"Nublado";"Simples";"Curva";"Sim";4;0;1;1;1;1;2;2;-16,26733792;-41,47802805;"SPRF-MG";"DEL11-MG";"UOP02-DEL11-MG"
581948;2024-02-18;"domingo";"18:45:00";"PB";230;426;"POMBAL";"Acumulo de agua sobre o pavimento";"Saida de leito carrocavel";"Com Vatimas Feridas";"Plena Noite";"Crescente";"Chuva";"Simples";"Reta";"Nao";1;0;1;0;0;0;1;1;-6,7336;-37,9059;"SPRF-PB";"DEL03-PB";"UOP02-DEL03-PB"
581952;2024-02-18;"domingo";"19:40:00";"CE";402;288,8;"TURURU";"Ausancia de Reacao do condutor";"Colisao com objeto";"Com Vatimas Fatais";"Plena Noite";"Crescente";"Chuva";"Simples";"Reta";"Nao";2;1;0;0;1;0;0;2;-3,61339014;-39,43322244;"SPRF-CE";"DEL01-CE";"UOP03-DEL01-CE"
581954;2024-02-18;"domingo";"21:30:00";"BA";101;422;"IBIRAPITANGA";"Velocidade Incompatavel";"Tombamento";"Com Vatimas Feridas";"Plena Noite";"Crescente";"Chuva";"Simples";"Curva";"Nao";1;0;1;0;0;0;1;1;-14,13499425;-39,35809135;"SPRF-BA";"DEL05-BA";"UOP03-DEL05-BA"
581956;2024-02-18;"domingo";"18:30:00";"BA";110;133;"CICERO DANTAS";"Manobra de mudanaa de faixa";"Colisao frontal";"Com Vatimas Fatais";"Plena Noite";"Crescente";"Ceu Claro";"Simples";"Reta";"Nao";7;2;2;2;1;0;4;2;-10,56531407;-38,37390963;"SPRF-BA";"DEL07-BA";"UOP02-DEL07-BA"
581961;2024-02-18;"domingo";"23:35:00";"RJ";354;13,6;"RESENDE";"Problema com o freio";"Saida de leito carrocavel";"Com Vatimas Feridas";"Plena Noite";"Crescente";"Nublado";"Simples";"Declive;Curva                 ";"Nao";1;0;0;1;0;0;1;1;-22,436623;-44,735523;"SPRF-RJ";"DEL07-RJ";"UOP02-DEL07-RJ"
581968;2024-02-19;"segunda-feira";"05:00:00";"TO";153;240;"COLINAS DO TOCANTINS";"Ausancia de Reacao do condutor";"Colisao frontal";"Com Vatimas Fatais";"Amanhecer";"Crescente";"Ceu Claro";"Simples";"Reta";"Nao";3;1;2;0;0;0;2;2;-7,994203;-48,46468483;"SPRF-TO";"DEL02-TO";"UOP01-DEL02-TO"
581971;2024-02-19;"segunda-feira";"05:50:00";"GO";60;370;"RIO VERDE";"Ausancia de Reacao do condutor";"Colisao traseira";"Com Vatimas Feridas";"Amanhecer";"Decrescente";"Nublado";"Dupla";"Reta";"Nao";3;0;0;1;2;0;1;2;-17,689506;-50,837766;"SPRF-GO";"DEL04-GO";"UOP02-DEL04-GO"
581972;2024-02-19;"segunda-feira";"04:30:00";"RO";364;275;"CACOAL";"Ultrapassagem Indevida";"Colisao lateral sentido oposto";"Com Vatimas Feridas";"Amanhecer";"Crescente";"Chuva";"Simples";"Curva";"Nao";3;0;1;1;1;0;2;2;-11,388707;-61,76279;"SPRF-RO";"DEL02-RO";"UOP02-DEL02-RO"
581980;2024-02-19;"segunda-feira";"02:32:00";"PE";423;102;"GARANHUNS";"Ingestao de alcool pelo condutor";"Tombamento";"Sem Vatimas";"Plena Noite";"Decrescente";"Nublado";"Simples";"Curva";"Nao";1;0;0;0;1;0;0;1;-8,97291492;-36,5210582;"SPRF-PE";"DEL03-PE";"UOP01-DEL03-PE"
581984;2024-02-19;"segunda-feira";"07:40:00";"ES";101;289;"CARIACICA";"Acessar a via sem observar a presenca dos outros veiculos";"Colisao transversal";"Com Vatimas Feridas";"Pleno dia";"Decrescente";"Ceu Claro";"Dupla";"Retorno Regulamentado;Reta    ";"Sim";2;0;1;0;0;1;1;2;-20,28029304;-40,39302931;"SPRF-ES";"DEL01-ES";"UOP01-DEL01-ES"
581987;2024-02-19;"segunda-feira";"07:34:00";"PE";101;25;"IGARASSU";"Reacao tardia ou ineficiente do condutor";"Engavetamento";"Com Vatimas Feridas";"Pleno dia";"Crescente";"Ceu Claro";"Dupla";"Reta";"Nao";5;0;2;0;3;0;2;3;-7,7009082;-34,9229207;"SPRF-PE";"DEL01-PE";"UOP02-DEL01-PE"
581992;2024-02-19;"segunda-feira";"06:00:00";"MA";135;71;"SANTA RITA";"Condutor Dormindo";"Colisao lateral sentido oposto";"Com Vatimas Feridas";"Pleno dia";"Decrescente";"Nublado";"Simples";"Reta;Ponte                    ";"Sim";2;0;1;0;1;0;1;2;-3,14970425;-44,32934734;"SPRF-MA";"DEL01-MA";"UOP02-DEL01-MA"
581999;2024-01-21;"domingo";"19:30:00";"PI";407;430;"GEMINIANO";"Iluminaaao deficiente";"Colisao lateral mesmo sentido";"Com Vatimas Feridas";"Plena Noite";"Crescente";"Ceu Claro";"Simples";"Reta";"Nao";2;0;0;1;0;1;1;2;-7,12831877;-41,39344785;"SPRF-PI";"DEL04-PI";"UOP01-DEL04-PI"
582000;2024-02-19;"segunda-feira";"08:30:00";"PR";116;113;"CURITIBA";"Acessar a via sem observar a presenca dos outros veiculos";"Colisao traseira";"Com Vatimas Feridas";"Pleno dia";"Decrescente";"Nublado";"Dupla";"Reta";"Sim";3;0;0;1;1;1;1;3;-25,56513636;-49,24675108;"SPRF-PR";"DEL01-PR";"UOP07-DEL01-PR"
582002;2024-02-19;"segunda-feira";"08:40:00";"SC";282;21,7;"SANTO AMARO DA IMPERATRIZ";"Transitar na contramao";"Colisao lateral sentido oposto";"Com Vatimas Feridas";"Pleno dia";"Decrescente";"Ceu Claro";"Simples";"Curva";"Sim";3;0;0;2;1;0;2;2;-27,68907;-48,717541;"SPRF-SC";"DEL01-SC";"UOP02-DEL01-SC"
582003;2024-01-26;"sexta-feira";"18:00:00";"MT";163;611;"NOVA MUTUM";"Acesso irregular";"Tombamento";"Com Vatimas Feridas";"Pleno dia";"Decrescente";"Ceu Claro";"Simples";"Curva";"Nao";1;0;1;0;0;0;1;1;-13,70681804;-56,04045869;"SPRF-MT";"DEL01-MT";"UOP01-DEL01-MT"
582005;2024-02-19;"segunda-feira";"08:15:00";"RJ";493;6;"ITABORAI";"Ultrapassagem Indevida";"Colisao lateral mesmo sentido";"Com Vatimas Feridas";"Pleno dia";"Crescente";"Ceu Claro";"Simples";"Reta";"Nao";3;0;1;0;1;1;1;3;-22,73124198;-42,95145305;"SPRF-RJ";"DEL02-RJ";"UOP02-DEL02-RJ"
582007;2024-02-19;"segunda-feira";"08:49:00";"MS";262;44;"TRES LAGOAS";"Transitar na contramao";"Colisao frontal";"Com Vatimas Feridas";"Pleno dia";"Crescente";"Nublado";"Simples";"Reta";"Nao";2;0;1;0;1;0;1;2;-20,76617504;-52,00534801;"SPRF-MS";"DEL07-MS";"UOP01-DEL07-MS"
582010;2024-02-19;"segunda-feira";"06:50:00";"PE";423;47;"CACHOEIRINHA";"Reacao tardia ou ineficiente do condutor";"Colisao lateral mesmo sentido";"Com Vatimas Feridas";"Pleno dia";"Decrescente";"Ceu Claro";"Simples";"Reta";"Nao";2;0;1;0;1;0;1;2;-8,5490279;-36,27184525;"SPRF-PE";"DEL03-PE";"UOP01-DEL03-PE"
582014;2024-02-19;"segunda-feira";"10:10:00";"SP";116;222;"GUARULHOS";"Reacao tardia ou ineficiente do condutor";"Colisao lateral mesmo sentido";"Com Vatimas Feridas";"Pleno dia";"Decrescente";"Sol";"Maltipla";"Reta";"Sim";2;0;1;0;1;0;1;2;-23,47093408;-46,51631097;"SPRF-SP";"DEL01-SP";"UOP01-DEL01-SP"
582015;2024-02-19;"segunda-feira";"09:00:00";"MT";163;115;"RONDONOPOLIS";"Reacao tardia ou ineficiente do condutor";"Tombamento";"Sem Vatimas";"Pleno dia";"Crescente";"Ceu Claro";"Dupla";"Reta";"Nao";1;0;0;0;1;0;0;1;-16,53799506;-54,66666488;"SPRF-MT";"DEL02-MT";"UOP01-DEL02-MT"
582016;2024-01-08;"segunda-feira";"12:10:00";"PE";101;190;"PALMARES";"Condutor Dormindo";"Colisao traseira";"Com Vatimas Feridas";"Pleno dia";"Crescente";"Nublado";"Dupla";"Reta;Aclive                   ";"Nao";3;0;2;0;1;0;2;2;-8,69573052;-35,6103118;"SPRF-PE";"DEL01-PE";"UOP03-DEL01-PE"