"id";"data_inversa";"dia_semana";"horario";"uf";"br";"km";"municipio";"causa_acidente";"tipo_acidente";"classificacao_acidente";"fase_dia";"sentido_via";"condicao_metereologica";"tipo_pista";"tracado_via";"uso_solo";"pessoas";"mortos";"feridos_leves";"feridos_graves";"ilesos";"ignorados";"feridos";"veiculos";"latitude";"longitude";"regional";"delegacia";"uop"
582569;2024-02-22;"quinta-feira";"08:00:00";"PR";376;602;"CURITIBA";"Ingestao de alcool pelo condutor";"Engavetamento";"Com Vatimas Feridas";"Pleno dia";"Decrescente";"Nublado";"Dupla";"Reta";"Nao";6;0;4;0;2;0;4;4;-25,54329052;-49,30719981;"SPRF-PR";"DEL01-PR";"UOP06-DEL01-PR"
582572;2024-02-22;"quinta-feira";"11:30:00";"SP";116;388;"MIRACATU";"Condutor deixou de manter distancia do veiculo da frente";"Colisao traseira";"Sem Vatimas";"Pleno dia";"Decrescente";"Ceu Claro";"Dupla";"Reta";"Nao";2;0;0;0;2;0;0;2;-24,26919492;-47,39740603;"SPRF-SP";"DEL04-SP";"UOP02-DEL04-SP"
582577;2024-02-22;"quinta-feira";"09:50:00";"SP";116;542;"BARRA DO TURVO";"Frear bruscamente";"Derramamento de carga";"Sem Vatimas";"Pleno dia";"Crescente";"Nublado";"Dupla";"Reta";"Nao";2;0;0;0;1;1;0;2;-24,96898395;-48,40753695;"SPRF-SP";"DEL05-SP";"UOP02-DEL05-SP"
582578;2024-02-22;"quinta-feira";"12:00:00";"ES";262;45,7;"DOMINGOS MARTINS";"Acessar a via sem observar a presenca dos outros veiculos";"Atropelamento de Pedestre";"Com Vatimas Feridas";"Pleno dia";"Decrescente";"Chuva";"Simples";"Reta";"Sim";2;0;0;1;1;0;1;2;-20,39769215;-40,67180229;"SPRF-ES";"DEL01-ES";"UOP01-DEL01-ES"
582580;2024-02-22;"quinta-feira";"11:05:00";"MT";174;293;"PONTES E LACERDA";"Conversao proibida";"Colisao transversal";"Com Vatimas Feridas";"Pleno dia";"Crescente";"Ceu Claro";"Simples";"Reta";"Nao";4;0;1;0;3;0;1;2;-15,18889293;-59,32384877;"SPRF-MT";"DEL04-MT";"UOP01-DEL04-MT"
582582;2024-02-22;"quinta-feira";"10:35:00";"RS";471;591,2;"SANTA VITORIA DO PALMAR";"Animais na Pista";"Saida de leito carrocavel";"Com Vatimas Feridas";"Pleno dia";"Crescente";"Nublado";"Simples";"Curva";"Nao";2;0;2;0;0;0;2;1;-33,122612;-52,94001;"SPRF-RS";"DEL07-RS";"UOP04-DEL07-RS"
582584;2024-02-22;"quinta-feira";"10:00:00";"SC";101;100,5;"BALNEARIO PICARRAS";"Trafegar com motocicleta (ou similar) entre as faixas";"Colisao lateral mesmo sentido";"Com Vatimas Feridas";"Pleno dia";"Crescente";"Ceu Claro";"Dupla";"Reta";"Sim";2;0;0;1;1;0;1;2;-26,75482787;-48,68993675;"SPRF-SC";"DEL03-SC";"UOP02-DEL03-SC"
582585;2024-02-22;"quinta-feira";"13:00:00";"ES";101;304,6;"VIANA";"Chuva";"Colisao traseira";"Com Vatimas Feridas";"Pleno dia";"Decrescente";"Chuva";"Dupla";"Reta";"Sim";4;0;1;0;3;0;1;3;-20,3800645;-40,45431391;"SPRF-ES";"DEL01-ES";"UOP01-DEL01-ES"
582586;2024-02-22;"quinta-feira";"05:40:00";"PR";376;321,6;"ORTIGUEIRA";"Neblina";"Colisao lateral sentido oposto";"Com Vatimas Feridas";"Amanhecer";"Crescente";"Nevoeiro/Neblina";"Simples";"Declive";"Nao";9;0;4;0;5;0;4;4;-24,06054304;-51,06239611;"SPRF-PR";"DEL07-PR";"UOP02-DEL07-PR"
582589;2024-02-22;"quinta-feira";"07:50:00";"MG";251;473,9;"FRANCISCO SA";"Velocidade Incompatavel";"Saida de leito carrocavel";"Com Vatimas Feridas";"Pleno dia";"Crescente";"Chuva";"Simples";"Curva;Declive                 ";"Nao";1;0;1;0;0;0;1;1;-16,471274;-43,425573;"SPRF-MG";"DEL12-MG";"UOP01-DEL12-MG"
582592;2024-02-22;"quinta-feira";"12:15:00";"PE";101;93,2;"JABOATAO DOS GUARARAPES";"Demais falhas mecanicas ou elatricas";"Colisao com objeto";"Com Vatimas Feridas";"Pleno dia";"Crescente";"Ceu Claro";"Dupla";"Reta";"Nao";2;0;1;0;0;1;1;2;-8,2396419;-35,00335418;"SPRF-PE";"DEL01-PE";"UOP01-DEL01-PE"
582604;2024-02-22;"quinta-feira";"07:15:00";"BA";116;289;"TUCANO";"Reacao tardia ou ineficiente do condutor";"Tombamento";"Sem Vatimas";"Pleno dia";"Crescente";"Ceu Claro";"Simples";"Reta";"Nao";1;0;0;0;1;0;0;1;-11,08304404;-38,83481719;"SPRF-BA";"DEL02-BA";"UOP01-DEL02-BA"
582605;2024-02-22;"quinta-feira";"13:57:00";"MG";381;924,3;"CAMANDUCAIA";"Ausancia de Reacao do condutor";"Colisao com objeto";"Com Vatimas Feridas";"Pleno dia";"Crescente";"Chuva";"Dupla";"Curva";"Nao";2;0;2;0;0;0;2;1;-22,76478516;-46,1724472;"SPRF-MG";"DEL16-MG";"UOP03-DEL16-MG"
582615;2024-02-22;"quinta-feira";"13:00:00";"MG";40;205;"JOAO PINHEIRO";"Acumulo de agua sobre o pavimento";"Colisao lateral sentido oposto";"Com Vatimas Feridas";"Pleno dia";"Decrescente";"Chuva";"Simples";"Declive;Curva                 ";"Nao";2;0;1;0;1;0;1;2;-17,99237393;-45,77319798;"SPRF-MG";"DEL14-MG";"UOP02-DEL14-MG"
582618;2024-02-22;"quinta-feira";"15:40:00";"RS";101;72;"OSORIO";"Carga excessiva e/ou mal acondicionada";"Tombamento";"Com Vatimas Feridas";"Pleno dia";"Crescente";"Nublado";"Dupla";"Reta";"Sim";2;0;0;2;0;0;2;1;-29,7653103;-50,21740458;"SPRF-RS";"DEL03-RS";"UOP01-DEL03-RS"
582619;2024-02-22;"quinta-feira";"10:35:00";"MT";163;1109;"GUARANTA DO NORTE";"Ausancia de Reacao do condutor";"Tombamento";"Com Vatimas Feridas";"Pleno dia";"Crescente";"Garoa/Chuvisco";"Simples";"Declive;Curva                 ";"Nao";1;0;1;0;0;0;1;1;-9,603918;-54,882755;"SPRF-MT";"DEL06-MT";"UOP03-DEL06-MT"
582620;2024-02-22;"quinta-feira";"13:29:00";"GO";153;325;"RIANAPOLIS";"Reacao tardia ou ineficiente do condutor";"Saida de leito carrocavel";"Sem Vatimas";"Pleno dia";"Decrescente";"Chuva";"Simples";"Aclive;Reta                   ";"Nao";1;0;0;0;1;0;0;1;-15,490137;-49,490105;"SPRF-GO";"DEL02-GO";"UOP02-DEL02-GO"
582621;2024-02-22;"quinta-feira";"14:35:00";"PR";277;110;"CAMPO LARGO";"Transitar no Acostamento";"Colisao lateral mesmo sentido";"Sem Vatimas";"Pleno dia";"Decrescente";"Ceu Claro";"Dupla";"Reta;Desvio Temporario        ";"Nao";3;0;0;0;3;0;0;2;-25,44356708;-49,46271661;"SPRF-PR";"DEL03-PR";"UOP03-DEL03-PR"
582625;2024-02-22;"quinta-feira";"16:50:00";"RJ";101;59;"CAMPOS DOS GOYTACAZES";"Acessar a via sem observar a presenca dos outros veiculos";"Colisao transversal";"Com Vatimas Feridas";"Pleno dia";"Crescente";"Nublado";"Simples";"Reta";"Sim";2;0;1;0;1;0;1;2;-21,717205;-41,310927;"SPRF-RJ";"DEL08-RJ";"UOP01-DEL08-RJ"
582632;2024-02-22;"quinta-feira";"17:30:00";"MA";135;7;"SAO LUIS";"Reacao tardia ou ineficiente do condutor";"Engavetamento";"Com Vatimas Feridas";"Anoitecer";"Decrescente";"Chuva";"Dupla";"Reta";"Sim";4;0;1;0;3;0;1;4;-2,64165428;-44,27221003;"SPRF-MA";"DEL01-MA";"UOP01-DEL01-MA"
582634;2024-02-22;"quinta-feira";"17:45:00";"RS";392;349;"SANTA MARIA";"Demais falhas mecanicas ou elatricas";"Eventos atapicos";"Com Vatimas Feridas";"Pleno dia";"Crescente";"Ceu Claro";"Dupla";"Rotataria";"Sim";3;0;0;1;2;0;1;1;-29,74276702;-53,79342377;"SPRF-RS";"DEL09-RS";"UOP01-DEL09-RS"
582638;2024-02-22;"quinta-feira";"14:00:00";"MT";158;522,5;"CANARANA";"Manobra de mudanaa de faixa";"Capotamento";"Com Vatimas Feridas";"Pleno dia";"Decrescente";"Ceu Claro";"Simples";"Reta;Declive                  ";"Nao";5;0;2;0;3;0;2;2;-13,68549714;-52,01466971;"SPRF-MT";"DEL07-MT";"UOP02-DEL07-MT"
582654;2024-02-22;"quinta-feira";"19:40:00";"ES";101;295,4;"CARIACICA";"Condutor deixou de manter distancia do veiculo da frente";"Colisao frontal";"Com Vatimas Feridas";"Plena Noite";"Decrescente";"Chuva";"Maltipla";"Reta";"Sim";2;0;0;1;1;0;1;2;-20,33223667;-40,40004683;"SPRF-ES";"DEL01-ES";"UOP01-DEL01-ES"
582655;2024-02-22;"quinta-feira";"16:30:00";"PR";163;32,8;"SANTO ANTONIO DO SUDOESTE";"Ausancia de Reacao do condutor";"Colisao traseira";"Com Vatimas Feridas";"Pleno dia";"Crescente";"Ceu Claro";"Simples";"Declive";"Nao";5;0;5;0;0;0;5;2;-26,084465;-53,716074;"SPRF-PR";"DEL02-PR";"UOP02-DEL02-PR"
582657;2024-02-22;"quinta-feira";"18:15:00";"SC";470;97,1;"APIUNA";"Acessar a via sem observar a presenca dos outros veiculos";"Colisao transversal";"Com Vatimas Feridas";"Anoitecer";"Crescente";"Nevoeiro/Neblina";"Simples";"Interseaao de Vias;Reta       ";"Sim";5;0;3;1;1;0;4;2;-27,026621;-49,378124;"SPRF-SC";"DEL04-SC";"UOP01-DEL04-SC"
582659;2024-02-22;"quinta-feira";"18:30:00";"BA";101;24,5;"ESPLANADA";"Sinalizaaao mal posicionada";"Saida de leito carrocavel";"Com Vatimas Fatais";"Plena Noite";"Decrescente";"Nublado";"Simples";"Ponte;Em Obras;Curva;Declive;D";"Nao";3;2;1;0;0;0;1;1;-11,69014259;-37,90171087;"SPRF-SE";"DEL02-SE";"UOP03-DEL02-SE"
582662;2024-02-22;"quinta-feira";"13:15:00";"RS";472;477;"ITAQUI";"Demais falhas mecanicas ou elatricas";"Colisao com objeto";"Sem Vatimas";"Pleno dia";"Crescente";"Ceu Claro";"Simples";"Ponte;Reta                    ";"Nao";2;0;0;0;2;0;0;1;-29,1689506;-56,47556305;"SPRF-RS";"DEL12-RS";"UOP01-DEL12-RS"
582663;2024-02-22;"quinta-feira";"20:00:00";"SP";116;137;"SAO JOSE DOS CAMPOS";"Reacao tardia ou ineficiente do condutor";"Engavetamento";"Com Vatimas Fatais";"Plena Noite";"Crescente";"Ceu Claro";"Dupla";"Reta";"Nao";5;1;4;0;0;0;4;3;-23,15300766;-45,78709317;"SPRF-SP";"DEL02-SP";"UOP01-DEL02-SP"
582664;2024-02-18;"domingo";"22:00:00";"MS";163;640,6;"SAO GABRIEL DO OESTE";"Ausancia de Reacao do condutor";"Colisao com objeto";"Com Vatimas Feridas";"Plena Noite";"Decrescente";"Nevoeiro/Neblina";"Dupla";"Reta";"Nao";1;0;1;0;0;0;1;1;-19,22599698;-54,70786699;"SPRF-MS";"DEL06-MS";"UOP02-DEL06-MS"
582665;2024-02-22;"quinta-feira";"19:55:00";"SP";116;432;"REGISTRO";"Ausancia de Reacao do condutor";"Colisao traseira";"Com Vatimas Feridas";"Plena Noite";"Crescente";"Chuva";"Dupla";"Reta";"Nao";7;0;1;0;6;0;1;4;-24,416593;-47,76187;"SPRF-SP";"DEL05-SP";"UOP01-DEL05-SP"
582673;2024-02-22;"quinta-feira";"20:00:00";"MS";267;27,2;"BATAGUASSU";"Pedestre andava na pista";"Atropelamento de Pedestre";"Com Vatimas Feridas";"Plena Noite";"Crescente";"Ceu Claro";"Simples";"Reta";"Nao";2;0;0;1;1;0;1;2;-21,72293;-52,398218;"SPRF-MS";"DEL02-MS";"UOP04-DEL02-MS"
582675;2024-02-22;"quinta-feira";"20:45:00";"RS";386;29,8;"FREDERICO WESTPHALEN";"Demais falhas mecanicas ou elatricas";"Colisao com objeto";"Com Vatimas Feridas";"Plena Noite";"Crescente";"Ceu Claro";"Simples";"Reta";"Sim";2;0;0;1;1;0;1;2;-27,318573;-53,375618;"SPRF-RS";"DEL08-RS";"UOP02-DEL08-RS"
582678;2024-02-22;"quinta-feira";"14:15:00";"PA";163;513;"ITAITUBA";"Reacao tardia ou ineficiente do condutor";"Tombamento";"Sem Vatimas";"Pleno dia";"Crescente";"Ceu Claro";"Simples";"Curva";"Nao";4;0;0;0;1;3;0;2;-5,41042998;-55,88634589;"SPRF-PA";"DEL05-PA";"UOP02-DEL05-PA"
582681;2024-02-22;"quinta-feira";"08:30:00";"BA";101;129;"TEODORO SAMPAIO";"Demais falhas mecanicas ou elatricas";"Incendio";"Sem Vatimas";"Pleno dia";"Crescente";"Ceu Claro";"Simples";"Reta";"Nao";1;0;0;0;1;0;0;1;-12,21503896;-38,61801714;"SPRF-BA";"DEL01-BA";"UOP04-DEL01-BA"
582686;2024-02-22;"quinta-feira";"22:00:00";"SC";101;98,5;"BALNEARIO PICARRAS";"Pedestre cruzava a pista fora da faixa";"Atropelamento de Pedestre";"Com Vatimas Fatais";"Plena Noite";"Crescente";"Chuva";"Dupla";"Curva";"Nao";3;1;0;0;1;1;0;2;-26,746573;-48,696797;"SPRF-SC";"DEL03-SC";"UOP02-DEL03-SC"
582689;2024-02-22;"quinta-feira";"20:30:00";"BA";242;352;"LENCOIS";"Velocidade Incompatavel";"Tombamento";"Com Vatimas Feridas";"Plena Noite";"Decrescente";"Nublado";"Simples";"Declive;Curva                 ";"Nao";2;0;1;1;0;0;2;1;-12,49857081;-41,33159186;"SPRF-BA";"DEL06-BA";"UOP01-DEL06-BA"
582691;2024-02-23;"sexta-feira";"00:05:00";"MG";50;188;"UBERABA";"Condutor Dormindo";"Colisao traseira";"Com Vatimas Feridas";"Plena Noite";"Decrescente";"Ceu Claro";"Dupla";"Aclive;Reta                   ";"Nao";3;0;0;1;2;0;1;2;-19,84070819;-47,87993327;"SPRF-MG";"DEL13-MG";"UOP01-DEL13-MG"
582692;2024-02-23;"sexta-feira";"00:50:00";"RS";470;189,3;"VERANOPOLIS";"Reacao tardia ou ineficiente do condutor";"Colisao traseira";"Com Vatimas Feridas";"Plena Noite";"Crescente";"Nublado";"Simples";"Aclive;Reta                   ";"Nao";6;0;1;0;4;1;1;2;-29,01620401;-51,56173297;"SPRF-RS";"DEL06-RS";"UOP02-DEL06-RS"
582697;2024-02-23;"sexta-feira";"01:20:00";"MA";222;675;"ACAILANDIA";"Ingestao de alcool pelo condutor";"Colisao transversal";"Com Vatimas Feridas";"Plena Noite";"Crescente";"Garoa/Chuvisco";"Simples";"Reta";"Sim";2;0;1;0;1;0;1;2;-4,93859094;-47,46131504;"SPRF-MA";"DEL04-MA";"UOP03-DEL04-MA"
582698;2024-02-23;"sexta-feira";"03:20:00";"ES";101;210,5;"IBIRACU";"Ingestao de alcool pelo condutor";"Colisao frontal";"Com Vatimas Feridas";"Plena Noite";"Decrescente";"Nublado";"Simples";"Aclive;Reta                   ";"Nao";2;0;1;0;1;0;1;2;-19,79987326;-40,36672073;"SPRF-ES";"DEL02-ES";"UOP01-DEL02-ES"
582700;2024-02-23;"sexta-feira";"03:55:00";"SP";116;478;"JACUPIRANGA";"Suicadio (presumido)";"Atropelamento de Pedestre";"Com Vatimas Fatais";"Plena Noite";"Crescente";"Garoa/Chuvisco";"Dupla";"Reta";"Sim";3;1;0;0;1;1;0;2;-24,70388258;-48,01063531;"SPRF-SP";"DEL05-SP";"UOP01-DEL05-SP"
582704;2024-02-23;"sexta-feira";"02:50:00";"CE";222;102,5;"UMIRIM";"Velocidade Incompatavel";"Capotamento";"Com Vatimas Feridas";"Plena Noite";"Decrescente";"Chuva";"Simples";"Curva";"Sim";2;0;0;2;0;0;2;1;-3,73749744;-39,43418968;"SPRF-CE";"DEL04-CE";"UOP03-DEL04-CE"
582708;2024-02-23;"sexta-feira";"05:42:00";"TO";153;356;"FORTALEZA DO TABOCAO";"Transitar na contramao";"Colisao lateral sentido oposto";"Com Vatimas Feridas";"Amanhecer";"Decrescente";"Ceu Claro";"Simples";"Reta";"Sim";3;0;0;1;2;0;1;2;-9,03156989;-48,5054722;"SPRF-TO";"DEL02-TO";"UOP02-DEL02-TO"
582712;2024-02-15;"quinta-feira";"20:50:00";"AL";101;121;"PILAR";"Demais falhas na via";"Tombamento";"Com Vatimas Feridas";"Plena Noite";"Decrescente";"Ceu Claro";"Simples";"Aclive";"Nao";1;0;0;1;0;0;1;1;-9,68903191;-36,03448792;"SPRF-AL";"DEL02-AL";"UOP01-DEL02-AL"
582716;2024-02-23;"sexta-feira";"06:45:00";"PB";230;332;"PATOS";"Ausancia de Reacao do condutor";"Tombamento";"Com Vatimas Feridas";"Pleno dia";"Decrescente";"Ceu Claro";"Simples";"Reta";"Nao";3;0;0;1;2;0;1;2;-7,0203;-37,2403;"SPRF-PB";"DEL03-PB";"UOP01-DEL03-PB"
582726;2024-02-23;"sexta-feira";"06:45:00";"SC";470;233;"SAO CRISTOVAO DO SUL";"Ausancia de Reacao do condutor";"Tombamento";"Com Vatimas Feridas";"Pleno dia";"Crescente";"Nublado";"Simples";"Curva;Interseaao de Vias;Rotat";"Nao";1;0;1;0;0;0;1;1;-27,30112578;-50,42602301;"SPRF-SC";"DEL05-SC";"UOP03-DEL05-SC"
582729;2024-02-17;"sabado";"00:20:00";"MS";163;190,3;"JUTI";"Reacao tardia ou ineficiente do condutor";"Tombamento";"Com Vatimas Feridas";"Plena Noite";"Crescente";"Ceu Claro";"Simples";"Declive;Reta                  ";"Nao";4;0;1;0;3;0;1;2;-22,78094948;-54,76309061;"SPRF-MS";"DEL09-MS";"UOP01-DEL09-MS"
582730;2024-02-23;"sexta-feira";"06:40:00";"RO";364;427;"JARU";"Reacao tardia ou ineficiente do condutor";"Colisao traseira";"Com Vatimas Feridas";"Pleno dia";"Crescente";"Nublado";"Simples";"Reta";"Sim";5;0;1;0;4;0;1;3;-10,42731312;-62,48745208;"SPRF-RO";"DEL03-RO";"UOP02-DEL03-RO"
582734;2024-02-09;"sexta-feira";"02:20:00";"MA";316;546;"CAXIAS";"Condutor Dormindo";"Colisao frontal";"Com Vatimas Feridas";"Plena Noite";"Decrescente";"Chuva";"Simples";"Reta";"Nao";2;0;1;1;0;0;2;2;-4,875501;-43,395222;"SPRF-MA";"DEL03-MA";"UOP02-DEL03-MA"
582737;2024-02-23;"sexta-feira";"09:00:00";"GO";50;147,5;"IPAMERI";"Acessar a via sem observar a presenca dos outros veiculos";"Colisao traseira";"Com Vatimas Fatais";"Pleno dia";"Decrescente";"Garoa/Chuvisco";"Dupla";"Reta";"Nao";2;1;0;0;1;0;0;2;-17,1482;-47,7229;"SPRF-GO";"DEL06-GO";"UOP01-DEL06-GO"
582739;2024-02-23;"sexta-feira";"09:30:00";"DF";70;4,3;"BRASILIA";"Acessar a via sem observar a presenca dos outros veiculos";"Colisao lateral mesmo sentido";"Com Vatimas Feridas";"Pleno dia";"Crescente";"Nublado";"Maltipla";"Reta";"Nao";3;0;2;0;1;0;2;2;-15,798115;-48,089317;"SPRF-DF";"DEL03-DF";"UOP02-DEL03-DF"
582740;2024-02-11;"domingo";"13:20:00";"MS";463;22;"DOURADOS";"Mal sabito do condutor";"Colisao com objeto";"Com Vatimas Feridas";"Pleno dia";"Decrescente";"Ceu Claro";"Simples";"Declive;Reta                  ";"Nao";1;0;1;0;0;0;1;1;-22,26975269;-55,00053321;"SPRF-MS";"DEL04-MS";"UOP03-DEL04-MS"
582741;2024-02-23;"sexta-feira";"08:00:00";"PA";230;121;"MARABA";"Suicadio (presumido)";"Atropelamento de Pedestre";"Com Vatimas Feridas";"Pleno dia";"Crescente";"Ceu Claro";"Dupla";"Reta";"Sim";2;0;0;1;1;0;1;2;-5,35297407;-49,12143673;"SPRF-PA";"DEL03-PA";"UOP01-DEL03-PA"
582744;2024-02-23;"sexta-feira";"08:00:00";"SP";116;162,2;"JACAREI";"Reacao tardia ou ineficiente do condutor";"Colisao lateral mesmo sentido";"Com Vatimas Feridas";"Pleno dia";"Decrescente";"Nublado";"Dupla";"Reta";"Sim";2;0;1;0;1;0;1;2;-23,28133317;-45,98394689;"SPRF-SP";"DEL02-SP";"UOP01-DEL02-SP"
582745;2024-02-23;"sexta-feira";"08:20:00";"PR";277;1;"PARANAGUA";"Demais falhas mecanicas ou elatricas";"Incendio";"Sem Vatimas";"Pleno dia";"Crescente";"Ceu Claro";"Dupla";"Reta";"Sim";1;0;0;0;1;0;0;1;-25,55503877;-48,55801463;"SPRF-PR";"DEL01-PR";"UOP05-DEL01-PR"
582758;2024-02-23;"sexta-feira";"11:20:00";"SP";116;216;"GUARULHOS";"Reacao tardia ou ineficiente do condutor";"Colisao lateral mesmo sentido";"Com Vatimas Feridas";"Pleno dia";"Decrescente";"Ceu Claro";"Maltipla";"Reta";"Sim";3;0;1;0;2;0;1;3;-23,45056589;-46,46258105;"SPRF-SP";"DEL01-SP";"UOP01-DEL01-SP"
582759;2024-01-26;"sexta-feira";"15:50:00";"BA";116;818;"VITORIA DA CONQUISTA";"Demais falhas mecanicas ou elatricas";"Colisao traseira";"Com Vatimas Feridas";"Pleno dia";"Decrescente";"Nublado";"Simples";"Reta";"Sim";4;0;1;0;3;0;1;4;-14,82641487;-40,82399368;"SPRF-BA";"DEL08-BA";"UOP01-DEL08-BA"
582762;2024-02-23;"sexta-feira";"10:30:00";"CE";222;220,5;"SOBRAL";"Desrespeitar a preferancia no cruzamento";"Colisao transversal";"Com Vatimas Feridas";"Pleno dia";"Crescente";"Nublado";"Simples";"Curva";"Sim";3;0;0;1;1;1;1;3;-3,73488299;-40,31795598;"SPRF-CE";"DEL04-CE";"UOP01-DEL04-CE"
582765;2024-02-23;"sexta-feira";"11:10:00";"PR";476;195,8;"LAPA";"Ausancia de Reacao do condutor";"Colisao traseira";"Com Vatimas Feridas";"Pleno dia";"Crescente";"Ceu Claro";"Simples";"Reta";"Nao";3;0;1;1;1;0;2;2;-25,746958;-49,718353;"SPRF-PR";"DEL01-PR";"UOP06-DEL01-PR"
582766;2024-02-14;"quarta-feira";"08:40:00";"RJ";116;130,9;"MAGE";"Reacao tardia ou ineficiente do condutor";"Saida de leito carrocavel";"Com Vatimas Fatais";"Pleno dia";"Crescente";"Ceu Claro";"Dupla";"Reta";"Nao";3;1;2;0;0;0;2;1;-22,65949914;-43,11671944;"SPRF-RJ";"DEL04-RJ";"UOP02-DEL04-RJ"
582767;2024-02-23;"sexta-feira";"10:00:00";"MT";364;358;"SANTO ANTONIO DO LEVERGER";"Reacao tardia ou ineficiente do condutor";"Tombamento";"Sem Vatimas";"Pleno dia";"Decrescente";"Ceu Claro";"Dupla";"Curva;Declive                 ";"Nao";1;0;0;0;1;0;0;1;-15,77787608;-55,6140231;"SPRF-MT";"DEL05-MT";"UOP02-DEL05-MT"
582768;2024-02-23;"sexta-feira";"12:20:00";"SC";282;523,7;"XAXIM";"Ausancia de Reacao do condutor";"Colisao lateral sentido oposto";"Com Vatimas Feridas";"Pleno dia";"Crescente";"Ceu Claro";"Simples";"Curva";"Nao";2;0;1;0;1;0;1;2;-26,963129;-52,548851;"SPRF-SC";"DEL07-SC";"UOP01-DEL07-SC"
582769;2024-02-23;"sexta-feira";"12:15:00";"SC";101;13,1;"GARUVA";"Condutor deixou de manter distancia do veiculo da frente";"Colisao traseira";"Com Vatimas Feridas";"Pleno dia";"Decrescente";"Sol";"Dupla";"Aclive;Reta                   ";"Nao";6;0;2;0;3;1;2;3;-26,08986803;-48,86345096;"SPRF-SC";"DEL03-SC";"UOP01-DEL03-SC"
582775;2024-02-23;"sexta-feira";"07:20:00";"ES";262;170;"IBATIBA";"Velocidade Incompatavel";"Saida de leito carrocavel";"Sem Vatimas";"Amanhecer";"Crescente";"Chuva";"Simples";"Curva";"Nao";1;0;0;0;1;0;0;1;-20,2647513;-41,58453796;"SPRF-ES";"DEL01-ES";"UOP02-DEL01-ES"
582783;2024-02-23;"sexta-feira";"13:00:00";"MG";40;616,7;"CONGONHAS";"Condutor deixou de manter distancia do veiculo da frente";"Colisao traseira";"Com Vatimas Feridas";"Pleno dia";"Crescente";"Nublado";"Simples";"Reta";"Sim";3;0;2;0;1;0;2;3;-20,55385774;-43,81437066;"SPRF-MG";"DEL05-MG";"UOP02-DEL05-MG"
582785;2024-02-23;"sexta-feira";"14:00:00";"SP";116;228;"GUARULHOS";"Acessar a via sem observar a presenca dos outros veiculos";"Colisao lateral mesmo sentido";"Com Vatimas Feridas";"Pleno dia";"Decrescente";"Ceu Claro";"Maltipla";"Interseaao de Vias;Reta       ";"Sim";2;0;1;0;1;0;1;2;-23,50343484;-46,56638712;"SPRF-SP";"DEL01-SP";"UOP01-DEL01-SP"
582786;2024-02-15;"quinta-feira";"16:05:00";"MG";262;172,2;"COMENDADOR GOMES";"Condutor deixou de manter distancia do veiculo da frente";"Colisao traseira";"Com Vatimas Feridas";"Pleno dia";"Crescente";"Ceu Claro";"Dupla";"Reta;Retorno Regulamentado    ";"Nao";2;0;1;0;1;0;1;2;-19,730344;-48,973466;"SPRF-MG";"DEL03-MG";"UOP01-DEL03-MG"
582790;2024-02-23;"sexta-feira";"13:15:00";"PR";277;35,3;"MORRETES";"Demais falhas mecanicas ou elatricas";"Colisao traseira";"Com Vatimas Feridas";"Pleno dia";"Decrescente";"Ceu Claro";"Dupla";"Curva;Declive                 ";"Sim";2;0;0;1;1;0;1;2;-25,57428871;-48,82915646;"SPRF-PR";"DEL01-PR";"UOP05-DEL01-PR"
582795;2024-02-23;"sexta-feira";"11:50:00";"SC";285;38;"TIMBE DO SUL";"Conversao proibida";"Colisao transversal";"Com Vatimas Feridas";"Pleno dia";"Decrescente";"Ceu Claro";"Simples";"Reta";"Sim";2;0;1;0;1;0;1;2;-28,87667248;-49,75661467;"SPRF-SC";"DEL02-SC";"UOP02-DEL02-SC"
582796;2024-02-23;"sexta-feira";"14:00:00";"PR";272;392,8;"FAROL";"Ingestao de alcool pelo condutor";"Colisao transversal";"Com Vatimas Feridas";"Pleno dia";"Crescente";"Ceu Claro";"Simples";"Interseaao de Vias";"Nao";2;0;1;0;1;0;1;2;-24,0901522;-52,62329389;"SPRF-PR";"DEL09-PR";"UOP03-DEL09-PR"
582806;2024-02-23;"sexta-feira";"15:10:00";"SP";153;31,5;"NOVA GRANADA";"Conversao proibida";"Colisao transversal";"Com Vatimas Fatais";"Pleno dia";"Crescente";"Nublado";"Simples";"Reta;Declive                  ";"Sim";4;2;0;0;2;0;0;2;-20,54746171;-49,32959617;"SPRF-SP";"DEL09-SP";"UOP01-DEL09-SP"
582812;2024-02-16;"sexta-feira";"02:50:00";"MS";163;608;"SAO GABRIEL DO OESTE";"Demais falhas mecanicas ou elatricas";"Tombamento";"Com Vatimas Feridas";"Plena Noite";"Decrescente";"Ceu Claro";"Simples";"Reta";"Nao";6;0;0;2;4;0;2;3;-19,44771302;-54,52451902;"SPRF-MS";"DEL06-MS";"UOP02-DEL06-MS"
582813;2024-02-23;"sexta-feira";"16:00:00";"ES";101;264;"SERRA";"Ausancia de Reacao do condutor";"Engavetamento";"Com Vatimas Feridas";"Pleno dia";"Crescente";"Ceu Claro";"Maltipla";"Reta";"Sim";4;0;1;0;3;0;1;4;-20,17292791;-40,26736384;"SPRF-ES";"DEL02-ES";"UOP01-DEL02-ES"
582814;2024-02-23;"sexta-feira";"14:25:00";"RS";285;295;"PASSO FUNDO";"Desrespeitar a preferancia no cruzamento";"Colisao transversal";"Com Vatimas Feridas";"Pleno dia";"Decrescente";"Ceu Claro";"Simples";"Reta;Interseaao de Vias       ";"Sim";3;0;1;0;2;0;1;3;-28,231071;-52,394299;"SPRF-RS";"DEL08-RS";"UOP03-DEL08-RS"