"id";"data_inversa";"dia_semana";"horario";"uf";"br";"km";"municipio";"causa_acidente";"tipo_acidente";"classificacao_acidente";"fase_dia";"sentido_via";"condicao_metereologica";"tipo_pista";"tracado_via";"uso_solo";"pessoas";"mortos";"feridos_leves";"feridos_graves";"ilesos";"ignorados";"feridos";"veiculos";"latitude";"longitude";"regional";"delegacia";"uop"
583096;2024-02-24;"sabado";"19:30:00";"MG";262;630;"IBIA";"Reacao tardia ou ineficiente do condutor";"Tombamento";"Com Vatimas Feridas";"Plena Noite";"Crescente";"Nublado";"Simples";"Curva";"Nao";3;0;0;1;2;0;1;1;-19,59127689;-46,48020051;"SPRF-MG";"DEL08-MG";"UOP01-DEL08-MG"
583097;2024-02-23;"sexta-feira";"22:00:00";"MG";267;201,2;"BOM JARDIM DE MINAS";"Problema com o freio";"Tombamento";"Com Vatimas Feridas";"Plena Noite";"Decrescente";"Nublado";"Simples";"Curva";"Nao";1;0;1;0;0;0;1;1;-21,931292;-44,094997;"SPRF-MG";"DEL05-MG";"UOP01-DEL05-MG"
583099;2024-02-24;"sabado";"18:00:00";"MG";153;4,1;"ARAPORA";"Manobra de mudanaa de faixa";"Saida de leito carrocavel";"Com Vatimas Feridas";"Anoitecer";"Decrescente";"Nublado";"Dupla";"Viaduto;Reta                  ";"Sim";1;0;0;1;0;0;1;1;-18,45132998;-49,18791489;"SPRF-MG";"DEL15-MG";"UOP03-DEL15-MG"
583101;2024-02-24;"sabado";"21:10:00";"ES";101;133;"LINHARES";"Ultrapassagem Indevida";"Colisao lateral sentido oposto";"Sem Vatimas";"Plena Noite";"Crescente";"Ceu Claro";"Simples";"Reta";"Nao";5;0;0;0;3;2;0;4;-19,25700702;-40,08983616;"SPRF-ES";"DEL04-ES";"UOP01-DEL04-ES"
583102;2024-02-24;"sabado";"22:00:00";"GO";60;114;"GOIANAPOLIS";"Objeto estatico sobre o leito carroaavel";"Colisao traseira";"Com Vatimas Feridas";"Plena Noite";"Decrescente";"Chuva";"Dupla";"Curva";"Nao";3;0;1;0;2;0;1;2;-16,4691;-49,0705;"SPRF-GO";"DEL01-GO";"UOP01-DEL01-GO"
583125;2024-02-24;"sabado";"22:40:00";"BA";407;97;"JAGUARARI";"Ausancia de Reacao do condutor";"Colisao traseira";"Com Vatimas Fatais";"Plena Noite";"Decrescente";"Nublado";"Simples";"Reta";"Nao";4;1;0;0;2;1;0;3;-10,19445898;-40,22081893;"SPRF-BA";"DEL04-BA";"UOP01-DEL04-BA"
583133;2024-02-25;"domingo";"00:30:00";"SP";381;88;"SAO PAULO";"Ausancia de Reacao do condutor";"Tombamento";"Sem Vatimas";"Plena Noite";"Crescente";"Ceu Claro";"Dupla";"Reta";"Sim";1;0;0;0;1;0;0;1;-23,47469314;-46,56112919;"SPRF-SP";"DEL03-SP";"UOP01-DEL03-SP"
583143;2024-02-25;"domingo";"02:40:00";"MG";40;466;"SETE LAGOAS";"Reacao tardia ou ineficiente do condutor";"Tombamento";"Sem Vatimas";"Plena Noite";"Crescente";"Ceu Claro";"Dupla";"Reta";"Sim";1;0;0;0;1;0;0;1;-19,44436025;-44,32384821;"SPRF-MG";"DEL02-MG";"UOP01-DEL02-MG"
583146;2024-02-25;"domingo";"01:10:00";"PR";373;402;"CANDOI";"Transitar na contramao";"Colisao frontal";"Com Vatimas Fatais";"Plena Noite";"Decrescente";"Ceu Claro";"Simples";"Reta";"Nao";6;5;0;0;1;0;0;2;-25,58488801;-52,05896395;"SPRF-PR";"DEL08-PR";"UOP01-DEL08-PR"
583150;2024-02-24;"sabado";"19:00:00";"RR";174;205;"RORAINOPOLIS";"Demais falhas mecanicas ou elatricas";"Colisao traseira";"Com Vatimas Fatais";"Plena Noite";"Crescente";"Nublado";"Simples";"Reta";"Nao";3;1;1;0;1;0;1;3;0,882818;-60,433716;"SPRF-RR";"DEL01-RR";"UOP01-DEL01-RR"
583152;2024-02-25;"domingo";"02:15:00";"MG";40;466;"SETE LAGOAS";"Objeto estatico sobre o leito carroaavel";"Tombamento";"Com Vatimas Feridas";"Plena Noite";"Crescente";"Nublado";"Dupla";"Reta";"Sim";2;0;1;1;0;0;2;1;-19,44436025;-44,32384821;"SPRF-MG";"DEL02-MG";"UOP01-DEL02-MG"
583160;2024-02-25;"domingo";"03:40:00";"SP";116;55,1;"LORENA";"Ingestao de alcool pelo condutor";"Colisao traseira";"Com Vatimas Feridas";"Plena Noite";"Decrescente";"Nevoeiro/Neblina";"Dupla";"Reta";"Nao";3;0;0;2;1;0;2;2;-22,76356421;-45,12272385;"SPRF-SP";"DEL08-SP";"UOP02-DEL08-SP"
583168;2024-01-05;"sexta-feira";"14:50:00";"MG";251;488,5;"FRANCISCO SA";"Ausancia de Reacao do condutor";"Engavetamento";"Com Vatimas Feridas";"Pleno dia";"Crescente";"Chuva";"Simples";"Reta";"Nao";5;0;1;0;4;0;1;4;-16,53065068;-43,5834233;"SPRF-MG";"DEL12-MG";"UOP01-DEL12-MG"
583170;2024-02-25;"domingo";"04:47:00";"MT";163;829;"SINOP";"Ausancia de Reacao do condutor";"Saida de leito carrocavel";"Sem Vatimas";"Amanhecer";"Decrescente";"Ceu Claro";"Simples";"Reta";"Sim";1;0;0;0;0;1;0;1;-11,940981;-55,515553;"SPRF-MT";"DEL06-MT";"UOP02-DEL06-MT"
583175;2024-02-25;"domingo";"05:30:00";"BA";410;29;"TUCANO";"Ausancia de Reacao do condutor";"Colisao traseira";"Com Vatimas Fatais";"Amanhecer";"Decrescente";"Ceu Claro";"Simples";"Reta";"Nao";3;1;0;1;1;0;1;2;-10,962833;-38,751016;"SPRF-BA";"DEL07-BA";"UOP02-DEL07-BA"
583196;2024-02-25;"domingo";"06:30:00";"SC";282;612,3;"MARAVILHA";"Ingestao de alcool pelo condutor";"Colisao lateral sentido oposto";"Sem Vatimas";"Pleno dia";"Crescente";"Ceu Claro";"Simples";"Curva";"Nao";2;0;0;0;2;0;0;2;-26,76254832;-53,25107574;"SPRF-SC";"DEL07-SC";"UOP02-DEL07-SC"
583201;2024-01-08;"segunda-feira";"13:50:00";"PR";376;675,4;"GUARATUBA";"Demais falhas mecanicas ou elatricas";"Incendio";"Sem Vatimas";"Pleno dia";"Crescente";"Sol";"Simples";"Reta";"Nao";1;0;0;0;1;0;0;1;-25,97311818;-48,89058063;"SPRF-PR";"DEL01-PR";"UOP04-DEL01-PR"
583202;2024-01-08;"segunda-feira";"10:20:00";"MG";40;498,4;"ESMERALDAS";"Manobra de mudanaa de faixa";"Colisao traseira";"Com Vatimas Feridas";"Pleno dia";"Crescente";"Nublado";"Dupla";"Reta";"Sim";2;0;1;0;1;0;1;2;-19,68467685;-44,18191183;"SPRF-MG";"DEL02-MG";"UOP01-DEL02-MG"
583208;2024-02-25;"domingo";"07:20:00";"MT";163;1100;"GUARANTA DO NORTE";"Demais falhas mecanicas ou elatricas";"Incendio";"Sem Vatimas";"Pleno dia";"Crescente";"Ceu Claro";"Simples";"Reta";"Nao";1;0;0;0;1;0;0;1;-9,6667967;-54,8801308;"SPRF-MT";"DEL06-MT";"UOP03-DEL06-MT"
583212;2024-02-25;"domingo";"10:00:00";"MG";116;515;"UBAPORANGA";"Ausancia de Reacao do condutor";"Colisao lateral sentido oposto";"Sem Vatimas";"Pleno dia";"Crescente";"Ceu Claro";"Simples";"Curva";"Nao";2;0;0;0;2;0;0;2;-19,68778501;-42,11758577;"SPRF-MG";"DEL06-MG";"UOP02-DEL06-MG"
583213;2024-02-25;"domingo";"11:25:00";"SC";101;119,8;"ITAJAI";"Acesso irregular";"Colisao traseira";"Com Vatimas Feridas";"Pleno dia";"Decrescente";"Nublado";"Maltipla";"Reta";"Sim";4;0;1;0;3;0;1;3;-26,9043179;-48,71555481;"SPRF-SC";"DEL04-SC";"UOP04-DEL04-SC"
583216;2024-01-13;"sabado";"03:42:00";"RN";406;103,6;"JOAO CAMARA";"Transitar na contramao";"Colisao lateral sentido oposto";"Com Vatimas Feridas";"Amanhecer";"Crescente";"Nublado";"Simples";"Reta";"Nao";5;0;0;1;2;2;1;2;-5,54067796;-35,80553967;"SPRF-RN";"DEL02-RN";"UOP01-DEL02-RN"
583231;2024-02-25;"domingo";"12:50:00";"ES";262;121;"CONCEICAO DO CASTELO";"Velocidade Incompatavel";"Tombamento";"Com Vatimas Feridas";"Pleno dia";"Decrescente";"Ceu Claro";"Simples";"Curva;Declive                 ";"Nao";2;0;2;0;0;0;2;1;-20,29365543;-41,23018943;"SPRF-ES";"DEL01-ES";"UOP02-DEL01-ES"
583232;2024-02-25;"domingo";"13:00:00";"CE";226;247;"PEDRA BRANCA";"Demais falhas mecanicas ou elatricas";"Incendio";"Sem Vatimas";"Pleno dia";"Crescente";"Ceu Claro";"Simples";"Reta";"Nao";1;0;0;0;1;0;0;1;-5,43709187;-39,98989105;"SPRF-CE";"DEL02-CE";"UOP02-DEL02-CE"
583252;2024-02-25;"domingo";"13:40:00";"MS";158;70;"PARANAIBA";"Ingestao de alcool pelo condutor";"Capotamento";"Sem Vatimas";"Pleno dia";"Crescente";"Ceu Claro";"Simples";"Curva";"Nao";1;0;0;0;1;0;0;1;-19,48824064;-51,29391952;"SPRF-MS";"DEL08-MS";"UOP01-DEL08-MS"
583254;2024-02-25;"domingo";"15:05:00";"MG";381;845,6;"SAO SEBASTIAO DA BELA VISTA";"Objeto estatico sobre o leito carroaavel";"Colisao com objeto";"Com Vatimas Feridas";"Pleno dia";"Crescente";"Ceu Claro";"Dupla";"Reta";"Nao";2;0;1;0;1;0;1;2;-22,20561374;-45,8630266;"SPRF-MG";"DEL16-MG";"UOP01-DEL16-MG"
583288;2024-02-25;"domingo";"19:30:00";"PI";316;44,5;"LAGOA DO PIAUI";"Ausancia de Reacao do condutor";"Tombamento";"Com Vatimas Feridas";"Plena Noite";"Decrescente";"Ceu Claro";"Simples";"Aclive";"Nao";1;0;1;0;0;0;1;1;-5,43754797;-42,63447174;"SPRF-PI";"DEL01-PI";"UOP02-DEL01-PI"
583290;2024-02-25;"domingo";"18:00:00";"MG";153;194,9;"FRUTAL";"Demais falhas mecanicas ou elatricas";"Colisao com objeto";"Sem Vatimas";"Pleno dia";"Decrescente";"Ceu Claro";"Simples";"Ponte;Reta;Declive            ";"Nao";1;0;0;0;1;0;0;1;-19,9622283;-48,98832279;"SPRF-MG";"DEL13-MG";"UOP02-DEL13-MG"
583294;2024-02-25;"domingo";"17:30:00";"PA";230;1113;"ITAITUBA";"Reacao tardia ou ineficiente do condutor";"Tombamento";"Com Vatimas Feridas";"Anoitecer";"Crescente";"Nublado";"Simples";"Curva";"Nao";1;0;1;0;0;0;1;1;-4,39860033;-55,91943523;"SPRF-PA";"DEL05-PA";"UOP02-DEL05-PA"
583295;2024-02-25;"domingo";"12:15:00";"MG";262;488,1;"BOM DESPACHO";"Demais falhas mecanicas ou elatricas";"Incendio";"Sem Vatimas";"Pleno dia";"Decrescente";"Sol";"Simples";"Reta";"Nao";1;0;0;0;1;0;0;1;-19,78442409;-45,32295201;"SPRF-MG";"DEL08-MG";"UOP03-DEL08-MG"
583296;2024-02-25;"domingo";"20:20:00";"MG";153;77;"PRATA";"Velocidade Incompatavel";"Saida de leito carrocavel";"Com Vatimas Feridas";"Plena Noite";"Crescente";"Chuva";"Simples";"Curva";"Nao";1;0;1;0;0;0;1;1;-19,03944921;-49,01083952;"SPRF-MG";"DEL15-MG";"UOP03-DEL15-MG"
583300;2024-02-25;"domingo";"13:00:00";"GO";158;132;"CAIAPONIA";"Pista esburacada";"Colisao traseira";"Com Vatimas Feridas";"Pleno dia";"Crescente";"Ceu Claro";"Simples";"Reta";"Nao";5;0;1;0;4;0;1;2;-16,73657492;-51,68945021;"SPRF-GO";"DEL04-GO";"UOP02-DEL04-GO"
583310;2024-02-25;"domingo";"21:00:00";"GO";60;134;"GOIANIA";"Ingestao de alcool pelo condutor";"Colisao lateral mesmo sentido";"Sem Vatimas";"Plena Noite";"Decrescente";"Ceu Claro";"Dupla";"Reta";"Nao";2;0;0;0;2;0;0;2;-16,5827;-49,1876;"SPRF-GO";"DEL01-GO";"UOP01-DEL01-GO"
583313;2024-02-25;"domingo";"17:50:00";"BA";101;254;"CONCEICAO DO ALMEIDA";"Ultrapassagem Indevida";"Colisao frontal";"Com Vatimas Fatais";"Anoitecer";"Crescente";"Ceu Claro";"Simples";"Reta;Declive                  ";"Nao";6;2;0;0;4;0;0;5;-12,91662;-39,244712;"SPRF-BA";"DEL01-BA";"UOP02-DEL01-BA"
583314;2024-02-25;"domingo";"20:30:00";"BA";101;120;"ALAGOINHAS";"Reacao tardia ou ineficiente do condutor";"Colisao frontal";"Com Vatimas Feridas";"Plena Noite";"Decrescente";"Ceu Claro";"Simples";"Reta";"Nao";3;0;0;1;0;2;1;3;-12,161929;-38,488121;"SPRF-BA";"DEL01-BA";"UOP04-DEL01-BA"
583335;2024-02-25;"domingo";"21:50:00";"AL";101;161,5;"CAMPO ALEGRE";"Velocidade Incompatavel";"Colisao traseira";"Com Vatimas Fatais";"Plena Noite";"Crescente";"Ceu Claro";"Dupla";"Reta";"Nao";2;1;0;0;0;1;0;2;-9,90050999;-36,246598;"SPRF-AL";"DEL02-AL";"UOP02-DEL02-AL"
583337;2024-02-25;"domingo";"19:30:00";"MT";70;539;"VARZEA GRANDE";"Condutor deixou de manter distancia do veiculo da frente";"Colisao lateral mesmo sentido";"Com Vatimas Feridas";"Plena Noite";"Crescente";"Ignorado";"Simples";"Reta";"Nao";2;0;0;1;1;0;1;2;-15,65535203;-56,20867099;"SPRF-MT";"DEL01-MT";"UOP02-DEL01-MT"
583345;2024-02-25;"domingo";"23:40:00";"PR";376;220;"CAMBIRA";"Ausancia de Reacao do condutor";"Colisao frontal";"Sem Vatimas";"Plena Noite";"Crescente";"Ceu Claro";"Simples";"Reta";"Nao";2;0;0;0;2;0;0;2;-23,60241541;-51,59826198;"SPRF-PR";"DEL09-PR";"UOP01-DEL09-PR"
583348;2024-02-26;"segunda-feira";"00:40:00";"MG";381;495;"BETIM";"Reacao tardia ou ineficiente do condutor";"Colisao lateral mesmo sentido";"Com Vatimas Feridas";"Plena Noite";"Crescente";"Ceu Claro";"Maltipla";"Aclive;Reta                   ";"Sim";5;0;3;0;1;1;3;4;-19,98722309;-44,17533875;"SPRF-MG";"DEL01-MG";"UOP03-DEL01-MG"
583356;2024-02-26;"segunda-feira";"01:36:00";"TO";153;135;"ARAGUAINA";"Demais falhas mecanicas ou elatricas";"Incendio";"Sem Vatimas";"Plena Noite";"Crescente";"Ceu Claro";"Simples";"Reta";"Sim";1;0;0;0;1;0;0;1;-7,12896688;-48,19843215;"SPRF-TO";"DEL02-TO";"UOP01-DEL02-TO"
583358;2024-02-26;"segunda-feira";"02:20:00";"MG";381;870,1;"POUSO ALEGRE";"Condutor Dormindo";"Colisao traseira";"Com Vatimas Feridas";"Plena Noite";"Decrescente";"Nublado";"Dupla";"Aclive;Reta                   ";"Sim";2;0;0;1;1;0;1;2;-22,38934861;-45,95342917;"SPRF-MG";"DEL16-MG";"UOP01-DEL16-MG"
583364;2024-02-26;"segunda-feira";"04:45:00";"GO";50;173;"CAMPO ALEGRE DE GOIAS";"Ausancia de Reacao do condutor";"Saida de leito carrocavel";"Com Vatimas Feridas";"Plena Noite";"Decrescente";"Ceu Claro";"Dupla";"Reta";"Nao";1;0;0;1;0;0;1;1;-17,3542;-47,7899;"SPRF-GO";"DEL06-GO";"UOP01-DEL06-GO"
583365;2024-02-26;"segunda-feira";"03:20:00";"PB";104;147,1;"QUEIMADAS";"Deficiancia do Sistema de Iluminaaao/Sinalizaaao";"Colisao traseira";"Com Vatimas Feridas";"Plena Noite";"Crescente";"Ceu Claro";"Simples";"Reta";"Nao";4;0;1;2;1;0;3;3;-7,439395;-35,901844;"SPRF-PB";"DEL02-PB";"UOP03-DEL02-PB"
583366;2024-02-26;"segunda-feira";"01:00:00";"MG";116;780,2;"LEOPOLDINA";"Reacao tardia ou ineficiente do condutor";"Saida de leito carrocavel";"Sem Vatimas";"Plena Noite";"Crescente";"Ignorado";"Simples";"Curva";"Nao";1;0;0;0;1;0;0;1;-21,61482397;-42,69263203;"SPRF-MG";"DEL07-MG";"UOP01-DEL07-MG"
583371;2024-02-26;"segunda-feira";"02:18:00";"MS";262;486;"ANASTACIO";"Objeto estatico sobre o leito carroaavel";"Tombamento";"Sem Vatimas";"Plena Noite";"Crescente";"Ceu Claro";"Simples";"Ponte;Reta                    ";"Nao";1;0;0;0;1;0;0;1;-20,49906428;-55,7806778;"SPRF-MS";"DEL03-MS";"UOP01-DEL03-MS"
583376;2024-02-26;"segunda-feira";"06:40:00";"PR";116;119;"CURITIBA";"Condutor deixou de manter distancia do veiculo da frente";"Colisao traseira";"Sem Vatimas";"Pleno dia";"Decrescente";"Nublado";"Dupla";"Reta;Aclive                   ";"Nao";2;0;0;0;2;0;0;2;-25,58101257;-49,31316108;"SPRF-PR";"DEL01-PR";"UOP03-DEL01-PR"
583383;2024-02-26;"segunda-feira";"07:20:00";"PR";467;109,8;"CASCAVEL";"Desrespeitar a preferancia no cruzamento";"Colisao transversal";"Com Vatimas Feridas";"Pleno dia";"Decrescente";"Ceu Claro";"Dupla";"Retorno Regulamentado;Reta    ";"Sim";2;0;0;1;1;0;1;2;-24,92789039;-53,45578194;"SPRF-PR";"DEL04-PR";"UOP01-DEL04-PR"
583391;2024-02-26;"segunda-feira";"06:20:00";"RO";364;732;"PORTO VELHO";"Ultrapassagem Indevida";"Colisao frontal";"Com Vatimas Feridas";"Pleno dia";"Crescente";"Chuva";"Simples";"Reta";"Nao";2;0;0;1;1;0;1;2;-8,91228369;-63,96547549;"SPRF-RO";"DEL01-RO";"UOP01-DEL01-RO"
583404;2024-02-26;"segunda-feira";"06:00:00";"RJ";465;8;"SEROPEDICA";"Ultrapassagem Indevida";"Queda de ocupante de veiculo";"Com Vatimas Feridas";"Pleno dia";"Decrescente";"Ceu Claro";"Simples";"Reta";"Nao";2;0;1;0;1;0;1;2;-22,767147;-43,678768;"SPRF-RJ";"DEL06-RJ";"UOP02-DEL06-RJ"
583407;2024-02-26;"segunda-feira";"08:30:00";"RS";116;241;"NOVO HAMBURGO";"Avarias e/ou desgaste excessivo no pneu";"Colisao traseira";"Com Vatimas Feridas";"Pleno dia";"Decrescente";"Nublado";"Dupla";"Reta";"Sim";5;0;0;1;4;0;1;2;-29,71396796;-51,1476744;"SPRF-RS";"DEL01-RS";"UOP02-DEL01-RS"
583413;2024-01-05;"sexta-feira";"16:40:00";"RR";401;58;"BONFIM";"Reacao tardia ou ineficiente do condutor";"Saida de leito carrocavel";"Com Vatimas Feridas";"Pleno dia";"Crescente";"Ceu Claro";"Dupla";"Reta";"Nao";3;0;2;0;1;0;2;1;3,11391913;-60,32282704;"SPRF-RR";"DEL01-RR";"UOP01-DEL01-RR"
583417;2024-02-10;"sabado";"21:58:00";"PA";163;951,8;"BELTERRA";"Entrada inopinada do pedestre";"Atropelamento de Pedestre";"Com Vatimas Fatais";"Plena Noite";"Decrescente";"Ignorado";"Simples";"Reta";"Nao";2;1;0;0;0;1;0;2;-2,79412901;-54,90000471;"SPRF-PA";"DEL05-PA";"UOP01-DEL05-PA"
583420;2024-02-26;"segunda-feira";"09:35:00";"SP";116;305,6;"SAO LOURENCO DA SERRA";"Manobra de mudanaa de faixa";"Colisao lateral mesmo sentido";"Sem Vatimas";"Pleno dia";"Decrescente";"Ceu Claro";"Dupla";"Curva";"Sim";2;0;0;0;2;0;0;2;-23,84287313;-46,93238591;"SPRF-SP";"DEL04-SP";"UOP01-DEL04-SP"
583421;2024-02-26;"segunda-feira";"07:50:00";"MT";163;834;"SINOP";"Condutor deixou de manter distancia do veiculo da frente";"Colisao traseira";"Com Vatimas Feridas";"Pleno dia";"Crescente";"Nublado";"Simples";"Reta";"Sim";2;0;1;0;1;0;1;2;-11,86755467;-55,49677502;"SPRF-MT";"DEL06-MT";"UOP02-DEL06-MT"
583430;2024-02-26;"segunda-feira";"08:00:00";"PR";116;185;"CAMPO DO TENENTE";"Reacao tardia ou ineficiente do condutor";"Colisao traseira";"Sem Vatimas";"Pleno dia";"Crescente";"Ceu Claro";"Simples";"Reta";"Nao";3;0;0;0;3;0;0;2;-25,9210664;-49,61779874;"SPRF-PR";"DEL01-PR";"UOP03-DEL01-PR"
583432;2024-02-26;"segunda-feira";"10:15:00";"PR";376;666,9;"GUARATUBA";"Problema com o freio";"Tombamento";"Com Vatimas Feridas";"Pleno dia";"Crescente";"Nublado";"Simples";"Declive;Curva                 ";"Nao";2;0;1;0;1;0;1;2;-25,86037408;-48,95087256;"SPRF-PR";"DEL01-PR";"UOP04-DEL01-PR"
583434;2024-02-26;"segunda-feira";"10:30:00";"SC";101;209,2;"SAO JOSE";"Trafegar com motocicleta (ou similar) entre as faixas";"Colisao traseira";"Com Vatimas Feridas";"Pleno dia";"Decrescente";"Nublado";"Maltipla";"Reta;Aclive                   ";"Sim";3;0;0;1;2;0;1;3;-27,61000542;-48,63895057;"SPRF-SC";"DEL01-SC";"UOP01-DEL01-SC"
583437;2024-02-26;"segunda-feira";"10:40:00";"MG";381;449,3;"SANTA LUZIA";"Reacao tardia ou ineficiente do condutor";"Colisao traseira";"Com Vatimas Feridas";"Pleno dia";"Decrescente";"Sol";"Simples";"Reta;Aclive                   ";"Sim";2;0;1;0;1;0;1;2;-19,84164036;-43,86232683;"SPRF-MG";"DEL01-MG";"UOP01-DEL01-MG"
583441;2024-02-26;"segunda-feira";"11:00:00";"MT";70;517;"VARZEA GRANDE";"Acessar a via sem observar a presenca dos outros veiculos";"Colisao transversal";"Com Vatimas Feridas";"Pleno dia";"Crescente";"Ceu Claro";"Simples";"Reta";"Sim";2;0;0;1;1;0;1;2;-15,70178337;-56,1593914;"SPRF-MT";"DEL01-MT";"UOP02-DEL01-MT"
583442;2024-02-26;"segunda-feira";"11:20:00";"GO";20;121,7;"FLORES DE GOIAS";"Demais falhas mecanicas ou elatricas";"Incendio";"Sem Vatimas";"Pleno dia";"Crescente";"Ceu Claro";"Simples";"Reta";"Nao";2;0;0;0;2;0;0;1;-14,867457;-46,818375;"SPRF-DF";"DEL02-DF";"UOP03-DEL02-DF"
583444;2024-02-26;"segunda-feira";"11:50:00";"SC";282;0,3;"FLORIANOPOLIS";"Manobra de mudanaa de faixa";"Colisao lateral mesmo sentido";"Com Vatimas Feridas";"Pleno dia";"Decrescente";"Nublado";"Maltipla";"Reta;Declive                  ";"Sim";2;0;1;0;1;0;1;2;-27,59845;-48,571995;"SPRF-SC";"DEL01-SC";"UOP01-DEL01-SC"
583446;2024-02-06;"terça-feira";"17:45:00";"MS";163;264;"DOURADOS";"Demais falhas mecanicas ou elatricas";"Incendio";"Sem Vatimas";"Pleno dia";"Crescente";"Ceu Claro";"Dupla";"Reta";"Nao";1;0;0;0;1;0;0;1;-22,22742781;-54,7393301;"SPRF-MS";"DEL04-MS";"UOP01-DEL04-MS"
583447;2024-02-26;"segunda-feira";"10:43:00";"MA";135;16,5;"SAO LUIS";"Condutor deixou de manter distancia do veiculo da frente";"Colisao traseira";"Sem Vatimas";"Pleno dia";"Decrescente";"Chuva";"Dupla";"Reta;Em Obras                 ";"Sim";2;0;0;0;2;0;0;2;-2,70264079;-44,31049629;"SPRF-MA";"DEL01-MA";"UOP01-DEL01-MA"
583448;2024-02-26;"segunda-feira";"11:55:00";"MG";116;390,3;"GOVERNADOR VALADARES";"Conversao proibida";"Colisao transversal";"Com Vatimas Fatais";"Pleno dia";"Decrescente";"Ceu Claro";"Simples";"Reta";"Nao";3;1;0;0;2;0;0;2;-18,70114901;-41,98544802;"SPRF-MG";"DEL06-MG";"UOP01-DEL06-MG"
583449;2024-02-26;"segunda-feira";"12:39:00";"ES";262;49;"MARECHAL FLORIANO";"Ausancia de Reacao do condutor";"Colisao lateral sentido oposto";"Com Vatimas Feridas";"Pleno dia";"Crescente";"Sol";"Simples";"Curva";"Sim";3;0;1;1;1;0;2;2;-20,41251052;-40,69798571;"SPRF-ES";"DEL01-ES";"UOP01-DEL01-ES"
583455;2024-02-26;"segunda-feira";"13:30:00";"SC";101;199,7;"SAO JOSE";"Ultrapassagem Indevida";"Colisao lateral mesmo sentido";"Com Vatimas Feridas";"Pleno dia";"Crescente";"Nublado";"Maltipla";"Aclive";"Nao";3;0;0;1;2;0;1;3;-27,53413705;-48,63003205;"SPRF-SC";"DEL01-SC";"UOP01-DEL01-SC"
583461;2024-02-26;"segunda-feira";"14:10:00";"MG";381;453,8;"SABARA";"Mal sabito do condutor";"Colisao frontal";"Com Vatimas Feridas";"Pleno dia";"Decrescente";"Ceu Claro";"Simples";"Curva";"Sim";3;0;1;1;1;0;2;3;-19,84175157;-43,8628847;"SPRF-MG";"DEL01-MG";"UOP01-DEL01-MG"
583462;2024-02-26;"segunda-feira";"13:00:00";"BA";324;526;"FEIRA DE SANTANA";"Condutor deixou de manter distancia do veiculo da frente";"Colisao traseira";"Com Vatimas Feridas";"Pleno dia";"Decrescente";"Ceu Claro";"Dupla";"Reta";"Sim";2;0;1;0;1;0;1;2;-12,30639712;-38,89051509;"SPRF-BA";"DEL01-BA";"UOP03-DEL01-BA"
583463;2024-02-26;"segunda-feira";"13:45:00";"PE";101;35,7;"IGARASSU";"Acumulo de agua sobre o pavimento";"Saida de leito carrocavel";"Com Vatimas Feridas";"Pleno dia";"Decrescente";"Chuva";"Dupla";"Reta;Declive                  ";"Nao";2;0;1;0;1;0;1;1;-7,77952193;-34,93231384;"SPRF-PE";"DEL01-PE";"UOP02-DEL01-PE"
583470;2024-02-26;"segunda-feira";"14:30:00";"MG";251;321;"SALINAS";"Afundamento ou ondulaaao no pavimento";"Saida de leito carrocavel";"Com Vatimas Fatais";"Pleno dia";"Decrescente";"Ceu Claro";"Simples";"Reta;Declive                  ";"Nao";1;1;0;0;0;0;0;1;-16,18343625;-42,33650208;"SPRF-MG";"DEL12-MG";"UOP02-DEL12-MG"
583471;2024-02-26;"segunda-feira";"12:55:00";"SC";116;152,4;"SANTA CECILIA";"Velocidade Incompatavel";"Colisao com objeto";"Sem Vatimas";"Pleno dia";"Decrescente";"Nublado";"Maltipla";"Curva";"Nao";1;0;0;0;1;0;0;1;-27,04856485;-50,42638928;"SPRF-SC";"DEL06-SC";"UOP02-DEL06-SC"
583474;2024-02-26;"segunda-feira";"15:30:00";"MG";50;164;"UBERABA";"Condutor deixou de manter distancia do veiculo da frente";"Colisao traseira";"Com Vatimas Feridas";"Pleno dia";"Decrescente";"Ceu Claro";"Dupla";"Reta;Aclive                   ";"Nao";2;0;0;1;1;0;1;2;-19,6847632;-47,99273153;"SPRF-MG";"DEL13-MG";"UOP01-DEL13-MG"
583475;2024-02-26;"segunda-feira";"13:11:00";"PE";424;75;"GARANHUNS";"Ingestao de alcool pelo condutor";"Colisao lateral sentido oposto";"Sem Vatimas";"Pleno dia";"Decrescente";"Ceu Claro";"Simples";"Reta";"Nao";2;0;0;0;2;0;0;2;-8,80482636;-36,58367325;"SPRF-PE";"DEL03-PE";"UOP01-DEL03-PE"
583479;2024-02-26;"segunda-feira";"15:05:00";"CE";20;137,3;"TAUA";"Transitar na contramao";"Colisao frontal";"Com Vatimas Fatais";"Pleno dia";"Crescente";"Ceu Claro";"Simples";"Reta";"Nao";3;1;0;0;2;0;0;2;-5,58332508;-40,09069286;"SPRF-CE";"DEL02-CE";"UOP02-DEL02-CE"
583484;2024-02-26;"segunda-feira";"10:35:00";"RJ";493;22;"MAGE";"Conversao proibida";"Colisao transversal";"Com Vatimas Feridas";"Pleno dia";"Crescente";"Ceu Claro";"Simples";"Curva";"Sim";2;0;1;0;1;0;1;2;-22,659311;-43,053303;"SPRF-RJ";"DEL04-RJ";"UOP02-DEL04-RJ"
583487;2024-02-26;"segunda-feira";"16:35:00";"MG";381;368;"TIMOTEO";"Demais falhas mecanicas ou elatricas";"Incendio";"Sem Vatimas";"Pleno dia";"Decrescente";"Ceu Claro";"Simples";"Reta";"Nao";1;0;0;0;1;0;0;1;-19,52520113;-42,64657617;"SPRF-MG";"DEL03-MG";"UOP01-DEL03-MG"