"id";"data_inversa";"dia_semana";"horario";"uf";"br";"km";"municipio";"causa_acidente";"tipo_acidente";"classificacao_acidente";"fase_dia";"sentido_via";"condicao_metereologica";"tipo_pista";"tracado_via";"uso_solo";"pessoas";"mortos";"feridos_leves";"feridos_graves";"ilesos";"ignorados";"feridos";"veiculos";"latitude";"longitude";"regional";"delegacia";"uop"
583493;2024-02-26;"segunda-feira";"17:20:00";"RJ";40;96;"DUQUE DE CAXIAS";"Curva acentuada";"Tombamento";"Com Vatimas Feridas";"Anoitecer";"Decrescente";"Nublado";"Simples";"Curva;Aclive                  ";"Nao";1;0;1;0;0;0;1;1;-22,56876595;-43,27693723;"SPRF-RJ";"DEL01-RJ";"UOP01-DEL01-RJ"
583502;2024-02-26;"segunda-feira";"17:00:00";"MT";163;603;"NOVA MUTUM";"Pedestre - Ingestao de alcool/ substancias psicoativas";"Atropelamento de Pedestre";"Com Vatimas Feridas";"Anoitecer";"Crescente";"Ceu Claro";"Simples";"Interseaao de Vias";"Nao";2;0;0;1;1;0;1;2;-13,88122005;-56,08852761;"SPRF-MT";"DEL01-MT";"UOP01-DEL01-MT"
583505;2024-02-26;"segunda-feira";"16:50:00";"MA";10;292,5;"CIDELANDIA";"Ultrapassagem Indevida";"Colisao lateral sentido oposto";"Com Vatimas Feridas";"Pleno dia";"Decrescente";"Ceu Claro";"Simples";"Reta";"Nao";4;0;0;1;3;0;1;3;-5,181159;-47,525482;"SPRF-MA";"DEL04-MA";"UOP01-DEL04-MA"
583507;2024-02-26;"segunda-feira";"17:02:00";"SP";381;30;"ATIBAIA";"Ausancia de Reacao do condutor";"Colisao traseira";"Sem Vatimas";"Pleno dia";"Crescente";"Nublado";"Dupla";"Reta";"Nao";2;0;0;0;2;0;0;2;-23,04885102;-46,56482797;"SPRF-SP";"DEL03-SP";"UOP02-DEL03-SP"
583509;2024-02-26;"segunda-feira";"17:30:00";"SP";116;61;"GUARATINGUETA";"Ausancia de Reacao do condutor";"Colisao traseira";"Com Vatimas Feridas";"Anoitecer";"Decrescente";"Chuva";"Dupla";"Reta";"Nao";2;0;1;0;0;1;1;2;-22,79763613;-45,1674588;"SPRF-SP";"DEL08-SP";"UOP01-DEL08-SP"
583513;2024-02-26;"segunda-feira";"18:10:00";"PB";101;86;"BAYEUX";"Reacao tardia ou ineficiente do condutor";"Engavetamento";"Sem Vatimas";"Plena Noite";"Decrescente";"Nublado";"Dupla";"Reta";"Sim";5;0;0;0;4;1;0;5;-7,15118983;-34,91012184;"SPRF-PB";"DEL01-PB";"UOP01-DEL01-PB"
583518;2024-02-26;"segunda-feira";"17:00:00";"MT";70;504;"CUIABA";"Condutor Dormindo";"Colisao lateral sentido oposto";"Com Vatimas Feridas";"Anoitecer";"Decrescente";"Ceu Claro";"Simples";"Reta";"Nao";2;0;1;0;1;0;1;2;-15,66785604;-55,9564296;"SPRF-MT";"DEL01-MT";"UOP02-DEL01-MT"
583519;2024-02-26;"segunda-feira";"15:20:00";"MT";364;347,5;"SANTO ANTONIO DO LEVERGER";"Reacao tardia ou ineficiente do condutor";"Colisao traseira";"Com Vatimas Feridas";"Pleno dia";"Crescente";"Nublado";"Dupla";"Reta";"Nao";2;0;0;1;1;0;1;2;-15,807347;-55,54692;"SPRF-MT";"DEL05-MT";"UOP02-DEL05-MT"
583524;2024-02-26;"segunda-feira";"20:10:00";"SP";381;30;"ATIBAIA";"Entrada inopinada do pedestre";"Atropelamento de Pedestre";"Com Vatimas Feridas";"Plena Noite";"Decrescente";"Ceu Claro";"Dupla";"Reta";"Sim";2;0;0;1;1;0;1;2;-23,04885102;-46,56482797;"SPRF-SP";"DEL03-SP";"UOP02-DEL03-SP"
583530;2024-02-26;"segunda-feira";"18:00:00";"BA";116;499,3;"SANTA TERESINHA";"Ausancia de Reacao do condutor";"Colisao frontal";"Com Vatimas Feridas";"Plena Noite";"Decrescente";"Ceu Claro";"Simples";"Reta";"Nao";3;0;2;1;0;0;3;2;-12,5856623;-39,52239348;"SPRF-BA";"DEL03-BA";"UOP02-DEL03-BA"
583531;2024-02-26;"segunda-feira";"20:05:00";"MA";316;273;"BELA VISTA DO MARANHAO";"Ausancia de sinalizaaao";"Colisao lateral sentido oposto";"Com Vatimas Feridas";"Anoitecer";"Crescente";"Ceu Claro";"Simples";"Reta";"Nao";2;0;1;0;1;0;1;2;-3,714912;-45,293404;"SPRF-MA";"DEL02-MA";"UOP01-DEL02-MA"
583534;2024-02-26;"segunda-feira";"17:05:00";"RO";364;459,3;"ARIQUEMES";"Reacao tardia ou ineficiente do condutor";"Saida de leito carrocavel";"Com Vatimas Feridas";"Anoitecer";"Decrescente";"Ceu Claro";"Simples";"Reta";"Nao";1;0;1;0;0;0;1;1;-10,25114696;-62,71924497;"SPRF-RO";"DEL03-RO";"UOP02-DEL03-RO"
583535;2024-02-26;"segunda-feira";"20:10:00";"SP";116;127,8;"CACAPAVA";"Manobra de mudanaa de faixa";"Colisao lateral mesmo sentido";"Com Vatimas Feridas";"Plena Noite";"Crescente";"Ceu Claro";"Dupla";"Reta";"Sim";3;0;1;0;2;0;1;3;-23,10991026;-45,70246044;"SPRF-SP";"DEL02-SP";"UOP02-DEL02-SP"
583555;2024-02-26;"segunda-feira";"17:30:00";"MG";116;220,7;"CATUJI";"Reacao tardia ou ineficiente do condutor";"Tombamento";"Com Vatimas Feridas";"Anoitecer";"Decrescente";"Nublado";"Simples";"Curva";"Nao";2;0;0;2;0;0;2;1;-17,40682777;-41,51524967;"SPRF-MG";"DEL11-MG";"UOP01-DEL11-MG"
583556;2024-02-26;"segunda-feira";"20:00:00";"MT";163;1032;"PEIXOTO DE AZEVEDO";"Condutor usando celular";"Colisao frontal";"Com Vatimas Feridas";"Plena Noite";"Crescente";"Ignorado";"Simples";"Reta";"Nao";3;0;1;0;1;1;1;3;-10,3429349;-55,04102846;"SPRF-MT";"DEL06-MT";"UOP03-DEL06-MT"
583559;2024-02-26;"segunda-feira";"17:30:00";"MT";163;662;"LUCAS DO RIO VERDE";"Ultrapassagem Indevida";"Colisao lateral mesmo sentido";"Com Vatimas Feridas";"Plena Noite";"Decrescente";"Nublado";"Simples";"Reta";"Nao";6;0;1;0;5;0;1;2;-13,28739685;-56,03130341;"SPRF-MT";"DEL06-MT";"UOP01-DEL06-MT"
583562;2024-02-26;"segunda-feira";"20:50:00";"SC";282;72;"RANCHO QUEIMADO";"Reacao tardia ou ineficiente do condutor";"Colisao frontal";"Com Vatimas Feridas";"Plena Noite";"Decrescente";"Chuva";"Maltipla";"Declive;Curva                 ";"Nao";3;0;2;0;1;0;2;2;-27,683439;-49,105259;"SPRF-SC";"DEL01-SC";"UOP03-DEL01-SC"
583565;2024-02-26;"segunda-feira";"23:10:00";"PR";277;37,8;"MORRETES";"Condutor Dormindo";"Colisao com objeto";"Com Vatimas Feridas";"Plena Noite";"Decrescente";"Garoa/Chuvisco";"Dupla";"Reta;Declive                  ";"Nao";1;0;1;0;0;0;1;1;-25,57373761;-48,84458184;"SPRF-PR";"DEL01-PR";"UOP05-DEL01-PR"
583573;2024-02-27;"terça-feira";"04:15:00";"RJ";101;70;"CAMPOS DOS GOYTACAZES";"Acessar a via sem observar a presenca dos outros veiculos";"Atropelamento de Pedestre";"Com Vatimas Feridas";"Plena Noite";"Crescente";"Ceu Claro";"Simples";"Reta";"Nao";2;0;1;0;0;1;1;2;-21,785784;-41,381531;"SPRF-RJ";"DEL08-RJ";"UOP02-DEL08-RJ"
583579;2024-02-26;"segunda-feira";"21:30:00";"PR";373;445,3;"CHOPINZINHO";"Ultrapassagem Indevida";"Colisao frontal";"Com Vatimas Fatais";"Plena Noite";"Decrescente";"Ceu Claro";"Simples";"Reta";"Nao";3;1;0;0;2;0;0;3;-25,848435;-52,327398;"SPRF-PR";"DEL02-PR";"UOP01-DEL02-PR"
583585;2024-01-26;"sexta-feira";"03:00:00";"MG";116;411,4;"GOVERNADOR VALADARES";"Condutor Dormindo";"Colisao lateral mesmo sentido";"Com Vatimas Feridas";"Plena Noite";"Decrescente";"Nublado";"Dupla";"Reta";"Sim";3;0;1;1;1;0;2;2;-18,87193533;-41,96834207;"SPRF-MG";"DEL06-MG";"UOP01-DEL06-MG"
583588;2024-02-27;"terça-feira";"06:00:00";"ES";262;52,5;"MARECHAL FLORIANO";"Ausancia de sinalizaaao";"Colisao com objeto";"Com Vatimas Fatais";"Amanhecer";"Decrescente";"Ceu Claro";"Simples";"Reta";"Nao";4;1;0;2;1;0;2;2;-20,41363499;-40,723665;"SPRF-ES";"DEL01-ES";"UOP01-DEL01-ES"
583589;2024-02-27;"terça-feira";"05:35:00";"MG";116;590,1;"MANHUACU";"Condutor Dormindo";"Saida de leito carrocavel";"Com Vatimas Feridas";"Amanhecer";"Crescente";"Ceu Claro";"Simples";"Curva";"Nao";1;0;1;0;0;0;1;1;-20,25539878;-42,14140443;"SPRF-MG";"DEL06-MG";"UOP03-DEL06-MG"
583600;2024-02-26;"segunda-feira";"09:05:00";"PE";101;68;"RECIFE";"Reacao tardia ou ineficiente do condutor";"Colisao com objeto";"Sem Vatimas";"Pleno dia";"Decrescente";"Ceu Claro";"Maltipla";"Viaduto;Aclive;Reta           ";"Sim";1;0;0;0;1;0;0;1;-8,05074296;-34,94580619;"SPRF-PE";"DEL01-PE";"UOP01-DEL01-PE"
583603;2024-01-30;"terça-feira";"08:10:00";"GO";153;560;"PROFESSOR JAMIL";"Reacao tardia ou ineficiente do condutor";"Saida de leito carrocavel";"Com Vatimas Fatais";"Pleno dia";"Crescente";"Ceu Claro";"Dupla";"Reta;Aclive                   ";"Nao";2;2;0;0;0;0;0;1;-17,2174;-49,2288;"SPRF-GO";"DEL03-GO";"UOP01-DEL03-GO"
583615;2024-02-27;"terça-feira";"05:05:00";"GO";50;180;"CAMPO ALEGRE DE GOIAS";"Condutor Dormindo";"Saida de leito carrocavel";"Com Vatimas Feridas";"Plena Noite";"Decrescente";"Ceu Claro";"Dupla";"Reta";"Nao";1;0;1;0;0;0;1;1;-17,4105;-47,787;"SPRF-GO";"DEL06-GO";"UOP01-DEL06-GO"
583618;2024-02-27;"terça-feira";"08:55:00";"RS";290;513,8;"ROSARIO DO SUL";"Reacao tardia ou ineficiente do condutor";"Saida de leito carrocavel";"Com Vatimas Feridas";"Pleno dia";"Crescente";"Ceu Claro";"Simples";"Curva";"Nao";1;0;1;0;0;0;1;1;-30,13892;-55,236351;"SPRF-RS";"DEL11-RS";"UOP02-DEL11-RS"
583620;2024-02-27;"terça-feira";"08:50:00";"PB";101;84,9;"BAYEUX";"Reacao tardia ou ineficiente do condutor";"Engavetamento";"Com Vatimas Feridas";"Pleno dia";"Decrescente";"Chuva";"Dupla";"Reta";"Sim";5;0;2;0;3;0;2;4;-7,13957906;-34,92312806;"SPRF-PB";"DEL01-PB";"UOP01-DEL01-PB"
583622;2024-02-11;"domingo";"15:15:00";"MG";381;611;"OLIVEIRA";"Demais falhas mecanicas ou elatricas";"Incendio";"Sem Vatimas";"Pleno dia";"Decrescente";"Ceu Claro";"Dupla";"Reta";"Sim";1;0;0;0;1;0;0;1;-20,71328969;-44,76134722;"SPRF-MG";"DEL04-MG";"UOP01-DEL04-MG"
583623;2024-02-07;"quarta-feira";"10:20:00";"SP";116;219;"GUARULHOS";"Ausancia de Reacao do condutor";"Engavetamento";"Com Vatimas Feridas";"Pleno dia";"Crescente";"Sol";"Maltipla";"Reta";"Sim";3;0;1;0;2;0;1;3;-23,46143954;-46,48885316;"SPRF-SP";"DEL01-SP";"UOP01-DEL01-SP"
583627;2024-02-27;"terça-feira";"09:00:00";"SC";101;222;"PALHOCA";"Acessar a via sem observar a presenca dos outros veiculos";"Colisao com objeto";"Com Vatimas Feridas";"Pleno dia";"Decrescente";"Nublado";"Dupla";"Reta";"Nao";2;0;2;0;0;0;2;1;-27,70865409;-48,65586407;"SPRF-SC";"DEL01-SC";"UOP02-DEL01-SC"
583629;2024-02-27;"terça-feira";"09:10:00";"MG";381;501;"BETIM";"Ausancia de Reacao do condutor";"Colisao traseira";"Com Vatimas Feridas";"Pleno dia";"Crescente";"Ceu Claro";"Maltipla";"Reta";"Nao";3;0;1;0;1;1;1;3;-20,01012715;-44,21830758;"SPRF-MG";"DEL01-MG";"UOP03-DEL01-MG"
583633;2024-02-27;"terça-feira";"08:30:00";"MS";267;234,3;"NOVA ALVORADA DO SUL";"Reacao tardia ou ineficiente do condutor";"Colisao lateral mesmo sentido";"Com Vatimas Feridas";"Pleno dia";"Crescente";"Ceu Claro";"Simples";"Em Obras;Reta                 ";"Nao";5;0;2;0;2;1;2;4;-21,50969578;-54,24777385;"SPRF-MS";"DEL02-MS";"UOP01-DEL02-MS"
583636;2024-02-26;"segunda-feira";"11:30:00";"PE";101;88,6;"JABOATAO DOS GUARARAPES";"Reacao tardia ou ineficiente do condutor";"Engavetamento";"Com Vatimas Feridas";"Pleno dia";"Crescente";"Ceu Claro";"Dupla";"Reta";"Nao";5;0;1;0;4;0;1;3;-8,204855;-34,982083;"SPRF-PE";"DEL01-PE";"UOP01-DEL01-PE"
583639;2024-02-27;"terça-feira";"11:00:00";"SC";101;199;"BIGUACU";"Reacao tardia ou ineficiente do condutor";"Colisao traseira";"Com Vatimas Feridas";"Pleno dia";"Crescente";"Garoa/Chuvisco";"Dupla";"Reta";"Sim";4;0;2;0;2;0;2;3;-27,53413705;-48,63003205;"SPRF-SC";"DEL01-SC";"UOP01-DEL01-SC"
583645;2024-02-27;"terça-feira";"05:30:00";"SC";116;137,3;"SANTA CECILIA";"Ultrapassagem Indevida";"Colisao lateral mesmo sentido";"Sem Vatimas";"Amanhecer";"Crescente";"Chuva";"Simples";"Aclive;Reta                   ";"Nao";4;0;0;0;4;0;0;4;-26,946361;-50,42928293;"SPRF-SC";"DEL06-SC";"UOP02-DEL06-SC"
583648;2024-02-27;"terça-feira";"11:30:00";"SP";116;228;"SAO PAULO";"Reacao tardia ou ineficiente do condutor";"Colisao lateral mesmo sentido";"Com Vatimas Feridas";"Pleno dia";"Decrescente";"Ceu Claro";"Dupla";"Reta";"Nao";2;0;1;0;1;0;1;2;-23,50343484;-46,56638712;"SPRF-SP";"DEL01-SP";"UOP01-DEL01-SP"
583649;2024-02-27;"terça-feira";"10:00:00";"PR";373;173,2;"PONTA GROSSA";"Entrada inopinada do pedestre";"Atropelamento de Pedestre";"Com Vatimas Feridas";"Pleno dia";"Crescente";"Ceu Claro";"Simples";"Reta";"Sim";2;0;0;1;1;0;1;2;-25,0805653;-50,20175905;"SPRF-PR";"DEL03-PR";"UOP01-DEL03-PR"
583650;2024-02-27;"terça-feira";"12:20:00";"PB";101;122;"CAAPORA";"Condutor deixou de manter distancia do veiculo da frente";"Colisao traseira";"Com Vatimas Feridas";"Pleno dia";"Decrescente";"Ceu Claro";"Dupla";"Aclive;Reta                   ";"Nao";5;0;2;1;2;0;3;2;-7,45038197;-34,97994215;"SPRF-PB";"DEL01-PB";"UOP02-DEL01-PB"
583655;2024-02-27;"terça-feira";"08:20:00";"SC";282;69;"RANCHO QUEIMADO";"Ausancia de Reacao do condutor";"Tombamento";"Com Vatimas Feridas";"Pleno dia";"Decrescente";"Nublado";"Simples";"Reta";"Nao";1;0;1;0;0;0;1;1;-27,690144;-49,083813;"SPRF-SC";"DEL01-SC";"UOP03-DEL01-SC"
583659;2024-02-15;"quinta-feira";"13:30:00";"PR";277;35,5;"MORRETES";"Reacao tardia ou ineficiente do condutor";"Colisao traseira";"Sem Vatimas";"Pleno dia";"Crescente";"Garoa/Chuvisco";"Dupla";"Reta";"Nao";2;0;0;0;2;0;0;2;-25,55225338;-48,79892578;"SPRF-PR";"DEL01-PR";"UOP05-DEL01-PR"
583664;2024-02-27;"terça-feira";"10:40:00";"SC";116;252,7;"LAGES";"Reacao tardia ou ineficiente do condutor";"Colisao traseira";"Com Vatimas Feridas";"Pleno dia";"Crescente";"Garoa/Chuvisco";"Simples";"Reta";"Nao";3;0;2;0;1;0;2;2;-27,85340789;-50,38268819;"SPRF-SC";"DEL05-SC";"UOP02-DEL05-SC"
583667;2024-02-27;"terça-feira";"13:00:00";"MG";116;579,3;"MANHUACU";"Velocidade Incompatavel";"Capotamento";"Com Vatimas Fatais";"Pleno dia";"Crescente";"Ceu Claro";"Simples";"Curva;Declive                 ";"Nao";2;2;0;0;0;0;0;1;-20,17836097;-42,18664844;"SPRF-MG";"DEL06-MG";"UOP03-DEL06-MG"
583668;2024-02-27;"terça-feira";"10:15:00";"GO";364;22;"SAO SIMAO";"Reacao tardia ou ineficiente do condutor";"Saida de leito carrocavel";"Com Vatimas Feridas";"Pleno dia";"Crescente";"Ceu Claro";"Simples";"Reta";"Nao";2;0;1;0;1;0;1;2;-18,91832398;-50,6614995;"SPRF-GO";"DEL05-GO";"UOP02-DEL05-GO"
583677;2024-02-27;"terça-feira";"13:00:00";"SC";116;69,9;"MONTE CASTELO";"Reacao tardia ou ineficiente do condutor";"Colisao traseira";"Com Vatimas Feridas";"Pleno dia";"Decrescente";"Nublado";"Simples";"Reta";"Nao";3;0;2;0;1;0;2;2;-26,46909494;-50,23134921;"SPRF-SC";"DEL06-SC";"UOP02-DEL06-SC"
583679;2024-02-27;"terça-feira";"14:40:00";"MG";262;437,9;"NOVA SERRANA";"Acessar a via sem observar a presenca dos outros veiculos";"Colisao traseira";"Com Vatimas Feridas";"Pleno dia";"Crescente";"Ceu Claro";"Dupla";"Reta";"Nao";2;0;1;0;1;0;1;2;-19,88077517;-44,93230104;"SPRF-MG";"DEL08-MG";"UOP03-DEL08-MG"
583680;2024-02-27;"terça-feira";"14:00:00";"MG";153;195;"FRUTAL";"Demais falhas mecanicas ou elatricas";"Incendio";"Sem Vatimas";"Pleno dia";"Crescente";"Ceu Claro";"Simples";"Aclive;Reta                   ";"Sim";1;0;0;0;1;0;0;1;-19,96769471;-48,99592821;"SPRF-MG";"DEL13-MG";"UOP02-DEL13-MG"
583686;2024-02-27;"terça-feira";"16:08:00";"BA";324;536,7;"CONCEICAO DO JACUIPE";"Acessar a via sem observar a presenca dos outros veiculos";"Colisao traseira";"Sem Vatimas";"Pleno dia";"Decrescente";"Ceu Claro";"Dupla";"Reta";"Sim";2;0;0;0;2;0;0;2;-12,36902201;-38,81384601;"SPRF-BA";"DEL01-BA";"UOP03-DEL01-BA"
583697;2024-02-27;"terça-feira";"17:15:00";"SC";101;141;"BALNEARIO CAMBORIU";"Reacao tardia ou ineficiente do condutor";"Colisao traseira";"Com Vatimas Feridas";"Pleno dia";"Decrescente";"Chuva";"Dupla";"Reta";"Sim";2;0;1;0;1;0;1;2;-27,04761729;-48,59995855;"SPRF-SC";"DEL04-SC";"UOP03-DEL04-SC"
583701;2024-02-27;"terça-feira";"17:25:00";"MG";381;452;"SABARA";"Condutor deixou de manter distancia do veiculo da frente";"Colisao traseira";"Com Vatimas Feridas";"Pleno dia";"Decrescente";"Ceu Claro";"Simples";"Viaduto;Reta                  ";"Sim";3;0;1;1;1;0;2;2;-19,834718;-43,856966;"SPRF-MG";"DEL01-MG";"UOP01-DEL01-MG"
583716;2024-02-27;"terça-feira";"17:15:00";"PR";277;496,2;"GUARANIACU";"Ausancia de Reacao do condutor";"Saida de leito carrocavel";"Com Vatimas Feridas";"Pleno dia";"Decrescente";"Chuva";"Simples";"Aclive;Reta                   ";"Nao";1;0;1;0;0;0;1;1;-25,19210596;-52,6568109;"SPRF-PR";"DEL04-PR";"UOP04-DEL04-PR"
583717;2024-02-27;"terça-feira";"14:07:00";"AC";364;128;"RIO BRANCO";"Manobra de mudanaa de faixa";"Colisao lateral mesmo sentido";"Com Vatimas Feridas";"Pleno dia";"Decrescente";"Ceu Claro";"Simples";"Interseaao de Vias;Reta       ";"Sim";3;0;2;0;1;0;2;2;-10,02644375;-67,8206882;"SPRF-AC";"DEL01-AC";"UOP01-DEL01-AC"
583718;2024-02-27;"terça-feira";"15:30:00";"MG";50;190;"UBERABA";"Demais falhas mecanicas ou elatricas";"Incendio";"Sem Vatimas";"Pleno dia";"Crescente";"Ceu Claro";"Dupla";"Reta";"Nao";1;0;0;0;1;0;0;1;-19,85630175;-47,86944462;"SPRF-MG";"DEL13-MG";"UOP01-DEL13-MG"
583719;2024-02-27;"terça-feira";"18:50:00";"DF";40;5,6;"BRASILIA";"Conversao proibida";"Colisao lateral mesmo sentido";"Com Vatimas Feridas";"Plena Noite";"Decrescente";"Ceu Claro";"Dupla";"Reta";"Sim";2;0;1;0;1;0;1;2;-16,026221;-47,979169;"SPRF-DF";"DEL01-DF";"UOP01-DEL01-DF"
583722;2024-02-27;"terça-feira";"18:50:00";"ES";101;230,5;"FUNDAO";"Ausancia de Reacao do condutor";"Colisao frontal";"Com Vatimas Feridas";"Plena Noite";"Crescente";"Ceu Claro";"Simples";"Reta";"Sim";2;0;0;1;1;0;1;2;-19,93558165;-40,40603211;"SPRF-ES";"DEL02-ES";"UOP01-DEL02-ES"
583740;2024-02-27;"terça-feira";"22:00:00";"SP";116;223;"GUARULHOS";"Reacao tardia ou ineficiente do condutor";"Colisao lateral mesmo sentido";"Com Vatimas Feridas";"Plena Noite";"Crescente";"Ignorado";"Maltipla";"Reta";"Sim";2;0;1;0;0;1;1;2;-23,47559815;-46,5246609;"SPRF-SP";"DEL01-SP";"UOP01-DEL01-SP"
583743;2024-02-27;"terça-feira";"19:10:00";"MG";153;155,6;"COMENDADOR GOMES";"Condutor deixou de manter distancia do veiculo da frente";"Engavetamento";"Com Vatimas Feridas";"Plena Noite";"Decrescente";"Ceu Claro";"Simples";"Aclive;Reta                   ";"Nao";5;0;2;0;3;0;2;3;-19,62824275;-48,935707;"SPRF-MG";"DEL13-MG";"UOP02-DEL13-MG"
583746;2024-02-27;"terça-feira";"15:38:00";"MG";262;152;"SAO DOMINGOS DO PRATA";"Demais falhas mecanicas ou elatricas";"Incendio";"Sem Vatimas";"Pleno dia";"Decrescente";"Ceu Claro";"Simples";"Reta";"Nao";1;0;0;0;1;0;0;1;-19,99702081;-42,78390787;"SPRF-MG";"DEL03-MG";"UOP03-DEL03-MG"
583747;2024-02-27;"terça-feira";"18:00:00";"RO";364;429;"JARU";"Ausancia de Reacao do condutor";"Colisao traseira";"Sem Vatimas";"Anoitecer";"Crescente";"Ceu Claro";"Simples";"Curva;Aclive                  ";"Nao";3;0;0;0;3;0;0;3;-10,41628317;-62,5026501;"SPRF-RO";"DEL03-RO";"UOP02-DEL03-RO"
583750;2024-02-27;"terça-feira";"06:20:00";"CE";116;17;"EUSEBIO";"Velocidade Incompatavel";"Tombamento";"Sem Vatimas";"Pleno dia";"Decrescente";"Ceu Claro";"Maltipla";"Retorno Regulamentado";"Nao";1;0;0;0;1;0;0;1;-3,89617918;-38,50336042;"SPRF-CE";"DEL01-CE";"UOP02-DEL01-CE"
583751;2024-02-27;"terça-feira";"19:15:00";"MA";222;623;"ACAILANDIA";"Velocidade Incompatavel";"Colisao transversal";"Com Vatimas Feridas";"Plena Noite";"Decrescente";"Chuva";"Simples";"Curva;Declive                 ";"Nao";2;0;1;0;1;0;1;2;-4,76489336;-47,05419172;"SPRF-MA";"DEL04-MA";"UOP03-DEL04-MA"
583753;2024-02-27;"terça-feira";"22:15:00";"SP";116;160,1;"JACAREI";"Ausancia de Reacao do condutor";"Colisao traseira";"Com Vatimas Fatais";"Plena Noite";"Decrescente";"Nublado";"Dupla";"Reta";"Sim";2;1;0;0;1;0;0;2;-23,27101606;-45,96787896;"SPRF-SP";"DEL02-SP";"UOP01-DEL02-SP"
583755;2024-02-27;"terça-feira";"18:30:00";"BA";242;140;"RAFAEL JAMBEIRO";"Demais falhas mecanicas ou elatricas";"Incendio";"Sem Vatimas";"Pleno dia";"Crescente";"Ceu Claro";"Simples";"Reta";"Nao";1;0;0;0;1;0;0;1;-12,57095596;-39,52842794;"SPRF-BA";"DEL06-BA";"UOP02-DEL06-BA"
583756;2024-02-27;"terça-feira";"20:35:00";"RJ";101;144;"MACAE";"Velocidade Incompatavel";"Tombamento";"Com Vatimas Feridas";"Plena Noite";"Decrescente";"Ceu Claro";"Simples";"Curva";"Nao";1;0;0;1;0;0;1;1;-22,21328005;-41,75426573;"SPRF-RJ";"DEL08-RJ";"UOP04-DEL08-RJ"
583764;2024-02-28;"quarta-feira";"02:15:00";"BA";242;412;"SEABRA";"Acessar a via sem observar a presenca dos outros veiculos";"Colisao transversal";"Com Vatimas Fatais";"Plena Noite";"Decrescente";"Ceu Claro";"Simples";"Reta";"Nao";3;2;0;0;1;0;0;2;-12,43486296;-41,75626091;"SPRF-BA";"DEL06-BA";"UOP01-DEL06-BA"
583765;2024-02-28;"quarta-feira";"04:58:00";"GO";60;198;"GUAPO";"Ausancia de Reacao do condutor";"Colisao traseira";"Com Vatimas Feridas";"Amanhecer";"Decrescente";"Nublado";"Dupla";"Aclive";"Nao";16;0;11;4;1;0;15;2;-16,8596;-49,6031;"SPRF-GO";"DEL01-GO";"UOP02-DEL01-GO"
583766;2024-02-28;"quarta-feira";"03:15:00";"SC";470;86,9;"RODEIO";"Demais falhas mecanicas ou elatricas";"Colisao com objeto";"Com Vatimas Feridas";"Plena Noite";"Crescente";"Ceu Claro";"Simples";"Ponte";"Nao";1;0;1;0;0;0;1;1;-26,949951;-49,357296;"SPRF-SC";"DEL04-SC";"UOP01-DEL04-SC"
583769;2024-01-22;"segunda-feira";"19:18:00";"RN";304;121;"ITAJA";"Demais falhas mecanicas ou elatricas";"Queda de ocupante de veiculo";"Com Vatimas Fatais";"Plena Noite";"Crescente";"Ceu Claro";"Simples";"Reta;Aclive                   ";"Nao";2;1;0;0;0;1;0;1;-5,6379008;-36,8481209;"SPRF-RN";"DEL04-RN";"UOP01-DEL04-RN"
583771;2024-02-28;"quarta-feira";"02:00:00";"CE";222;199,7;"FORQUILHA";"Reacao tardia ou ineficiente do condutor";"Colisao traseira";"Sem Vatimas";"Plena Noite";"Decrescente";"Chuva";"Simples";"Reta";"Sim";2;0;0;0;1;1;0;2;-3,80233599;-40,191586;"SPRF-CE";"DEL04-CE";"UOP01-DEL04-CE"
583772;2024-02-06;"terça-feira";"01:10:00";"MG";153;62;"MONTE ALEGRE DE MINAS";"Acostamento em desnavel";"Saida de leito carrocavel";"Com Vatimas Feridas";"Pleno dia";"Crescente";"Ceu Claro";"Simples";"Reta";"Nao";1;0;1;0;0;0;1;1;-18,90963798;-49,03804997;"SPRF-MG";"DEL15-MG";"UOP03-DEL15-MG"
583774;2024-02-23;"sexta-feira";"07:07:00";"MG";365;694;"MONTE ALEGRE DE MINAS";"Condutor deixou de manter distancia do veiculo da frente";"Colisao traseira";"Com Vatimas Feridas";"Amanhecer";"Crescente";"Ceu Claro";"Dupla";"Reta";"Nao";3;0;3;0;0;0;3;2;-18,87801743;-48,94107198;"SPRF-MG";"DEL15-MG";"UOP03-DEL15-MG"
583785;2024-02-28;"quarta-feira";"07:20:00";"PR";369;166,3;"CAMBE";"Desrespeitar a preferancia no cruzamento";"Colisao transversal";"Com Vatimas Feridas";"Pleno dia";"Decrescente";"Sol";"Dupla";"Retorno Regulamentado";"Nao";2;0;0;1;1;0;1;2;-23,29536795;-51,30853415;"SPRF-PR";"DEL07-PR";"UOP01-DEL07-PR"
583786;2024-02-28;"quarta-feira";"07:50:00";"MG";50;175,3;"UBERABA";"Reacao tardia ou ineficiente do condutor";"Colisao traseira";"Com Vatimas Feridas";"Pleno dia";"Decrescente";"Ceu Claro";"Maltipla";"Reta;Declive                  ";"Nao";2;0;1;0;1;0;1;2;-19,77880359;-47,9695118;"SPRF-MG";"DEL13-MG";"UOP01-DEL13-MG"