"id";"data_inversa";"dia_semana";"horario";"uf";"br";"km";"municipio";"causa_acidente";"tipo_acidente";"classificacao_acidente";"fase_dia";"sentido_via";"condicao_metereologica";"tipo_pista";"tracado_via";"uso_solo";"pessoas";"mortos";"feridos_leves";"feridos_graves";"ilesos";"ignorados";"feridos";"veiculos";"latitude";"longitude";"regional";"delegacia";"uop"
583787;2024-02-28;"quarta-feira";"08:15:00";"SC";101;198;"BIGUACU";"Ausancia de Reacao do condutor";"Queda de ocupante de veiculo";"Com Vatimas Feridas";"Pleno dia";"Crescente";"Ceu Claro";"Dupla";"Reta";"Sim";2;0;1;0;0;1;1;2;-27,52658712;-48,63506019;"SPRF-SC";"DEL01-SC";"UOP01-DEL01-SC"
583789;2024-02-28;"quarta-feira";"08:00:00";"SC";101;141;"BALNEARIO CAMBORIU";"Manobra de mudanaa de faixa";"Colisao lateral mesmo sentido";"Com Vatimas Feridas";"Pleno dia";"Decrescente";"Ceu Claro";"Dupla";"Reta";"Nao";3;0;2;0;1;0;2;3;-27,04761729;-48,59995855;"SPRF-SC";"DEL04-SC";"UOP03-DEL04-SC"
583791;2024-02-28;"quarta-feira";"07:30:00";"MG";365;557;"INDIANOPOLIS";"Condutor Dormindo";"Colisao frontal";"Com Vatimas Feridas";"Pleno dia";"Crescente";"Ceu Claro";"Simples";"Reta";"Nao";3;0;1;1;1;0;2;2;-18,92795822;-47,75108305;"SPRF-MG";"DEL15-MG";"UOP02-DEL15-MG"
583800;2024-02-28;"quarta-feira";"07:00:00";"PR";376;671;"GUARATUBA";"Demais falhas mecanicas ou elatricas";"Incendio";"Sem Vatimas";"Pleno dia";"Crescente";"Ceu Claro";"Dupla";"Reta;Declive                  ";"Nao";1;0;0;0;1;0;0;1;-25,90851198;-48,92070682;"SPRF-PR";"DEL01-PR";"UOP04-DEL01-PR"
583802;2024-02-28;"quarta-feira";"08:50:00";"SC";101;422;"ARARANGUA";"Manobra de mudanaa de faixa";"Colisao lateral mesmo sentido";"Com Vatimas Feridas";"Pleno dia";"Decrescente";"Ceu Claro";"Maltipla";"Reta";"Sim";2;0;1;0;1;0;1;2;-29,00145951;-49,5582962;"SPRF-SC";"DEL02-SC";"UOP02-DEL02-SC"
583804;2024-02-28;"quarta-feira";"09:20:00";"RS";290;95,4;"PORTO ALEGRE";"Manobra de mudanaa de faixa";"Colisao lateral mesmo sentido";"Com Vatimas Feridas";"Pleno dia";"Crescente";"Ceu Claro";"Simples";"Curva;Viaduto                 ";"Nao";3;0;1;0;2;0;1;2;-29,982832;-51,201572;"SPRF-RS";"DEL01-RS";"UOP01-DEL01-RS"
583808;2024-02-28;"quarta-feira";"08:50:00";"SC";101;120,7;"ITAJAI";"Condutor deixou de manter distancia do veiculo da frente";"Colisao traseira";"Com Vatimas Feridas";"Pleno dia";"Decrescente";"Sol";"Maltipla";"Viaduto";"Nao";3;0;1;0;2;0;1;3;-26,912758;-48,711998;"SPRF-SC";"DEL04-SC";"UOP04-DEL04-SC"
583818;2024-02-28;"quarta-feira";"09:50:00";"SE";101;161;"SANTA LUZIA DO ITANHY";"Reacao tardia ou ineficiente do condutor";"Engavetamento";"Sem Vatimas";"Pleno dia";"Decrescente";"Sol";"Simples";"Reta";"Nao";3;0;0;0;3;0;0;3;-11,30258308;-37,48628693;"SPRF-SE";"DEL02-SE";"UOP01-DEL02-SE"
583819;2024-02-20;"terça-feira";"08:54:00";"MS";262;369,9;"TERENOS";"Ausancia de Reacao do condutor";"Colisao frontal";"Com Vatimas Feridas";"Pleno dia";"Crescente";"Ceu Claro";"Simples";"Reta";"Nao";3;0;2;0;0;1;2;3;-20,479548;-54,769619;"SPRF-MS";"DEL01-MS";"UOP03-DEL01-MS"
583824;2024-02-28;"quarta-feira";"10:00:00";"PR";376;309,1;"MAUA DA SERRA";"Velocidade Incompatavel";"Tombamento";"Com Vatimas Feridas";"Pleno dia";"Decrescente";"Ceu Claro";"Dupla";"Declive;Curva                 ";"Nao";1;0;1;0;0;0;1;1;-23,97981536;-51,08609019;"SPRF-PR";"DEL07-PR";"UOP02-DEL07-PR"
583829;2024-02-28;"quarta-feira";"09:00:00";"MA";316;425,9;"PERITORO";"Entrada inopinada do pedestre";"Atropelamento de Pedestre";"Com Vatimas Feridas";"Pleno dia";"Decrescente";"Ceu Claro";"Simples";"Reta";"Nao";3;0;0;1;2;0;1;3;-4,374085;-44,332352;"SPRF-MA";"DEL03-MA";"UOP01-DEL03-MA"
583830;2024-02-28;"quarta-feira";"11:15:00";"CE";116;42;"HORIZONTE";"Condutor deixou de manter distancia do veiculo da frente";"Colisao traseira";"Com Vatimas Feridas";"Pleno dia";"Crescente";"Nublado";"Maltipla";"Reta";"Sim";3;0;2;0;1;0;2;2;-4,08722773;-38,500659;"SPRF-CE";"DEL01-CE";"UOP02-DEL01-CE"
583834;2024-02-27;"terça-feira";"08:02:00";"GO";158;199;"CAIAPONIA";"Velocidade Incompatavel";"Colisao com objeto";"Sem Vatimas";"Pleno dia";"Decrescente";"Ignorado";"Simples";"Em Obras;Curva;Declive        ";"Nao";1;0;0;0;0;1;0;1;-17,30699095;-51,88400189;"SPRF-GO";"DEL05-GO";"UOP01-DEL05-GO"
583835;2024-02-28;"quarta-feira";"12:30:00";"SC";101;149;"ITAPEMA";"Reacao tardia ou ineficiente do condutor";"Queda de ocupante de veiculo";"Com Vatimas Feridas";"Pleno dia";"Crescente";"Ceu Claro";"Maltipla";"Reta";"Sim";3;0;1;0;2;0;1;2;-27,1089649;-48,61277586;"SPRF-SC";"DEL04-SC";"UOP03-DEL04-SC"
583837;2024-02-28;"quarta-feira";"13:00:00";"GO";60;91,5;"ANAPOLIS";"Transitar no Acostamento";"Colisao lateral mesmo sentido";"Com Vatimas Feridas";"Pleno dia";"Crescente";"Ceu Claro";"Dupla";"Reta";"Sim";2;0;1;0;1;0;1;2;-16,3491;-48,9095;"SPRF-GO";"DEL02-GO";"UOP01-DEL02-GO"
583838;2024-02-28;"quarta-feira";"12:10:00";"SP";116;96;"PINDAMONHANGABA";"Condutor deixou de manter distancia do veiculo da frente";"Colisao traseira";"Com Vatimas Feridas";"Pleno dia";"Crescente";"Ceu Claro";"Dupla";"Retorno Regulamentado;Reta    ";"Nao";4;0;2;0;2;0;2;2;-22,96945055;-45,43869623;"SPRF-SP";"DEL08-SP";"UOP01-DEL08-SP"
583841;2024-02-28;"quarta-feira";"11:40:00";"BA";242;414;"SEABRA";"Entrada inopinada do pedestre";"Atropelamento de Pedestre";"Com Vatimas Feridas";"Pleno dia";"Decrescente";"Ceu Claro";"Simples";"Reta";"Sim";2;0;0;1;1;0;1;2;-12,427427;-41,77020288;"SPRF-BA";"DEL06-BA";"UOP01-DEL06-BA"
583844;2024-02-28;"quarta-feira";"13:00:00";"SP";116;117;"TAUBATE";"Reacao tardia ou ineficiente do condutor";"Engavetamento";"Com Vatimas Feridas";"Pleno dia";"Crescente";"Ceu Claro";"Dupla";"Reta";"Sim";6;0;2;0;4;0;2;3;-23,0582298;-45,6176951;"SPRF-SP";"DEL02-SP";"UOP02-DEL02-SP"
583845;2024-02-28;"quarta-feira";"12:52:00";"MS";262;411,6;"TERENOS";"Reacao tardia ou ineficiente do condutor";"Colisao com objeto";"Com Vatimas Feridas";"Pleno dia";"Crescente";"Ceu Claro";"Simples";"Reta;Aclive                   ";"Nao";3;0;1;1;1;0;2;2;-20,4420518;-55,12363104;"SPRF-MS";"DEL01-MS";"UOP03-DEL01-MS"
583848;2024-02-28;"quarta-feira";"14:30:00";"MG";381;572;"ITAGUARA";"Manobra de mudanaa de faixa";"Colisao lateral mesmo sentido";"Com Vatimas Feridas";"Pleno dia";"Crescente";"Sol";"Dupla";"Reta";"Nao";2;0;1;0;1;0;1;2;-20,45206504;-44,5689098;"SPRF-MG";"DEL04-MG";"UOP03-DEL04-MG"
583850;2024-02-28;"quarta-feira";"11:40:00";"GO";50;284;"CATALAO";"Carga excessiva e/ou mal acondicionada";"Colisao frontal";"Com Vatimas Feridas";"Pleno dia";"Crescente";"Ceu Claro";"Simples";"Reta";"Nao";2;0;1;0;0;1;1;2;-18,2049;-47,9609;"SPRF-GO";"DEL06-GO";"UOP01-DEL06-GO"
583853;2024-02-28;"quarta-feira";"14:00:00";"MG";365;599;"UBERLANDIA";"Mal sabito do condutor";"Colisao traseira";"Com Vatimas Feridas";"Pleno dia";"Crescente";"Ceu Claro";"Simples";"Aclive";"Nao";2;0;1;0;1;0;1;2;-18,88997892;-48,12177605;"SPRF-MG";"DEL15-MG";"UOP01-DEL15-MG"
583856;2024-02-04;"domingo";"13:00:00";"MT";364;838;"CAMPO NOVO DO PARECIS";"Reacao tardia ou ineficiente do condutor";"Saida de leito carrocavel";"Com Vatimas Feridas";"Pleno dia";"Crescente";"Ceu Claro";"Simples";"Reta";"Nao";1;0;1;0;0;0;1;1;-14,08850697;-57,99424022;"SPRF-MT";"DEL01-MT";"UOP01-DEL01-MT"
583861;2024-02-28;"quarta-feira";"09:30:00";"MT";163;982;"TERRA NOVA DO NORTE";"Ultrapassagem Indevida";"Colisao lateral mesmo sentido";"Sem Vatimas";"Pleno dia";"Crescente";"Ceu Claro";"Dupla";"Declive;Reta                  ";"Nao";3;0;0;0;1;2;0;3;-10,7481159;-55,14584334;"SPRF-MT";"DEL06-MT";"UOP03-DEL06-MT"
583863;2024-02-28;"quarta-feira";"15:30:00";"TO";10;460;"PALMAS";"Reacao tardia ou ineficiente do condutor";"Colisao com objeto";"Sem Vatimas";"Pleno dia";"Crescente";"Sol";"Dupla";"Declive";"Sim";1;0;0;0;1;0;0;1;-10,18165389;-48,17412734;"SPRF-TO";"DEL01-TO";"UOP03-DEL01-TO"
583864;2024-02-28;"quarta-feira";"14:10:00";"PA";230;1099;"ITAITUBA";"Avarias e/ou desgaste excessivo no pneu";"Saida de leito carrocavel";"Com Vatimas Feridas";"Pleno dia";"Crescente";"Nublado";"Simples";"Declive";"Nao";1;0;0;1;0;0;1;1;-4,355028;-55,801571;"SPRF-PA";"DEL05-PA";"UOP02-DEL05-PA"
583866;2024-02-28;"quarta-feira";"15:20:00";"MG";40;602,9;"CONGONHAS";"Condutor deixou de manter distancia do veiculo da frente";"Colisao traseira";"Sem Vatimas";"Pleno dia";"Crescente";"Ceu Claro";"Simples";"Reta";"Nao";5;0;0;0;5;0;0;2;-20,4483358;-43,84031206;"SPRF-MG";"DEL05-MG";"UOP02-DEL05-MG"
583870;2024-02-28;"quarta-feira";"15:45:00";"MG";50;206;"DELTA";"Problema com o freio";"Colisao traseira";"Com Vatimas Feridas";"Pleno dia";"Crescente";"Sol";"Dupla";"Reta";"Nao";3;0;1;0;2;0;1;2;-19,92627147;-47,82191068;"SPRF-MG";"DEL13-MG";"UOP01-DEL13-MG"
583872;2024-02-28;"quarta-feira";"16:34:00";"PR";376;666;"GUARATUBA";"Problema com o freio";"Tombamento";"Com Vatimas Feridas";"Pleno dia";"Crescente";"Chuva";"Dupla";"Declive;Curva                 ";"Nao";2;0;1;0;1;0;1;2;-25,86037408;-48,95087256;"SPRF-PR";"DEL01-PR";"UOP04-DEL01-PR"
583875;2024-02-28;"quarta-feira";"16:35:00";"PA";316;64;"CASTANHAL";"Ausancia de Reacao do condutor";"Colisao com objeto";"Sem Vatimas";"Pleno dia";"Crescente";"Nublado";"Dupla";"Reta";"Sim";1;0;0;0;1;0;0;1;-1,29629557;-47,91983997;"SPRF-PA";"DEL01-PA";"UOP01-DEL01-PA"
583881;2024-02-28;"quarta-feira";"17:00:00";"SC";101;123;"ITAJAI";"Condutor deixou de manter distancia do veiculo da frente";"Colisao traseira";"Com Vatimas Feridas";"Pleno dia";"Decrescente";"Ceu Claro";"Simples";"Interseaao de Vias";"Nao";3;0;1;1;1;0;2;2;-26,93668609;-48,69876905;"SPRF-SC";"DEL04-SC";"UOP04-DEL04-SC"
583885;2024-02-28;"quarta-feira";"16:20:00";"PR";376;196,2;"MARIALVA";"Manobra de mudanaa de faixa";"Saida de leito carrocavel";"Com Vatimas Feridas";"Pleno dia";"Decrescente";"Chuva";"Dupla";"Reta;Declive                  ";"Nao";4;0;1;0;3;0;1;2;-23,50026007;-51,76384001;"SPRF-PR";"DEL09-PR";"UOP01-DEL09-PR"
583886;2024-02-28;"quarta-feira";"17:00:00";"SC";101;214,2;"PALHOCA";"Velocidade Incompatavel";"Colisao transversal";"Com Vatimas Feridas";"Pleno dia";"Crescente";"Nublado";"Maltipla";"Reta";"Sim";3;0;1;0;1;1;1;3;-27,64443;-48,67057;"SPRF-SC";"DEL01-SC";"UOP02-DEL01-SC"
583893;2024-02-28;"quarta-feira";"17:50:00";"RJ";101;65;"CAMPOS DOS GOYTACAZES";"Ausancia de Reacao do condutor";"Colisao traseira";"Com Vatimas Feridas";"Pleno dia";"Decrescente";"Ceu Claro";"Dupla";"Reta";"Sim";4;0;3;0;1;0;3;2;-21,75371806;-41,344292;"SPRF-RJ";"DEL08-RJ";"UOP02-DEL08-RJ"
583901;2024-02-28;"quarta-feira";"18:20:00";"MG";381;917,4;"CAMANDUCAIA";"Reacao tardia ou ineficiente do condutor";"Colisao lateral mesmo sentido";"Com Vatimas Feridas";"Anoitecer";"Decrescente";"Ceu Claro";"Dupla";"Curva;Declive                 ";"Nao";2;0;1;0;1;0;1;2;-22,76700121;-46,17875277;"SPRF-MG";"DEL16-MG";"UOP03-DEL16-MG"
583902;2024-02-28;"quarta-feira";"19:00:00";"PB";230;26;"JOAO PESSOA";"Pedestre andava na pista";"Atropelamento de Pedestre";"Com Vatimas Fatais";"Plena Noite";"Decrescente";"Ceu Claro";"Dupla";"Reta";"Sim";8;1;0;0;6;1;0;4;-7,165559;-34,888908;"SPRF-PB";"DEL01-PB";"UOP01-DEL01-PB"
583912;2024-02-28;"quarta-feira";"20:15:00";"RS";153;51;"ERECHIM";"Velocidade Incompatavel";"Colisao transversal";"Com Vatimas Feridas";"Plena Noite";"Decrescente";"Chuva";"Simples";"Reta";"Sim";2;0;1;0;1;0;1;2;-27,66024898;-52,28414106;"SPRF-RS";"DEL08-RS";"UOP04-DEL08-RS"
583913;2024-02-28;"quarta-feira";"19:30:00";"SC";470;175;"POUSO REDONDO";"Ultrapassagem Indevida";"Colisao frontal";"Com Vatimas Feridas";"Plena Noite";"Decrescente";"Nublado";"Simples";"Curva";"Sim";5;0;1;1;3;0;2;4;-27,25617;-49,938969;"SPRF-SC";"DEL04-SC";"UOP02-DEL04-SC"
583916;2024-02-28;"quarta-feira";"20:15:00";"PE";232;52,1;"VITORIA DE SANTO ANTAO";"Ausancia de Reacao do condutor";"Colisao traseira";"Sem Vatimas";"Plena Noite";"Decrescente";"Chuva";"Dupla";"Reta";"Nao";2;0;0;0;2;0;0;2;-8,13420544;-35,34022822;"SPRF-PE";"DEL01-PE";"UOP01-DEL01-PE"
583918;2024-02-28;"quarta-feira";"21:30:00";"CE";20;205,4;"BOA VIAGEM";"Animais na Pista";"Atropelamento de Animal";"Com Vatimas Feridas";"Plena Noite";"Crescente";"Nublado";"Simples";"Reta";"Nao";2;0;1;0;1;0;1;1;-5,1141029;-39,7230919;"SPRF-CE";"DEL02-CE";"UOP02-DEL02-CE"
583922;2024-02-28;"quarta-feira";"20:20:00";"GO";60;3,1;"SANTO ANTONIO DO DESCOBERTO";"Demais falhas mecanicas ou elatricas";"Incendio";"Sem Vatimas";"Plena Noite";"Crescente";"Nublado";"Dupla";"Declive;Reta                  ";"Nao";2;0;0;0;2;0;0;1;-16,078571;-48,268934;"SPRF-DF";"DEL03-DF";"UOP01-DEL03-DF"
583923;2024-02-28;"quarta-feira";"19:15:00";"MA";135;0,4;"SAO LUIS";"Acessar a via sem observar a presenca dos outros veiculos";"Colisao transversal";"Com Vatimas Fatais";"Plena Noite";"Decrescente";"Nublado";"Dupla";"Retorno Regulamentado;Reta    ";"Sim";2;1;0;0;0;1;0;2;-2,585244;-44,242971;"SPRF-MA";"DEL01-MA";"UOP01-DEL01-MA"
583924;2024-02-28;"quarta-feira";"21:15:00";"MS";163;550;"BANDEIRANTES";"Manobra de mudanaa de faixa";"Colisao transversal";"Sem Vatimas";"Plena Noite";"Decrescente";"Ignorado";"Simples";"Curva";"Nao";2;0;0;0;0;2;0;2;-19,90449362;-54,37274337;"SPRF-MS";"DEL01-MS";"UOP02-DEL01-MS"
583925;2024-02-28;"quarta-feira";"18:05:00";"PA";230;1129;"ITAITUBA";"Ingestao de alcool pelo condutor";"Tombamento";"Com Vatimas Feridas";"Anoitecer";"Crescente";"Nublado";"Dupla";"Declive;Curva                 ";"Sim";2;0;1;0;1;0;1;2;-4,29379678;-55,96271396;"SPRF-PA";"DEL05-PA";"UOP02-DEL05-PA"
583926;2024-02-28;"quarta-feira";"21:30:00";"AL";104;83,7;"RIO LARGO";"Velocidade Incompatavel";"Tombamento";"Sem Vatimas";"Plena Noite";"Crescente";"Ceu Claro";"Dupla";"Declive;Curva                 ";"Nao";1;0;0;0;1;0;0;1;-9,44165773;-35,83538341;"SPRF-AL";"DEL01-AL";"UOP01-DEL01-AL"
583928;2024-02-01;"quinta-feira";"19:30:00";"MA";316;218;"GOVERNADOR NEWTON BELLO";"Chuva";"Colisao transversal";"Sem Vatimas";"Plena Noite";"Decrescente";"Chuva";"Simples";"Reta";"Nao";2;0;0;0;2;0;0;2;-3,45764;-45,672226;"SPRF-MA";"DEL02-MA";"UOP01-DEL02-MA"
583929;2024-02-28;"quarta-feira";"21:00:00";"MG";116;239;"TEOFILO OTONI";"Demais falhas mecanicas ou elatricas";"Incendio";"Sem Vatimas";"Plena Noite";"Decrescente";"Ceu Claro";"Simples";"Reta";"Nao";1;0;0;0;1;0;0;1;-17,53123509;-41,48222923;"SPRF-MG";"DEL11-MG";"UOP01-DEL11-MG"
583931;2024-02-28;"quarta-feira";"22:40:00";"GO";153;346;"JARAGUA";"Problema na suspensao";"Tombamento";"Com Vatimas Feridas";"Plena Noite";"Decrescente";"Ceu Claro";"Simples";"Reta;Declive                  ";"Nao";4;0;2;0;2;0;2;1;-15,637603;-49,373875;"SPRF-GO";"DEL02-GO";"UOP02-DEL02-GO"
583933;2024-02-29;"quinta-feira";"00:01:00";"PR";376;11,6;"MARINGA";"Acessar a via sem observar a presenca dos outros veiculos";"Atropelamento de Pedestre";"Com Vatimas Fatais";"Plena Noite";"Decrescente";"Ceu Claro";"Dupla";"Reta";"Sim";3;1;1;0;1;0;1;3;-23,390095;-51,894247;"SPRF-PR";"DEL09-PR";"UOP01-DEL09-PR"
583935;2024-02-28;"quarta-feira";"12:30:00";"MG";267;286;"BAEPENDI";"Velocidade Incompatavel";"Tombamento";"Com Vatimas Feridas";"Pleno dia";"Decrescente";"Ceu Claro";"Simples";"Declive;Curva                 ";"Nao";1;0;1;0;0;0;1;1;-21,92460612;-44,77877599;"SPRF-MG";"DEL17-MG";"UOP01-DEL17-MG"
583945;2024-02-28;"quarta-feira";"23:40:00";"PR";369;44,8;"BANDEIRANTES";"Velocidade Incompatavel";"Tombamento";"Com Vatimas Feridas";"Plena Noite";"Crescente";"Nublado";"Simples";"Curva";"Nao";1;0;1;0;0;0;1;1;-23,089462;-50,288475;"SPRF-PR";"DEL07-PR";"UOP05-DEL07-PR"
583950;2024-02-29;"quinta-feira";"03:00:00";"RS";293;30,5;"CAPAO DO LEAO";"Problema com o freio";"Incendio";"Sem Vatimas";"Plena Noite";"Crescente";"Ceu Claro";"Simples";"Aclive";"Nao";1;0;0;0;1;0;0;1;-31,72752355;-52,62326608;"SPRF-RS";"DEL07-RS";"UOP01-DEL07-RS"
583959;2024-02-29;"quinta-feira";"02:44:00";"GO";153;6;"PORANGATU";"Reacao tardia ou ineficiente do condutor";"Colisao traseira";"Com Vatimas Feridas";"Plena Noite";"Decrescente";"Ignorado";"Simples";"Reta";"Nao";2;0;0;1;1;0;1;2;-12,887886;-49,110176;"SPRF-GO";"DEL07-GO";"UOP01-DEL07-GO"
583960;2024-02-29;"quinta-feira";"03:30:00";"PR";277;235;"FERNANDES PINHEIRO";"Condutor Dormindo";"Saida de leito carrocavel";"Sem Vatimas";"Plena Noite";"Crescente";"Chuva";"Simples";"Reta;Aclive                   ";"Nao";2;0;0;0;0;2;0;2;-25,46528432;-50,5796814;"SPRF-PR";"DEL08-PR";"UOP02-DEL08-PR"
583963;2024-02-28;"quarta-feira";"10:30:00";"BA";116;373;"LAMARAO";"Reacao tardia ou ineficiente do condutor";"Colisao traseira";"Com Vatimas Fatais";"Pleno dia";"Decrescente";"Ceu Claro";"Simples";"Reta";"Nao";3;1;0;0;2;0;0;3;-11,788313;-38,98560509;"SPRF-BA";"DEL02-BA";"UOP01-DEL02-BA"
583966;2024-02-28;"quarta-feira";"22:50:00";"SC";116;107,7;"MONTE CASTELO";"Velocidade Incompatavel";"Capotamento";"Com Vatimas Feridas";"Plena Noite";"Decrescente";"Chuva";"Simples";"Declive;Curva                 ";"Nao";1;0;1;0;0;0;1;1;-26,75568818;-50,32812388;"SPRF-SC";"DEL06-SC";"UOP02-DEL06-SC"
583968;2024-02-29;"quinta-feira";"05:40:00";"MG";50;132;"UBERABA";"Ausancia de Reacao do condutor";"Colisao traseira";"Com Vatimas Feridas";"Amanhecer";"Decrescente";"Ceu Claro";"Dupla";"Aclive;Reta                   ";"Nao";3;0;0;2;1;0;2;2;-19,406173;-48,076837;"SPRF-MG";"DEL13-MG";"UOP01-DEL13-MG"
583971;2024-02-29;"quinta-feira";"03:00:00";"PE";232;449;"SAO JOSE DO BELMONTE";"Transitar na contramao";"Colisao frontal";"Com Vatimas Feridas";"Plena Noite";"Crescente";"Ignorado";"Simples";"Curva";"Nao";2;0;1;0;1;0;1;2;-7,98629482;-38,62748158;"SPRF-PE";"DEL04-PE";"UOP01-DEL04-PE"
583972;2024-02-29;"quinta-feira";"05:00:00";"PR";476;304;"SAO MATEUS DO SUL";"Condutor Dormindo";"Colisao lateral sentido oposto";"Com Vatimas Fatais";"Amanhecer";"Crescente";"Nublado";"Simples";"Reta";"Nao";2;1;1;0;0;0;1;2;-26,003866;-50,597298;"SPRF-PR";"DEL02-PR";"UOP03-DEL02-PR"
583986;2024-02-29;"quinta-feira";"05:40:00";"MT";70;2,6;"BARRA DO GARCAS";"Velocidade Incompatavel";"Colisao traseira";"Com Vatimas Feridas";"Amanhecer";"Decrescente";"Ceu Claro";"Dupla";"Reta";"Nao";3;0;1;1;1;0;2;3;-15,88749699;-52,26810568;"SPRF-MT";"DEL07-MT";"UOP01-DEL07-MT"
583988;2024-02-24;"sabado";"08:30:00";"BA";101;389;"IBIRAPITANGA";"Curva acentuada";"Tombamento";"Com Vatimas Feridas";"Pleno dia";"Crescente";"Chuva";"Simples";"Curva";"Nao";1;0;0;1;0;0;1;1;-14,025008;-39,423384;"SPRF-BA";"DEL05-BA";"UOP03-DEL05-BA"
583989;2024-02-29;"quinta-feira";"05:20:00";"SC";101;283,3;"IMBITUBA";"Chuva";"Colisao traseira";"Com Vatimas Fatais";"Plena Noite";"Crescente";"Chuva";"Dupla";"Reta;Declive                  ";"Nao";2;1;0;0;1;0;0;2;-28,22549536;-48,70112658;"SPRF-SC";"DEL02-SC";"UOP03-DEL02-SC"
584002;2024-02-29;"quinta-feira";"07:20:00";"SC";101;118;"ITAJAI";"Manobra de mudanaa de faixa";"Colisao lateral mesmo sentido";"Com Vatimas Feridas";"Pleno dia";"Crescente";"Nublado";"Dupla";"Reta";"Sim";3;0;2;0;1;0;2;2;-26,895859;-48,71903;"SPRF-SC";"DEL04-SC";"UOP04-DEL04-SC"
584003;2024-02-29;"quinta-feira";"08:15:00";"PR";376;435;"TIBAGI";"Reacao tardia ou ineficiente do condutor";"Colisao com objeto";"Sem Vatimas";"Pleno dia";"Crescente";"Ceu Claro";"Dupla";"Reta;Aclive                   ";"Nao";1;0;0;0;1;0;0;1;-24,82838892;-50,47874774;"SPRF-PR";"DEL03-PR";"UOP02-DEL03-PR"
584004;2024-02-29;"quinta-feira";"09:00:00";"RJ";116;178;"MESQUITA";"Manobra de mudanaa de faixa";"Colisao traseira";"Com Vatimas Feridas";"Pleno dia";"Decrescente";"Ceu Claro";"Maltipla";"Reta";"Sim";2;0;1;0;1;0;1;2;-22,77496393;-43,40081465;"SPRF-RJ";"DEL06-RJ";"UOP01-DEL06-RJ"
584007;2024-02-29;"quinta-feira";"07:45:00";"RS";386;440;"NOVA SANTA RITA";"Condutor deixou de manter distancia do veiculo da frente";"Colisao traseira";"Sem Vatimas";"Pleno dia";"Crescente";"Ceu Claro";"Dupla";"Reta";"Nao";5;0;0;0;5;0;0;3;-29,878265;-51,241951;"SPRF-RS";"DEL01-RS";"UOP01-DEL01-RS"
584008;2024-02-29;"quinta-feira";"08:25:00";"PR";476;147;"ARAUCARIA";"Reacao tardia ou ineficiente do condutor";"Saida de leito carrocavel";"Com Vatimas Feridas";"Pleno dia";"Decrescente";"Sol";"Dupla";"Reta";"Sim";2;0;1;0;1;0;1;2;-25,55577045;-49,34246421;"SPRF-PR";"DEL01-PR";"UOP06-DEL01-PR"
584015;2024-02-29;"quinta-feira";"08:40:00";"RJ";116;234;"PIRAI";"Reacao tardia ou ineficiente do condutor";"Colisao traseira";"Com Vatimas Feridas";"Pleno dia";"Decrescente";"Sol";"Maltipla";"Reta";"Nao";2;0;1;0;1;0;1;2;-22,66632663;-43,84704988;"SPRF-RJ";"DEL07-RJ";"UOP01-DEL07-RJ"
584026;2024-02-29;"quinta-feira";"10:50:00";"RS";290;488,3;"ROSARIO DO SUL";"Demais falhas mecanicas ou elatricas";"Saida de leito carrocavel";"Sem Vatimas";"Pleno dia";"Crescente";"Ceu Claro";"Simples";"Reta";"Nao";2;0;0;0;2;0;0;1;-30,238927;-55,005288;"SPRF-RS";"DEL11-RS";"UOP02-DEL11-RS"
584027;2024-02-29;"quinta-feira";"10:45:00";"MG";381;451;"SABARA";"Conversao proibida";"Colisao transversal";"Sem Vatimas";"Pleno dia";"Decrescente";"Ceu Claro";"Simples";"Declive;Curva                 ";"Sim";2;0;0;0;2;0;0;2;-19,83449833;-43,85015845;"SPRF-MG";"DEL01-MG";"UOP01-DEL01-MG"
584030;2024-02-29;"quinta-feira";"12:00:00";"PR";158;531;"PATO BRANCO";"Suicadio (presumido)";"Atropelamento de Pedestre";"Com Vatimas Feridas";"Pleno dia";"Decrescente";"Nublado";"Simples";"Reta";"Sim";2;0;0;1;1;0;1;2;-26,20228;-52,678215;"SPRF-PR";"DEL02-PR";"UOP01-DEL02-PR"
584034;2024-02-02;"sexta-feira";"03:30:00";"PR";277;102,4;"CAMPO LARGO";"Pedestre andava na pista";"Atropelamento de Pedestre";"Com Vatimas Fatais";"Plena Noite";"Decrescente";"Nublado";"Dupla";"Reta";"Sim";7;1;0;0;6;0;0;3;-25,42830532;-49,39031482;"SPRF-PR";"DEL01-PR";"UOP06-DEL01-PR"
584037;2024-02-29;"quinta-feira";"09:30:00";"MT";158;625;"NOVA XAVANTINA";"Condutor Dormindo";"Tombamento";"Com Vatimas Feridas";"Pleno dia";"Crescente";"Ceu Claro";"Simples";"Reta";"Nao";1;0;0;1;0;0;1;1;-14,49276784;-52,28569031;"SPRF-MT";"DEL07-MT";"UOP02-DEL07-MT"
584041;2024-02-29;"quinta-feira";"13:15:00";"MS";163;405;"NOVA ALVORADA DO SUL";"Reacao tardia ou ineficiente do condutor";"Colisao frontal";"Com Vatimas Fatais";"Pleno dia";"Crescente";"Sol";"Simples";"Reta";"Nao";4;3;1;0;0;0;1;2;-21,12364994;-54,4818027;"SPRF-MS";"DEL02-MS";"UOP01-DEL02-MS"
584046;2024-02-29;"quinta-feira";"09:00:00";"RO";364;539,2;"RIO CRESPO";"Transitar na contramao";"Colisao frontal";"Com Vatimas Fatais";"Pleno dia";"Crescente";"Ceu Claro";"Simples";"Curva";"Nao";4;1;0;1;1;1;1;3;-9,7318339;-63,11276976;"SPRF-RO";"DEL03-RO";"UOP01-DEL03-RO"