"id";"data_inversa";"dia_semana";"horario";"uf";"br";"km";"municipio";"causa_acidente";"tipo_acidente";"classificacao_acidente";"fase_dia";"sentido_via";"condicao_metereologica";"tipo_pista";"tracado_via";"uso_solo";"pessoas";"mortos";"feridos_leves";"feridos_graves";"ilesos";"ignorados";"feridos";"veiculos";"latitude";"longitude";"regional";"delegacia";"uop"
584048;2024-02-29;"quinta-feira";"14:30:00";"PR";277;3;"PARANAGUA";"Acesso irregular";"Colisao frontal";"Com Vatimas Feridas";"Pleno dia";"Crescente";"Ceu Claro";"Dupla";"Reta";"Sim";2;0;1;0;1;0;1;2;-25,568198;-48,615292;"SPRF-PR";"DEL01-PR";"UOP05-DEL01-PR"
584050;2024-02-29;"quinta-feira";"15:00:00";"RJ";101;85;"CAMPOS DOS GOYTACAZES";"Velocidade Incompatavel";"Saida de leito carrocavel";"Com Vatimas Feridas";"Pleno dia";"Decrescente";"Chuva";"Dupla";"Reta";"Nao";3;0;1;0;2;0;1;1;-21,82176524;-41,47958594;"SPRF-RJ";"DEL08-RJ";"UOP02-DEL08-RJ"
584051;2024-02-29;"quinta-feira";"08:00:00";"GO";158;142;"CAIAPONIA";"Acessar a via sem observar a presenca dos outros veiculos";"Colisao transversal";"Com Vatimas Feridas";"Pleno dia";"Crescente";"Ceu Claro";"Simples";"Curva";"Nao";3;0;0;2;1;0;2;2;-16,82529795;-51,76573005;"SPRF-GO";"DEL04-GO";"UOP02-DEL04-GO"
584052;2024-02-29;"quinta-feira";"14:40:00";"PR";376;386;"IMBAU";"Reacao tardia ou ineficiente do condutor";"Saida de leito carrocavel";"Sem Vatimas";"Pleno dia";"Crescente";"Ceu Claro";"Dupla";"Interseaao de Vias;Reta;Decliv";"Sim";1;0;0;0;1;0;0;1;-24,447575;-50,760181;"SPRF-PR";"DEL03-PR";"UOP02-DEL03-PR"
584055;2024-02-29;"quinta-feira";"12:50:00";"BA";116;588;"NOVA ITARANA";"Velocidade Incompatavel";"Saida de leito carrocavel";"Com Vatimas Feridas";"Pleno dia";"Crescente";"Ceu Claro";"Simples";"Reta";"Nao";1;0;1;0;0;0;1;1;-13,12433084;-39,99106463;"SPRF-BA";"DEL03-BA";"UOP02-DEL03-BA"
584060;2024-02-29;"quinta-feira";"15:50:00";"SC";282;509,3;"XANXERE";"Condutor deixou de manter distancia do veiculo da frente";"Colisao traseira";"Com Vatimas Feridas";"Pleno dia";"Decrescente";"Sol";"Simples";"Reta";"Nao";5;0;0;1;4;0;1;2;-26,890533;-52,457096;"SPRF-SC";"DEL07-SC";"UOP01-DEL07-SC"
584064;2024-02-29;"quinta-feira";"16:10:00";"RS";290;193;"RIO PARDO";"Demais falhas mecanicas ou elatricas";"Colisao lateral sentido oposto";"Sem Vatimas";"Pleno dia";"Crescente";"Nublado";"Simples";"Reta";"Nao";2;0;0;0;2;0;0;2;-30,17095327;-52,21286774;"SPRF-RS";"DEL02-RS";"UOP03-DEL02-RS"
584067;2024-02-29;"quinta-feira";"15:30:00";"PR";116;127,1;"FAZENDA RIO GRANDE";"Reacao tardia ou ineficiente do condutor";"Colisao lateral mesmo sentido";"Sem Vatimas";"Pleno dia";"Crescente";"Sol";"Dupla";"Reta";"Sim";2;0;0;0;1;1;0;2;-25,645921;-49,312773;"SPRF-PR";"DEL01-PR";"UOP03-DEL01-PR"
584072;2024-02-29;"quinta-feira";"16:48:00";"RS";116;515;"PELOTAS";"Acessar a via sem observar a presenca dos outros veiculos";"Colisao traseira";"Com Vatimas Feridas";"Pleno dia";"Crescente";"Ceu Claro";"Simples";"Reta";"Nao";2;0;1;0;1;0;1;2;-31,66114092;-52,3386834;"SPRF-RS";"DEL07-RS";"UOP01-DEL07-RS"
584074;2024-02-29;"quinta-feira";"16:15:00";"MG";381;389;"BARAO DE COCAIS";"Chuva";"Colisao frontal";"Com Vatimas Feridas";"Pleno dia";"Decrescente";"Chuva";"Simples";"Curva";"Nao";4;0;2;1;1;0;3;2;-19,781548;-43,436355;"SPRF-MG";"DEL01-MG";"UOP01-DEL01-MG"
584077;2024-02-29;"quinta-feira";"11:04:00";"SC";470;247,4;"CURITIBANOS";"Velocidade Incompatavel";"Tombamento";"Com Vatimas Feridas";"Pleno dia";"Decrescente";"Nublado";"Simples";"Rotataria;Interseaao de Vias  ";"Sim";1;0;1;0;0;0;1;1;-27,31288979;-50,56097031;"SPRF-SC";"DEL05-SC";"UOP03-DEL05-SC"
584078;2024-02-29;"quinta-feira";"04:30:00";"RO";364;1030;"PORTO VELHO";"Ausancia de Reacao do condutor";"Colisao traseira";"Com Vatimas Fatais";"Amanhecer";"Crescente";"Ceu Claro";"Simples";"Reta";"Nao";2;1;0;0;1;0;0;2;-9,75929717;-66,26472596;"SPRF-RO";"DEL01-RO";"UOP03-DEL01-RO"
584080;2024-02-29;"quinta-feira";"16:40:00";"GO";153;589,8;"PIRACANJUBA";"Ausancia de Reacao do condutor";"Colisao traseira";"Com Vatimas Feridas";"Pleno dia";"Crescente";"Ceu Claro";"Dupla";"Reta;Aclive                   ";"Nao";2;0;1;0;1;0;1;2;-17,4593;-49,2227;"SPRF-GO";"DEL03-GO";"UOP01-DEL03-GO"
584081;2024-02-29;"quinta-feira";"15:50:00";"MT";70;522;"VARZEA GRANDE";"Acesso irregular";"Colisao transversal";"Com Vatimas Feridas";"Pleno dia";"Crescente";"Sol";"Simples";"Reta";"Sim";2;0;0;1;1;0;1;2;-15,66486;-56,18396;"SPRF-MT";"DEL01-MT";"UOP02-DEL01-MT"
584083;2024-02-29;"quinta-feira";"18:00:00";"PE";424;95;"GARANHUNS";"Demais falhas mecanicas ou elatricas";"Saida de leito carrocavel";"Com Vatimas Feridas";"Plena Noite";"Crescente";"Chuva";"Simples";"Reta";"Nao";1;0;1;0;0;0;1;1;-8,92487901;-36,48949333;"SPRF-PE";"DEL03-PE";"UOP01-DEL03-PE"
584086;2024-02-29;"quinta-feira";"17:00:00";"SP";381;57,5;"MAIRIPORA";"Reacao tardia ou ineficiente do condutor";"Colisao traseira";"Com Vatimas Feridas";"Pleno dia";"Decrescente";"Ceu Claro";"Dupla";"Reta";"Nao";3;0;1;0;2;0;1;2;-23,271569;-46,584544;"SPRF-SP";"DEL03-SP";"UOP01-DEL03-SP"
584088;2024-02-29;"quinta-feira";"18:30:00";"RJ";393;148;"TRES RIOS";"Reacao tardia ou ineficiente do condutor";"Colisao lateral sentido oposto";"Com Vatimas Feridas";"Anoitecer";"Decrescente";"Chuva";"Simples";"Curva";"Nao";2;0;0;1;1;0;1;2;-22,04489814;-43,00868082;"SPRF-RJ";"DEL05-RJ";"UOP01-DEL05-RJ"
584089;2024-02-29;"quinta-feira";"18:30:00";"PR";277;727;"FOZ DO IGUACU";"Transitar no Acostamento";"Colisao lateral mesmo sentido";"Com Vatimas Feridas";"Pleno dia";"Decrescente";"Ceu Claro";"Simples";"Interseaao de Vias";"Nao";3;0;1;0;2;0;1;3;-25,51017487;-54,56454899;"SPRF-PR";"DEL05-PR";"UOP03-DEL05-PR"
584092;2024-02-29;"quinta-feira";"14:35:00";"MT";364;615,1;"DIAMANTINO";"Carga excessiva e/ou mal acondicionada";"Colisao lateral sentido oposto";"Com Vatimas Feridas";"Pleno dia";"Crescente";"Ceu Claro";"Simples";"Curva";"Nao";2;0;1;1;0;0;2;2;-14,41680214;-56,30735406;"SPRF-MT";"DEL01-MT";"UOP01-DEL01-MT"
584104;2024-02-22;"quinta-feira";"17:40:00";"RS";285;455;"IJUI";"Acessar a via sem observar a presenca dos outros veiculos";"Colisao transversal";"Com Vatimas Feridas";"Pleno dia";"Decrescente";"Ceu Claro";"Simples";"Reta";"Sim";2;0;1;0;1;0;1;2;-28,380919;-53,879509;"SPRF-RS";"DEL10-RS";"UOP01-DEL10-RS"
584105;2024-02-29;"quinta-feira";"16:30:00";"RJ";40;115;"DUQUE DE CAXIAS";"Manobra de mudanaa de faixa";"Colisao lateral mesmo sentido";"Com Vatimas Feridas";"Pleno dia";"Decrescente";"Ceu Claro";"Maltipla";"Reta";"Nao";4;0;2;0;1;1;2;3;-22,72756999;-43,2891609;"SPRF-RJ";"DEL01-RJ";"UOP02-DEL01-RJ"
584107;2024-02-29;"quinta-feira";"17:00:00";"RJ";40;120;"DUQUE DE CAXIAS";"Manobra de mudanaa de faixa";"Colisao lateral mesmo sentido";"Com Vatimas Feridas";"Pleno dia";"Decrescente";"Ceu Claro";"Maltipla";"Reta";"Nao";2;0;0;1;0;1;1;2;-22,77280597;-43,28626763;"SPRF-RJ";"DEL01-RJ";"UOP02-DEL01-RJ"
584108;2024-02-29;"quinta-feira";"17:50:00";"ES";262;108;"VENDA NOVA DO IMIGRANTE";"Transitar na contramao";"Colisao frontal";"Com Vatimas Feridas";"Anoitecer";"Crescente";"Ceu Claro";"Simples";"Reta";"Nao";2;0;1;0;1;0;1;2;-20,33360896;-41,16233002;"SPRF-ES";"DEL01-ES";"UOP02-DEL01-ES"
584113;2024-02-29;"quinta-feira";"19:30:00";"BA";324;588;"CANDEIAS";"Condutor deixou de manter distancia do veiculo da frente";"Colisao traseira";"Com Vatimas Feridas";"Plena Noite";"Crescente";"Ceu Claro";"Dupla";"Reta";"Nao";3;0;0;1;2;0;1;3;-12,66425409;-38,4707655;"SPRF-BA";"DEL01-BA";"UOP01-DEL01-BA"
584114;2024-02-29;"quinta-feira";"19:10:00";"PA";163;654;"ITAITUBA";"Acostamento em desnavel";"Tombamento";"Com Vatimas Feridas";"Plena Noite";"Decrescente";"Ceu Claro";"Simples";"Reta";"Nao";1;0;1;0;0;0;1;1;-4,49732299;-55,86656962;"SPRF-PA";"DEL05-PA";"UOP02-DEL05-PA"
584120;2024-02-29;"quinta-feira";"21:00:00";"MG";354;731;"POUSO ALTO";"Ultrapassagem Indevida";"Colisao frontal";"Com Vatimas Feridas";"Plena Noite";"Decrescente";"Chuva";"Simples";"Curva;Aclive                  ";"Nao";4;0;3;0;1;0;3;2;-22,17071402;-44,96390985;"SPRF-MG";"DEL17-MG";"UOP01-DEL17-MG"
584130;2024-02-29;"quinta-feira";"20:30:00";"PR";158;521;"PATO BRANCO";"Ingestao de alcool pelo condutor";"Colisao frontal";"Com Vatimas Feridas";"Plena Noite";"Crescente";"Ceu Claro";"Simples";"Reta";"Nao";2;0;0;1;1;0;1;2;-26,11888095;-52,64133111;"SPRF-PR";"DEL02-PR";"UOP01-DEL02-PR"
584133;2024-02-29;"quinta-feira";"20:00:00";"RJ";40;74;"PETROPOLIS";"Reacao tardia ou ineficiente do condutor";"Saida de leito carrocavel";"Com Vatimas Feridas";"Plena Noite";"Decrescente";"Nublado";"Simples";"Curva;Declive                 ";"Nao";1;0;1;0;0;0;1;1;-22,47224973;-43,22332717;"SPRF-RJ";"DEL01-RJ";"UOP01-DEL01-RJ"
584137;2024-02-29;"quinta-feira";"23:50:00";"SP";116;487;"CAJATI";"Velocidade Incompatavel";"Colisao traseira";"Com Vatimas Feridas";"Plena Noite";"Crescente";"Nublado";"Dupla";"Reta";"Nao";2;0;1;0;1;0;1;2;-24,72633575;-48,08998415;"SPRF-SP";"DEL05-SP";"UOP01-DEL05-SP"
584142;2024-02-25;"domingo";"07:50:00";"MT";70;656;"CACERES";"Reacao tardia ou ineficiente do condutor";"Saida de leito carrocavel";"Sem Vatimas";"Pleno dia";"Crescente";"Ceu Claro";"Simples";"Reta";"Nao";2;0;0;0;2;0;0;2;-15,96753007;-57,16866394;"SPRF-MT";"DEL03-MT";"UOP02-DEL03-MT"
584159;2024-02-29;"quinta-feira";"13:00:00";"MT";158;536;"AGUA BOA";"Demais falhas mecanicas ou elatricas";"Saida de leito carrocavel";"Com Vatimas Feridas";"Pleno dia";"Crescente";"Ceu Claro";"Simples";"Reta";"Nao";2;0;1;0;1;0;1;1;-13,80730502;-52,03950938;"SPRF-MT";"DEL07-MT";"UOP02-DEL07-MT"
584163;2024-02-29;"quinta-feira";"19:00:00";"RJ";116;247;"PIRAI";"Manobra de mudanaa de faixa";"Colisao lateral mesmo sentido";"Com Vatimas Feridas";"Plena Noite";"Decrescente";"Chuva";"Dupla";"Reta";"Nao";2;0;1;0;1;0;1;2;-22,60655103;-43,93505207;"SPRF-RJ";"DEL07-RJ";"UOP01-DEL07-RJ"
584239;2024-02-12;"segunda-feira";"11:10:00";"SP";116;131;"CACAPAVA";"Demais falhas mecanicas ou elatricas";"Incendio";"Sem Vatimas";"Pleno dia";"Crescente";"Sol";"Dupla";"Reta";"Sim";1;0;0;0;1;0;0;1;-23,12742083;-45,73636609;"SPRF-SP";"DEL02-SP";"UOP02-DEL02-SP"
584458;2024-02-21;"quarta-feira";"14:30:00";"MA";135;5;"SAO LUIS";"Acessar a via sem observar a presenca dos outros veiculos";"Colisao transversal";"Com Vatimas Feridas";"Pleno dia";"Decrescente";"Chuva";"Dupla";"Reta";"Sim";3;0;0;1;2;0;1;2;-2,63407378;-44,31335449;"SPRF-MA";"DEL01-MA";"UOP01-DEL01-MA"
584686;2024-02-08;"quinta-feira";"08:12:00";"PI";343;268;"CAMPO MAIOR";"Entrada inopinada do pedestre";"Atropelamento de Pedestre";"Com Vatimas Feridas";"Pleno dia";"Crescente";"Ceu Claro";"Simples";"Reta";"Sim";3;0;0;1;1;1;1;2;-4,84439626;-42,1886624;"SPRF-PI";"DEL01-PI";"UOP03-DEL01-PI"
584771;2024-01-30;"terça-feira";"05:00:00";"PR";373;284;"PRUDENTOPOLIS";"Ausancia de Reacao do condutor";"Tombamento";"Com Vatimas Feridas";"Amanhecer";"Crescente";"Ceu Claro";"Simples";"Curva";"Nao";1;0;1;0;0;0;1;1;-25,29278032;-51,12998486;"SPRF-PR";"DEL08-PR";"UOP01-DEL08-PR"
584979;2024-02-18;"domingo";"07:27:00";"SC";101;58;"ARAQUARI";"Ausancia de Reacao do condutor";"Engavetamento";"Com Vatimas Feridas";"Amanhecer";"Decrescente";"Nublado";"Maltipla";"Declive";"Nao";9;0;5;1;2;1;6;5;-26,44025049;-48,80129043;"SPRF-SC";"DEL03-SC";"UOP02-DEL03-SC"
584984;2024-02-24;"sabado";"17:25:00";"RN";226;4;"NATAL";"Manobra de mudanaa de faixa";"Colisao traseira";"Com Vatimas Feridas";"Anoitecer";"Crescente";"Ceu Claro";"Simples";"Reta;Interseaao de Vias       ";"Sim";2;0;1;0;1;0;1;2;-5,81958019;-35,25969486;"SPRF-RN";"DEL01-RN";"UOP02-DEL01-RN"
585138;2024-02-14;"quarta-feira";"10:00:00";"PR";277;38;"MORRETES";"Acumulo de aleo sobre o pavimento";"Colisao traseira";"Com Vatimas Feridas";"Pleno dia";"Decrescente";"Chuva";"Dupla";"Declive;Curva                 ";"Nao";5;0;2;0;3;0;2;2;-25,5658447055;-48,8111626896;"SPRF-PR";"DEL01-PR";"UOP05-DEL01-PR"
585199;2024-02-27;"terça-feira";"06:30:00";"BA";101;739;"ITABELA";"Velocidade Incompatavel";"Capotamento";"Com Vatimas Feridas";"Pleno dia";"Decrescente";"Sol";"Simples";"Curva;Declive                 ";"Nao";1;0;1;0;0;0;1;1;-16,689233;-39,480426;"SPRF-BA";"DEL09-BA";"UOP01-DEL09-BA"
585304;2024-02-04;"domingo";"09:10:00";"PA";163;104;"ALTAMIRA";"Curva acentuada";"Saida de leito carrocavel";"Com Vatimas Feridas";"Pleno dia";"Decrescente";"Ceu Claro";"Simples";"Curva";"Nao";2;0;1;0;0;1;1;2;-8,728298;-54,979658;"SPRF-PA";"DEL05-PA";"UOP02-DEL05-PA"
585359;2024-02-09;"sexta-feira";"19:50:00";"PI";343;345,2;"TERESINA";"Manobra de mudanaa de faixa";"Colisao transversal";"Com Vatimas Feridas";"Plena Noite";"Crescente";"Chuva";"Dupla";"Reta";"Sim";2;0;0;1;1;0;1;2;-5,102889;-42,766506;"SPRF-PI";"DEL01-PI";"UOP01-DEL01-PI"
585366;2024-02-29;"quinta-feira";"13:10:00";"MT";364;95;"ALTO GARCAS";"Acumulo de aleo sobre o pavimento";"Colisao traseira";"Com Vatimas Feridas";"Pleno dia";"Decrescente";"Ceu Claro";"Simples";"Reta";"Nao";2;0;1;0;1;0;1;2;-16,85806069;-53,75433289;"SPRF-MT";"DEL02-MT";"UOP02-DEL02-MT"
585396;2024-02-27;"terça-feira";"16:20:00";"ES";101;293,5;"CARIACICA";"Manobra de mudanaa de faixa";"Colisao lateral mesmo sentido";"Com Vatimas Feridas";"Pleno dia";"Decrescente";"Ceu Claro";"Dupla";"Em Obras;Reta                 ";"Sim";2;0;1;0;1;0;1;2;-20,31706838;-40,39575756;"SPRF-ES";"DEL01-ES";"UOP01-DEL01-ES"
585410;2024-02-11;"domingo";"22:30:00";"MA";10;288;"SAO FRANCISCO DO BREJAO";"Demais falhas mecanicas ou elatricas";"Incendio";"Sem Vatimas";"Plena Noite";"Crescente";"Ignorado";"Simples";"Aclive";"Nao";1;0;0;0;1;0;0;1;-5,215772;-47,515965;"SPRF-MA";"DEL04-MA";"UOP01-DEL04-MA"
585585;2024-01-31;"quarta-feira";"18:10:00";"SC";280;130;"RIO NEGRINHO";"Ingestao de alcool pelo condutor";"Colisao lateral sentido oposto";"Com Vatimas Feridas";"Pleno dia";"Decrescente";"Ceu Claro";"Simples";"Aclive;Reta                   ";"Nao";2;0;1;0;1;0;1;2;-26,2530246;-49,52924913;"SPRF-SC";"DEL06-SC";"UOP03-DEL06-SC"
585620;2024-02-22;"quinta-feira";"20:00:00";"SP";116;141;"SAO JOSE DOS CAMPOS";"Demais falhas mecanicas ou elatricas";"Tombamento";"Com Vatimas Feridas";"Plena Noite";"Crescente";"Chuva";"Dupla";"Reta";"Sim";7;0;3;0;4;0;3;5;-23,17004717;-45,82091491;"SPRF-SP";"DEL02-SP";"UOP01-DEL02-SP"
585664;2024-01-27;"sabado";"06:30:00";"AM";174;1139;"PRESIDENTE FIGUEIREDO";"Demais falhas mecanicas ou elatricas";"Incendio";"Sem Vatimas";"Pleno dia";"Crescente";"Ceu Claro";"Simples";"Reta;Ponte                    ";"Nao";2;0;0;0;2;0;0;1;-0,859893;-60,519678;"SPRF-AM";"DEL01-AM";"UOP02-DEL01-AM"
585680;2024-01-18;"quinta-feira";"11:40:00";"SC";116;251,9;"LAGES";"Reacao tardia ou ineficiente do condutor";"Colisao lateral sentido oposto";"Com Vatimas Feridas";"Pleno dia";"Crescente";"Chuva";"Simples";"Reta";"Nao";3;0;1;0;2;0;1;3;-27,8494545;-50,38042545;"SPRF-SC";"DEL05-SC";"UOP02-DEL05-SC"
585681;2024-02-01;"quinta-feira";"19:50:00";"GO";364;296;"MINEIROS";"Ausancia de Reacao do condutor";"Tombamento";"Com Vatimas Feridas";"Plena Noite";"Decrescente";"Nublado";"Dupla";"Reta";"Nao";1;0;1;0;0;0;1;1;-17,578016;-52,518154;"SPRF-GO";"DEL05-GO";"UOP01-DEL05-GO"
585742;2024-02-19;"segunda-feira";"17:48:00";"SC";116;85,6;"MONTE CASTELO";"Transitar na contramao";"Colisao frontal";"Com Vatimas Fatais";"Pleno dia";"Crescente";"Ceu Claro";"Simples";"Declive";"Nao";3;2;0;1;0;0;1;2;-26,60562;-50,227709;"SPRF-SC";"DEL06-SC";"UOP02-DEL06-SC"
585796;2024-01-29;"segunda-feira";"02:40:00";"MG";40;525;"CONTAGEM";"Acesso irregular";"Colisao traseira";"Com Vatimas Feridas";"Plena Noite";"Crescente";"Nublado";"Dupla";"Reta";"Sim";4;0;0;2;0;2;2;3;-19,88361702;-44,05039336;"SPRF-MG";"DEL01-MG";"UOP02-DEL01-MG"
585882;2024-01-21;"domingo";"07:05:00";"PR";277;517;"GUARANIACU";"Neblina";"Colisao traseira";"Com Vatimas Feridas";"Pleno dia";"Decrescente";"Nevoeiro/Neblina";"Maltipla";"Aclive;Curva                  ";"Sim";2;0;0;1;1;0;1;2;-25,11378015;-52,82230904;"SPRF-PR";"DEL04-PR";"UOP04-DEL04-PR"
586655;2024-02-22;"quinta-feira";"07:40:00";"SC";116;69;"MONTE CASTELO";"Velocidade Incompatavel";"Tombamento";"Sem Vatimas";"Pleno dia";"Decrescente";"Nublado";"Simples";"Rotataria";"Sim";3;0;0;0;3;0;0;2;-26,46036818;-50,22889671;"SPRF-SC";"DEL06-SC";"UOP02-DEL06-SC"
586824;2024-02-22;"quinta-feira";"18:30:00";"PA";153;55;"SAO DOMINGOS DO ARAGUAIA";"Transitar na contramao";"Colisao frontal";"Com Vatimas Fatais";"Plena Noite";"Crescente";"Ignorado";"Simples";"Curva";"Nao";2;1;0;0;1;0;0;2;-5,604073;-48,718838;"SPRF-PA";"DEL03-PA";"UOP01-DEL03-PA"
586929;2024-01-29;"segunda-feira";"07:30:00";"PI";343;317;"ALTOS";"Reacao tardia ou ineficiente do condutor";"Saida de leito carrocavel";"Com Vatimas Feridas";"Pleno dia";"Crescente";"Ceu Claro";"Simples";"Reta";"Nao";1;0;1;0;0;0;1;1;-5,044959;-42,544502;"SPRF-PI";"DEL01-PI";"UOP01-DEL01-PI"
586967;2024-01-03;"quarta-feira";"03:00:00";"RJ";393;205;"VASSOURAS";"Condutor Dormindo";"Saida de leito carrocavel";"Sem Vatimas";"Plena Noite";"Decrescente";"Chuva";"Simples";"Aclive;Reta                   ";"Nao";1;0;0;0;1;0;0;1;-22,24;-43,418945;"SPRF-RJ";"DEL05-RJ";"UOP03-DEL05-RJ"
586973;2024-01-28;"domingo";"06:40:00";"PR";277;307;"GUARAPUAVA";"Ausancia de Reacao do condutor";"Saida de leito carrocavel";"Com Vatimas Fatais";"Amanhecer";"Crescente";"Ceu Claro";"Simples";"Declive;Curva                 ";"Nao";2;1;0;0;0;1;0;2;-25,317425;-51,19501;"SPRF-PR";"DEL08-PR";"UOP01-DEL08-PR"
586996;2024-01-20;"sabado";"03:05:00";"SP";116;459,5;"PARIQUERA-ACU";"Estacionar ou parar em local proibido";"Colisao traseira";"Com Vatimas Fatais";"Plena Noite";"Crescente";"Ceu Claro";"Dupla";"Reta";"Nao";3;1;1;0;1;0;1;2;-24,60917609;-47,88176537;"SPRF-SP";"DEL05-SP";"UOP01-DEL05-SP"
587102;2024-02-02;"sexta-feira";"05:40:00";"SC";101;106,1;"PENHA";"Ausancia de Reacao do condutor";"Colisao traseira";"Com Vatimas Feridas";"Amanhecer";"Crescente";"Nublado";"Maltipla";"Interseaao de Vias;Retorno Reg";"Sim";2;0;1;0;1;0;1;2;-26,81031601;-48,68293896;"SPRF-SC";"DEL03-SC";"UOP02-DEL03-SC"
587207;2024-02-27;"terça-feira";"08:00:00";"RS";392;2,1;"RIO GRANDE";"Condutor deixou de manter distancia do veiculo da frente";"Engavetamento";"Com Vatimas Feridas";"Pleno dia";"Decrescente";"Garoa/Chuvisco";"Simples";"Reta";"Nao";7;0;2;0;3;2;2;7;-32,05362099;-52,08645803;"SPRF-RS";"DEL07-RS";"UOP02-DEL07-RS"
587242;2024-01-14;"domingo";"19:05:00";"ES";262;29,6;"DOMINGOS MARTINS";"Ultrapassagem Indevida";"Colisao lateral sentido oposto";"Com Vatimas Feridas";"Plena Noite";"Crescente";"Ceu Claro";"Simples";"Curva";"Nao";4;0;0;1;2;1;1;4;-20,38426904;-40,55863435;"SPRF-ES";"DEL01-ES";"UOP01-DEL01-ES"
587459;2024-02-29;"quinta-feira";"06:00:00";"MG";40;613;"CONGONHAS";"Reacao tardia ou ineficiente do condutor";"Colisao lateral sentido oposto";"Com Vatimas Feridas";"Amanhecer";"Decrescente";"Nublado";"Simples";"Curva";"Nao";2;0;1;0;0;1;1;2;-20,53007002;-43,82353351;"SPRF-MG";"DEL05-MG";"UOP02-DEL05-MG"
587601;2024-02-09;"sexta-feira";"12:20:00";"PR";163;225,4;"CASCAVEL";"Acesso irregular";"Colisao traseira";"Com Vatimas Feridas";"Pleno dia";"Decrescente";"Ceu Claro";"Dupla";"Reta";"Nao";2;0;1;0;1;0;1;2;-24,897235;-53,533793;"SPRF-PR";"DEL04-PR";"UOP01-DEL04-PR"
587689;2024-02-23;"sexta-feira";"23:00:00";"PI";316;285;"DOM EXPEDITO LOPES";"Reacao tardia ou ineficiente do condutor";"Colisao transversal";"Com Vatimas Feridas";"Pleno dia";"Decrescente";"Ceu Claro";"Simples";"Reta;Interseaao de Vias       ";"Sim";2;0;0;1;0;1;1;2;-6,96840473;-41,65280499;"SPRF-PI";"DEL04-PI";"UOP01-DEL04-PI"
588121;2024-02-24;"sabado";"14:35:00";"MG";365;258;"SAO GONCALO DO ABAETE";"Transitar na contramao";"Colisao frontal";"Com Vatimas Feridas";"Pleno dia";"Crescente";"Ceu Claro";"Simples";"Reta;Aclive                   ";"Nao";6;0;0;4;2;0;4;3;-17,85973618;-45,50552793;"SPRF-MG";"DEL10-MG";"UOP02-DEL010-MG"
588161;2024-02-19;"segunda-feira";"09:10:00";"MG";116;120,6;"ITAOBIM";"Acessar a via sem observar a presenca dos outros veiculos";"Atropelamento de Animal";"Com Vatimas Feridas";"Pleno dia";"Crescente";"Ignorado";"Simples";"Reta";"Nao";5;0;1;0;0;4;1;2;-16,60015602;-41,49868089;"SPRF-MG";"DEL11-MG";"UOP02-DEL11-MG"
588162;2024-02-22;"quinta-feira";"10:05:00";"RN";304;106;"ACU";"Acesso irregular";"Colisao traseira";"Com Vatimas Feridas";"Pleno dia";"Decrescente";"Garoa/Chuvisco";"Simples";"Reta;Interseaao de Vias       ";"Nao";4;0;4;0;0;0;4;2;-5,58834153;-36,96862936;"SPRF-RN";"DEL04-RN";"UOP01-DEL04-RN"
588398;2024-01-26;"sexta-feira";"16:05:00";"GO";364;204;"JATAI";"Ultrapassagem Indevida";"Colisao frontal";"Com Vatimas Fatais";"Pleno dia";"Decrescente";"Sol";"Simples";"Reta";"Nao";4;1;1;0;1;1;1;3;-17,907591;-51,791985;"SPRF-GO";"DEL05-GO";"UOP01-DEL05-GO"
588444;2024-02-18;"domingo";"16:20:00";"BA";116;919,6;"ENCRUZILHADA";"Reacao tardia ou ineficiente do condutor";"Saida de leito carrocavel";"Com Vatimas Feridas";"Pleno dia";"Crescente";"Nublado";"Simples";"Curva";"Nao";1;0;1;0;0;0;1;1;-15,58918;-41,28069;"SPRF-BA";"DEL08-BA";"UOP03-DEL08-BA"
588781;2024-01-21;"domingo";"16:25:00";"BA";242;759;"BARREIRAS";"Acumulo de agua sobre o pavimento";"Colisao frontal";"Com Vatimas Fatais";"Pleno dia";"Crescente";"Chuva";"Simples";"Reta";"Nao";2;1;1;0;0;0;1;2;-12,142873;-44,719096;"SPRF-BA";"DEL10-BA";"UOP01-DEL10-BA"
588956;2024-01-24;"quarta-feira";"01:46:00";"PB";230;115,3;"INGA";"Ausancia de Reacao do condutor";"Colisao com objeto";"Com Vatimas Feridas";"Plena Noite";"Decrescente";"Ceu Claro";"Dupla";"Curva";"Nao";1;0;1;0;0;0;1;1;-7,2296;-35,5998;"SPRF-PB";"DEL01-PB";"UOP03-DEL01-PB"
588964;2024-02-28;"quarta-feira";"10:30:00";"BA";116;373;"SERRINHA";"Reacao tardia ou ineficiente do condutor";"Colisao traseira";"Com Vatimas Fatais";"Pleno dia";"Decrescente";"Ceu Claro";"Simples";"Reta";"Nao";4;1;0;0;2;1;0;4;-11,7878313;-38,98560509;"SPRF-BA";"DEL02-BA";"UOP01-DEL02-BA"
589181;2024-02-09;"sexta-feira";"04:20:00";"MT";158;577;"AGUA BOA";"Condutor Dormindo";"Tombamento";"Com Vatimas Feridas";"Amanhecer";"Decrescente";"Ignorado";"Simples";"Reta";"Nao";2;0;2;0;0;0;2;1;-14,12724684;-52,18713907;"SPRF-MT";"DEL07-MT";"UOP02-DEL07-MT"
589213;2024-01-03;"quarta-feira";"13:15:00";"RS";470;225;"GARIBALDI";"Acessar a via sem observar a presenca dos outros veiculos";"Colisao lateral mesmo sentido";"Sem Vatimas";"Pleno dia";"Decrescente";"Ceu Claro";"Simples";"Reta";"Nao";2;0;0;0;2;0;0;2;-29,21454003;-51,51762617;"SPRF-RS";"DEL06-RS";"UOP01-DEL06-RS"