"id";"data_inversa";"dia_semana";"horario";"uf";"br";"km";"municipio";"causa_acidente";"tipo_acidente";"classificacao_acidente";"fase_dia";"sentido_via";"condicao_metereologica";"tipo_pista";"tracado_via";"uso_solo";"pessoas";"mortos";"feridos_leves";"feridos_graves";"ilesos";"ignorados";"feridos";"veiculos";"latitude";"longitude";"regional";"delegacia";"uop"
572131;2024-01-02;"terça-feira";"13:30:00";"PE";101;84;"JABOATAO DOS GUARARAPES";"Ausancia de Reacao do condutor";"Colisao traseira";"Com Vatimas Feridas";"Pleno dia";"Crescente";"Sol";"Dupla";"Reta";"Nao";2;0;1;0;1;0;1;2;-8,175172;-34,942642;"SPRF-PE";"DEL01-PE";"UOP01-DEL01-PE"
572132;2024-01-02;"terça-feira";"13:20:00";"GO";40;5,4;"VALPARAISO DE GOIAS";"Ausancia de Reacao do condutor";"Tombamento";"Com Vatimas Feridas";"Pleno dia";"Crescente";"Ceu Claro";"Maltipla";"Reta";"Sim";2;0;1;1;0;0;2;1;-16,093134;-47,982236;"SPRF-DF";"DEL01-DF";"UOP01-DEL01-DF"
572134;2024-01-02;"terça-feira";"10:50:00";"MT";70;278;"PRIMAVERA DO LESTE";"Acessar a via sem observar a presenca dos outros veiculos";"Colisao lateral mesmo sentido";"Com Vatimas Feridas";"Pleno dia";"Decrescente";"Chuva";"Simples";"Rotataria";"Sim";4;0;2;0;2;0;2;3;-15,55739918;-54,27981896;"SPRF-MT";"DEL05-MT";"UOP01-DEL05-MT"
572135;2024-01-02;"terça-feira";"10:30:00";"SC";101;103,1;"BALNEARIO PICARRAS";"Manobra de mudanaa de faixa";"Colisao lateral mesmo sentido";"Com Vatimas Feridas";"Pleno dia";"Decrescente";"Ceu Claro";"Dupla";"Reta";"Nao";6;0;0;2;4;0;2;2;-26,784135;-48,682639;"SPRF-SC";"DEL03-SC";"UOP02-DEL03-SC"
572136;2024-01-02;"terça-feira";"13:50:00";"SC";101;193;"BIGUACU";"Ausancia de Reacao do condutor";"Colisao lateral mesmo sentido";"Com Vatimas Feridas";"Pleno dia";"Crescente";"Ceu Claro";"Maltipla";"Reta";"Sim";2;0;1;0;1;0;1;2;-27,489574;-48,655914;"SPRF-SC";"DEL01-SC";"UOP01-DEL01-SC"
572137;2024-01-02;"terça-feira";"11:50:00";"MA";230;1;"BARAO DE GRAJAU";"Manobra de mudanaa de faixa";"Colisao frontal";"Com Vatimas Feridas";"Pleno dia";"Decrescente";"Ceu Claro";"Simples";"Reta";"Sim";2;0;1;0;1;0;1;2;-6,75491021;-43,01659198;"SPRF-PI";"DEL03-PI";"UOP01-DEL03-PI"
572138;2024-01-02;"terça-feira";"14:00:00";"RJ";493;86;"JAPERI";"Reacao tardia ou ineficiente do condutor";"Capotamento";"Com Vatimas Feridas";"Pleno dia";"Decrescente";"Ceu Claro";"Dupla";"Reta";"Nao";2;0;2;0;0;0;2;1;-22,67516414;-43,65520477;"SPRF-RJ";"DEL01-RJ";"UOP03-DEL01-RJ"
572139;2024-01-02;"terça-feira";"13:50:00";"SC";101;198;"BIGUACU";"Ausancia de Reacao do condutor";"Colisao traseira";"Com Vatimas Feridas";"Pleno dia";"Crescente";"Sol";"Maltipla";"Reta";"Sim";5;0;2;0;3;0;2;2;-27,52658712;-48,63506019;"SPRF-SC";"DEL01-SC";"UOP01-DEL01-SC"
572140;2024-01-02;"terça-feira";"13:20:00";"RN";304;296,5;"MACAIBA";"Transitar no Acostamento";"Colisao lateral mesmo sentido";"Com Vatimas Feridas";"Pleno dia";"Decrescente";"Ceu Claro";"Simples";"Interseaao de Vias";"Sim";2;0;1;0;1;0;1;2;-5,86518353;-35,35265207;"SPRF-RN";"DEL01-RN";"UOP02-DEL01-RN"
572141;2024-01-02;"terça-feira";"13:20:00";"SC";101;119,7;"ITAJAI";"Ausancia de Reacao do condutor";"Colisao lateral mesmo sentido";"Com Vatimas Feridas";"Pleno dia";"Decrescente";"Ceu Claro";"Dupla";"Reta";"Nao";2;0;1;0;0;1;1;2;-26,9043179;-48,71555481;"SPRF-SC";"DEL04-SC";"UOP04-DEL04-SC"
572142;2024-01-02;"terça-feira";"13:30:00";"MG";381;925,1;"ITAPEVA";"Chuva";"Colisao traseira";"Com Vatimas Feridas";"Pleno dia";"Crescente";"Chuva";"Dupla";"Curva";"Nao";2;0;1;0;1;0;1;2;-22,777207;-46,23911301;"SPRF-MG";"DEL16-MG";"UOP03-DEL16-MG"
572143;2024-01-02;"terça-feira";"12:45:00";"SP";381;17,3;"BRAGANCA PAULISTA";"Condutor deixou de manter distancia do veiculo da frente";"Engavetamento";"Com Vatimas Feridas";"Pleno dia";"Crescente";"Sol";"Dupla";"Aclive;Reta                   ";"Nao";6;0;1;0;4;1;1;5;-22,96631992;-46,48449317;"SPRF-SP";"DEL03-SP";"UOP02-DEL03-SP"
572146;2024-01-02;"terça-feira";"13:30:00";"RS";285;540,9;"CAIBATE";"Pista Escorregadia";"Colisao frontal";"Com Vatimas Feridas";"Pleno dia";"Crescente";"Chuva";"Simples";"Reta";"Nao";2;0;0;2;0;0;2;2;-28,406702;-54,692398;"SPRF-RS";"DEL10-RS";"UOP01-DEL10-RS"
572148;2024-01-02;"terça-feira";"12:40:00";"PR";277;39;"MORRETES";"Demais falhas mecanicas ou elatricas";"Incendio";"Sem Vatimas";"Pleno dia";"Crescente";"Ceu Claro";"Dupla";"Aclive";"Nao";4;0;0;0;4;0;0;1;-25,571233;-48,817137;"SPRF-PR";"DEL01-PR";"UOP05-DEL01-PR"
572149;2024-01-02;"terça-feira";"12:40:00";"PI";343;185;"PIRIPIRI";"Conversao proibida";"Colisao transversal";"Com Vatimas Feridas";"Pleno dia";"Decrescente";"Ceu Claro";"Simples";"Reta";"Sim";6;0;4;0;2;0;4;2;-4,280882;-41,763885;"SPRF-PI";"DEL02-PI";"UOP01-DEL02-PI"
572153;2024-01-02;"terça-feira";"12:50:00";"RO";364;425;"JARU";"Acessar a via sem observar a presenca dos outros veiculos";"Colisao transversal";"Com Vatimas Feridas";"Pleno dia";"Crescente";"Ceu Claro";"Simples";"Interseaao de Vias";"Nao";2;0;0;1;1;0;1;2;-10,438223;-62,47051;"SPRF-RO";"DEL03-RO";"UOP02-DEL03-RO"
572154;2024-01-02;"terça-feira";"14:40:00";"RS";290;73,6;"GRAVATAI";"Chuva";"Queda de ocupante de veiculo";"Com Vatimas Fatais";"Pleno dia";"Decrescente";"Nublado";"Dupla";"Reta";"Nao";1;1;0;0;0;0;0;1;-29,952868;-50,986462;"SPRF-RS";"DEL03-RS";"UOP01-DEL03-RS"
572155;2024-01-02;"terça-feira";"15:17:00";"RJ";101;67;"CAMPOS DOS GOYTACAZES";"Condutor deixou de manter distancia do veiculo da frente";"Colisao traseira";"Com Vatimas Feridas";"Pleno dia";"Decrescente";"Nublado";"Simples";"Reta";"Sim";6;0;1;0;5;0;1;2;-21,76751094;-41,34876249;"SPRF-RJ";"DEL08-RJ";"UOP02-DEL08-RJ"
572156;2024-01-02;"terça-feira";"13:00:00";"RJ";101;295;"ITABORAI";"Ausancia de Reacao do condutor";"Colisao lateral mesmo sentido";"Com Vatimas Feridas";"Pleno dia";"Crescente";"Nublado";"Dupla";"Reta";"Sim";3;0;2;0;1;0;2;2;-22,76365068;-42,90223623;"SPRF-RJ";"DEL02-RJ";"UOP02-DEL02-RJ"
572157;2024-01-02;"terça-feira";"12:00:00";"SC";470;153;"AGRONOMICA";"Acumulo de aleo sobre o pavimento";"Colisao frontal";"Com Vatimas Feridas";"Pleno dia";"Decrescente";"Chuva";"Simples";"Aclive;Curva                  ";"Nao";6;0;5;1;0;0;6;2;-27,272911;-49,734741;"SPRF-SC";"DEL04-SC";"UOP02-DEL04-SC"
572158;2024-01-02;"terça-feira";"14:10:00";"MG";251;441,9;"GRAO MOGOL";"Velocidade Incompatavel";"Colisao frontal";"Com Vatimas Feridas";"Pleno dia";"Crescente";"Chuva";"Simples";"Curva";"Nao";10;0;3;1;6;0;4;3;-16,40687806;-43,23659394;"SPRF-MG";"DEL12-MG";"UOP01-DEL12-MG"
572160;2024-01-02;"terça-feira";"14:30:00";"PE";232;49,5;"VITORIA DE SANTO ANTAO";"Acessar a via sem observar a presenca dos outros veiculos";"Colisao traseira";"Com Vatimas Feridas";"Pleno dia";"Decrescente";"Ceu Claro";"Dupla";"Reta;Retorno Regulamentado;Acl";"Nao";2;0;1;1;0;0;2;2;-8,143676;-35,314419;"SPRF-PE";"DEL01-PE";"UOP01-DEL01-PE"
572163;2024-01-02;"terça-feira";"15:25:00";"SC";101;30,2;"JOINVILLE";"Manobra de mudanaa de faixa";"Colisao traseira";"Com Vatimas Feridas";"Pleno dia";"Decrescente";"Nublado";"Dupla";"Viaduto";"Nao";4;0;1;0;2;1;1;3;-26,216931;-48,91612807;"SPRF-SC";"DEL03-SC";"UOP01-DEL03-SC"
572164;2024-01-02;"terça-feira";"14:50:00";"CE";222;205;"FORQUILHA";"Ausancia de Reacao do condutor";"Saida de leito carrocavel";"Com Vatimas Feridas";"Pleno dia";"Crescente";"Chuva";"Simples";"Curva";"Nao";5;0;5;0;0;0;5;1;-3,781798;-40,230502;"SPRF-CE";"DEL04-CE";"UOP01-DEL04-CE"
572165;2024-01-02;"terça-feira";"14:40:00";"MS";163;162;"JUTI";"Ausancia de Reacao do condutor";"Colisao traseira";"Com Vatimas Feridas";"Pleno dia";"Crescente";"Ceu Claro";"Simples";"Reta";"Nao";2;0;1;0;1;0;1;2;-22,90973524;-54,52748811;"SPRF-MS";"DEL09-MS";"UOP01-DEL09-MS"
572166;2024-01-02;"terça-feira";"11:45:00";"RJ";101;294;"ITABORAI";"Pedestre cruzava a pista fora da faixa";"Atropelamento de Pedestre";"Com Vatimas Feridas";"Pleno dia";"Crescente";"Ceu Claro";"Dupla";"Reta";"Nao";3;0;2;1;0;0;3;2;-22,7584434;-42,89502344;"SPRF-RJ";"DEL02-RJ";"UOP02-DEL02-RJ"
572167;2024-01-02;"terça-feira";"12:48:00";"RO";364;617;"ITAPUA DO OESTE";"Reacao tardia ou ineficiente do condutor";"Saida de leito carrocavel";"Com Vatimas Feridas";"Pleno dia";"Decrescente";"Nublado";"Simples";"Reta";"Nao";3;0;1;1;1;0;2;1;-9,10673501;-63,26770706;"SPRF-RO";"DEL01-RO";"UOP04-DEL01-RO"
572169;2024-01-02;"terça-feira";"15:10:00";"PR";158;515,7;"PATO BRANCO";"Chuva";"Colisao frontal";"Com Vatimas Fatais";"Pleno dia";"Decrescente";"Chuva";"Simples";"Aclive;Curva                  ";"Nao";7;2;2;3;0;0;5;2;-26,04287282;-52,62090924;"SPRF-PR";"DEL02-PR";"UOP01-DEL02-PR"
572171;2024-01-02;"terça-feira";"15:25:00";"RS";158;333,2;"SANTA MARIA";"Desrespeitar a preferancia no cruzamento";"Colisao transversal";"Com Vatimas Feridas";"Pleno dia";"Crescente";"Ceu Claro";"Dupla";"Reta;Interseaao de Vias;Rotata";"Sim";3;0;0;1;1;1;1;3;-29,706993;-53,852287;"SPRF-RS";"DEL09-RS";"UOP01-DEL09-RS"
572172;2024-01-02;"terça-feira";"15:10:00";"MG";40;771,3;"JUIZ DE FORA";"Ausancia de Reacao do condutor";"Colisao com objeto";"Com Vatimas Feridas";"Pleno dia";"Decrescente";"Nublado";"Simples";"Interseaao de Vias";"Nao";1;0;0;1;0;0;1;1;-21,60932712;-43,45892723;"SPRF-MG";"DEL05-MG";"UOP01-DEL05-MG"
572174;2024-01-02;"terça-feira";"15:50:00";"PE";101;83;"JABOATAO DOS GUARARAPES";"Demais falhas mecanicas ou elatricas";"Colisao com objeto";"Com Vatimas Feridas";"Pleno dia";"Crescente";"Ceu Claro";"Dupla";"Viaduto";"Sim";2;0;2;0;0;0;2;1;-8,175172;-34,942642;"SPRF-PE";"DEL01-PE";"UOP01-DEL01-PE"
572176;2024-01-02;"terça-feira";"16:00:00";"PB";230;26;"JOAO PESSOA";"Ausancia de Reacao do condutor";"Tombamento";"Com Vatimas Feridas";"Pleno dia";"Crescente";"Ceu Claro";"Maltipla";"Reta";"Sim";2;0;0;2;0;0;2;1;-7,1693;-34,8782;"SPRF-PB";"DEL01-PB";"UOP01-DEL01-PB"
572177;2024-01-02;"terça-feira";"15:40:00";"MG";381;592,5;"CARMOPOLIS DE MINAS";"Reacao tardia ou ineficiente do condutor";"Colisao traseira";"Com Vatimas Feridas";"Pleno dia";"Decrescente";"Chuva";"Dupla";"Reta";"Nao";3;0;1;0;2;0;1;2;-20,5606551;-44,66372609;"SPRF-MG";"DEL04-MG";"UOP01-DEL04-MG"
572179;2024-01-02;"terça-feira";"15:40:00";"SP";101;44,5;"UBATUBA";"Acessar a via sem observar a presenca dos outros veiculos";"Colisao transversal";"Com Vatimas Feridas";"Pleno dia";"Crescente";"Ceu Claro";"Dupla";"Interseaao de Vias;Reta       ";"Nao";5;0;1;0;4;0;1;2;-23,41014346;-45,06455371;"SPRF-SP";"DEL06-SP";"UOP01-DEL06-SP"
572180;2024-01-02;"terça-feira";"12:40:00";"MG";153;88;"PRATA";"Pista Escorregadia";"Capotamento";"Com Vatimas Feridas";"Pleno dia";"Crescente";"Nublado";"Simples";"Declive;Curva                 ";"Nao";5;0;4;0;1;0;4;1;-19,12589594;-48,96661173;"SPRF-MG";"DEL15-MG";"UOP03-DEL15-MG"
572182;2024-01-02;"terça-feira";"15:30:00";"SC";101;72,7;"ARAQUARI";"Manobra de mudanaa de faixa";"Colisao lateral mesmo sentido";"Com Vatimas Feridas";"Pleno dia";"Decrescente";"Nublado";"Dupla";"Reta";"Sim";3;0;2;0;1;0;2;2;-26,52700004;-48,71551117;"SPRF-SC";"DEL03-SC";"UOP02-DEL03-SC"
572183;2024-01-02;"terça-feira";"15:45:00";"BA";324;622;"SALVADOR";"Velocidade Incompatavel";"Colisao traseira";"Com Vatimas Feridas";"Pleno dia";"Decrescente";"Sol";"Maltipla";"Reta";"Sim";2;0;1;0;1;0;1;2;-12,91888605;-38,46502095;"SPRF-BA";"DEL01-BA";"UOP01-DEL01-BA"
572184;2024-01-02;"terça-feira";"16:23:00";"PB";230;24;"JOAO PESSOA";"Manobra de mudanaa de faixa";"Colisao lateral mesmo sentido";"Com Vatimas Feridas";"Pleno dia";"Crescente";"Sol";"Dupla";"Desvio Temporario;Curva;Em Obr";"Sim";2;0;0;1;1;0;1;2;-7,16824927;-34,86437664;"SPRF-PB";"DEL01-PB";"UOP01-DEL01-PB"
572185;2024-01-02;"terça-feira";"08:20:00";"SC";282;310;"VARGEM";"Velocidade Incompatavel";"Colisao frontal";"Com Vatimas Feridas";"Pleno dia";"Decrescente";"Ceu Claro";"Simples";"Aclive;Curva                  ";"Nao";9;0;3;0;6;0;3;2;-27,49235971;-50,97266793;"SPRF-SC";"DEL07-SC";"UOP06-DEL07-SC"
572186;2024-01-02;"terça-feira";"14:00:00";"PE";316;22;"ARARIPINA";"Reacao tardia ou ineficiente do condutor";"Colisao com objeto";"Com Vatimas Fatais";"Pleno dia";"Crescente";"Nublado";"Simples";"Aclive;Reta                   ";"Sim";1;1;0;0;0;0;0;1;-7,57538187;-40,51709091;"SPRF-PE";"DEL05-PE";"UOP02-DEL05-PE"
572187;2024-01-02;"terça-feira";"14:45:00";"SC";282;135,2;"BOM RETIRO";"Acessar a via sem observar a presenca dos outros veiculos";"Colisao transversal";"Com Vatimas Feridas";"Pleno dia";"Crescente";"Chuva";"Simples";"Curva";"Nao";4;0;2;0;2;0;2;2;-27,81867689;-49,55057144;"SPRF-SC";"DEL05-SC";"UOP01-DEL05-SC"
572189;2024-01-02;"terça-feira";"16:00:00";"RJ";101;291;"ITABORAI";"Reacao tardia ou ineficiente do condutor";"Colisao traseira";"Com Vatimas Feridas";"Pleno dia";"Crescente";"Ceu Claro";"Dupla";"Reta";"Sim";7;0;1;0;6;0;1;5;-22,76457445;-42,86989322;"SPRF-RJ";"DEL02-RJ";"UOP02-DEL02-RJ"
572191;2024-01-02;"terça-feira";"14:30:00";"SC";282;211,5;"LAGES";"Ausancia de Reacao do condutor";"Colisao traseira";"Sem Vatimas";"Pleno dia";"Crescente";"Chuva";"Simples";"Aclive;Reta                   ";"Nao";3;0;0;0;3;0;0;3;-27,780222;-50,241741;"SPRF-SC";"DEL05-SC";"UOP01-DEL05-SC"
572193;2024-01-02;"terça-feira";"16:00:00";"PI";316;392;"ALEGRETE DO PIAUI";"Acessar a via sem observar a presenca dos outros veiculos";"Tombamento";"Com Vatimas Feridas";"Pleno dia";"Decrescente";"Ceu Claro";"Dupla";"Reta";"Sim";1;0;1;0;0;0;1;1;-7,29317616;-40,8198092;"SPRF-PI";"DEL04-PI";"UOP03-DEL04-PI"
572194;2024-01-02;"terça-feira";"16:40:00";"RN";101;94;"NATAL";"Pedestre cruzava a pista fora da faixa";"Atropelamento de Pedestre";"Com Vatimas Feridas";"Pleno dia";"Crescente";"Ceu Claro";"Maltipla";"Reta";"Sim";2;0;1;0;1;0;1;2;-5,83176615;-35,21191342;"SPRF-RN";"DEL01-RN";"UOP01-DEL01-RN"
572195;2024-01-02;"terça-feira";"15:00:00";"MG";381;230;"NAQUE";"Condutor deixou de manter distancia do veiculo da frente";"Engavetamento";"Sem Vatimas";"Pleno dia";"Crescente";"Ceu Claro";"Simples";"Ponte";"Sim";6;0;0;0;6;0;0;3;-19,23161566;-42,3276797;"SPRF-MG";"DEL06-MG";"UOP01-DEL06-MG"
572196;2024-01-02;"terça-feira";"16:40:00";"GO";364;376;"SANTA RITA DO ARAGUAIA";"Reacao tardia ou ineficiente do condutor";"Colisao traseira";"Com Vatimas Feridas";"Pleno dia";"Decrescente";"Ceu Claro";"Simples";"Curva";"Nao";4;0;1;0;3;0;1;2;-17,380096;-53,131821;"SPRF-GO";"DEL05-GO";"UOP01-DEL05-GO"
572197;2024-01-02;"terça-feira";"17:10:00";"RS";287;248,4;"SANTA MARIA";"Conversao proibida";"Colisao transversal";"Com Vatimas Feridas";"Pleno dia";"Crescente";"Ceu Claro";"Simples";"Em Obras;Reta                 ";"Sim";3;0;2;1;0;0;3;2;-29,696114;-53,850295;"SPRF-RS";"DEL09-RS";"UOP01-DEL09-RS"
572198;2024-01-02;"terça-feira";"15:30:00";"MT";163;937;"ITAUBA";"Condutor deixou de manter distancia do veiculo da frente";"Engavetamento";"Sem Vatimas";"Pleno dia";"Crescente";"Sol";"Simples";"Reta;Aclive                   ";"Nao";4;0;0;0;4;0;0;4;-11,111434;-55,30521;"SPRF-MT";"DEL06-MT";"UOP02-DEL06-MT"
572199;2024-01-02;"terça-feira";"17:40:00";"ES";101;222,5;"IBIRACU";"Ausancia de Reacao do condutor";"Queda de ocupante de veiculo";"Com Vatimas Feridas";"Pleno dia";"Crescente";"Chuva";"Simples";"Curva";"Nao";1;0;1;0;0;0;1;1;-19,86967622;-40,40915873;"SPRF-ES";"DEL02-ES";"UOP01-DEL02-ES"
572200;2024-01-02;"terça-feira";"17:42:00";"MG";50;86,5;"UBERLANDIA";"Velocidade Incompatavel";"Saida de leito carrocavel";"Com Vatimas Feridas";"Pleno dia";"Decrescente";"Nublado";"Dupla";"Reta";"Nao";2;0;2;0;0;0;2;1;-19,017713;-48,20603;"SPRF-MG";"DEL15-MG";"UOP01-DEL15-MG"
572201;2024-01-02;"terça-feira";"16:30:00";"PR";476;349;"PAULA FREITAS";"Chuva";"Saida de leito carrocavel";"Sem Vatimas";"Pleno dia";"Crescente";"Chuva";"Simples";"Reta";"Nao";9;0;0;0;9;0;0;2;-26,183485;-50,969498;"SPRF-PR";"DEL02-PR";"UOP03-DEL02-PR"
572202;2024-01-02;"terça-feira";"17:40:00";"PR";277;315;"GUARAPUAVA";"Reacao tardia ou ineficiente do condutor";"Saida de leito carrocavel";"Com Vatimas Feridas";"Pleno dia";"Crescente";"Chuva";"Simples";"Aclive;Reta                   ";"Nao";4;0;1;0;3;0;1;1;-25,30825309;-51,20948921;"SPRF-PR";"DEL08-PR";"UOP01-DEL08-PR"
572203;2024-01-02;"terça-feira";"17:45:00";"RS";116;523,2;"PELOTAS";"Ausancia de Reacao do condutor";"Tombamento";"Com Vatimas Feridas";"Pleno dia";"Crescente";"Sol";"Dupla";"Reta";"Sim";1;0;0;1;0;0;1;1;-31,72136584;-52,38140629;"SPRF-RS";"DEL07-RS";"UOP01-DEL07-RS"
572207;2024-01-02;"terça-feira";"16:15:00";"RS";158;362;"DILERMANDO DE AGUIAR";"Ausancia de Reacao do condutor";"Saida de leito carrocavel";"Com Vatimas Feridas";"Pleno dia";"Crescente";"Ceu Claro";"Simples";"Curva";"Nao";2;0;2;0;0;0;2;1;-29,7920903;-54,11865234;"SPRF-RS";"DEL09-RS";"UOP01-DEL09-RS"
572208;2024-01-02;"terça-feira";"16:40:00";"RJ";101;312;"SAO GONCALO";"Trafegar com motocicleta (ou similar) entre as faixas";"Colisao traseira";"Com Vatimas Feridas";"Pleno dia";"Decrescente";"Ceu Claro";"Dupla";"Reta";"Sim";2;0;1;0;1;0;1;2;-22,80546555;-43,06156967;"SPRF-RJ";"DEL02-RJ";"UOP02-DEL02-RJ"
572210;2024-01-02;"terça-feira";"17:35:00";"MS";163;484;"CAMPO GRANDE";"Acessar a via sem observar a presenca dos outros veiculos";"Colisao transversal";"Com Vatimas Feridas";"Pleno dia";"Crescente";"Ceu Claro";"Simples";"Interseaao de Vias;Reta       ";"Sim";2;0;2;0;0;0;2;2;-20,45104898;-54,5403266;"SPRF-MS";"DEL01-MS";"UOP02-DEL01-MS"
572211;2024-01-02;"terça-feira";"18:10:00";"PB";230;145;"CAMPINA GRANDE";"Acessar a via sem observar a presenca dos outros veiculos";"Colisao transversal";"Com Vatimas Feridas";"Plena Noite";"Decrescente";"Ceu Claro";"Dupla";"Reta;Retorno Regulamentado    ";"Sim";2;0;1;0;1;0;1;2;-7,2512;-35,8399;"SPRF-PB";"DEL02-PB";"UOP01-DEL02-PB"
572212;2024-01-02;"terça-feira";"17:30:00";"MG";381;732,5;"CARMO DA CACHOEIRA";"Velocidade Incompatavel";"Saida de leito carrocavel";"Com Vatimas Feridas";"Pleno dia";"Decrescente";"Chuva";"Dupla";"Curva";"Nao";4;0;2;0;2;0;2;2;-21,55413799;-45,24499427;"SPRF-MG";"DEL16-MG";"UOP02-DEL16-MG"
572213;2024-01-02;"terça-feira";"08:00:00";"RO";364;687;"CANDEIAS DO JAMARI";"Demais falhas mecanicas ou elatricas";"Queda de ocupante de veiculo";"Com Vatimas Feridas";"Pleno dia";"Decrescente";"Ceu Claro";"Simples";"Reta";"Nao";2;0;2;0;0;0;2;1;-8,79239259;-63,65100604;"SPRF-RO";"DEL01-RO";"UOP01-DEL01-RO"
572214;2024-01-02;"terça-feira";"17:00:00";"CE";116;374,3;"ICO";"Ingestao de alcool pelo condutor";"Saida de leito carrocavel";"Com Vatimas Feridas";"Pleno dia";"Crescente";"Ceu Claro";"Simples";"Reta";"Sim";2;0;2;0;0;0;2;1;-6,38981779;-38,82378617;"SPRF-CE";"DEL05-CE";"UOP01-DEL05-CE"
572215;2024-01-02;"terça-feira";"17:35:00";"CE";222;2,7;"FORTALEZA";"Entrada inopinada do pedestre";"Atropelamento de Pedestre";"Com Vatimas Fatais";"Anoitecer";"Decrescente";"Ceu Claro";"Dupla";"Reta;Interseaao de Vias       ";"Sim";4;1;1;0;0;2;1;2;-3,74021007;-38,59374225;"SPRF-CE";"DEL01-CE";"UOP01-DEL01-CE"
572216;2024-01-02;"terça-feira";"18:45:00";"SC";282;16,3;"PALHOCA";"Acessar a via sem observar a presenca dos outros veiculos";"Colisao transversal";"Com Vatimas Feridas";"Anoitecer";"Crescente";"Garoa/Chuvisco";"Simples";"Interseaao de Vias";"Sim";2;0;1;0;1;0;1;2;-27,658611;-48,681847;"SPRF-SC";"DEL01-SC";"UOP02-DEL01-SC"
572217;2024-01-02;"terça-feira";"18:05:00";"CE";304;47,5;"ARACATI";"Velocidade Incompatavel";"Colisao traseira";"Com Vatimas Feridas";"Plena Noite";"Decrescente";"Ceu Claro";"Dupla";"Reta;Ponte                    ";"Sim";3;0;2;0;0;1;2;2;-4,57723773;-37,78490067;"SPRF-CE";"DEL03-CE";"UOP03-DEL03-CE"
572218;2024-01-02;"terça-feira";"17:20:00";"PR";153;358;"REBOUCAS";"Reacao tardia ou ineficiente do condutor";"Saida de leito carrocavel";"Sem Vatimas";"Pleno dia";"Crescente";"Chuva";"Simples";"Curva";"Nao";1;0;0;0;1;0;0;1;-25,66294277;-50,7370991;"SPRF-PR";"DEL08-PR";"UOP02-DEL08-PR"
572219;2024-01-02;"terça-feira";"14:00:00";"PE";428;43;"OROCO";"Acessar a via sem observar a presenca dos outros veiculos";"Colisao frontal";"Com Vatimas Feridas";"Pleno dia";"Crescente";"Ceu Claro";"Simples";"Reta";"Nao";3;0;2;0;1;0;2;2;-8,57544913;-39,58080878;"SPRF-PE";"DEL05-PE";"UOP03-DEL05-PE"
572220;2024-01-02;"terça-feira";"18:50:00";"RN";110;49,8;"MOSSORO";"Ausancia de Reacao do condutor";"Colisao traseira";"Com Vatimas Feridas";"Plena Noite";"Crescente";"Ceu Claro";"Dupla";"Reta";"Sim";2;0;1;0;1;0;1;2;-5,21645975;-37,32927128;"SPRF-RN";"DEL04-RN";"UOP01-DEL04-RN"
572222;2024-01-02;"terça-feira";"18:25:00";"RS";470;222;"GARIBALDI";"Velocidade Incompatavel";"Saida de leito carrocavel";"Com Vatimas Feridas";"Anoitecer";"Decrescente";"Chuva";"Dupla";"Reta";"Nao";4;0;2;0;2;0;2;1;-29,20372835;-51,51786908;"SPRF-RS";"DEL06-RS";"UOP01-DEL06-RS"
572223;2024-01-02;"terça-feira";"19:30:00";"RJ";101;274;"TANGUA";"Ausancia de Reacao do condutor";"Colisao traseira";"Com Vatimas Feridas";"Plena Noite";"Crescente";"Ceu Claro";"Dupla";"Reta";"Nao";2;0;1;0;1;0;1;2;-22,73506292;-42,71948103;"SPRF-RJ";"DEL02-RJ";"UOP03-DEL02-RJ"
572225;2024-01-02;"terça-feira";"15:10:00";"MG";381;215,3;"NAQUE";"Ultrapassagem Indevida";"Colisao lateral sentido oposto";"Com Vatimas Feridas";"Pleno dia";"Crescente";"Ceu Claro";"Simples";"Reta";"Nao";2;0;1;0;1;0;1;2;-19,23212467;-42,32837331;"SPRF-MG";"DEL06-MG";"UOP01-DEL06-MG"
572227;2024-01-02;"terça-feira";"19:32:00";"PI";343;1,5;"TERESINA";"Condutor deixou de manter distancia do veiculo da frente";"Colisao traseira";"Com Vatimas Feridas";"Plena Noite";"Crescente";"Ignorado";"Dupla";"Interseaao de Vias";"Sim";2;0;1;0;1;0;1;2;-5,089569;-42,802288;"SPRF-PI";"DEL01-PI";"UOP01-DEL01-PI"
572229;2024-01-02;"terça-feira";"20:00:00";"PR";376;650;"TIJUCAS DO SUL";"Reacao tardia ou ineficiente do condutor";"Colisao lateral mesmo sentido";"Com Vatimas Feridas";"Plena Noite";"Decrescente";"Ceu Claro";"Dupla";"Reta";"Nao";4;0;2;0;1;1;2;3;-25,84564757;-49,08816197;"SPRF-PR";"DEL01-PR";"UOP04-DEL01-PR"
572230;2024-01-02;"terça-feira";"12:00:00";"RO";364;429;"JARU";"Ausancia de Reacao do condutor";"Queda de ocupante de veiculo";"Com Vatimas Feridas";"Pleno dia";"Decrescente";"Ceu Claro";"Simples";"Curva";"Nao";1;0;1;0;0;0;1;1;-10,41628317;-62,5026501;"SPRF-RO";"DEL03-RO";"UOP02-DEL03-RO"
572231;2024-01-02;"terça-feira";"19:10:00";"BA";116;567;"NOVA ITARANA";"Acesso irregular";"Colisao frontal";"Com Vatimas Feridas";"Plena Noite";"Crescente";"Ceu Claro";"Simples";"Retorno Regulamentado";"Nao";4;0;2;0;2;0;2;2;-12,98625197;-39,94414505;"SPRF-BA";"DEL03-BA";"UOP02-DEL03-BA"