"id";"data_inversa";"dia_semana";"horario";"uf";"br";"km";"municipio";"causa_acidente";"tipo_acidente";"classificacao_acidente";"fase_dia";"sentido_via";"condicao_metereologica";"tipo_pista";"tracado_via";"uso_solo";"pessoas";"mortos";"feridos_leves";"feridos_graves";"ilesos";"ignorados";"feridos";"veiculos";"latitude";"longitude";"regional";"delegacia";"uop"
572232;2024-01-02;"terça-feira";"20:00:00";"SP";116;432;"REGISTRO";"Desvio temporario";"Saida de leito carrocavel";"Com Vatimas Feridas";"Plena Noite";"Decrescente";"Ceu Claro";"Dupla";"Reta";"Nao";6;0;5;0;1;0;5;1;-24,416593;-47,76187;"SPRF-SP";"DEL05-SP";"UOP01-DEL05-SP"
572233;2024-01-02;"terça-feira";"20:00:00";"PE";232;5,8;"RECIFE";"Condutor deixou de manter distancia do veiculo da frente";"Colisao traseira";"Com Vatimas Feridas";"Plena Noite";"Decrescente";"Ceu Claro";"Maltipla";"Reta";"Nao";2;0;0;1;0;1;1;2;-8,06795766;-34,94535414;"SPRF-PE";"DEL01-PE";"UOP01-DEL01-PE"
572234;2024-01-02;"terça-feira";"15:00:00";"SC";101;131;"BALNEARIO CAMBORIU";"Reacao tardia ou ineficiente do condutor";"Colisao lateral mesmo sentido";"Com Vatimas Feridas";"Pleno dia";"Decrescente";"Chuva";"Dupla";"Reta";"Sim";2;0;1;0;1;0;1;2;-26,99064209;-48,66310912;"SPRF-SC";"DEL04-SC";"UOP03-DEL04-SC"
572237;2024-01-02;"terça-feira";"18:35:00";"SC";101;137;"BALNEARIO CAMBORIU";"Manobra de mudanaa de faixa";"Colisao traseira";"Com Vatimas Feridas";"Anoitecer";"Crescente";"Nublado";"Maltipla";"Reta";"Sim";2;0;1;0;1;0;1;2;-27,0157238;-48,61192763;"SPRF-SC";"DEL04-SC";"UOP03-DEL04-SC"
572238;2024-01-02;"terça-feira";"20:30:00";"SC";101;204;"SAO JOSE";"Reacao tardia ou ineficiente do condutor";"Colisao traseira";"Com Vatimas Feridas";"Plena Noite";"Decrescente";"Garoa/Chuvisco";"Dupla";"Aclive";"Sim";2;0;0;1;1;0;1;2;-27,57413014;-48,61363083;"SPRF-SC";"DEL01-SC";"UOP01-DEL01-SC"
572239;2024-01-02;"terça-feira";"19:55:00";"MS";163;232;"CAARAPO";"Demais falhas mecanicas ou elatricas";"Tombamento";"Com Vatimas Feridas";"Plena Noite";"Crescente";"Ceu Claro";"Dupla";"Reta";"Nao";2;0;1;0;1;0;1;1;-22,44905506;-54,83362894;"SPRF-MS";"DEL04-MS";"UOP02-DEL04-MS"
572240;2024-01-02;"terça-feira";"20:55:00";"SC";101;130,4;"BALNEARIO CAMBORIU";"Ausancia de Reacao do condutor";"Colisao traseira";"Com Vatimas Feridas";"Plena Noite";"Decrescente";"Chuva";"Dupla";"Reta";"Nao";2;0;1;0;1;0;1;2;-26,98407618;-48,66977107;"SPRF-SC";"DEL04-SC";"UOP03-DEL04-SC"
572241;2024-01-02;"terça-feira";"15:40:00";"MT";70;162;"GENERAL CARNEIRO";"Ausancia de Reacao do condutor";"Saida de leito carrocavel";"Com Vatimas Feridas";"Pleno dia";"Decrescente";"Nublado";"Simples";"Declive;Reta                  ";"Nao";4;0;3;1;0;0;4;1;-15,56570581;-53,46899267;"SPRF-MT";"DEL05-MT";"UOP01-DEL05-MT"
572242;2024-01-02;"terça-feira";"19:25:00";"SC";101;61,9;"ARAQUARI";"Manobra de mudanaa de faixa";"Colisao traseira";"Com Vatimas Feridas";"Plena Noite";"Decrescente";"Nublado";"Dupla";"Reta";"Nao";3;0;2;0;1;0;2;2;-26,454849;-48,767477;"SPRF-SC";"DEL03-SC";"UOP02-DEL03-SC"
572243;2024-01-02;"terça-feira";"17:00:00";"SC";282;72;"RANCHO QUEIMADO";"Reacao tardia ou ineficiente do condutor";"Colisao frontal";"Com Vatimas Feridas";"Pleno dia";"Crescente";"Chuva";"Simples";"Curva";"Nao";3;0;3;0;0;0;3;2;-27,683439;-49,105259;"SPRF-SC";"DEL01-SC";"UOP03-DEL01-SC"
572245;2024-01-02;"terça-feira";"18:30:00";"RS";158;327;"SANTA MARIA";"Acessar a via sem observar a presenca dos outros veiculos";"Colisao transversal";"Com Vatimas Feridas";"Pleno dia";"Crescente";"Ceu Claro";"Dupla";"Reta;Em Obras                 ";"Sim";2;0;0;1;1;0;1;2;-29,71044745;-53,8210237;"SPRF-RS";"DEL09-RS";"UOP01-DEL09-RS"
572246;2024-01-02;"terça-feira";"20:30:00";"SP";381;37,5;"ATIBAIA";"Reacao tardia ou ineficiente do condutor";"Colisao lateral mesmo sentido";"Com Vatimas Feridas";"Plena Noite";"Crescente";"Ceu Claro";"Dupla";"Reta;Declive                  ";"Sim";2;0;1;0;1;0;1;2;-23,10506237;-46,56881577;"SPRF-SP";"DEL03-SP";"UOP01-DEL03-SP"
572248;2024-01-02;"terça-feira";"20:26:00";"PE";232;9;"JABOATAO DOS GUARARAPES";"Desrespeitar a preferancia no cruzamento";"Colisao transversal";"Com Vatimas Feridas";"Plena Noite";"Crescente";"Ceu Claro";"Dupla";"Reta";"Sim";2;0;0;2;0;0;2;2;-8,07764447;-34,97863609;"SPRF-PE";"DEL01-PE";"UOP01-DEL01-PE"
572249;2024-01-02;"terça-feira";"21:00:00";"SC";470;65,1;"INDAIAL";"Acessar a via sem observar a presenca dos outros veiculos";"Colisao traseira";"Com Vatimas Feridas";"Plena Noite";"Crescente";"Garoa/Chuvisco";"Simples";"Declive;Reta;Em Obras         ";"Sim";2;0;0;1;1;0;1;2;-26,87035342;-49,21186209;"SPRF-SC";"DEL04-SC";"UOP01-DEL04-SC"
572250;2024-01-02;"terça-feira";"18:02:00";"PI";343;548;"FRANCISCO AYRES";"Reacao tardia ou ineficiente do condutor";"Saida de leito carrocavel";"Com Vatimas Feridas";"Anoitecer";"Decrescente";"Nublado";"Simples";"Reta";"Nao";3;0;3;0;0;0;3;1;-6,596315;-42,807438;"SPRF-PI";"DEL03-PI";"UOP01-DEL03-PI"
572252;2024-01-02;"terça-feira";"22:00:00";"RS";116;249;"SAO LEOPOLDO";"Velocidade Incompatavel";"Tombamento";"Com Vatimas Feridas";"Plena Noite";"Decrescente";"Nublado";"Maltipla";"Reta;Viaduto                  ";"Sim";1;0;1;0;0;0;1;1;-29,7831804;-51,16099063;"SPRF-RS";"DEL01-RS";"UOP02-DEL01-RS"
572254;2024-01-02;"terça-feira";"16:45:00";"PI";135;556;"SAO GONCALO DO GURGUEIA";"Ausancia de Reacao do condutor";"Colisao com objeto";"Com Vatimas Feridas";"Pleno dia";"Crescente";"Chuva";"Simples";"Declive;Curva                 ";"Nao";3;0;3;0;0;0;3;1;-10,14113986;-45,20179291;"SPRF-PI";"DEL03-PI";"UOP02-DEL03-PI"
572255;2024-01-02;"terça-feira";"21:00:00";"GO";70;34;"COCALZINHO DE GOIAS";"Demais falhas mecanicas ou elatricas";"Incendio";"Sem Vatimas";"Plena Noite";"Decrescente";"Chuva";"Simples";"Reta";"Nao";1;0;0;0;0;1;0;1;-15,78552378;-48,48180875;"SPRF-DF";"DEL03-DF";"UOP02-DEL03-DF"
572256;2024-01-02;"terça-feira";"21:30:00";"SC";101;210,7;"SAO JOSE";"Ultrapassagem Indevida";"Colisao com objeto";"Sem Vatimas";"Plena Noite";"Crescente";"Chuva";"Dupla";"Reta";"Sim";7;0;0;0;2;5;0;5;-27,62329313;-48,65245588;"SPRF-SC";"DEL01-SC";"UOP01-DEL01-SC"
572257;2024-01-02;"terça-feira";"19:52:00";"GO";50;226;"CAMPO ALEGRE DE GOIAS";"Ausancia de Reacao do condutor";"Saida de leito carrocavel";"Sem Vatimas";"Plena Noite";"Decrescente";"Nublado";"Dupla";"Reta";"Nao";3;0;0;0;3;0;0;1;-17,7713;-47,7494;"SPRF-GO";"DEL06-GO";"UOP01-DEL06-GO"
572258;2024-01-02;"terça-feira";"22:50:00";"CE";116;16,8;"EUSEBIO";"Condutor deixou de manter distancia do veiculo da frente";"Colisao traseira";"Sem Vatimas";"Plena Noite";"Crescente";"Ceu Claro";"Dupla";"Declive";"Sim";2;0;0;0;2;0;0;2;-3,88732794;-38,50185439;"SPRF-CE";"DEL01-CE";"UOP02-DEL01-CE"
572261;2024-01-02;"terça-feira";"22:15:00";"RN";101;83,7;"NATAL";"Entrada inopinada do pedestre";"Atropelamento de Pedestre";"Com Vatimas Feridas";"Plena Noite";"Crescente";"Chuva";"Maltipla";"Reta";"Sim";2;0;1;1;0;0;2;2;-5,7710445;-35,26616981;"SPRF-RN";"DEL02-RN";"UOP01-DEL02-RN"
572263;2024-01-02;"terça-feira";"16:15:00";"PI";135;556;"SAO GONCALO DO GURGUEIA";"Pista Escorregadia";"Colisao com objeto";"Com Vatimas Feridas";"Pleno dia";"Crescente";"Chuva";"Simples";"Declive;Curva                 ";"Nao";3;0;2;0;1;0;2;1;-10,14113986;-45,20179291;"SPRF-PI";"DEL03-PI";"UOP02-DEL03-PI"
572264;2024-01-02;"terça-feira";"14:00:00";"PI";135;556;"SAO GONCALO DO GURGUEIA";"Pista Escorregadia";"Saida de leito carrocavel";"Com Vatimas Feridas";"Pleno dia";"Crescente";"Chuva";"Simples";"Declive;Curva                 ";"Nao";2;0;1;0;1;0;1;1;-10,14113986;-45,20179291;"SPRF-PI";"DEL03-PI";"UOP02-DEL03-PI"
572267;2024-01-02;"terça-feira";"22:35:00";"SP";116;65;"GUARATINGUETA";"Ausancia de Reacao do condutor";"Saida de leito carrocavel";"Com Vatimas Feridas";"Plena Noite";"Crescente";"Chuva";"Dupla";"Curva";"Sim";1;0;1;0;0;0;1;1;-22,823273;-45,192806;"SPRF-SP";"DEL08-SP";"UOP01-DEL08-SP"
572268;2024-01-02;"terça-feira";"22:42:00";"PR";153;41,6;"SANTO ANTONIO DA PLATINA";"Transitar na contramao";"Colisao frontal";"Com Vatimas Feridas";"Plena Noite";"Crescente";"Ceu Claro";"Simples";"Rotataria;Reta;Interseaao de V";"Sim";2;0;2;0;0;0;2;2;-23,29400513;-50,06425202;"SPRF-PR";"DEL07-PR";"UOP04-DEL07-PR"
572269;2024-01-02;"terça-feira";"23:30:00";"SP";116;215;"GUARULHOS";"Ingestao de alcool pelo condutor";"Colisao com objeto";"Sem Vatimas";"Plena Noite";"Decrescente";"Ceu Claro";"Maltipla";"Reta";"Sim";1;0;0;0;1;0;0;1;-23,44695693;-46,45394103;"SPRF-SP";"DEL01-SP";"UOP01-DEL01-SP"
572272;2024-01-02;"terça-feira";"23:00:00";"GO";20;130;"FLORES DE GOIAS";"Chuva";"Saida de leito carrocavel";"Sem Vatimas";"Plena Noite";"Crescente";"Chuva";"Simples";"Reta";"Nao";3;0;0;0;3;0;0;1;-14,84403;-46,738926;"SPRF-DF";"DEL02-DF";"UOP03-DEL02-DF"
572273;2024-01-02;"terça-feira";"23:30:00";"SC";282;6;"SAO JOSE";"Acumulo de agua sobre o pavimento";"Queda de ocupante de veiculo";"Com Vatimas Feridas";"Plena Noite";"Crescente";"Chuva";"Dupla";"Curva";"Nao";2;0;2;0;0;0;2;1;-27,591936;-48,618244;"SPRF-SC";"DEL01-SC";"UOP01-DEL01-SC"
572274;2024-01-02;"terça-feira";"23:55:00";"SC";101;307,9;"LAGUNA";"Acessar a via sem observar a presenca dos outros veiculos";"Colisao transversal";"Com Vatimas Feridas";"Plena Noite";"Crescente";"Ceu Claro";"Simples";"Interseaao de Vias;Reta       ";"Sim";2;0;0;1;1;0;1;2;-28,399616;-48,7854;"SPRF-SC";"DEL02-SC";"UOP01-DEL02-SC"
572275;2024-01-03;"quarta-feira";"01:00:00";"RS";290;44,5;"GLORINHA";"Condutor Dormindo";"Colisao lateral mesmo sentido";"Com Vatimas Feridas";"Plena Noite";"Crescente";"Ceu Claro";"Dupla";"Reta";"Nao";5;0;2;0;3;0;2;3;-29,890198;-50,709991;"SPRF-RS";"DEL03-RS";"UOP01-DEL03-RS"
572276;2024-01-02;"terça-feira";"22:30:00";"SC";101;16;"GARUVA";"Avarias e/ou desgaste excessivo no pneu";"Saida de leito carrocavel";"Com Vatimas Feridas";"Plena Noite";"Decrescente";"Nublado";"Dupla";"Aclive;Reta                   ";"Nao";2;0;2;0;0;0;2;1;-26,11427473;-48,87647034;"SPRF-SC";"DEL03-SC";"UOP01-DEL03-SC"
572278;2024-01-03;"quarta-feira";"01:40:00";"MG";40;561,8;"NOVA LIMA";"Condutor Dormindo";"Saida de leito carrocavel";"Com Vatimas Feridas";"Plena Noite";"Decrescente";"Nublado";"Dupla";"Reta";"Nao";3;0;2;0;1;0;2;1;-20,13588082;-43,96237943;"SPRF-MG";"DEL01-MG";"UOP02-DEL01-MG"
572279;2024-01-02;"terça-feira";"14:00:00";"PR";376;546,6;"BALSA NOVA";"Reacao tardia ou ineficiente do condutor";"Saida de leito carrocavel";"Com Vatimas Feridas";"Pleno dia";"Crescente";"Ceu Claro";"Dupla";"Curva";"Nao";1;0;1;0;0;0;1;1;-25,43761654;-49,75068569;"SPRF-PR";"DEL03-PR";"UOP03-DEL03-PR"
572280;2024-01-02;"terça-feira";"23:30:00";"PI";316;5;"TERESINA";"Ausancia de Reacao do condutor";"Colisao traseira";"Com Vatimas Fatais";"Plena Noite";"Crescente";"Chuva";"Simples";"Reta;Interseaao de Vias       ";"Sim";2;1;1;0;0;0;1;2;-5,1418527;-42,78200626;"SPRF-PI";"DEL01-PI";"UOP02-DEL01-PI"
572281;2024-01-03;"quarta-feira";"02:25:00";"SC";101;189;"BIGUACU";"Pista Escorregadia";"Colisao lateral mesmo sentido";"Com Vatimas Feridas";"Plena Noite";"Crescente";"Chuva";"Dupla";"Curva";"Nao";7;0;1;0;6;0;1;3;-27,459393;-48,638914;"SPRF-SC";"DEL01-SC";"UOP01-DEL01-SC"
572282;2024-01-03;"quarta-feira";"02:40:00";"RJ";116;232;"PIRAI";"Acumulo de agua sobre o pavimento";"Saida de leito carrocavel";"Com Vatimas Feridas";"Plena Noite";"Crescente";"Garoa/Chuvisco";"Dupla";"Curva";"Nao";2;0;1;0;1;0;1;1;-22,65604007;-43,83713888;"SPRF-RJ";"DEL07-RJ";"UOP01-DEL07-RJ"
572283;2024-01-03;"quarta-feira";"03:30:00";"MG";40;611,2;"CONGONHAS";"Reacao tardia ou ineficiente do condutor";"Colisao com objeto";"Com Vatimas Feridas";"Plena Noite";"Decrescente";"Nublado";"Simples";"Retorno Regulamentado;Curva   ";"Sim";3;0;3;0;0;0;3;1;-20,51549567;-43,83886803;"SPRF-MG";"DEL05-MG";"UOP02-DEL05-MG"
572286;2024-01-03;"quarta-feira";"04:12:00";"RJ";116;171;"RIO DE JANEIRO";"Iluminaaao deficiente";"Atropelamento de Pedestre";"Com Vatimas Fatais";"Plena Noite";"Decrescente";"Ceu Claro";"Dupla";"Reta";"Sim";4;1;0;0;3;0;0;4;-22,8060415;-43,34289573;"SPRF-RJ";"DEL06-RJ";"UOP01-DEL06-RJ"
572288;2024-01-03;"quarta-feira";"05:35:00";"BA";110;4;"PAULO AFONSO";"Acessar a via sem observar a presenca dos outros veiculos";"Colisao frontal";"Com Vatimas Feridas";"Amanhecer";"Decrescente";"Ceu Claro";"Simples";"Interseaao de Vias;Reta       ";"Nao";2;0;0;1;0;1;1;2;-9,48807313;-38,21260176;"SPRF-BA";"DEL07-BA";"UOP01-DEL07-BA"
572290;2024-01-03;"quarta-feira";"05:40:00";"GO";153;443;"ANAPOLIS";"Reacao tardia ou ineficiente do condutor";"Colisao traseira";"Com Vatimas Feridas";"Amanhecer";"Crescente";"Ceu Claro";"Dupla";"Viaduto";"Sim";2;0;1;0;1;0;1;2;-16,334681;-48,922447;"SPRF-GO";"DEL02-GO";"UOP01-DEL02-GO"
572292;2024-01-03;"quarta-feira";"05:30:00";"MG";381;454;"BELO HORIZONTE";"Condutor Dormindo";"Colisao frontal";"Com Vatimas Feridas";"Pleno dia";"Decrescente";"Nublado";"Simples";"Reta";"Sim";2;0;0;1;1;0;1;2;-19,841331;-43,871225;"SPRF-MG";"DEL01-MG";"UOP01-DEL01-MG"
572296;2024-01-03;"quarta-feira";"04:55:00";"MG";381;590,9;"CARMOPOLIS DE MINAS";"Ausancia de Reacao do condutor";"Colisao traseira";"Com Vatimas Feridas";"Amanhecer";"Decrescente";"Chuva";"Dupla";"Curva";"Nao";5;0;4;0;1;0;4;2;-20,547;-44,65797;"SPRF-MG";"DEL04-MG";"UOP01-DEL04-MG"
572297;2024-01-03;"quarta-feira";"06:37:00";"SP";153;64,5;"SAO JOSE DO RIO PRETO";"Reacao tardia ou ineficiente do condutor";"Colisao traseira";"Com Vatimas Feridas";"Pleno dia";"Crescente";"Nublado";"Dupla";"Aclive;Reta                   ";"Sim";3;0;1;0;2;0;1;2;-20,833297;-49,363817;"SPRF-SP";"DEL09-SP";"UOP01-DEL09-SP"
572299;2024-01-03;"quarta-feira";"06:10:00";"SC";280;33;"ARAQUARI";"Desrespeitar a preferancia no cruzamento";"Colisao transversal";"Com Vatimas Feridas";"Pleno dia";"Crescente";"Garoa/Chuvisco";"Simples";"Reta";"Nao";3;0;3;0;0;0;3;2;-26,42576441;-48,78741376;"SPRF-SC";"DEL03-SC";"UOP03-DEL03-SC"
572300;2024-01-02;"terça-feira";"21:00:00";"PR";376;643;"TIJUCAS DO SUL";"Condutor deixou de manter distancia do veiculo da frente";"Engavetamento";"Sem Vatimas";"Plena Noite";"Decrescente";"Ceu Claro";"Dupla";"Reta;Declive                  ";"Nao";5;0;0;0;5;0;0;3;-25,805819;-49,13522705;"SPRF-PR";"DEL01-PR";"UOP04-DEL01-PR"
572301;2024-01-03;"quarta-feira";"00:30:00";"PE";232;79;"GRAVATA";"Animais na Pista";"Atropelamento de Animal";"Com Vatimas Feridas";"Plena Noite";"Decrescente";"Ceu Claro";"Dupla";"Reta";"Sim";1;0;1;0;0;0;1;1;-8,19460572;-35,56074803;"SPRF-PE";"DEL02-PE";"UOP02-DEL02PE"
572303;2024-01-02;"terça-feira";"16:15:00";"BA";110;359;"CATU";"Conversao proibida";"Colisao lateral mesmo sentido";"Com Vatimas Feridas";"Pleno dia";"Crescente";"Ceu Claro";"Simples";"Reta";"Sim";5;0;2;0;3;0;2;2;-12,35866502;-38,39208618;"SPRF-BA";"DEL01-BA";"UOP04-DEL01-BA"
572304;2024-01-03;"quarta-feira";"07:00:00";"MG";381;717,4;"CARMO DA CACHOEIRA";"Velocidade Incompatavel";"Colisao com objeto";"Com Vatimas Feridas";"Pleno dia";"Decrescente";"Nublado";"Dupla";"Curva;Declive                 ";"Nao";2;0;0;1;1;0;1;1;-21,43704005;-45,20756491;"SPRF-MG";"DEL04-MG";"UOP02-DEL04-MG"
572306;2024-01-03;"quarta-feira";"07:15:00";"SP";116;60,5;"GUARATINGUETA";"Avarias e/ou desgaste excessivo no pneu";"Tombamento";"Com Vatimas Feridas";"Pleno dia";"Crescente";"Ceu Claro";"Dupla";"Interseaao de Vias";"Sim";1;0;1;0;0;0;1;1;-22,79106843;-45,16105167;"SPRF-SP";"DEL08-SP";"UOP01-DEL08-SP"
572307;2024-01-02;"terça-feira";"19:00:00";"RJ";116;230;"PIRAI";"Ausancia de Reacao do condutor";"Colisao com objeto";"Com Vatimas Feridas";"Plena Noite";"Decrescente";"Ceu Claro";"Simples";"Curva";"Nao";1;0;1;0;0;0;1;1;-22,65208783;-43,82143902;"SPRF-RJ";"DEL07-RJ";"UOP01-DEL07-RJ"
572308;2024-01-03;"quarta-feira";"07:10:00";"MG";381;531,1;"BRUMADINHO";"Chuva";"Saida de leito carrocavel";"Com Vatimas Feridas";"Pleno dia";"Crescente";"Chuva";"Dupla";"Curva";"Nao";1;0;1;0;0;0;1;1;-20,18182886;-44,37895835;"SPRF-MG";"DEL04-MG";"UOP03-DEL04-MG"
572313;2024-01-03;"quarta-feira";"07:30:00";"PR";369;138,7;"IBIPORA";"Desrespeitar a preferancia no cruzamento";"Saida de leito carrocavel";"Com Vatimas Feridas";"Pleno dia";"Crescente";"Sol";"Dupla";"Retorno Regulamentado;Intersea";"Sim";3;0;2;0;1;0;2;3;-23,273563;-51,056163;"SPRF-PR";"DEL07-PR";"UOP01-DEL07-PR"
572315;2024-01-03;"quarta-feira";"07:30:00";"SC";101;144;"ITAPEMA";"Trafegar com motocicleta (ou similar) entre as faixas";"Colisao lateral mesmo sentido";"Com Vatimas Feridas";"Pleno dia";"Decrescente";"Chuva";"Dupla";"Reta";"Nao";2;0;1;0;1;0;1;2;-27,0732659;-48,59672716;"SPRF-SC";"DEL04-SC";"UOP03-DEL04-SC"
572316;2024-01-03;"quarta-feira";"08:00:00";"GO";153;497;"GOIANIA";"Condutor deixou de manter distancia do veiculo da frente";"Colisao traseira";"Com Vatimas Feridas";"Pleno dia";"Crescente";"Nublado";"Dupla";"Reta";"Sim";2;0;1;0;1;0;1;2;-16,6854;-49,2338;"SPRF-GO";"DEL01-GO";"UOP01-DEL01-GO"
572318;2024-01-03;"quarta-feira";"05:26:00";"TO";153;383;"RIO DOS BOIS";"Restriaao de visibilidade em curvas verticais";"Colisao frontal";"Com Vatimas Feridas";"Amanhecer";"Crescente";"Nevoeiro/Neblina";"Simples";"Aclive;Reta                   ";"Nao";7;0;1;5;1;0;6;2;-9,26983115;-48,54848155;"SPRF-TO";"DEL02-TO";"UOP02-DEL02-TO"
572319;2024-01-03;"quarta-feira";"06:50:00";"RS";285;175,7;"MUITOS CAPOES";"Ausancia de Reacao do condutor";"Colisao frontal";"Com Vatimas Fatais";"Pleno dia";"Decrescente";"Ceu Claro";"Simples";"Aclive;Curva                  ";"Nao";8;1;5;2;0;0;7;2;-28,312099;-51,360966;"SPRF-RS";"DEL08-RS";"UOP05-DEL08-RS"
572321;2024-01-03;"quarta-feira";"06:50:00";"RJ";393;248;"VASSOURAS";"Condutor Dormindo";"Saida de leito carrocavel";"Sem Vatimas";"Pleno dia";"Crescente";"Ceu Claro";"Simples";"Curva";"Nao";1;0;0;0;1;0;0;1;-22,43017988;-43,74389791;"SPRF-RJ";"DEL05-RJ";"UOP04-DEL05-RJ"
572322;2024-01-03;"quarta-feira";"08:45:00";"RS";386;350,1;"ESTRELA";"Demais falhas mecanicas ou elatricas";"Tombamento";"Com Vatimas Feridas";"Pleno dia";"Crescente";"Nublado";"Dupla";"Ponte;Reta                    ";"Nao";1;0;0;1;0;0;1;1;-29,4743;-51,952923;"SPRF-RS";"DEL04-RS";"UOP01-DEL04-RS"
572323;2024-01-03;"quarta-feira";"01:30:00";"BA";101;588;"CAMACAN";"Reacao tardia ou ineficiente do condutor";"Colisao frontal";"Com Vatimas Fatais";"Plena Noite";"Crescente";"Nublado";"Simples";"Reta";"Nao";5;1;0;3;1;0;3;2;-15,57185184;-39,40626224;"SPRF-BA";"DEL05-BA";"UOP02-DEL05-BA"
572324;2024-01-03;"quarta-feira";"08:00:00";"MG";381;728,2;"CARMO DA CACHOEIRA";"Velocidade Incompatavel";"Saida de leito carrocavel";"Com Vatimas Feridas";"Pleno dia";"Crescente";"Chuva";"Dupla";"Curva";"Nao";3;0;2;0;1;0;2;1;-21,52361199;-45,22481701;"SPRF-MG";"DEL04-MG";"UOP02-DEL04-MG"
572326;2024-01-03;"quarta-feira";"09:10:00";"PR";277;65;"SAO JOSE DOS PINHAIS";"Condutor deixou de manter distancia do veiculo da frente";"Colisao traseira";"Com Vatimas Feridas";"Pleno dia";"Decrescente";"Ceu Claro";"Dupla";"Reta";"Nao";5;0;3;0;2;0;3;3;-25,533472;-49,079131;"SPRF-PR";"DEL01-PR";"UOP01-DEL01-PR"
572327;2024-01-03;"quarta-feira";"09:00:00";"PE";101;77;"RECIFE";"Pedestre cruzava a pista fora da faixa";"Atropelamento de Pedestre";"Com Vatimas Feridas";"Pleno dia";"Crescente";"Ceu Claro";"Dupla";"Reta";"Nao";2;0;1;0;0;1;1;2;-8,126982;-34,94386;"SPRF-PE";"DEL01-PE";"UOP01-DEL01-PE"
572331;2024-01-03;"quarta-feira";"10:00:00";"PI";343;3;"TERESINA";"Condutor deixou de manter distancia do veiculo da frente";"Colisao traseira";"Com Vatimas Feridas";"Pleno dia";"Crescente";"Nublado";"Dupla";"Reta";"Sim";4;0;4;0;0;0;4;2;-5,08124075;-42,77798295;"SPRF-PI";"DEL01-PI";"UOP01-DEL01-PI"
572332;2024-01-03;"quarta-feira";"07:00:00";"MG";365;300;"JOAO PINHEIRO";"Chuva";"Saida de leito carrocavel";"Com Vatimas Feridas";"Pleno dia";"Crescente";"Chuva";"Simples";"Reta";"Nao";1;0;1;0;0;0;1;1;-18,13586013;-45,74174881;"SPRF-MG";"DEL10-MG";"UOP02-DEL010-MG"
572333;2024-01-03;"quarta-feira";"10:00:00";"PR";376;402,5;"IMBAU";"Condutor deixou de manter distancia do veiculo da frente";"Queda de ocupante de veiculo";"Com Vatimas Feridas";"Pleno dia";"Crescente";"Ceu Claro";"Dupla";"Declive;Reta                  ";"Nao";2;0;2;0;0;0;2;1;-24,56891746;-50,68700194;"SPRF-PR";"DEL03-PR";"UOP02-DEL03-PR"
572335;2024-01-03;"quarta-feira";"09:50:00";"SC";282;1;"FLORIANOPOLIS";"Manobra de mudanaa de faixa";"Colisao traseira";"Com Vatimas Feridas";"Pleno dia";"Decrescente";"Garoa/Chuvisco";"Dupla";"Reta";"Sim";2;0;2;0;0;0;2;1;-27,602955;-48,580509;"SPRF-SC";"DEL01-SC";"UOP01-DEL01-SC"
572339;2024-01-03;"quarta-feira";"10:50:00";"BA";116;822,5;"VITORIA DA CONQUISTA";"Condutor deixou de manter distancia do veiculo da frente";"Colisao lateral mesmo sentido";"Com Vatimas Feridas";"Pleno dia";"Decrescente";"Nublado";"Dupla";"Reta;Declive                  ";"Nao";2;0;1;0;1;0;1;2;-14,85021644;-40,84864855;"SPRF-BA";"DEL08-BA";"UOP01-DEL08-BA"
572340;2024-01-03;"quarta-feira";"10:00:00";"MG";381;614;"OLIVEIRA";"Chuva";"Colisao com objeto";"Com Vatimas Feridas";"Pleno dia";"Decrescente";"Chuva";"Dupla";"Declive;Reta                  ";"Nao";1;0;1;0;0;0;1;1;-20,73605011;-44,77319313;"SPRF-MG";"DEL04-MG";"UOP01-DEL04-MG"
572341;2024-01-03;"quarta-feira";"07:30:00";"MG";262;607,5;"CAMPOS ALTOS";"Chuva";"Saida de leito carrocavel";"Com Vatimas Feridas";"Pleno dia";"Decrescente";"Chuva";"Simples";"Curva";"Nao";2;0;1;0;1;0;1;1;-19,62457601;-46,26930901;"SPRF-MG";"DEL08-MG";"UOP02-DEL08-MG"
572343;2024-01-03;"quarta-feira";"11:35:00";"SC";101;220;"PALHOCA";"Condutor deixou de manter distancia do veiculo da frente";"Colisao traseira";"Com Vatimas Feridas";"Pleno dia";"Decrescente";"Sol";"Dupla";"Reta";"Sim";2;0;1;0;1;0;1;2;-27,69198941;-48,66368358;"SPRF-SC";"DEL01-SC";"UOP02-DEL01-SC"
572345;2024-01-03;"quarta-feira";"11:40:00";"PE";232;10,4;"JABOATAO DOS GUARARAPES";"Ausancia de Reacao do condutor";"Queda de ocupante de veiculo";"Com Vatimas Feridas";"Pleno dia";"Crescente";"Ceu Claro";"Dupla";"Curva";"Nao";1;0;0;1;0;0;1;1;-8,07917241;-34,98718609;"SPRF-PE";"DEL01-PE";"UOP01-DEL01-PE"
572346;2024-01-03;"quarta-feira";"09:30:00";"GO";70;314;"JUSSARA";"Chuva";"Saida de leito carrocavel";"Com Vatimas Feridas";"Pleno dia";"Crescente";"Chuva";"Simples";"Curva";"Sim";2;0;1;0;1;0;1;1;-15,87393292;-50,82123865;"SPRF-GO";"DEL04-GO";"UOP02-DEL04-GO"