"id";"data_inversa";"dia_semana";"horario";"uf";"br";"km";"municipio";"causa_acidente";"tipo_acidente";"classificacao_acidente";"fase_dia";"sentido_via";"condicao_metereologica";"tipo_pista";"tracado_via";"uso_solo";"pessoas";"mortos";"feridos_leves";"feridos_graves";"ilesos";"ignorados";"feridos";"veiculos";"latitude";"longitude";"regional";"delegacia";"uop"
572349;2024-01-03;"quarta-feira";"11:00:00";"RS";NA;NA;"LAJEADO";"Ausancia de Reacao do condutor";"Colisao com objeto";"Sem Vatimas";"Pleno dia";"Nao Informado";"Sol";"Simples";"Reta";"Sim";1;0;0;0;1;0;0;1;-29,43509216;-51,99994326;"SPRF-RS";"DEL04-RS";"UOP01-DEL04-RS"
572350;2024-01-03;"quarta-feira";"11:50:00";"PI";316;11;"TERESINA";"Acessar a via sem observar a presenca dos outros veiculos";"Colisao transversal";"Sem Vatimas";"Pleno dia";"Crescente";"Ceu Claro";"Dupla";"Interseaao de Vias;Rotataria;V";"Sim";2;0;0;0;2;0;0;2;-5,191739;-42,76076102;"SPRF-PI";"DEL01-PI";"UOP02-DEL01-PI"
572351;2024-01-03;"quarta-feira";"11:15:00";"SC";101;194;"BIGUACU";"Manobra de mudanaa de faixa";"Colisao lateral mesmo sentido";"Com Vatimas Feridas";"Pleno dia";"Decrescente";"Nublado";"Dupla";"Reta";"Sim";2;0;1;0;1;0;1;2;-27,49815117;-48,65661236;"SPRF-SC";"DEL01-SC";"UOP01-DEL01-SC"
572353;2024-01-03;"quarta-feira";"10:55:00";"RJ";101;70,9;"CAMPOS DOS GOYTACAZES";"Condutor deixou de manter distancia do veiculo da frente";"Engavetamento";"Com Vatimas Feridas";"Pleno dia";"Crescente";"Ceu Claro";"Simples";"Reta";"Nao";5;0;1;0;4;0;1;4;-21,781011;-41,373363;"SPRF-RJ";"DEL08-RJ";"UOP02-DEL08-RJ"
572354;2024-01-03;"quarta-feira";"11:32:00";"MG";381;568,5;"ITAGUARA";"Chuva";"Saida de leito carrocavel";"Com Vatimas Feridas";"Pleno dia";"Crescente";"Chuva";"Dupla";"Curva";"Nao";4;0;3;0;1;0;3;2;-20,42649228;-44,54458383;"SPRF-MG";"DEL04-MG";"UOP03-DEL04-MG"
572356;2024-01-03;"quarta-feira";"09:05:00";"SC";101;257;"PAULO LOPES";"Reacao tardia ou ineficiente do condutor";"Saida de leito carrocavel";"Com Vatimas Feridas";"Pleno dia";"Decrescente";"Chuva";"Dupla";"Curva";"Nao";2;0;2;0;0;0;2;2;-27,99701205;-48,68755194;"SPRF-SC";"DEL02-SC";"UOP03-DEL02-SC"
572357;2024-01-03;"quarta-feira";"12:34:00";"CE";116;21;"EUSEBIO";"Reacao tardia ou ineficiente do condutor";"Colisao com objeto";"Sem Vatimas";"Pleno dia";"Decrescente";"Ceu Claro";"Dupla";"Reta";"Sim";2;0;0;0;2;0;0;1;-3,93175901;-38,50825087;"SPRF-CE";"DEL01-CE";"UOP02-DEL01-CE"
572358;2024-01-03;"quarta-feira";"11:08:00";"MT";70;4;"BARRA DO GARCAS";"Manobra de mudanaa de faixa";"Colisao lateral mesmo sentido";"Com Vatimas Feridas";"Pleno dia";"Decrescente";"Garoa/Chuvisco";"Dupla";"Reta";"Sim";4;0;2;0;2;0;2;2;-15,87907036;-52,28563311;"SPRF-MT";"DEL07-MT";"UOP01-DEL07-MT"
572361;2024-01-03;"quarta-feira";"12:30:00";"PB";230;132,1;"MASSARANDUBA";"Velocidade Incompatavel";"Saida de leito carrocavel";"Com Vatimas Feridas";"Pleno dia";"Decrescente";"Ceu Claro";"Maltipla";"Curva";"Nao";8;0;8;0;0;0;8;2;-7,2774;-35,7367;"SPRF-PB";"DEL02-PB";"UOP01-DEL02-PB"
572363;2024-01-03;"quarta-feira";"09:00:00";"SC";280;87,8;"CORUPA";"Velocidade Incompatavel";"Tombamento";"Com Vatimas Feridas";"Pleno dia";"Crescente";"Garoa/Chuvisco";"Simples";"Aclive;Curva                  ";"Nao";2;0;0;1;1;0;1;1;-26,41501369;-49,25741675;"SPRF-SC";"DEL06-SC";"UOP03-DEL06-SC"
572366;2024-01-03;"quarta-feira";"08:30:00";"SC";101;335;"TUBARAO";"Frear bruscamente";"Tombamento";"Com Vatimas Feridas";"Pleno dia";"Crescente";"Chuva";"Dupla";"Reta";"Sim";1;0;1;0;0;0;1;1;-28,46927473;-49,01557908;"SPRF-SC";"DEL02-SC";"UOP01-DEL02-SC"
572368;2024-01-03;"quarta-feira";"12:45:00";"MG";381;358;"JOAO MONLEVADE";"Conversao proibida";"Colisao transversal";"Com Vatimas Feridas";"Pleno dia";"Decrescente";"Chuva";"Simples";"Reta";"Sim";2;0;1;0;1;0;1;2;-19,85592801;-43,21689055;"SPRF-MG";"DEL03-MG";"UOP01-DEL03-MG"
572370;2024-01-03;"quarta-feira";"11:06:00";"PR";277;254,8;"IRATI";"Acessar a via sem observar a presenca dos outros veiculos";"Colisao transversal";"Com Vatimas Feridas";"Pleno dia";"Crescente";"Ceu Claro";"Simples";"Reta";"Nao";6;0;2;0;4;0;2;2;-25,44165997;-50,698329;"SPRF-PR";"DEL08-PR";"UOP02-DEL08-PR"
572371;2024-01-03;"quarta-feira";"12:00:00";"PR";158;506,8;"CORONEL VIVIDA";"Desrespeitar a preferancia no cruzamento";"Colisao transversal";"Com Vatimas Feridas";"Pleno dia";"Decrescente";"Sol";"Simples";"Reta;Interseaao de Vias;Rotata";"Sim";2;0;0;1;1;0;1;2;-26,00480254;-52,56513465;"SPRF-PR";"DEL02-PR";"UOP01-DEL02-PR"
572376;2024-01-03;"quarta-feira";"11:59:00";"RJ";116;194;"QUEIMADOS";"Demais falhas mecanicas ou elatricas";"Queda de ocupante de veiculo";"Com Vatimas Feridas";"Pleno dia";"Decrescente";"Ceu Claro";"Dupla";"Reta";"Sim";2;0;2;0;0;0;2;1;-22,73711632;-43,53793909;"SPRF-RJ";"DEL06-RJ";"UOP01-DEL06-RJ"
572377;2024-01-03;"quarta-feira";"12:30:00";"PI";316;261;"IPIRANGA DO PIAUI";"Acessar a via sem observar a presenca dos outros veiculos";"Colisao transversal";"Com Vatimas Feridas";"Pleno dia";"Decrescente";"Ceu Claro";"Simples";"Reta";"Sim";2;0;1;0;1;0;1;2;-6,83760703;-41,7377638;"SPRF-PI";"DEL04-PI";"UOP02-DEL04-PI"
572378;2024-01-03;"quarta-feira";"12:40:00";"MG";365;414;"PATOS DE MINAS";"Ausancia de Reacao do condutor";"Saida de leito carrocavel";"Com Vatimas Feridas";"Pleno dia";"Decrescente";"Ceu Claro";"Simples";"Reta;Declive                  ";"Nao";1;0;1;0;0;0;1;1;-18,67838606;-46,55249299;"SPRF-MG";"DEL10-MG";"UOP01-DEL10-MG"
572380;2024-01-03;"quarta-feira";"12:00:00";"PI";235;382;"BOM JESUS";"Acumulo de agua sobre o pavimento";"Saida de leito carrocavel";"Com Vatimas Feridas";"Pleno dia";"Crescente";"Chuva";"Simples";"Curva";"Nao";3;0;1;0;2;0;1;1;-9,347948;-44,556722;"SPRF-PI";"DEL03-PI";"UOP02-DEL03-PI"
572381;2024-01-03;"quarta-feira";"10:41:00";"MG";381;646;"SANTO ANTONIO DO AMPARO";"Curva acentuada";"Colisao transversal";"Com Vatimas Feridas";"Pleno dia";"Crescente";"Nublado";"Dupla";"Curva;Declive                 ";"Nao";3;0;1;0;2;0;1;2;-20,95720609;-44,90296563;"SPRF-MG";"DEL04-MG";"UOP02-DEL04-MG"
572382;2024-01-03;"quarta-feira";"09:00:00";"MG";381;646,2;"SANTO ANTONIO DO AMPARO";"Chuva";"Colisao com objeto";"Com Vatimas Feridas";"Pleno dia";"Crescente";"Chuva";"Dupla";"Curva";"Nao";2;0;1;0;1;0;1;2;-20,94471289;-44,88107085;"SPRF-MG";"DEL04-MG";"UOP02-DEL04-MG"
572383;2024-01-03;"quarta-feira";"10:40:00";"RJ";40;4;"COMENDADOR LEVY GASPARIAN";"Velocidade Incompatavel";"Colisao traseira";"Com Vatimas Feridas";"Pleno dia";"Decrescente";"Chuva";"Dupla";"Curva";"Nao";2;0;2;0;0;0;2;2;-22,01337537;-43,23594846;"SPRF-RJ";"DEL05-RJ";"UOP02-DEL05-RJ"
572384;2024-01-03;"quarta-feira";"09:00:00";"MG";381;652;"SANTO ANTONIO DO AMPARO";"Chuva";"Capotamento";"Com Vatimas Feridas";"Pleno dia";"Decrescente";"Chuva";"Dupla";"Curva;Aclive                  ";"Nao";3;0;2;0;1;0;2;1;-20,96202321;-44,92871761;"SPRF-MG";"DEL04-MG";"UOP02-DEL04-MG"
572385;2024-01-03;"quarta-feira";"13:00:00";"PR";476;116;"COLOMBO";"Pedestre cruzava a pista fora da faixa";"Atropelamento de Pedestre";"Com Vatimas Feridas";"Pleno dia";"Crescente";"Ceu Claro";"Dupla";"Curva";"Sim";3;0;2;0;1;0;2;2;-25,34996;-49,16642;"SPRF-PR";"DEL01-PR";"UOP01-DEL01-PR"
572387;2024-01-03;"quarta-feira";"13:05:00";"MS";262;600,9;"MIRANDA";"Demais falhas mecanicas ou elatricas";"Colisao frontal";"Com Vatimas Fatais";"Pleno dia";"Crescente";"Ceu Claro";"Simples";"Reta";"Nao";7;1;0;6;0;0;6;2;-20,099319;-56,737114;"SPRF-MS";"DEL03-MS";"UOP02-DEL03-MS"
572388;2024-01-03;"quarta-feira";"14:25:00";"MG";50;43;"ARAGUARI";"Reacao tardia ou ineficiente do condutor";"Saida de leito carrocavel";"Com Vatimas Feridas";"Pleno dia";"Crescente";"Sol";"Dupla";"Reta";"Nao";4;0;1;2;1;0;3;1;-18,69834223;-48,1855417;"SPRF-MG";"DEL15-MG";"UOP02-DEL15-MG"
572389;2024-01-03;"quarta-feira";"14:05:00";"ES";101;416;"ATILIO VIVACQUA";"Conversao proibida";"Colisao transversal";"Com Vatimas Feridas";"Pleno dia";"Crescente";"Garoa/Chuvisco";"Simples";"Reta";"Nao";7;0;5;0;2;0;5;2;-20,93997009;-41,08374492;"SPRF-ES";"DEL03-ES";"UOP02-DEL03-ES"
572391;2024-01-03;"quarta-feira";"14:45:00";"RJ";101;207;"CASIMIRO DE ABREU";"Acessar a via sem observar a presenca dos outros veiculos";"Colisao transversal";"Com Vatimas Feridas";"Pleno dia";"Crescente";"Nublado";"Simples";"Reta;Interseaao de Vias       ";"Sim";2;0;2;0;0;0;2;2;-22,4776458;-42,21127001;"SPRF-RJ";"DEL08-RJ";"UOP04-DEL08-RJ"
572392;2024-01-03;"quarta-feira";"14:45:00";"BA";116;466,8;"SANTO ESTEVAO";"Problema na suspensao";"Capotamento";"Com Vatimas Feridas";"Pleno dia";"Crescente";"Ceu Claro";"Dupla";"Declive;Reta                  ";"Nao";2;0;1;0;1;0;1;1;-12,4693;-39,2888;"SPRF-BA";"DEL02-BA";"UOP01-DEL02-BA"
572393;2024-01-03;"quarta-feira";"10:00:00";"MA";230;479,8;"RIACHAO";"Manobra de mudanaa de faixa";"Saida de leito carrocavel";"Com Vatimas Fatais";"Pleno dia";"Decrescente";"Ceu Claro";"Simples";"Reta";"Nao";5;1;4;0;0;0;4;1;-7,40929592;-46,65441908;"SPRF-MA";"DEL05-MA";"UOP01-DEL05-MA"
572394;2024-01-03;"quarta-feira";"13:30:00";"SC";101;108;"PENHA";"Condutor deixou de manter distancia do veiculo da frente";"Colisao traseira";"Com Vatimas Feridas";"Pleno dia";"Crescente";"Nublado";"Dupla";"Declive;Reta                  ";"Nao";3;0;1;0;2;0;1;2;-26,82805365;-48,6920929;"SPRF-SC";"DEL03-SC";"UOP02-DEL03-SC"
572396;2024-01-03;"quarta-feira";"13:00:00";"MG";153;9,5;"ARAPORA";"Acumulo de agua sobre o pavimento";"Colisao com objeto";"Com Vatimas Feridas";"Pleno dia";"Crescente";"Chuva";"Dupla";"Reta";"Nao";1;0;1;0;0;0;1;1;-18,500529;-49,1889035;"SPRF-MG";"DEL15-MG";"UOP03-DEL15-MG"
572397;2024-01-03;"quarta-feira";"13:40:00";"RJ";493;6;"ITABORAI";"Acesso irregular";"Atropelamento de Pedestre";"Com Vatimas Feridas";"Pleno dia";"Decrescente";"Ceu Claro";"Dupla";"Reta";"Nao";2;0;2;0;0;0;2;2;-22,73124198;-42,95145305;"SPRF-RJ";"DEL02-RJ";"UOP02-DEL02-RJ"
572400;2024-01-03;"quarta-feira";"11:10:00";"MS";163;188;"CAARAPO";"Ausancia de Reacao do condutor";"Engavetamento";"Com Vatimas Feridas";"Pleno dia";"Crescente";"Ceu Claro";"Simples";"Reta;Aclive                   ";"Nao";8;0;1;0;7;0;1;3;-22,79559784;-54,74502787;"SPRF-MS";"DEL09-MS";"UOP01-DEL09-MS"
572408;2024-01-03;"quarta-feira";"12:40:00";"AC";364;124;"RIO BRANCO";"Reacao tardia ou ineficiente do condutor";"Atropelamento de Pedestre";"Com Vatimas Feridas";"Pleno dia";"Decrescente";"Ceu Claro";"Dupla";"Reta";"Sim";2;0;1;0;1;0;1;2;-10,01152469;-67,79140099;"SPRF-AC";"DEL01-AC";"UOP01-DEL01-AC"
572409;2024-01-03;"quarta-feira";"16:15:00";"MG";50;197;"DELTA";"Avarias e/ou desgaste excessivo no pneu";"Tombamento";"Com Vatimas Feridas";"Pleno dia";"Decrescente";"Ceu Claro";"Dupla";"Reta";"Nao";1;0;1;0;0;0;1;1;-19,91076436;-47,83254654;"SPRF-MG";"DEL13-MG";"UOP01-DEL13-MG"
572413;2024-01-03;"quarta-feira";"16:15:00";"PR";116;22;"ANTONINA";"Reacao tardia ou ineficiente do condutor";"Colisao com objeto";"Com Vatimas Feridas";"Pleno dia";"Decrescente";"Chuva";"Dupla";"Curva";"Nao";2;0;1;0;1;0;1;1;-25,10922624;-48,74659689;"SPRF-PR";"DEL01-PR";"UOP02-DEL01-PR"
572414;2024-01-03;"quarta-feira";"16:30:00";"SC";101;213,4;"PALHOCA";"Condutor deixou de manter distancia do veiculo da frente";"Colisao traseira";"Com Vatimas Feridas";"Pleno dia";"Decrescente";"Nublado";"Maltipla";"Reta";"Sim";4;0;1;0;3;0;1;3;-27,63697369;-48,66514142;"SPRF-SC";"DEL01-SC";"UOP02-DEL01-SC"
572416;2024-01-03;"quarta-feira";"16:45:00";"GO";40;24;"LUZIANIA";"Condutor deixou de manter distancia do veiculo da frente";"Colisao traseira";"Com Vatimas Feridas";"Pleno dia";"Decrescente";"Nublado";"Dupla";"Interseaao de Vias";"Nao";2;0;1;0;0;1;1;2;-16,252738;-47,900437;"SPRF-DF";"DEL01-DF";"UOP01-DEL01-DF"
572417;2024-01-03;"quarta-feira";"16:50:00";"DF";60;7;"BRASILIA";"Suicadio (presumido)";"Atropelamento de Pedestre";"Com Vatimas Feridas";"Pleno dia";"Crescente";"Ceu Claro";"Dupla";"Reta";"Sim";4;0;0;1;3;0;1;2;-15,901237;-48,122334;"SPRF-DF";"DEL03-DF";"UOP01-DEL03-DF"
572419;2024-01-03;"quarta-feira";"17:10:00";"MG";381;367;"SAO GONCALO DO RIO ABAIXO";"Ausancia de Reacao do condutor";"Saida de leito carrocavel";"Com Vatimas Feridas";"Pleno dia";"Decrescente";"Ceu Claro";"Simples";"Reta";"Nao";4;0;3;1;0;0;4;1;-19,84959351;-43,27455396;"SPRF-MG";"DEL03-MG";"UOP01-DEL03-MG"
572420;2024-01-03;"quarta-feira";"16:30:00";"PR";116;15;"CAMPINA GRANDE DO SUL";"Chuva";"Capotamento";"Com Vatimas Feridas";"Pleno dia";"Crescente";"Chuva";"Dupla";"Curva";"Nao";1;0;1;0;0;0;1;1;-25,09832756;-48,68266005;"SPRF-PR";"DEL01-PR";"UOP02-DEL01-PR"
572421;2024-01-03;"quarta-feira";"16:25:00";"RS";386;135;"SARANDI";"Acessar a via sem observar a presenca dos outros veiculos";"Colisao transversal";"Com Vatimas Feridas";"Pleno dia";"Crescente";"Sol";"Simples";"Reta";"Sim";5;0;4;0;1;0;4;2;-27,96036;-52,91103;"SPRF-RS";"DEL08-RS";"UOP01-DEL08-RS"
572422;2024-01-03;"quarta-feira";"16:30:00";"RN";101;95;"NATAL";"Condutor deixou de manter distancia do veiculo da frente";"Colisao lateral mesmo sentido";"Com Vatimas Feridas";"Anoitecer";"Decrescente";"Ceu Claro";"Maltipla";"Reta";"Sim";3;0;1;0;2;0;1;2;-5,84076841;-35,21035949;"SPRF-RN";"DEL01-RN";"UOP01-DEL01-RN"
572424;2024-01-03;"quarta-feira";"17:00:00";"SP";116;135,1;"SAO JOSE DOS CAMPOS";"Ausancia de Reacao do condutor";"Colisao traseira";"Sem Vatimas";"Anoitecer";"Decrescente";"Chuva";"Dupla";"Reta";"Sim";2;0;0;0;2;0;0;2;-23,144484;-45,77018;"SPRF-SP";"DEL02-SP";"UOP01-DEL02-SP"
572426;2024-01-03;"quarta-feira";"11:00:00";"MG";40;735;"SANTOS DUMONT";"Pista Escorregadia";"Colisao transversal";"Com Vatimas Feridas";"Pleno dia";"Crescente";"Chuva";"Simples";"Curva";"Nao";7;0;6;0;1;0;6;2;-21,37012696;-43,57558994;"SPRF-MG";"DEL05-MG";"UOP01-DEL05-MG"
572427;2024-01-03;"quarta-feira";"17:00:00";"MG";262;481;"CONTAGEM";"Manobra de mudanaa de faixa";"Colisao com objeto";"Com Vatimas Feridas";"Anoitecer";"Crescente";"Garoa/Chuvisco";"Dupla";"Reta";"Sim";2;0;1;0;0;1;1;2;-19,96076406;-44,0524292;"SPRF-MG";"DEL08-MG";"UOP03-DEL08-MG"
572429;2024-01-03;"quarta-feira";"15:00:00";"MG";354;703;"CAXAMBU";"Acessar a via sem observar a presenca dos outros veiculos";"Colisao traseira";"Sem Vatimas";"Pleno dia";"Crescente";"Chuva";"Simples";"Reta";"Nao";2;0;0;0;1;1;0;2;-21,97540939;-44,92323124;"SPRF-MG";"DEL17-MG";"UOP01-DEL17-MG"
572430;2024-01-03;"quarta-feira";"16:20:00";"SC";280;93;"CORUPA";"Pista Escorregadia";"Colisao com objeto";"Com Vatimas Feridas";"Pleno dia";"Decrescente";"Garoa/Chuvisco";"Simples";"Curva;Em Obras;Declive        ";"Nao";4;0;1;0;3;0;1;1;-26,39962904;-49,29783103;"SPRF-SC";"DEL06-SC";"UOP03-DEL06-SC"
572433;2024-01-03;"quarta-feira";"15:40:00";"SC";282;456,8;"PONTE SERRADA";"Condutor deixou de manter distancia do veiculo da frente";"Colisao traseira";"Com Vatimas Feridas";"Pleno dia";"Decrescente";"Ceu Claro";"Dupla";"Aclive;Reta                   ";"Nao";2;0;1;0;1;0;1;2;-26,89065054;-51,98584557;"SPRF-SC";"DEL07-SC";"UOP04-DEL07-SC"
572437;2024-01-03;"quarta-feira";"17:15:00";"SC";101;71,8;"ARAQUARI";"Trafegar com motocicleta (ou similar) entre as faixas";"Colisao lateral mesmo sentido";"Com Vatimas Feridas";"Pleno dia";"Decrescente";"Nublado";"Dupla";"Reta";"Sim";2;0;1;0;1;0;1;2;-26,52710498;-48,71536911;"SPRF-SC";"DEL03-SC";"UOP02-DEL03-SC"
572438;2024-01-03;"quarta-feira";"17:35:00";"MG";50;197;"DELTA";"Demais falhas mecanicas ou elatricas";"Incendio";"Sem Vatimas";"Pleno dia";"Crescente";"Nublado";"Maltipla";"Reta";"Sim";3;0;0;0;3;0;0;1;-19,91076436;-47,83254654;"SPRF-MG";"DEL13-MG";"UOP01-DEL13-MG"
572439;2024-01-03;"quarta-feira";"17:25:00";"BA";101;720;"EUNAPOLIS";"Acessar a via sem observar a presenca dos outros veiculos";"Colisao transversal";"Com Vatimas Feridas";"Anoitecer";"Crescente";"Nublado";"Simples";"Rotataria;Reta                ";"Sim";2;0;1;0;1;0;1;2;-16,38642759;-39,58646536;"SPRF-BA";"DEL09-BA";"UOP01-DEL09-BA"
572440;2024-01-03;"quarta-feira";"18:33:00";"TO";10;454;"PALMAS";"Condutor deixou de manter distancia do veiculo da frente";"Engavetamento";"Sem Vatimas";"Anoitecer";"Decrescente";"Ceu Claro";"Maltipla";"Reta";"Sim";3;0;0;0;2;1;0;3;-10,30938;-48,29743;"SPRF-TO";"DEL01-TO";"UOP03-DEL01-TO"
572441;2024-01-03;"quarta-feira";"16:40:00";"RJ";40;123;"DUQUE DE CAXIAS";"Reacao tardia ou ineficiente do condutor";"Colisao traseira";"Com Vatimas Feridas";"Pleno dia";"Crescente";"Ceu Claro";"Dupla";"Curva";"Sim";3;0;1;0;2;0;1;2;-22,79907687;-43,29015739;"SPRF-RJ";"DEL01-RJ";"UOP02-DEL01-RJ"
572443;2024-01-03;"quarta-feira";"18:00:00";"RJ";101;80;"CAMPOS DOS GOYTACAZES";"Ausancia de Reacao do condutor";"Colisao traseira";"Com Vatimas Feridas";"Anoitecer";"Decrescente";"Chuva";"Simples";"Reta";"Sim";8;0;1;0;7;0;1;2;-21,83453437;-41,43797909;"SPRF-RJ";"DEL08-RJ";"UOP02-DEL08-RJ"
572444;2024-01-03;"quarta-feira";"17:20:00";"RJ";101;87;"CAMPOS DOS GOYTACAZES";"Chuva";"Saida de leito carrocavel";"Com Vatimas Feridas";"Pleno dia";"Decrescente";"Chuva";"Dupla";"Curva;Declive                 ";"Nao";3;0;0;2;1;0;2;1;-21,82626899;-41,49641201;"SPRF-RJ";"DEL08-RJ";"UOP02-DEL08-RJ"
572445;2024-01-03;"quarta-feira";"18:00:00";"SP";116;393;"MIRACATU";"Pista Escorregadia";"Tombamento";"Com Vatimas Feridas";"Anoitecer";"Crescente";"Garoa/Chuvisco";"Dupla";"Reta";"Nao";1;0;0;1;0;0;1;1;-24,28558932;-47,44194093;"SPRF-SP";"DEL04-SP";"UOP02-DEL04-SP"
572446;2024-01-03;"quarta-feira";"15:12:00";"MT";163;92;"RONDONOPOLIS";"Acumulo de agua sobre o pavimento";"Saida de leito carrocavel";"Com Vatimas Feridas";"Pleno dia";"Decrescente";"Chuva";"Dupla";"Declive";"Nao";2;0;2;0;0;0;2;1;-16,72418081;-54,64751666;"SPRF-MT";"DEL02-MT";"UOP03-DEL02-MT"
572447;2024-01-03;"quarta-feira";"17:00:00";"PR";376;407,7;"TIBAGI";"Velocidade Incompatavel";"Colisao com objeto";"Com Vatimas Feridas";"Pleno dia";"Decrescente";"Nublado";"Dupla";"Declive;Curva                 ";"Nao";3;0;3;0;0;0;3;1;-24,60403406;-50,6635012;"SPRF-PR";"DEL03-PR";"UOP02-DEL03-PR"
572448;2024-01-03;"quarta-feira";"15:50:00";"RJ";101;432;"MANGARATIBA";"Ingestao de alcool pelo condutor";"Capotamento";"Sem Vatimas";"Pleno dia";"Decrescente";"Chuva";"Dupla";"Aclive;Curva                  ";"Sim";1;0;0;0;1;0;0;1;-22,93437472;-44,02919087;"SPRF-RJ";"DEL03-RJ";"UOP02-DEL03-RJ"
572451;2024-01-03;"quarta-feira";"18:49:00";"MG";262;368,8;"JUATUBA";"Ausancia de Reacao do condutor";"Queda de ocupante de veiculo";"Com Vatimas Feridas";"Plena Noite";"Decrescente";"Garoa/Chuvisco";"Dupla";"Curva";"Nao";1;0;1;0;0;0;1;1;-19,97239513;-44,28042402;"SPRF-MG";"DEL01-MG";"UOP03-DEL01-MG"
572452;2024-01-03;"quarta-feira";"15:30:00";"MT";70;703;"CACERES";"Chuva";"Saida de leito carrocavel";"Com Vatimas Feridas";"Pleno dia";"Crescente";"Chuva";"Simples";"Reta;Declive                  ";"Nao";2;0;2;0;0;0;2;1;-16,25105077;-57,45540642;"SPRF-MT";"DEL03-MT";"UOP01-DEL03-MT"
572453;2024-01-03;"quarta-feira";"18:40:00";"PI";343;347;"TERESINA";"Animais na Pista";"Atropelamento de Animal";"Com Vatimas Feridas";"Plena Noite";"Crescente";"Ceu Claro";"Simples";"Reta";"Sim";2;0;1;0;1;0;1;2;-5,11877574;-42,78683662;"SPRF-PI";"DEL01-PI";"UOP01-DEL01-PI"
572454;2024-01-03;"quarta-feira";"15:40:00";"MG";116;685;"MURIAE";"Ausancia de Reacao do condutor";"Saida de leito carrocavel";"Com Vatimas Feridas";"Pleno dia";"Crescente";"Chuva";"Simples";"Curva";"Nao";2;0;1;0;0;1;1;2;-20,98224297;-42,35482631;"SPRF-MG";"DEL07-MG";"UOP02-DEL07-MG"
572457;2024-01-03;"quarta-feira";"17:00:00";"RJ";101;99;"CAMPOS DOS GOYTACAZES";"Ausancia de Reacao do condutor";"Colisao com objeto";"Com Vatimas Feridas";"Pleno dia";"Decrescente";"Chuva";"Dupla";"Curva";"Nao";2;0;1;0;1;0;1;1;-21,8758198;-41,5832851;"SPRF-RJ";"DEL08-RJ";"UOP02-DEL08-RJ"
572458;2024-01-03;"quarta-feira";"17:25:00";"MG";116;734;"LARANJAL";"Ausancia de Reacao do condutor";"Saida de leito carrocavel";"Com Vatimas Feridas";"Pleno dia";"Decrescente";"Chuva";"Simples";"Reta";"Nao";3;0;2;0;1;0;2;1;-21,34565238;-42,4637625;"SPRF-MG";"DEL07-MG";"UOP02-DEL07-MG"
572459;2024-01-03;"quarta-feira";"17:40:00";"SC";470;153,6;"AGRONOMICA";"Acessar a via sem observar a presenca dos outros veiculos";"Colisao transversal";"Com Vatimas Feridas";"Pleno dia";"Decrescente";"Nublado";"Simples";"Reta";"Nao";2;0;1;0;1;0;1;2;-27,27539513;-49,74316478;"SPRF-SC";"DEL04-SC";"UOP02-DEL04-SC"
572460;2024-01-03;"quarta-feira";"16:10:00";"MG";116;702,2;"MURIAE";"Acessar a via sem observar a presenca dos outros veiculos";"Colisao transversal";"Com Vatimas Feridas";"Pleno dia";"Decrescente";"Chuva";"Simples";"Reta;Interseaao de Vias       ";"Sim";2;0;1;0;1;0;1;2;-21,12484713;-42,38134861;"SPRF-MG";"DEL07-MG";"UOP02-DEL07-MG"
572461;2024-01-03;"quarta-feira";"19:00:00";"PE";101;58,8;"RECIFE";"Condutor deixou de manter distancia do veiculo da frente";"Colisao traseira";"Com Vatimas Feridas";"Plena Noite";"Crescente";"Ceu Claro";"Dupla";"Reta";"Sim";5;0;0;2;3;0;2;2;-7,97708575;-34,92607318;"SPRF-PE";"DEL01-PE";"UOP02-DEL01-PE"
572463;2024-01-03;"quarta-feira";"17:20:00";"PR";376;527,2;"PONTA GROSSA";"Reacao tardia ou ineficiente do condutor";"Queda de ocupante de veiculo";"Com Vatimas Feridas";"Pleno dia";"Decrescente";"Ceu Claro";"Dupla";"Reta;Declive                  ";"Nao";1;0;1;0;0;0;1;1;-25,327481;-49,862779;"SPRF-PR";"DEL03-PR";"UOP04-DEL03-PR"
572465;2024-01-03;"quarta-feira";"19:00:00";"DF";80;19;"BRASILIA";"Reacao tardia ou ineficiente do condutor";"Saida de leito carrocavel";"Com Vatimas Feridas";"Plena Noite";"Crescente";"Nublado";"Dupla";"Reta";"Sim";1;0;1;0;0;0;1;1;-15,675205;-48,204636;"SPRF-DF";"DEL03-DF";"UOP02-DEL03-DF"
572468;2024-01-03;"quarta-feira";"20:00:00";"BA";116;811;"VITORIA DA CONQUISTA";"Demais falhas mecanicas ou elatricas";"Saida de leito carrocavel";"Com Vatimas Feridas";"Plena Noite";"Decrescente";"Ceu Claro";"Simples";"Reta";"Nao";6;0;4;0;2;0;4;1;-14,75613602;-40,68942499;"SPRF-BA";"DEL08-BA";"UOP01-DEL08-BA"
572470;2024-01-03;"quarta-feira";"16:30:00";"GO";60;460;"JATAI";"Ausancia de Reacao do condutor";"Saida de leito carrocavel";"Com Vatimas Feridas";"Pleno dia";"Crescente";"Chuva";"Dupla";"Curva";"Nao";4;0;4;0;0;0;4;1;-17,8715;-51,6163;"SPRF-GO";"DEL05-GO";"UOP01-DEL05-GO"
572472;2024-01-03;"quarta-feira";"16:55:00";"MG";381;521;"BRUMADINHO";"Chuva";"Saida de leito carrocavel";"Com Vatimas Feridas";"Anoitecer";"Decrescente";"Chuva";"Dupla";"Curva;Aclive                  ";"Nao";4;0;1;0;3;0;1;1;-20,13846621;-44,31715274;"SPRF-MG";"DEL04-MG";"UOP03-DEL04-MG"