"id";"data_inversa";"dia_semana";"horario";"uf";"br";"km";"municipio";"causa_acidente";"tipo_acidente";"classificacao_acidente";"fase_dia";"sentido_via";"condicao_metereologica";"tipo_pista";"tracado_via";"uso_solo";"pessoas";"mortos";"feridos_leves";"feridos_graves";"ilesos";"ignorados";"feridos";"veiculos";"latitude";"longitude";"regional";"delegacia";"uop"
572475;2024-01-03;"quarta-feira";"19:40:00";"MG";40;356,1;"FELIXLANDIA";"Desrespeitar a preferancia no cruzamento";"Colisao transversal";"Com Vatimas Feridas";"Plena Noite";"Decrescente";"Chuva";"Simples";"Reta;Interseaao de Vias       ";"Sim";2;0;0;1;1;0;1;2;-18,73053982;-44,88268599;"SPRF-MG";"DEL02-MG";"UOP01-DEL02-MG"
572477;2024-01-03;"quarta-feira";"18:00:00";"RO";364;16;"VILHENA";"Acessar a via sem observar a presenca dos outros veiculos";"Queda de ocupante de veiculo";"Com Vatimas Feridas";"Plena Noite";"Crescente";"Chuva";"Simples";"Interseaao de Vias";"Nao";2;0;1;0;1;0;1;2;-12,73437947;-60,15696986;"SPRF-RO";"DEL04-RO";"UOP01-DEL04-RO"
572481;2024-01-03;"quarta-feira";"18:30:00";"RS";116;267;"CANOAS";"Frear bruscamente";"Queda de ocupante de veiculo";"Com Vatimas Feridas";"Anoitecer";"Decrescente";"Ceu Claro";"Dupla";"Reta";"Sim";1;0;1;0;0;0;1;1;-29,94142398;-51,17697062;"SPRF-RS";"DEL01-RS";"UOP01-DEL01-RS"
572484;2024-01-03;"quarta-feira";"19:15:00";"MG";116;499,9;"INHAPIM";"Reacao tardia ou ineficiente do condutor";"Colisao traseira";"Com Vatimas Feridas";"Plena Noite";"Decrescente";"Chuva";"Simples";"Reta";"Nao";4;0;1;1;2;0;2;3;-19,55247801;-42,12429712;"SPRF-MG";"DEL06-MG";"UOP02-DEL06-MG"
572485;2024-01-03;"quarta-feira";"22:15:00";"ES";101;142;"LINHARES";"Reacao tardia ou ineficiente do condutor";"Colisao transversal";"Com Vatimas Feridas";"Plena Noite";"Decrescente";"Ceu Claro";"Maltipla";"Reta";"Sim";2;0;2;0;0;0;2;2;-19,33458987;-40,06755477;"SPRF-ES";"DEL04-ES";"UOP01-DEL04-ES"
572486;2024-01-03;"quarta-feira";"19:02:00";"RS";468;97,7;"TRES PASSOS";"Ultrapassagem Indevida";"Colisao lateral mesmo sentido";"Com Vatimas Feridas";"Anoitecer";"Crescente";"Ceu Claro";"Simples";"Declive;Reta                  ";"Nao";3;0;2;0;1;0;2;2;-27,48845026;-53,89320218;"SPRF-RS";"DEL08-RS";"UOP02-DEL08-RS"
572488;2024-01-03;"quarta-feira";"22:25:00";"MG";116;576,9;"MANHUACU";"Ausancia de Reacao do condutor";"Saida de leito carrocavel";"Com Vatimas Feridas";"Plena Noite";"Crescente";"Ceu Claro";"Simples";"Curva";"Nao";2;0;1;0;1;0;1;1;-20,15473996;-42,18629605;"SPRF-MG";"DEL06-MG";"UOP03-DEL06-MG"
572490;2024-01-03;"quarta-feira";"23:30:00";"ES";101;272,2;"SERRA";"Acessar a via sem observar a presenca dos outros veiculos";"Colisao lateral mesmo sentido";"Com Vatimas Feridas";"Plena Noite";"Decrescente";"Nublado";"Dupla";"Reta;Aclive                   ";"Nao";2;0;0;1;1;0;1;2;-20,22724888;-40,28426988;"SPRF-ES";"DEL02-ES";"UOP01-DEL02-ES"
572491;2024-01-03;"quarta-feira";"22:51:00";"GO";40;22;"LUZIANIA";"Entrada inopinada do pedestre";"Atropelamento de Pedestre";"Com Vatimas Fatais";"Plena Noite";"Crescente";"Ceu Claro";"Dupla";"Reta";"Sim";5;1;0;0;4;0;0;2;-16,227484;-47,914109;"SPRF-DF";"DEL01-DF";"UOP01-DEL01-DF"
572492;2024-01-03;"quarta-feira";"21:19:00";"GO";80;19,4;"PADRE BERNARDO";"Ausancia de Reacao do condutor";"Saida de leito carrocavel";"Com Vatimas Feridas";"Plena Noite";"Decrescente";"Chuva";"Dupla";"Interseaao de Vias;Reta       ";"Nao";1;0;0;1;0;0;1;1;-15,384497;-48,208798;"SPRF-DF";"DEL03-DF";"UOP02-DEL03-DF"
572494;2024-01-04;"quinta-feira";"00:05:00";"SP";381;62;"MAIRIPORA";"Ausancia de Reacao do condutor";"Capotamento";"Com Vatimas Feridas";"Plena Noite";"Decrescente";"Ceu Claro";"Dupla";"Reta";"Nao";1;0;1;0;0;0;1;1;-23,29437896;-46,57254696;"SPRF-SP";"DEL03-SP";"UOP01-DEL03-SP"
572495;2024-01-03;"quarta-feira";"23:00:00";"MA";226;299;"BARRA DO CORDA";"Conversao proibida";"Colisao transversal";"Com Vatimas Feridas";"Plena Noite";"Crescente";"Chuva";"Maltipla";"Reta";"Sim";3;0;1;0;2;0;1;2;-5,49791235;-45,24263176;"SPRF-MA";"DEL03-MA";"UOP03-DEL03-MA"
572496;2024-01-04;"quinta-feira";"00:40:00";"PI";343;52;"BURITI DOS LOPES";"Transitar na contramao";"Colisao frontal";"Com Vatimas Fatais";"Plena Noite";"Crescente";"Ceu Claro";"Simples";"Reta";"Nao";2;1;0;0;1;0;0;2;-3,194594;-41,841324;"SPRF-PI";"DEL05-PI";"UOP01-DEL05-PI"
572497;2024-01-04;"quinta-feira";"00:20:00";"RN";427;2,1;"CURRAIS NOVOS";"Animais na Pista";"Saida de leito carrocavel";"Com Vatimas Feridas";"Plena Noite";"Decrescente";"Nublado";"Simples";"Curva";"Nao";3;0;3;0;0;0;3;1;-6,282889;-36,521175;"SPRF-RN";"DEL03-RN";"UOP02-DEL03-RN"
572502;2024-01-04;"quinta-feira";"01:10:00";"SC";101;186;"BIGUACU";"Ingestao de alcool pelo condutor";"Saida de leito carrocavel";"Sem Vatimas";"Plena Noite";"Decrescente";"Chuva";"Maltipla";"Curva";"Nao";1;0;0;0;0;1;0;1;-27,4341098;-48,62567129;"SPRF-SC";"DEL01-SC";"UOP01-DEL01-SC"
572504;2024-01-04;"quinta-feira";"03:40:00";"SC";101;194,5;"BIGUACU";"Pista Escorregadia";"Queda de ocupante de veiculo";"Com Vatimas Feridas";"Plena Noite";"Decrescente";"Garoa/Chuvisco";"Maltipla";"Reta";"Sim";1;0;1;0;0;0;1;1;-27,49815117;-48,65661236;"SPRF-SC";"DEL01-SC";"UOP01-DEL01-SC"
572507;2024-01-04;"quinta-feira";"03:00:00";"MG";153;87,9;"PRATA";"Pista Escorregadia";"Saida de leito carrocavel";"Com Vatimas Feridas";"Plena Noite";"Crescente";"Chuva";"Simples";"Curva;Aclive                  ";"Nao";5;0;2;0;3;0;2;1;-19,127673;-48,966483;"SPRF-MG";"DEL15-MG";"UOP03-DEL15-MG"
572509;2024-01-04;"quinta-feira";"04:30:00";"SC";101;128;"ITAJAI";"Ingestao de alcool pelo condutor";"Colisao com objeto";"Com Vatimas Feridas";"Amanhecer";"Decrescente";"Ceu Claro";"Dupla";"Reta";"Nao";2;0;1;1;0;0;2;1;-26,97284292;-48,68299451;"SPRF-SC";"DEL04-SC";"UOP04-DEL04-SC"
572511;2024-01-03;"quarta-feira";"16:40:00";"MG";153;87,9;"PRATA";"Pista Escorregadia";"Saida de leito carrocavel";"Com Vatimas Feridas";"Pleno dia";"Crescente";"Chuva";"Simples";"Curva;Declive                 ";"Nao";4;0;4;0;0;0;4;1;-19,11737199;-48,96972196;"SPRF-MG";"DEL15-MG";"UOP03-DEL15-MG"
572512;2024-01-04;"quinta-feira";"05:30:00";"SC";282;72,1;"RANCHO QUEIMADO";"Acumulo de agua sobre o pavimento";"Saida de leito carrocavel";"Com Vatimas Feridas";"Amanhecer";"Crescente";"Chuva";"Simples";"Aclive;Curva                  ";"Nao";4;0;1;0;3;0;1;1;-27,683439;-49,105259;"SPRF-SC";"DEL01-SC";"UOP03-DEL01-SC"
572513;2024-01-04;"quinta-feira";"04:40:00";"MT";163;118;"RONDONOPOLIS";"area urbana sem a presenca de local apropriado para a travessia de pedestres";"Atropelamento de Pedestre";"Com Vatimas Feridas";"Amanhecer";"Decrescente";"Nublado";"Dupla";"Aclive;Reta                   ";"Sim";2;0;1;1;0;0;2;2;-16,51361392;-54,65519619;"SPRF-MT";"DEL02-MT";"UOP01-DEL02-MT"
572514;2024-01-04;"quinta-feira";"07:00:00";"SC";101;200;"SAO JOSE";"Condutor deixou de manter distancia do veiculo da frente";"Colisao traseira";"Com Vatimas Feridas";"Pleno dia";"Crescente";"Ceu Claro";"Maltipla";"Reta";"Sim";4;0;2;0;2;0;2;2;-27,54018513;-48,62287714;"SPRF-SC";"DEL01-SC";"UOP01-DEL01-SC"
572515;2024-01-04;"quinta-feira";"07:25:00";"SC";101;206,8;"SAO JOSE";"Reacao tardia ou ineficiente do condutor";"Tombamento";"Com Vatimas Feridas";"Pleno dia";"Crescente";"Nublado";"Maltipla";"Reta";"Sim";2;0;1;0;0;1;1;2;-27,59907246;-48,62173319;"SPRF-SC";"DEL01-SC";"UOP01-DEL01-SC"
572516;2024-01-04;"quinta-feira";"06:30:00";"PR";116;38;"CAMPINA GRANDE DO SUL";"Reacao tardia ou ineficiente do condutor";"Saida de leito carrocavel";"Com Vatimas Feridas";"Amanhecer";"Decrescente";"Chuva";"Dupla";"Curva";"Nao";3;0;2;0;1;0;2;1;-25,14802509;-48,85922071;"SPRF-PR";"DEL01-PR";"UOP02-DEL01-PR"
572517;2024-01-04;"quinta-feira";"06:55:00";"SC";101;137;"BALNEARIO CAMBORIU";"Problema com o freio";"Tombamento";"Com Vatimas Feridas";"Pleno dia";"Decrescente";"Nublado";"Maltipla";"Reta";"Sim";2;0;1;1;0;0;2;1;-27,0157238;-48,61192763;"SPRF-SC";"DEL04-SC";"UOP03-DEL04-SC"
572518;2024-01-04;"quinta-feira";"07:15:00";"PR";376;215;"JANDAIA DO SUL";"Reacao tardia ou ineficiente do condutor";"Colisao com objeto";"Com Vatimas Feridas";"Pleno dia";"Decrescente";"Ceu Claro";"Dupla";"Reta";"Nao";1;0;1;0;0;0;1;1;-23,59537856;-51,64222304;"SPRF-PR";"DEL09-PR";"UOP01-DEL09-PR"
572520;2024-01-04;"quinta-feira";"07:35:00";"RS";386;350;"ESTRELA";"Condutor deixou de manter distancia do veiculo da frente";"Colisao traseira";"Com Vatimas Feridas";"Pleno dia";"Crescente";"Ceu Claro";"Dupla";"Em Obras;Ponte;Reta           ";"Nao";2;0;1;0;1;0;1;2;-29,4743;-51,952923;"SPRF-RS";"DEL04-RS";"UOP01-DEL04-RS"
572521;2024-01-04;"quinta-feira";"07:00:00";"GO";153;504;"APARECIDA DE GOIANIA";"Demais falhas mecanicas ou elatricas";"Tombamento";"Com Vatimas Feridas";"Pleno dia";"Crescente";"Chuva";"Dupla";"Reta";"Sim";2;0;2;0;0;0;2;1;-16,7451;-49,2408;"SPRF-GO";"DEL01-GO";"UOP01-DEL01-GO"
572522;2024-01-04;"quinta-feira";"05:40:00";"RJ";101;384;"RIO DE JANEIRO";"Acessar a via sem observar a presenca dos outros veiculos";"Colisao transversal";"Com Vatimas Feridas";"Amanhecer";"Decrescente";"Chuva";"Dupla";"Reta";"Sim";2;0;1;0;1;0;1;2;-22,87911609;-43,62323999;"SPRF-RJ";"DEL03-RJ";"UOP01-DEL03-RJ"
572524;2024-01-04;"quinta-feira";"07:36:00";"RJ";116;191;"NOVA IGUACU";"Acesso irregular";"Colisao com objeto";"Sem Vatimas";"Amanhecer";"Decrescente";"Ceu Claro";"Simples";"Reta";"Nao";1;0;0;0;0;1;0;1;-22,74421443;-43,509822;"SPRF-RJ";"DEL06-RJ";"UOP01-DEL06-RJ"
572526;2024-01-04;"quinta-feira";"08:10:00";"PE";101;116,3;"IPOJUCA";"Condutor Dormindo";"Saida de leito carrocavel";"Com Vatimas Feridas";"Pleno dia";"Crescente";"Ceu Claro";"Dupla";"Curva";"Nao";2;0;2;0;0;0;2;1;-8,34532196;-35,14676704;"SPRF-PE";"DEL01-PE";"UOP03-DEL01-PE"
572527;2024-01-04;"quinta-feira";"08:09:00";"MG";365;634;"UBERLANDIA";"Ausancia de Reacao do condutor";"Colisao com objeto";"Com Vatimas Feridas";"Pleno dia";"Crescente";"Chuva";"Dupla";"Retorno Regulamentado";"Nao";2;0;2;0;0;0;2;1;-18,89398203;-48,409205;"SPRF-MG";"DEL15-MG";"UOP01-DEL15-MG"
572528;2024-01-04;"quinta-feira";"06:30:00";"RJ";393;198;"PARAIBA DO SUL";"Acumulo de agua sobre o pavimento";"Saida de leito carrocavel";"Com Vatimas Feridas";"Pleno dia";"Crescente";"Chuva";"Simples";"Reta";"Nao";3;0;2;0;1;0;2;1;-22,20864263;-43,38170217;"SPRF-RJ";"DEL05-RJ";"UOP03-DEL05-RJ"
572529;2024-01-04;"quinta-feira";"08:10:00";"RN";101;115;"SAO JOSE DE MIPIBU";"Manobra de mudanaa de faixa";"Colisao lateral mesmo sentido";"Com Vatimas Feridas";"Pleno dia";"Decrescente";"Ceu Claro";"Dupla";"Reta";"Sim";2;0;1;0;1;0;1;2;-5,99096804;-35,26381408;"SPRF-RN";"DEL01-RN";"UOP01-DEL01-RN"
572530;2024-01-04;"quinta-feira";"08:30:00";"GO";50;261;"CATALAO";"Acumulo de agua sobre o pavimento";"Saida de leito carrocavel";"Com Vatimas Feridas";"Pleno dia";"Decrescente";"Chuva";"Dupla";"Curva";"Nao";3;0;2;0;1;0;2;1;-18,0377;-47,853;"SPRF-GO";"DEL06-GO";"UOP01-DEL06-GO"
572531;2024-01-04;"quinta-feira";"07:15:00";"PR";369;186,7;"ARAPONGAS";"Condutor Dormindo";"Colisao com objeto";"Sem Vatimas";"Pleno dia";"Decrescente";"Ceu Claro";"Simples";"Reta";"Sim";4;0;0;0;4;0;0;1;-23,42098684;-51,42483871;"SPRF-PR";"DEL07-PR";"UOP03-DEL07-PR"
572532;2024-01-04;"quinta-feira";"06:30:00";"SC";282;583;"PINHALZINHO";"Condutor Dormindo";"Saida de leito carrocavel";"Com Vatimas Feridas";"Amanhecer";"Crescente";"Ceu Claro";"Simples";"Aclive;Curva                  ";"Nao";4;0;1;0;3;0;1;1;-26,828905;-53,009552;"SPRF-SC";"DEL07-SC";"UOP02-DEL07-SC"
572535;2024-01-03;"quarta-feira";"21:45:00";"RJ";40;103;"DUQUE DE CAXIAS";"Sistema de drenagem ineficiente";"Colisao lateral mesmo sentido";"Com Vatimas Feridas";"Plena Noite";"Crescente";"Chuva";"Maltipla";"Reta";"Sim";2;0;1;0;1;0;1;2;-22,62009;-43,286922;"SPRF-RJ";"DEL01-RJ";"UOP02-DEL01-RJ"
572536;2024-01-04;"quinta-feira";"09:15:00";"BA";116;12;"VITORIA DA CONQUISTA";"Condutor deixou de manter distancia do veiculo da frente";"Colisao traseira";"Com Vatimas Feridas";"Pleno dia";"Crescente";"Ceu Claro";"Simples";"Reta";"Sim";2;0;1;0;1;0;1;2;-14,878;-40,8712;"SPRF-BA";"DEL08-BA";"UOP01-DEL08-BA"
572537;2024-01-04;"quinta-feira";"05:00:00";"SP";116;327;"JUQUITIBA";"Chuva";"Saida de leito carrocavel";"Com Vatimas Feridas";"Amanhecer";"Decrescente";"Chuva";"Dupla";"Curva";"Sim";1;0;1;0;0;0;1;1;-23,93901304;-47,06241203;"SPRF-SP";"DEL04-SP";"UOP03-DEL04-SP"
572539;2024-01-04;"quinta-feira";"09:10:00";"SC";282;48;"AGUAS MORNAS";"Velocidade Incompatavel";"Colisao com objeto";"Com Vatimas Feridas";"Pleno dia";"Crescente";"Chuva";"Dupla";"Curva";"Nao";5;0;1;0;4;0;1;1;-27,714352;-48,938072;"SPRF-SC";"DEL01-SC";"UOP03-DEL01-SC"
572542;2024-01-04;"quinta-feira";"09:30:00";"SC";101;210;"SAO JOSE";"Ausancia de Reacao do condutor";"Colisao traseira";"Com Vatimas Feridas";"Pleno dia";"Decrescente";"Ceu Claro";"Simples";"Reta";"Sim";3;0;2;0;1;0;2;2;-27,6167305;-48,6457265;"SPRF-SC";"DEL01-SC";"UOP01-DEL01-SC"
572545;2024-01-04;"quinta-feira";"10:10:00";"RS";293;12;"CAPAO DO LEAO";"Acessar a via sem observar a presenca dos outros veiculos";"Colisao lateral mesmo sentido";"Com Vatimas Feridas";"Pleno dia";"Crescente";"Nublado";"Simples";"Reta";"Nao";2;0;1;0;1;0;1;2;-31,75636452;-52,44078991;"SPRF-RS";"DEL07-RS";"UOP01-DEL07-RS"
572546;2024-01-04;"quinta-feira";"08:40:00";"PA";230;117;"MARABA";"Ausancia de Reacao do condutor";"Colisao transversal";"Com Vatimas Feridas";"Pleno dia";"Decrescente";"Ceu Claro";"Dupla";"Reta;Retorno Regulamentado    ";"Sim";3;0;1;1;1;0;2;2;-5,35569904;-49,09047302;"SPRF-PA";"DEL03-PA";"UOP01-DEL03-PA"
572553;2024-01-04;"quinta-feira";"10:40:00";"CE";20;189,5;"BOA VIAGEM";"Reacao tardia ou ineficiente do condutor";"Saida de leito carrocavel";"Com Vatimas Feridas";"Pleno dia";"Crescente";"Ceu Claro";"Simples";"Ponte;Declive                 ";"Nao";4;0;2;2;0;0;4;1;-5,21919537;-39,80596861;"SPRF-CE";"DEL02-CE";"UOP02-DEL02-CE"
572556;2024-01-04;"quinta-feira";"10:40:00";"SC";101;144,3;"ITAPEMA";"Trafegar com motocicleta (ou similar) entre as faixas";"Colisao lateral mesmo sentido";"Com Vatimas Feridas";"Pleno dia";"Decrescente";"Ceu Claro";"Dupla";"Reta";"Sim";4;0;1;1;2;0;2;2;-27,0732659;-48,59672716;"SPRF-SC";"DEL04-SC";"UOP03-DEL04-SC"
572557;2024-01-04;"quinta-feira";"11:40:00";"PR";376;623;"SAO JOSE DOS PINHAIS";"Ausancia de Reacao do condutor";"Saida de leito carrocavel";"Com Vatimas Feridas";"Pleno dia";"Decrescente";"Nublado";"Dupla";"Reta";"Nao";2;0;2;0;0;0;2;1;-25,63462416;-49,16182135;"SPRF-PR";"DEL01-PR";"UOP04-DEL01-PR"
572559;2024-01-04;"quinta-feira";"10:40:00";"SP";116;391;"MIRACATU";"Avarias e/ou desgaste excessivo no pneu";"Saida de leito carrocavel";"Sem Vatimas";"Pleno dia";"Decrescente";"Nublado";"Dupla";"Reta";"Sim";4;0;0;0;4;0;0;1;-24,27988597;-47,42392801;"SPRF-SP";"DEL04-SP";"UOP02-DEL04-SP"
572560;2024-01-04;"quinta-feira";"10:10:00";"MT";163;694;"LUCAS DO RIO VERDE";"Acessar a via sem observar a presenca dos outros veiculos";"Colisao transversal";"Com Vatimas Feridas";"Pleno dia";"Crescente";"Nublado";"Simples";"Interseaao de Vias";"Nao";2;0;1;0;1;0;1;2;-13,12620914;-55,96026168;"SPRF-MT";"DEL06-MT";"UOP01-DEL06-MT"
572566;2024-01-04;"quinta-feira";"10:44:00";"MT";364;436;"VARZEA GRANDE";"Acessar a via sem observar a presenca dos outros veiculos";"Colisao transversal";"Com Vatimas Feridas";"Pleno dia";"Crescente";"Ceu Claro";"Dupla";"Reta";"Sim";2;0;0;1;1;0;1;2;-15,63709882;-56,20400548;"SPRF-MT";"DEL01-MT";"UOP02-DEL01-MT"
572569;2024-01-04;"quinta-feira";"12:12:00";"DF";60;28;"BRASILIA";"Chuva";"Saida de leito carrocavel";"Com Vatimas Feridas";"Pleno dia";"Crescente";"Chuva";"Dupla";"Curva";"Nao";4;0;3;0;1;0;3;1;-16,020638;-48,250832;"SPRF-DF";"DEL03-DF";"UOP01-DEL03-DF"
572570;2024-01-04;"quinta-feira";"11:40:00";"MT";163;697;"SORRISO";"Reacao tardia ou ineficiente do condutor";"Colisao transversal";"Com Vatimas Fatais";"Pleno dia";"Crescente";"Chuva";"Simples";"Reta;Declive                  ";"Nao";5;1;0;4;0;0;4;2;-13,000802;-55,886957;"SPRF-MT";"DEL06-MT";"UOP01-DEL06-MT"
572571;2024-01-04;"quinta-feira";"13:10:00";"SP";116;10,5;"QUELUZ";"Reacao tardia ou ineficiente do condutor";"Colisao com objeto";"Com Vatimas Feridas";"Pleno dia";"Decrescente";"Sol";"Dupla";"Reta";"Nao";5;0;2;2;0;1;4;2;-22,5443706;-44,78777297;"SPRF-SP";"DEL08-SP";"UOP02-DEL08-SP"
572573;2024-01-04;"quinta-feira";"07:20:00";"MG";116;222;"CATUJI";"Reacao tardia ou ineficiente do condutor";"Saida de leito carrocavel";"Com Vatimas Feridas";"Amanhecer";"Decrescente";"Ceu Claro";"Simples";"Curva;Declive                 ";"Nao";5;0;0;1;4;0;1;1;-17,42343294;-41,51418802;"SPRF-MG";"DEL11-MG";"UOP01-DEL11-MG"
572574;2024-01-04;"quinta-feira";"13:15:00";"MG";40;746,5;"SANTOS DUMONT";"Chuva";"Saida de leito carrocavel";"Com Vatimas Feridas";"Pleno dia";"Crescente";"Chuva";"Simples";"Curva";"Nao";3;0;2;0;1;0;2;1;-21,43028197;-43,55615283;"SPRF-MG";"DEL05-MG";"UOP01-DEL05-MG"
572578;2024-01-04;"quinta-feira";"13:30:00";"SP";116;347;"MIRACATU";"Chuva";"Saida de leito carrocavel";"Com Vatimas Feridas";"Pleno dia";"Decrescente";"Chuva";"Dupla";"Curva";"Nao";1;0;1;0;0;0;1;1;-24,04699491;-47,19706111;"SPRF-SP";"DEL04-SP";"UOP03-DEL04-SP"
572579;2024-01-04;"quinta-feira";"13:25:00";"SP";116;74,4;"APARECIDA";"Ausancia de Reacao do condutor";"Colisao traseira";"Com Vatimas Feridas";"Pleno dia";"Crescente";"Nublado";"Dupla";"Reta";"Nao";2;0;0;1;1;0;1;2;-22,87353809;-45,25320023;"SPRF-SP";"DEL08-SP";"UOP01-DEL08-SP"
572580;2024-01-04;"quinta-feira";"14:00:00";"RS";116;243;"SAO LEOPOLDO";"Condutor deixou de manter distancia do veiculo da frente";"Colisao traseira";"Com Vatimas Feridas";"Pleno dia";"Decrescente";"Ceu Claro";"Dupla";"Reta;Aclive;Viaduto           ";"Sim";3;0;1;0;2;0;1;2;-29,73196199;-51,14952004;"SPRF-RS";"DEL01-RS";"UOP02-DEL01-RS"
572581;2024-01-04;"quinta-feira";"13:00:00";"MT";163;829,2;"SINOP";"Manobra de mudanaa de faixa";"Colisao lateral mesmo sentido";"Com Vatimas Feridas";"Pleno dia";"Decrescente";"Nublado";"Dupla";"Reta;Retorno Regulamentado    ";"Sim";2;0;1;0;1;0;1;2;-11,90957671;-55,50753021;"SPRF-MT";"DEL06-MT";"UOP02-DEL06-MT"
572583;2024-01-04;"quinta-feira";"13:05:00";"MT";364;299,3;"JACIARA";"Reacao tardia ou ineficiente do condutor";"Saida de leito carrocavel";"Com Vatimas Feridas";"Pleno dia";"Decrescente";"Chuva";"Dupla";"Curva";"Sim";2;0;0;1;1;0;1;1;-15,84691555;-55,14590671;"SPRF-MT";"DEL05-MT";"UOP02-DEL05-MT"
572587;2024-01-04;"quinta-feira";"14:00:00";"SC";101;148;"ITAPEMA";"Reacao tardia ou ineficiente do condutor";"Colisao traseira";"Sem Vatimas";"Pleno dia";"Decrescente";"Nublado";"Maltipla";"Reta;Aclive;Viaduto           ";"Sim";2;0;0;0;2;0;0;2;-27,10123686;-48,61807962;"SPRF-SC";"DEL04-SC";"UOP03-DEL04-SC"
572592;2024-01-04;"quinta-feira";"14:25:00";"MG";381;497,6;"BETIM";"Manobra de mudanaa de faixa";"Colisao lateral mesmo sentido";"Com Vatimas Feridas";"Pleno dia";"Crescente";"Nublado";"Dupla";"Declive;Reta                  ";"Sim";2;0;0;1;1;0;1;2;-19,98351264;-44,20218229;"SPRF-MG";"DEL01-MG";"UOP03-DEL01-MG"
572594;2024-01-04;"quinta-feira";"14:35:00";"PE";101;69;"RECIFE";"Condutor deixou de manter distancia do veiculo da frente";"Queda de ocupante de veiculo";"Com Vatimas Feridas";"Pleno dia";"Crescente";"Ceu Claro";"Dupla";"Reta";"Sim";1;0;0;1;0;0;1;1;-8,05951606;-34,94581024;"SPRF-PE";"DEL01-PE";"UOP01-DEL01-PE"
572595;2024-01-04;"quinta-feira";"12:55:00";"SP";116;104,6;"TAUBATE";"Condutor deixou de manter distancia do veiculo da frente";"Engavetamento";"Com Vatimas Feridas";"Pleno dia";"Crescente";"Nublado";"Dupla";"Reta";"Sim";6;0;2;0;4;0;2;4;-23,00340176;-45,50626912;"SPRF-SP";"DEL02-SP";"UOP02-DEL02-SP"
572596;2024-01-04;"quinta-feira";"14:15:00";"PI";343;2,5;"TERESINA";"Transitar no Acostamento";"Colisao lateral mesmo sentido";"Com Vatimas Feridas";"Pleno dia";"Crescente";"Ceu Claro";"Dupla";"Reta";"Sim";2;0;0;1;1;0;1;2;-5,089569;-42,802288;"SPRF-PI";"DEL01-PI";"UOP01-DEL01-PI"
572602;2024-01-04;"quinta-feira";"14:30:00";"SC";101;148,5;"ITAPEMA";"Reacao tardia ou ineficiente do condutor";"Colisao traseira";"Com Vatimas Feridas";"Pleno dia";"Decrescente";"Ceu Claro";"Dupla";"Reta";"Sim";7;0;1;1;5;0;2;4;-27,10123686;-48,61807962;"SPRF-SC";"DEL04-SC";"UOP03-DEL04-SC"
572603;2024-01-04;"quinta-feira";"10:20:00";"MG";365;337;"VARJAO DE MINAS";"Reacao tardia ou ineficiente do condutor";"Saida de leito carrocavel";"Com Vatimas Feridas";"Pleno dia";"Crescente";"Chuva";"Simples";"Reta";"Nao";3;0;0;3;0;0;3;1;-18,329179;-46,010077;"SPRF-MG";"DEL10-MG";"UOP01-DEL10-MG"
572604;2024-01-04;"quinta-feira";"09:26:00";"MT";163;1051;"MATUPA";"Reacao tardia ou ineficiente do condutor";"Colisao traseira";"Sem Vatimas";"Pleno dia";"Decrescente";"Garoa/Chuvisco";"Simples";"Reta";"Nao";2;0;0;0;2;0;0;2;-10,19924493;-54,9557021;"SPRF-MT";"DEL06-MT";"UOP03-DEL06-MT"
572606;2024-01-04;"quinta-feira";"14:45:00";"RS";290;316;"CACAPAVA DO SUL";"Desrespeitar a preferancia no cruzamento";"Colisao transversal";"Com Vatimas Feridas";"Pleno dia";"Crescente";"Ceu Claro";"Simples";"Reta;Interseaao de Vias       ";"Nao";5;0;3;0;2;0;3;2;-30,36893654;-53,36145401;"SPRF-RS";"DEL09-RS";"UOP02-DEL09-RS"
572607;2024-01-04;"quinta-feira";"01:00:00";"MG";40;602,3;"CONGONHAS";"Pedestre andava na pista";"Atropelamento de Pedestre";"Com Vatimas Feridas";"Plena Noite";"Decrescente";"Chuva";"Simples";"Curva";"Sim";2;0;0;1;0;1;1;2;-20,44080893;-43,84106375;"SPRF-MG";"DEL05-MG";"UOP02-DEL05-MG"
572610;2024-01-04;"quinta-feira";"16:40:00";"RN";110;47,8;"MOSSORO";"Acessar a via sem observar a presenca dos outros veiculos";"Colisao transversal";"Com Vatimas Feridas";"Pleno dia";"Crescente";"Ceu Claro";"Simples";"Reta";"Sim";2;0;1;0;1;0;1;2;-5,20338376;-37,32563418;"SPRF-RN";"DEL04-RN";"UOP01-DEL04-RN"
572611;2024-01-04;"quinta-feira";"16:00:00";"SE";101;204;"CRISTINAPOLIS";"Pedestre cruzava a pista fora da faixa";"Atropelamento de Pedestre";"Com Vatimas Feridas";"Pleno dia";"Decrescente";"Ceu Claro";"Simples";"Reta";"Nao";3;0;0;1;2;0;1;2;-11,50911405;-37,78955394;"SPRF-SE";"DEL02-SE";"UOP03-DEL02-SE"
572612;2024-01-04;"quinta-feira";"16:00:00";"RJ";101;205;"CASIMIRO DE ABREU";"Transitar no Acostamento";"Colisao transversal";"Com Vatimas Feridas";"Pleno dia";"Decrescente";"Ceu Claro";"Simples";"Reta";"Sim";4;0;2;0;2;0;2;2;-22,475714;-42,19184;"SPRF-RJ";"DEL08-RJ";"UOP04-DEL08-RJ"