"id";"data_inversa";"dia_semana";"horario";"uf";"br";"km";"municipio";"causa_acidente";"tipo_acidente";"classificacao_acidente";"fase_dia";"sentido_via";"condicao_metereologica";"tipo_pista";"tracado_via";"uso_solo";"pessoas";"mortos";"feridos_leves";"feridos_graves";"ilesos";"ignorados";"feridos";"veiculos";"latitude";"longitude";"regional";"delegacia";"uop"
572615;2024-01-04;"quinta-feira";"16:24:00";"RN";405;189;"MAJOR SALES";"Pista esburacada";"Saida de leito carrocavel";"Com Vatimas Fatais";"Pleno dia";"Crescente";"Ceu Claro";"Simples";"Aclive";"Nao";1;1;0;0;0;0;0;1;-6,42234872;-38,32632832;"SPRF-RN";"DEL04-RN";"UOP02-DEL04-RN"
572617;2024-01-04;"quinta-feira";"16:46:00";"MG";365;692,8;"MONTE ALEGRE DE MINAS";"Reacao tardia ou ineficiente do condutor";"Colisao lateral mesmo sentido";"Com Vatimas Feridas";"Pleno dia";"Crescente";"Ceu Claro";"Dupla";"Reta";"Nao";2;0;1;0;1;0;1;2;-18,877272;-48,922042;"SPRF-MG";"DEL15-MG";"UOP03-DEL15-MG"
572620;2024-01-04;"quinta-feira";"17:00:00";"RS";101;71,1;"OSORIO";"Ingestao de alcool pelo condutor";"Colisao frontal";"Com Vatimas Feridas";"Pleno dia";"Crescente";"Sol";"Dupla";"Reta";"Nao";3;0;1;2;0;0;3;2;-29,756752;-50,215613;"SPRF-RS";"DEL03-RS";"UOP01-DEL03-RS"
572622;2024-01-04;"quinta-feira";"15:00:00";"MA";230;33;"BARAO DE GRAJAU";"Ausancia de Reacao do condutor";"Saida de leito carrocavel";"Com Vatimas Feridas";"Pleno dia";"Decrescente";"Ceu Claro";"Simples";"Curva";"Nao";1;0;1;0;0;0;1;1;-6,68457681;-43,28033591;"SPRF-PI";"DEL03-PI";"UOP01-DEL03-PI"
572623;2024-01-04;"quinta-feira";"17:40:00";"SP";101;48;"UBATUBA";"Acessar a via sem observar a presenca dos outros veiculos";"Colisao transversal";"Com Vatimas Feridas";"Pleno dia";"Crescente";"Chuva";"Simples";"Interseaao de Vias";"Sim";2;0;1;0;1;0;1;2;-23,43696329;-45,08768768;"SPRF-SP";"DEL06-SP";"UOP01-DEL06-SP"
572624;2024-01-04;"quinta-feira";"17:13:00";"PI";316;313;"PICOS";"Velocidade Incompatavel";"Colisao transversal";"Com Vatimas Feridas";"Pleno dia";"Decrescente";"Ceu Claro";"Simples";"Reta";"Nao";2;0;0;1;1;0;1;2;-7,07773585;-41,44441009;"SPRF-PI";"DEL04-PI";"UOP01-DEL04-PI"
572625;2024-01-04;"quinta-feira";"16:30:00";"PI";343;345;"TERESINA";"Condutor desrespeitou a iluminaaao vermelha do semaforo";"Colisao transversal";"Sem Vatimas";"Pleno dia";"Crescente";"Ceu Claro";"Dupla";"Reta";"Sim";2;0;0;0;2;0;0;2;-5,10611884;-42,76777983;"SPRF-PI";"DEL01-PI";"UOP01-DEL01-PI"
572627;2024-01-04;"quinta-feira";"18:30:00";"SP";116;225;"GUARULHOS";"Chuva";"Queda de ocupante de veiculo";"Com Vatimas Feridas";"Plena Noite";"Decrescente";"Chuva";"Maltipla";"Reta";"Sim";2;0;1;0;1;0;1;1;-23,48586772;-46,54075317;"SPRF-SP";"DEL01-SP";"UOP01-DEL01-SP"
572629;2024-01-04;"quinta-feira";"17:45:00";"SC";101;117,3;"ITAJAI";"Desrespeitar a preferancia no cruzamento";"Colisao transversal";"Com Vatimas Feridas";"Pleno dia";"Crescente";"Ceu Claro";"Maltipla";"Interseaao de Vias;Viaduto    ";"Sim";2;0;1;0;1;0;1;2;-26,88747187;-48,72252969;"SPRF-SC";"DEL04-SC";"UOP04-DEL04-SC"
572630;2024-01-04;"quinta-feira";"18:10:00";"SC";101;137;"BALNEARIO CAMBORIU";"Trafegar com motocicleta (ou similar) entre as faixas";"Colisao lateral mesmo sentido";"Com Vatimas Feridas";"Pleno dia";"Decrescente";"Nublado";"Maltipla";"Aclive;Reta;Viaduto           ";"Sim";3;0;2;0;1;0;2;2;-27,0157238;-48,61192763;"SPRF-SC";"DEL04-SC";"UOP03-DEL04-SC"
572631;2024-01-04;"quinta-feira";"15:46:00";"GO";153;413;"ANAPOLIS";"Velocidade Incompatavel";"Saida de leito carrocavel";"Com Vatimas Feridas";"Pleno dia";"Decrescente";"Chuva";"Simples";"Declive;Reta;Ponte            ";"Nao";1;0;0;1;0;0;1;1;-16,119982;-49,036469;"SPRF-GO";"DEL02-GO";"UOP02-DEL02-GO"
572633;2024-01-04;"quinta-feira";"17:50:00";"SC";163;70;"SAO MIGUEL DO OESTE";"Acessar a via sem observar a presenca dos outros veiculos";"Colisao transversal";"Com Vatimas Feridas";"Pleno dia";"Decrescente";"Ceu Claro";"Simples";"Interseaao de Vias;Reta       ";"Sim";2;0;1;0;1;0;1;2;-26,73461723;-53,50680015;"SPRF-SC";"DEL07-SC";"UOP03-DEL07-SC"
572634;2024-01-04;"quinta-feira";"16:00:00";"GO";153;590,5;"MORRINHOS";"Chuva";"Saida de leito carrocavel";"Com Vatimas Feridas";"Pleno dia";"Crescente";"Chuva";"Dupla";"Declive;Reta                  ";"Nao";3;0;1;0;2;0;1;1;-17,4675;-49,2187;"SPRF-GO";"DEL03-GO";"UOP01-DEL03-GO"
572636;2024-01-04;"quinta-feira";"19:19:00";"RN";406;168;"SAO GONCALO DO AMARANTE";"Animais na Pista";"Atropelamento de Animal";"Sem Vatimas";"Plena Noite";"Decrescente";"Ceu Claro";"Dupla";"Reta";"Sim";1;0;0;0;1;0;0;1;-5,75269453;-35,31535484;"SPRF-RN";"DEL02-RN";"UOP01-DEL02-RN"
572638;2024-01-04;"quinta-feira";"12:40:00";"SC";101;344;"TUBARAO";"Acumulo de agua sobre o pavimento";"Saida de leito carrocavel";"Sem Vatimas";"Pleno dia";"Crescente";"Chuva";"Maltipla";"Curva";"Nao";4;0;0;0;4;0;0;1;-28,53647889;-49,0531826;"SPRF-SC";"DEL02-SC";"UOP01-DEL02-SC"
572639;2024-01-04;"quinta-feira";"17:40:00";"PR";369;86;"CORNELIO PROCOPIO";"Curva acentuada";"Colisao frontal";"Com Vatimas Feridas";"Pleno dia";"Crescente";"Ceu Claro";"Dupla";"Curva";"Sim";7;0;1;4;2;0;5;4;-23,173287;-50,618162;"SPRF-PR";"DEL07-PR";"UOP05-DEL07-PR"
572642;2024-01-04;"quinta-feira";"18:00:00";"SP";381;68;"MAIRIPORA";"Ausancia de Reacao do condutor";"Saida de leito carrocavel";"Com Vatimas Feridas";"Anoitecer";"Crescente";"Garoa/Chuvisco";"Dupla";"Reta";"Nao";3;0;2;0;1;0;2;2;-23,34401;-46,571672;"SPRF-SP";"DEL03-SP";"UOP01-DEL03-SP"
572643;2024-01-04;"quinta-feira";"19:41:00";"RN";101;85,7;"NATAL";"Condutor deixou de manter distancia do veiculo da frente";"Engavetamento";"Com Vatimas Feridas";"Plena Noite";"Decrescente";"Ceu Claro";"Simples";"Reta;Ponte                    ";"Sim";5;0;1;0;4;0;1;4;-5,78230411;-35,24730563;"SPRF-RN";"DEL02-RN";"UOP01-DEL02-RN"
572644;2024-01-04;"quinta-feira";"18:15:00";"CE";116;154,1;"RUSSAS";"Condutor deixou de manter distancia do veiculo da frente";"Colisao traseira";"Com Vatimas Feridas";"Plena Noite";"Crescente";"Ceu Claro";"Simples";"Reta";"Nao";3;0;3;0;0;0;3;2;-4,86890407;-38,0287231;"SPRF-CE";"DEL03-CE";"UOP01-DEL03-CE"
572646;2024-01-04;"quinta-feira";"18:10:00";"MG";116;415;"GOVERNADOR VALADARES";"Acessar a via sem observar a presenca dos outros veiculos";"Colisao transversal";"Com Vatimas Feridas";"Pleno dia";"Crescente";"Chuva";"Simples";"Interseaao de Vias";"Sim";2;0;1;0;1;0;1;2;-18,88401297;-41,94924399;"SPRF-MG";"DEL06-MG";"UOP01-DEL06-MG"
572648;2024-01-04;"quinta-feira";"19:30:00";"RJ";40;83;"DUQUE DE CAXIAS";"Chuva";"Capotamento";"Com Vatimas Feridas";"Plena Noite";"Decrescente";"Chuva";"Simples";"Curva;Viaduto                 ";"Sim";2;0;1;0;1;0;1;1;-22,51910302;-43,22873364;"SPRF-RJ";"DEL01-RJ";"UOP01-DEL01-RJ"
572649;2024-01-04;"quinta-feira";"20:40:00";"PR";116;12,6;"COLOMBO";"Ausancia de Reacao do condutor";"Colisao frontal";"Com Vatimas Feridas";"Plena Noite";"Decrescente";"Nublado";"Dupla";"Aclive;Reta                   ";"Sim";2;0;1;1;0;0;2;2;-25,3755;-49,1496;"SPRF-PR";"DEL01-PR";"UOP02-DEL01-PR"
572650;2024-01-04;"quinta-feira";"20:40:00";"PR";376;625;"SAO JOSE DOS PINHAIS";"Ausancia de Reacao do condutor";"Tombamento";"Com Vatimas Feridas";"Plena Noite";"Crescente";"Garoa/Chuvisco";"Dupla";"Curva;Declive                 ";"Nao";1;0;1;0;0;0;1;1;-25,66561037;-49,15383762;"SPRF-PR";"DEL01-PR";"UOP04-DEL01-PR"
572652;2024-01-04;"quinta-feira";"20:50:00";"BA";116;824;"VITORIA DA CONQUISTA";"Condutor deixou de manter distancia do veiculo da frente";"Colisao traseira";"Com Vatimas Feridas";"Plena Noite";"Decrescente";"Garoa/Chuvisco";"Dupla";"Reta";"Sim";7;0;1;0;6;0;1;3;-14,86018;-40,8496;"SPRF-BA";"DEL08-BA";"UOP01-DEL08-BA"
572653;2024-01-04;"quinta-feira";"20:50:00";"RJ";465;14;"SEROPEDICA";"Ultrapassagem Indevida";"Colisao transversal";"Com Vatimas Feridas";"Plena Noite";"Crescente";"Garoa/Chuvisco";"Simples";"Reta";"Nao";2;0;1;0;1;0;1;2;-22,804979;-43,638828;"SPRF-RJ";"DEL06-RJ";"UOP02-DEL06-RJ"
572654;2024-01-04;"quinta-feira";"21:00:00";"SC";282;5,4;"SAO JOSE";"Reacao tardia ou ineficiente do condutor";"Tombamento";"Com Vatimas Feridas";"Plena Noite";"Crescente";"Garoa/Chuvisco";"Dupla";"Curva;Declive                 ";"Sim";2;0;2;0;0;0;2;1;-27,588425;-48,612919;"SPRF-SC";"DEL01-SC";"UOP01-DEL01-SC"
572655;2024-01-04;"quinta-feira";"21:28:00";"ES";101;70;"SAO MATEUS";"Chuva";"Atropelamento de Pedestre";"Com Vatimas Feridas";"Plena Noite";"Crescente";"Garoa/Chuvisco";"Simples";"Reta";"Sim";2;0;2;0;0;0;2;2;-18,74453703;-39,86164665;"SPRF-ES";"DEL04-ES";"UOP02-DEL04-ES"
572656;2024-01-04;"quinta-feira";"19:35:00";"SC";101;3,9;"ARARANGUA";"Acessar a via sem observar a presenca dos outros veiculos";"Colisao transversal";"Com Vatimas Feridas";"Plena Noite";"Decrescente";"Ceu Claro";"Simples";"Reta";"Sim";2;0;0;1;1;0;1;2;-28,9356;-49,4864;"SPRF-SC";"DEL02-SC";"UOP02-DEL02-SC"
572658;2024-01-04;"quinta-feira";"21:38:00";"SP";116;320;"JUQUITIBA";"Ultrapassagem Indevida";"Saida de leito carrocavel";"Sem Vatimas";"Plena Noite";"Decrescente";"Ceu Claro";"Dupla";"Reta";"Sim";1;0;0;0;1;0;0;1;-23,93226;-47,00835;"SPRF-SP";"DEL04-SP";"UOP03-DEL04-SP"
572660;2024-01-04;"quinta-feira";"20:40:00";"GO";60;38;"GOIANIA";"Pista Escorregadia";"Colisao traseira";"Com Vatimas Feridas";"Plena Noite";"Crescente";"Chuva";"Dupla";"Reta";"Sim";2;0;1;0;1;0;1;2;-16,6777;-49,2676;"SPRF-GO";"DEL01-GO";"UOP02-DEL01-GO"
572662;2024-01-04;"quinta-feira";"22:30:00";"GO";40;100,1;"CRISTALINA";"Ausancia de Reacao do condutor";"Saida de leito carrocavel";"Com Vatimas Feridas";"Plena Noite";"Crescente";"Garoa/Chuvisco";"Simples";"Aclive;Reta                   ";"Nao";1;0;1;0;0;0;1;1;-16,786355;-47,579207;"SPRF-DF";"DEL01-DF";"UOP02-DEL01-DF"
572663;2024-01-04;"quinta-feira";"20:14:00";"MG";116;281,2;"TEOFILO OTONI";"Transitar na contramao";"Colisao lateral sentido oposto";"Com Vatimas Feridas";"Plena Noite";"Crescente";"Nublado";"Simples";"Aclive;Curva                  ";"Nao";7;0;1;3;2;1;4;3;-17,89352518;-41,52352462;"SPRF-MG";"DEL11-MG";"UOP01-DEL11-MG"
572664;2024-01-04;"quinta-feira";"23:00:00";"SP";116;221;"GUARULHOS";"Pedestre andava na pista";"Atropelamento de Pedestre";"Com Vatimas Feridas";"Plena Noite";"Decrescente";"Ceu Claro";"Maltipla";"Reta";"Nao";2;0;0;1;1;0;1;2;-23,46802395;-46,50704901;"SPRF-SP";"DEL01-SP";"UOP01-DEL01-SP"
572666;2024-01-04;"quinta-feira";"21:25:00";"PR";376;494,7;"PONTA GROSSA";"Demais falhas mecanicas ou elatricas";"Saida de leito carrocavel";"Com Vatimas Feridas";"Plena Noite";"Decrescente";"Nublado";"Dupla";"Declive;Reta                  ";"Sim";1;0;0;1;0;0;1;1;-25,1321428;-50,1691895;"SPRF-PR";"DEL03-PR";"UOP04-DEL03-PR"
572667;2024-01-04;"quinta-feira";"21:35:00";"PR";116;83,6;"PIRAQUARA";"Reacao tardia ou ineficiente do condutor";"Capotamento";"Com Vatimas Feridas";"Plena Noite";"Crescente";"Garoa/Chuvisco";"Dupla";"Curva";"Nao";2;0;1;0;1;0;1;1;-25,42089417;-49,07238381;"SPRF-PR";"DEL01-PR";"UOP07-DEL01-PR"
572668;2024-01-04;"quinta-feira";"22:52:00";"GO";80;2;"PADRE BERNARDO";"Demais falhas na via";"Saida de leito carrocavel";"Com Vatimas Feridas";"Plena Noite";"Crescente";"Nevoeiro/Neblina";"Simples";"Interseaao de Vias;Declive    ";"Nao";1;0;1;0;0;0;1;1;-15,502505;-48,21132;"SPRF-DF";"DEL03-DF";"UOP02-DEL03-DF"
572669;2024-01-04;"quinta-feira";"22:40:00";"SC";470;70;"INDAIAL";"Condutor Dormindo";"Colisao com objeto";"Com Vatimas Feridas";"Plena Noite";"Decrescente";"Garoa/Chuvisco";"Simples";"Reta";"Sim";2;0;2;0;0;0;2;1;-26,889374;-49,254478;"SPRF-SC";"DEL04-SC";"UOP01-DEL04-SC"
572674;2024-01-04;"quinta-feira";"23:50:00";"DF";70;16;"BRASILIA";"Ausancia de Reacao do condutor";"Colisao traseira";"Com Vatimas Feridas";"Plena Noite";"Crescente";"Nevoeiro/Neblina";"Dupla";"Reta";"Sim";2;0;1;0;1;0;1;2;-15,796144;-48,194225;"SPRF-DF";"DEL03-DF";"UOP02-DEL03-DF"
572675;2024-01-04;"quinta-feira";"23:50:00";"SP";116;226,3;"GUARULHOS";"Reacao tardia ou ineficiente do condutor";"Colisao traseira";"Com Vatimas Feridas";"Plena Noite";"Decrescente";"Garoa/Chuvisco";"Maltipla";"Reta";"Nao";3;0;1;0;2;0;1;3;-23,49102507;-46,54878195;"SPRF-SP";"DEL01-SP";"UOP01-DEL01-SP"
572679;2024-01-05;"sexta-feira";"01:10:00";"MG";381;764,6;"CAMPANHA";"Ausancia de Reacao do condutor";"Saida de leito carrocavel";"Com Vatimas Feridas";"Plena Noite";"Decrescente";"Nevoeiro/Neblina";"Dupla";"Reta";"Nao";3;0;3;0;0;0;3;1;-21,75303088;-45,39670305;"SPRF-MG";"DEL16-MG";"UOP02-DEL16-MG"
572681;2024-01-05;"sexta-feira";"03:30:00";"MG";262;756;"SACRAMENTO";"Animais na Pista";"Atropelamento de Animal";"Com Vatimas Feridas";"Plena Noite";"Decrescente";"Nevoeiro/Neblina";"Simples";"Reta";"Nao";2;0;2;0;0;0;2;1;-19,65641775;-47,56413107;"SPRF-MG";"DEL13-MG";"UOP01-DEL13-MG"
572682;2024-01-05;"sexta-feira";"02:00:00";"PE";424;9,2;"PEDRA";"Reacao tardia ou ineficiente do condutor";"Colisao com objeto";"Sem Vatimas";"Plena Noite";"Decrescente";"Vento";"Simples";"Curva";"Nao";1;0;0;0;0;1;0;1;-8,49611427;-37,01892111;"SPRF-PE";"DEL04-PE";"UOP02-DEL04-PE"
572683;2024-01-05;"sexta-feira";"03:30:00";"SC";282;252,1;"SAO JOSE DO CERRITO";"Condutor Dormindo";"Saida de leito carrocavel";"Sem Vatimas";"Plena Noite";"Crescente";"Nublado";"Simples";"Curva;Declive                 ";"Nao";1;0;0;0;1;0;0;1;-27,68969291;-50,56574928;"SPRF-SC";"DEL05-SC";"UOP02-DEL05-SC"
572685;2024-01-05;"sexta-feira";"04:15:00";"PB";230;149,3;"CAMPINA GRANDE";"Velocidade Incompatavel";"Colisao com objeto";"Com Vatimas Fatais";"Amanhecer";"Decrescente";"Nublado";"Dupla";"Reta";"Sim";1;1;0;0;0;0;0;1;-7,243;-35,8709;"SPRF-PB";"DEL02-PB";"UOP01-DEL02-PB"
572687;2024-01-05;"sexta-feira";"01:00:00";"RO";364;630;"ITAPUA DO OESTE";"Reacao tardia ou ineficiente do condutor";"Tombamento";"Com Vatimas Feridas";"Plena Noite";"Decrescente";"Chuva";"Simples";"Curva";"Nao";2;0;0;2;0;0;2;2;-9,08302052;-63,3715249;"SPRF-RO";"DEL01-RO";"UOP04-DEL01-RO"
572688;2024-01-04;"quinta-feira";"18:00:00";"MS";262;320;"CAMPO GRANDE";"Ausancia de Reacao do condutor";"Saida de leito carrocavel";"Com Vatimas Feridas";"Anoitecer";"Crescente";"Ceu Claro";"Simples";"Reta";"Nao";1;0;1;0;0;0;1;1;-20,469566;-54,4913208;"SPRF-MS";"DEL01-MS";"UOP01-DEL01-MS"
572690;2024-01-05;"sexta-feira";"02:20:00";"SC";101;136;"BALNEARIO CAMBORIU";"Ingestao de alcool pelo condutor";"Saida de leito carrocavel";"Sem Vatimas";"Plena Noite";"Crescente";"Chuva";"Maltipla";"Reta";"Sim";1;0;0;0;0;1;0;1;-27,008113;-48,617245;"SPRF-SC";"DEL04-SC";"UOP03-DEL04-SC"
572692;2024-01-05;"sexta-feira";"07:00:00";"MG";381;909;"CAMBUI";"Manobra de mudanaa de faixa";"Colisao traseira";"Com Vatimas Feridas";"Pleno dia";"Crescente";"Sol";"Dupla";"Curva;Declive                 ";"Nao";4;0;1;0;3;0;1;2;-22,68597402;-46,1029458;"SPRF-MG";"DEL16-MG";"UOP03-DEL16-MG"
572693;2024-01-05;"sexta-feira";"07:00:00";"SC";282;6;"SAO JOSE";"Pista Escorregadia";"Colisao com objeto";"Com Vatimas Feridas";"Pleno dia";"Crescente";"Chuva";"Dupla";"Curva;Declive                 ";"Sim";1;0;0;1;0;0;1;1;-27,591936;-48,618244;"SPRF-SC";"DEL01-SC";"UOP01-DEL01-SC"
572695;2024-01-05;"sexta-feira";"07:50:00";"PE";101;79,7;"RECIFE";"Ausancia de Reacao do condutor";"Saida de leito carrocavel";"Com Vatimas Feridas";"Pleno dia";"Crescente";"Ceu Claro";"Maltipla";"Curva";"Sim";2;0;1;0;0;1;1;1;-8,13496499;-34,94738614;"SPRF-PE";"DEL01-PE";"UOP01-DEL01-PE"
572696;2024-01-05;"sexta-feira";"07:00:00";"BA";116;798,8;"VITORIA DA CONQUISTA";"Reacao tardia ou ineficiente do condutor";"Colisao lateral sentido oposto";"Com Vatimas Feridas";"Pleno dia";"Crescente";"Garoa/Chuvisco";"Simples";"Reta";"Nao";7;0;0;1;6;0;1;2;-14,70088242;-40,58375478;"SPRF-BA";"DEL08-BA";"UOP02-DEL08-BA"
572698;2024-01-04;"quinta-feira";"18:00:00";"MG";381;529,2;"BRUMADINHO";"Chuva";"Saida de leito carrocavel";"Com Vatimas Feridas";"Anoitecer";"Decrescente";"Chuva";"Dupla";"Declive;Curva                 ";"Nao";1;0;1;0;0;0;1;1;-20,16225818;-44,3408409;"SPRF-MG";"DEL04-MG";"UOP03-DEL04-MG"
572700;2024-01-05;"sexta-feira";"07:33:00";"RJ";101;303,5;"SAO GONCALO";"Ausancia de Reacao do condutor";"Queda de ocupante de veiculo";"Com Vatimas Feridas";"Pleno dia";"Crescente";"Nublado";"Dupla";"Curva";"Sim";1;0;1;0;0;0;1;1;-22,7934208;-43,0276608;"SPRF-RJ";"DEL02-RJ";"UOP02-DEL02-RJ"
572701;2024-01-05;"sexta-feira";"07:55:00";"RS";386;39,8;"FREDERICO WESTPHALEN";"Acessar a via sem observar a presenca dos outros veiculos";"Colisao transversal";"Com Vatimas Feridas";"Pleno dia";"Crescente";"Sol";"Simples";"Curva";"Nao";2;0;0;1;1;0;1;2;-27,40012;-53,403744;"SPRF-RS";"DEL08-RS";"UOP02-DEL08-RS"
572704;2024-01-05;"sexta-feira";"08:10:00";"SC";101;202,1;"SAO JOSE";"Velocidade Incompatavel";"Colisao traseira";"Com Vatimas Feridas";"Pleno dia";"Crescente";"Garoa/Chuvisco";"Maltipla";"Reta";"Sim";2;0;1;0;1;0;1;2;-27,55711595;-48,61897889;"SPRF-SC";"DEL01-SC";"UOP01-DEL01-SC"
572705;2024-01-05;"sexta-feira";"07:30:00";"RN";110;47;"MOSSORO";"Desrespeitar a preferancia no cruzamento";"Colisao transversal";"Com Vatimas Feridas";"Pleno dia";"Crescente";"Ceu Claro";"Simples";"Interseaao de Vias";"Sim";3;0;2;0;0;1;2;2;-5,19797675;-37,31839819;"SPRF-RN";"DEL04-RN";"UOP01-DEL04-RN"
572708;2024-01-05;"sexta-feira";"08:25:00";"RJ";40;118;"DUQUE DE CAXIAS";"Avarias e/ou desgaste excessivo no pneu";"Queda de ocupante de veiculo";"Com Vatimas Feridas";"Pleno dia";"Crescente";"Ceu Claro";"Maltipla";"Reta";"Sim";1;0;1;0;0;0;1;1;-22,75470802;-43,28737838;"SPRF-RJ";"DEL01-RJ";"UOP02-DEL01-RJ"
572709;2024-01-05;"sexta-feira";"07:55:00";"BA";324;520;"FEIRA DE SANTANA";"Frear bruscamente";"Colisao traseira";"Com Vatimas Feridas";"Pleno dia";"Crescente";"Ceu Claro";"Dupla";"Reta";"Nao";2;0;1;0;1;0;1;2;-12,27376054;-38,93366564;"SPRF-BA";"DEL01-BA";"UOP03-DEL01-BA"
572711;2024-01-05;"sexta-feira";"09:00:00";"ES";101;277;"SERRA";"Reacao tardia ou ineficiente do condutor";"Tombamento";"Com Vatimas Feridas";"Pleno dia";"Crescente";"Nublado";"Dupla";"Reta";"Nao";1;0;0;1;0;0;1;1;-20,21803609;-40,34043431;"SPRF-ES";"DEL02-ES";"UOP01-DEL02-ES"
572712;2024-01-05;"sexta-feira";"07:40:00";"DF";70;17,5;"BRASILIA";"Manobra de mudanaa de faixa";"Colisao lateral mesmo sentido";"Com Vatimas Feridas";"Pleno dia";"Decrescente";"Ceu Claro";"Dupla";"Reta;Aclive                   ";"Nao";2;0;0;1;1;0;1;2;-15,791093;-48,21096;"SPRF-DF";"DEL03-DF";"UOP02-DEL03-DF"
572713;2024-01-05;"sexta-feira";"09:00:00";"SP";116;306;"SAO LOURENCO DA SERRA";"Reacao tardia ou ineficiente do condutor";"Tombamento";"Com Vatimas Feridas";"Pleno dia";"Decrescente";"Ceu Claro";"Maltipla";"Reta;Aclive                   ";"Sim";1;0;1;0;0;0;1;1;-23,8486091;-46,93801566;"SPRF-SP";"DEL04-SP";"UOP01-DEL04-SP"
572715;2024-01-05;"sexta-feira";"09:20:00";"PE";232;12,7;"JABOATAO DOS GUARARAPES";"Ausancia de Reacao do condutor";"Saida de leito carrocavel";"Com Vatimas Feridas";"Pleno dia";"Crescente";"Ceu Claro";"Dupla";"Reta";"Nao";1;0;1;0;0;0;1;1;-8,086719;-35,006825;"SPRF-PE";"DEL01-PE";"UOP01-DEL01-PE"
572718;2024-01-05;"sexta-feira";"10:10:00";"SC";101;121;"ITAJAI";"Ausancia de Reacao do condutor";"Tombamento";"Com Vatimas Feridas";"Pleno dia";"Crescente";"Chuva";"Maltipla";"Reta";"Nao";2;0;2;0;0;0;2;1;-26,92103178;-48,70856446;"SPRF-SC";"DEL04-SC";"UOP04-DEL04-SC"
572723;2024-01-05;"sexta-feira";"10:40:00";"RS";448;21;"CANOAS";"Frear bruscamente";"Colisao traseira";"Com Vatimas Feridas";"Pleno dia";"Crescente";"Sol";"Dupla";"Reta;Ponte;Aclive             ";"Sim";4;0;3;0;1;0;3;2;-29,96716413;-51,20167678;"SPRF-RS";"DEL01-RS";"UOP01-DEL01-RS"
572724;2024-01-05;"sexta-feira";"10:30:00";"RN";304;23;"MOSSORO";"Mal sabito do condutor";"Queda de ocupante de veiculo";"Com Vatimas Feridas";"Pleno dia";"Decrescente";"Ceu Claro";"Simples";"Curva";"Nao";1;0;0;1;0;0;1;1;-5,05709057;-37,33749036;"SPRF-RN";"DEL04-RN";"UOP02-DEL04-RN"
572725;2024-01-05;"sexta-feira";"10:30:00";"SC";101;360,7;"SANGAO";"Acesso irregular";"Colisao lateral mesmo sentido";"Com Vatimas Feridas";"Pleno dia";"Decrescente";"Chuva";"Dupla";"Reta";"Nao";3;0;1;0;2;0;1;2;-28,65823109;-49,10991486;"SPRF-SC";"DEL02-SC";"UOP01-DEL02-SC"
572726;2024-01-05;"sexta-feira";"08:10:00";"SC";101;260;"PAULO LOPES";"Velocidade Incompatavel";"Saida de leito carrocavel";"Com Vatimas Feridas";"Pleno dia";"Crescente";"Garoa/Chuvisco";"Simples";"Declive;Curva                 ";"Nao";1;0;0;1;0;0;1;1;-28,02203;-48,702403;"SPRF-SC";"DEL02-SC";"UOP03-DEL02-SC"
572728;2024-01-05;"sexta-feira";"11:30:00";"DF";60;3;"BRASILIA";"Acessar a via sem observar a presenca dos outros veiculos";"Colisao transversal";"Com Vatimas Feridas";"Pleno dia";"Crescente";"Garoa/Chuvisco";"Dupla";"Rotataria;Reta                ";"Sim";3;0;1;0;1;1;1;2;-15,890521;-48,086864;"SPRF-DF";"DEL03-DF";"UOP01-DEL03-DF"
572729;2024-01-05;"sexta-feira";"10:50:00";"BA";116;813;"VITORIA DA CONQUISTA";"Reacao tardia ou ineficiente do condutor";"Engavetamento";"Sem Vatimas";"Pleno dia";"Crescente";"Nublado";"Simples";"Reta";"Nao";4;0;0;0;2;2;0;3;-14,764626;-40,70569;"SPRF-BA";"DEL08-BA";"UOP01-DEL08-BA"
572730;2024-01-05;"sexta-feira";"11:35:00";"MG";262;68,8;"SANTA MARGARIDA";"Ultrapassagem Indevida";"Colisao lateral sentido oposto";"Com Vatimas Feridas";"Pleno dia";"Decrescente";"Nublado";"Simples";"Reta";"Nao";2;0;1;0;1;0;1;2;-20,31446993;-42,28507639;"SPRF-MG";"DEL06-MG";"UOP03-DEL06-MG"
572731;2024-01-05;"sexta-feira";"12:10:00";"ES";101;244;"SERRA";"Chuva";"Tombamento";"Com Vatimas Feridas";"Pleno dia";"Decrescente";"Chuva";"Simples";"Reta";"Sim";1;0;1;0;0;0;1;1;-20,04725275;-40,38731559;"SPRF-ES";"DEL02-ES";"UOP01-DEL02-ES"
572732;2024-01-05;"sexta-feira";"11:00:00";"SC";101;235,4;"PALHOCA";"Reacao tardia ou ineficiente do condutor";"Colisao traseira";"Com Vatimas Feridas";"Pleno dia";"Decrescente";"Garoa/Chuvisco";"Dupla";"Ponte;Reta                    ";"Nao";4;0;1;0;2;1;1;2;-27,8177775;-48,6315025;"SPRF-SC";"DEL01-SC";"UOP02-DEL01-SC"
572734;2024-01-05;"sexta-feira";"10:37:00";"GO";60;137;"GOIANIA";"Reacao tardia ou ineficiente do condutor";"Colisao traseira";"Com Vatimas Feridas";"Pleno dia";"Crescente";"Nublado";"Dupla";"Aclive;Curva                  ";"Sim";2;0;1;0;1;0;1;1;-16,603;-49,2023;"SPRF-GO";"DEL01-GO";"UOP01-DEL01-GO"
572739;2024-01-05;"sexta-feira";"11:00:00";"PR";163;203,3;"CASCAVEL";"Reacao tardia ou ineficiente do condutor";"Saida de leito carrocavel";"Com Vatimas Fatais";"Pleno dia";"Decrescente";"Ceu Claro";"Dupla";"Reta";"Nao";1;1;0;0;0;0;0;1;-24,9955871;-53,55699127;"SPRF-PR";"DEL05-PR";"UOP05-DEL05-PR"