"id";"data_inversa";"dia_semana";"horario";"uf";"br";"km";"municipio";"causa_acidente";"tipo_acidente";"classificacao_acidente";"fase_dia";"sentido_via";"condicao_metereologica";"tipo_pista";"tracado_via";"uso_solo";"pessoas";"mortos";"feridos_leves";"feridos_graves";"ilesos";"ignorados";"feridos";"veiculos";"latitude";"longitude";"regional";"delegacia";"uop"
572740;2024-01-05;"sexta-feira";"13:15:00";"SC";101;227,5;"PALHOCA";"Condutor deixou de manter distancia do veiculo da frente";"Colisao traseira";"Com Vatimas Feridas";"Pleno dia";"Decrescente";"Garoa/Chuvisco";"Dupla";"Reta";"Sim";2;0;0;1;0;1;1;2;-27,7509149;-48,63460277;"SPRF-SC";"DEL01-SC";"UOP02-DEL01-SC"
572741;2024-01-05;"sexta-feira";"11:40:00";"AL";316;240;"ATALAIA";"Conversao proibida";"Colisao lateral sentido oposto";"Com Vatimas Feridas";"Pleno dia";"Crescente";"Ceu Claro";"Simples";"Aclive;Curva                  ";"Nao";2;0;1;0;0;1;1;2;-9,506847;-36,03204998;"SPRF-AL";"DEL01-AL";"UOP01-DEL01-AL"
572742;2024-01-05;"sexta-feira";"13:20:00";"AL";316;203,1;"MARIBONDO";"Reacao tardia ou ineficiente do condutor";"Colisao transversal";"Com Vatimas Feridas";"Pleno dia";"Decrescente";"Ceu Claro";"Simples";"Reta";"Nao";4;0;2;0;2;0;2;2;-9,58217756;-36,3088256;"SPRF-AL";"DEL03-AL";"UOP01-DEL03-AL"
572743;2024-01-05;"sexta-feira";"08:00:00";"MT";174;209;"FIGUEIROPOLIS DOESTE";"Chuva";"Colisao lateral sentido oposto";"Com Vatimas Feridas";"Pleno dia";"Crescente";"Chuva";"Simples";"Curva;Declive                 ";"Nao";4;0;1;0;3;0;1;2;-15,64829298;-58,74536299;"SPRF-MT";"DEL04-MT";"UOP01-DEL04-MT"
572744;2024-01-05;"sexta-feira";"10:24:00";"AC";364;136;"RIO BRANCO";"Acessar a via sem observar a presenca dos outros veiculos";"Colisao transversal";"Com Vatimas Feridas";"Pleno dia";"Crescente";"Ceu Claro";"Dupla";"Rotataria";"Sim";4;0;3;0;1;0;3;2;-9,977578;-67,8489;"SPRF-AC";"DEL01-AC";"UOP01-DEL01-AC"
572745;2024-01-05;"sexta-feira";"13:05:00";"RN";406;169;"SAO GONCALO DO AMARANTE";"Acessar a via sem observar a presenca dos outros veiculos";"Colisao lateral mesmo sentido";"Com Vatimas Feridas";"Pleno dia";"Crescente";"Ceu Claro";"Simples";"Reta";"Sim";2;0;1;0;1;0;1;2;-5,75570118;-35,30728507;"SPRF-RN";"DEL02-RN";"UOP01-DEL02-RN"
572746;2024-01-05;"sexta-feira";"13:30:00";"GO";153;418;"ANAPOLIS";"Condutor Dormindo";"Saida de leito carrocavel";"Com Vatimas Feridas";"Pleno dia";"Crescente";"Ceu Claro";"Dupla";"Aclive;Reta                   ";"Nao";1;0;1;0;0;0;1;1;-16,159821;-49,04351;"SPRF-GO";"DEL02-GO";"UOP01-DEL02-GO"
572748;2024-01-05;"sexta-feira";"13:00:00";"RS";392;78,5;"PELOTAS";"Ausancia de Reacao do condutor";"Saida de leito carrocavel";"Com Vatimas Feridas";"Pleno dia";"Decrescente";"Ceu Claro";"Simples";"Declive;Reta                  ";"Nao";4;0;3;0;1;0;3;1;-31,68713798;-52,43812999;"SPRF-RS";"DEL07-RS";"UOP01-DEL07-RS"
572750;2024-01-05;"sexta-feira";"11:40:00";"RJ";40;74;"PETROPOLIS";"Pista Escorregadia";"Colisao com objeto";"Com Vatimas Feridas";"Pleno dia";"Decrescente";"Chuva";"Simples";"Curva;Aclive                  ";"Nao";2;0;1;0;1;0;1;1;-22,47224973;-43,22332717;"SPRF-RJ";"DEL01-RJ";"UOP01-DEL01-RJ"
572751;2024-01-03;"quarta-feira";"20:20:00";"MT";70;732;"CACERES";"Condutor usando celular";"Atropelamento de Pedestre";"Com Vatimas Feridas";"Plena Noite";"Crescente";"Ceu Claro";"Simples";"Reta";"Sim";2;0;1;0;0;1;1;2;-16,10147782;-57,67752886;"SPRF-MT";"DEL03-MT";"UOP01-DEL03-MT"
572752;2024-01-05;"sexta-feira";"14:15:00";"RJ";116;79;"TERESOPOLIS";"Demais falhas mecanicas ou elatricas";"Colisao traseira";"Sem Vatimas";"Pleno dia";"Crescente";"Ceu Claro";"Simples";"Reta;Aclive                   ";"Nao";2;0;0;0;2;0;0;2;-22,327388;-42,93858185;"SPRF-RJ";"DEL04-RJ";"UOP01-DEL04-RJ"
572753;2024-01-05;"sexta-feira";"13:00:00";"ES";101;352;"ANCHIETA";"Demais falhas mecanicas ou elatricas";"Queda de ocupante de veiculo";"Com Vatimas Feridas";"Pleno dia";"Crescente";"Nublado";"Simples";"Reta";"Nao";1;0;0;1;0;0;1;1;-20,66934502;-40,66332593;"SPRF-ES";"DEL03-ES";"UOP01-DEL03-ES"
572754;2024-01-05;"sexta-feira";"13:30:00";"GO";40;9;"LUZIANIA";"Acessar a via sem observar a presenca dos outros veiculos";"Colisao lateral mesmo sentido";"Com Vatimas Feridas";"Pleno dia";"Crescente";"Sol";"Dupla";"Reta";"Sim";2;0;1;0;1;0;1;2;-16,130492;-47,958097;"SPRF-DF";"DEL01-DF";"UOP01-DEL01-DF"
572755;2024-01-05;"sexta-feira";"12:17:00";"PI";343;588;"FLORIANO";"Pista Escorregadia";"Tombamento";"Com Vatimas Feridas";"Pleno dia";"Crescente";"Ceu Claro";"Dupla";"Interseaao de Vias";"Sim";2;0;2;0;0;0;2;1;-6,780452;-43,002651;"SPRF-PI";"DEL03-PI";"UOP01-DEL03-PI"
572758;2024-01-05;"sexta-feira";"13:30:00";"PE";232;322;"CUSTODIA";"Ultrapassagem Indevida";"Colisao lateral sentido oposto";"Sem Vatimas";"Pleno dia";"Decrescente";"Ceu Claro";"Simples";"Reta";"Nao";5;0;0;0;5;0;0;2;-8,10901595;-37,55608396;"SPRF-PE";"DEL04-PE";"UOP02-DEL04-PE"
572759;2024-01-05;"sexta-feira";"12:30:00";"SC";101;158,4;"PORTO BELO";"Reacao tardia ou ineficiente do condutor";"Colisao traseira";"Com Vatimas Feridas";"Pleno dia";"Crescente";"Chuva";"Dupla";"Retorno Regulamentado";"Sim";2;0;1;0;1;0;1;2;-27,19096301;-48,61259017;"SPRF-SC";"DEL04-SC";"UOP03-DEL04-SC"
572763;2024-01-05;"sexta-feira";"14:30:00";"PB";230;88;"JOAO PESSOA";"Manobra de mudanaa de faixa";"Colisao lateral mesmo sentido";"Com Vatimas Feridas";"Pleno dia";"Decrescente";"Ceu Claro";"Dupla";"Reta";"Sim";3;0;1;1;1;0;2;2;-7,16745758;-34,89662647;"SPRF-PB";"DEL01-PB";"UOP03-DEL01-PB"
572764;2024-01-05;"sexta-feira";"15:00:00";"ES";101;149,2;"LINHARES";"Condutor desrespeitou a iluminaaao vermelha do semaforo";"Colisao transversal";"Com Vatimas Feridas";"Pleno dia";"Crescente";"Chuva";"Dupla";"Interseaao de Vias";"Sim";2;0;0;1;1;0;1;2;-19,39619083;-40,06435871;"SPRF-ES";"DEL04-ES";"UOP01-DEL04-ES"
572765;2024-01-05;"sexta-feira";"15:00:00";"CE";116;44,6;"HORIZONTE";"Desrespeitar a preferancia no cruzamento";"Colisao transversal";"Com Vatimas Fatais";"Pleno dia";"Crescente";"Sol";"Dupla";"Reta;Retorno Regulamentado    ";"Sim";2;1;1;0;0;0;1;2;-4,13262511;-38,48269343;"SPRF-CE";"DEL01-CE";"UOP02-DEL01-CE"
572770;2024-01-05;"sexta-feira";"13:50:00";"PR";373;181;"PONTA GROSSA";"Problema na suspensao";"Saida de leito carrocavel";"Com Vatimas Feridas";"Pleno dia";"Decrescente";"Sol";"Dupla";"Reta";"Sim";2;0;2;0;0;0;2;1;-25,04266233;-50,25791089;"SPRF-PR";"DEL03-PR";"UOP01-DEL03-PR"
572771;2024-01-05;"sexta-feira";"13:40:00";"PE";101;182;"PALMARES";"Demais falhas mecanicas ou elatricas";"Tombamento";"Com Vatimas Feridas";"Pleno dia";"Crescente";"Sol";"Dupla";"Reta";"Nao";2;0;1;1;0;0;2;1;-8,65284995;-35,5638211;"SPRF-PE";"DEL01-PE";"UOP03-DEL01-PE"
572774;2024-01-05;"sexta-feira";"14:30:00";"DF";20;9,5;"BRASILIA";"Ausancia de Reacao do condutor";"Colisao traseira";"Com Vatimas Feridas";"Pleno dia";"Decrescente";"Ceu Claro";"Dupla";"Reta";"Sim";2;0;1;0;1;0;1;2;-15,654671;-47,782917;"SPRF-DF";"DEL02-DF";"UOP01-DEL02-DF"
572780;2024-01-05;"sexta-feira";"16:05:00";"PE";232;9,5;"JABOATAO DOS GUARARAPES";"Condutor usando celular";"Colisao traseira";"Com Vatimas Feridas";"Pleno dia";"Crescente";"Ceu Claro";"Simples";"Reta";"Sim";2;0;1;0;1;0;1;2;-8,07764447;-34,97863609;"SPRF-PE";"DEL01-PE";"UOP01-DEL01-PE"
572782;2024-01-05;"sexta-feira";"16:10:00";"SP";116;147;"SAO JOSE DOS CAMPOS";"Reacao tardia ou ineficiente do condutor";"Colisao traseira";"Com Vatimas Feridas";"Pleno dia";"Crescente";"Ceu Claro";"Dupla";"Reta";"Sim";2;0;1;0;1;0;1;2;-23,19542994;-45,87176303;"SPRF-SP";"DEL02-SP";"UOP01-DEL02-SP"
572783;2024-01-05;"sexta-feira";"14:30:00";"ES";262;138,5;"MUNIZ FREIRE";"Velocidade Incompatavel";"Colisao traseira";"Sem Vatimas";"Pleno dia";"Crescente";"Nublado";"Simples";"Reta";"Nao";2;0;0;0;1;1;0;2;-20,23406291;-41,35253988;"SPRF-ES";"DEL01-ES";"UOP02-DEL01-ES"
572784;2024-01-05;"sexta-feira";"16:50:00";"RS";116;267;"CANOAS";"Acessar a via sem observar a presenca dos outros veiculos";"Colisao transversal";"Com Vatimas Feridas";"Pleno dia";"Decrescente";"Ceu Claro";"Simples";"Reta";"Sim";2;0;1;0;1;0;1;2;-29,93894374;-51,17694194;"SPRF-RS";"DEL01-RS";"UOP01-DEL01-RS"
572785;2024-01-05;"sexta-feira";"16:00:00";"PA";316;55;"CASTANHAL";"Acessar a via sem observar a presenca dos outros veiculos";"Colisao transversal";"Com Vatimas Feridas";"Pleno dia";"Crescente";"Chuva";"Dupla";"Reta";"Nao";2;0;0;1;1;0;1;2;-1,30561339;-47,99919919;"SPRF-PA";"DEL01-PA";"UOP01-DEL01-PA"
572786;2024-01-05;"sexta-feira";"16:17:00";"PE";232;10;"JABOATAO DOS GUARARAPES";"Reacao tardia ou ineficiente do condutor";"Engavetamento";"Sem Vatimas";"Pleno dia";"Decrescente";"Ceu Claro";"Dupla";"Aclive;Em Obras;Reta          ";"Nao";3;0;0;0;2;1;0;3;-8,07917241;-34,98718609;"SPRF-PE";"DEL01-PE";"UOP01-DEL01-PE"
572788;2024-01-05;"sexta-feira";"12:55:00";"MG";116;394,8;"GOVERNADOR VALADARES";"Avarias e/ou desgaste excessivo no pneu";"Capotamento";"Com Vatimas Feridas";"Pleno dia";"Decrescente";"Chuva";"Simples";"Curva;Declive                 ";"Nao";2;0;2;0;0;0;2;1;-18,732496;-41,98694203;"SPRF-MG";"DEL06-MG";"UOP01-DEL06-MG"
572789;2024-01-05;"sexta-feira";"14:00:00";"PR";277;378;"GUARAPUAVA";"Demais falhas mecanicas ou elatricas";"Incendio";"Sem Vatimas";"Pleno dia";"Crescente";"Nublado";"Simples";"Reta";"Nao";2;0;0;0;2;0;0;1;-25,40525468;-51,72149594;"SPRF-PR";"DEL08-PR";"UOP01-DEL08-PR"
572790;2024-01-05;"sexta-feira";"17:10:00";"AL";104;18;"SAO JOSE DA LAJE";"Acessar a via sem observar a presenca dos outros veiculos";"Colisao lateral mesmo sentido";"Com Vatimas Feridas";"Anoitecer";"Crescente";"Ceu Claro";"Simples";"Reta";"Nao";2;0;0;1;1;0;1;2;-9,04193899;-36,03775187;"SPRF-AL";"DEL01-AL";"UOP02-DEL01-AL"
572791;2024-01-05;"sexta-feira";"15:45:00";"SC";101;28,1;"JOINVILLE";"Ingestao de alcool pelo condutor";"Colisao traseira";"Com Vatimas Feridas";"Pleno dia";"Crescente";"Nublado";"Dupla";"Reta";"Nao";2;0;1;0;1;0;1;2;-26,20697505;-48,91482635;"SPRF-SC";"DEL03-SC";"UOP01-DEL03-SC"
572794;2024-01-05;"sexta-feira";"17:20:00";"SC";101;145;"ITAPEMA";"Manobra de mudanaa de faixa";"Colisao lateral mesmo sentido";"Com Vatimas Feridas";"Pleno dia";"Decrescente";"Ignorado";"Dupla";"Aclive;Reta                   ";"Sim";2;0;1;0;1;0;1;2;-27,08139206;-48,60130993;"SPRF-SC";"DEL04-SC";"UOP03-DEL04-SC"
572796;2024-01-05;"sexta-feira";"17:40:00";"RS";290;91;"PORTO ALEGRE";"Manobra de mudanaa de faixa";"Colisao lateral mesmo sentido";"Sem Vatimas";"Pleno dia";"Decrescente";"Ceu Claro";"Maltipla";"Reta";"Sim";4;0;0;0;4;0;0;2;-29,96955555;-51,16954207;"SPRF-RS";"DEL01-RS";"UOP01-DEL01-RS"
572798;2024-01-05;"sexta-feira";"17:12:00";"PI";343;347;"TERESINA";"Animais na Pista";"Atropelamento de Animal";"Com Vatimas Feridas";"Pleno dia";"Decrescente";"Ceu Claro";"Simples";"Reta";"Sim";3;0;1;0;2;0;1;1;-5,114822;-42,778355;"SPRF-PI";"DEL01-PI";"UOP01-DEL01-PI"
572800;2024-01-05;"sexta-feira";"17:45:00";"MG";40;700,1;"BARBACENA";"Reacao tardia ou ineficiente do condutor";"Colisao com objeto";"Com Vatimas Feridas";"Anoitecer";"Crescente";"Garoa/Chuvisco";"Dupla";"Aclive;Reta                   ";"Nao";1;0;1;0;0;0;1;1;-21,17760699;-43,75627477;"SPRF-MG";"DEL05-MG";"UOP02-DEL05-MG"
572806;2024-01-05;"sexta-feira";"18:30:00";"RS";290;102;"PORTO ALEGRE";"Ausancia de Reacao do condutor";"Colisao traseira";"Com Vatimas Feridas";"Pleno dia";"Crescente";"Ceu Claro";"Dupla";"Reta";"Nao";5;0;2;0;3;0;2;4;-29,987228;-51,25613;"SPRF-RS";"DEL01-RS";"UOP01-DEL01-RS"
572807;2024-01-05;"sexta-feira";"18:00:00";"PR";277;50;"MORRETES";"Objeto estatico sobre o leito carroaavel";"Colisao com objeto";"Com Vatimas Feridas";"Pleno dia";"Crescente";"Ceu Claro";"Dupla";"Reta";"Nao";6;0;3;0;3;0;3;2;-25,58953351;-48,93562138;"SPRF-PR";"DEL01-PR";"UOP01-DEL01-PR"
572808;2024-01-05;"sexta-feira";"19:00:00";"BA";101;502;"ITABUNA";"Ausancia de sinalizaaao";"Colisao frontal";"Com Vatimas Feridas";"Plena Noite";"Crescente";"Ceu Claro";"Simples";"Reta";"Nao";3;0;1;0;2;0;1;2;-14,75587634;-39,31097031;"SPRF-BA";"DEL05-BA";"UOP01-DEL05-BA"
572809;2024-01-05;"sexta-feira";"15:00:00";"SC";101;386,3;"ICARA";"Condutor Dormindo";"Saida de leito carrocavel";"Com Vatimas Feridas";"Pleno dia";"Crescente";"Nublado";"Dupla";"Declive;Reta                  ";"Nao";2;0;1;1;0;0;2;1;-28,78720017;-49,3409729;"SPRF-SC";"DEL02-SC";"UOP02-DEL02-SC"
572812;2024-01-05;"sexta-feira";"19:20:00";"SC";470;67,6;"INDAIAL";"Desrespeitar a preferancia no cruzamento";"Colisao frontal";"Com Vatimas Feridas";"Plena Noite";"Crescente";"Nublado";"Simples";"Reta;Viaduto                  ";"Sim";2;0;0;1;1;0;1;2;-26,872158;-49,23127;"SPRF-SC";"DEL04-SC";"UOP01-DEL04-SC"
572813;2024-01-05;"sexta-feira";"18:15:00";"RN";226;68,1;"SERRA CAIADA";"Acessar a via sem observar a presenca dos outros veiculos";"Colisao transversal";"Com Vatimas Feridas";"Plena Noite";"Decrescente";"Ceu Claro";"Simples";"Interseaao de Vias;Reta       ";"Nao";2;0;2;0;0;0;2;2;-6,10373269;-35,70531524;"SPRF-RN";"DEL01-RN";"UOP02-DEL01-RN"
572814;2024-01-05;"sexta-feira";"18:02:00";"MS";163;256;"DOURADOS";"Pista Escorregadia";"Tombamento";"Com Vatimas Feridas";"Anoitecer";"Decrescente";"Ceu Claro";"Dupla";"Rotataria";"Sim";1;0;1;0;0;0;1;1;-22,25886483;-54,80359197;"SPRF-MS";"DEL04-MS";"UOP01-DEL04-MS"
572815;2024-01-05;"sexta-feira";"18:45:00";"PR";376;104;"PARANAVAI";"Reacao tardia ou ineficiente do condutor";"Colisao traseira";"Com Vatimas Feridas";"Anoitecer";"Decrescente";"Ceu Claro";"Simples";"Declive;Interseaao de Vias    ";"Nao";6;0;2;0;4;0;2;2;-23,05157684;-52,44672491;"SPRF-PR";"DEL09-PR";"UOP02-DEL09-PR"
572817;2024-01-05;"sexta-feira";"10:30:00";"SC";101;390,9;"CRICIUMA";"Chuva";"Colisao com objeto";"Com Vatimas Feridas";"Pleno dia";"Decrescente";"Chuva";"Dupla";"Declive";"Nao";4;0;2;0;2;0;2;1;-28,79513029;-49,35435084;"SPRF-SC";"DEL02-SC";"UOP02-DEL02-SC"
572818;2024-01-05;"sexta-feira";"16:50:00";"MG";262;47,7;"MANHUACU";"Ausancia de Reacao do condutor";"Saida de leito carrocavel";"Com Vatimas Feridas";"Pleno dia";"Decrescente";"Nublado";"Simples";"Reta";"Nao";1;0;1;0;0;0;1;1;-20,256748;-42,113142;"SPRF-MG";"DEL06-MG";"UOP03-DEL06-MG"
572819;2024-01-05;"sexta-feira";"16:40:00";"MT";174;3;"PONTES E LACERDA";"Ausancia de Reacao do condutor";"Colisao transversal";"Com Vatimas Feridas";"Pleno dia";"Decrescente";"Ceu Claro";"Simples";"Reta";"Sim";2;0;1;0;1;0;1;2;-15,239971;-59,336494;"SPRF-MT";"DEL03-MT";"UOP01-DEL03-MT"
572820;2024-01-05;"sexta-feira";"19:40:00";"SP";116;168,1;"JACAREI";"Avarias e/ou desgaste excessivo no pneu";"Tombamento";"Com Vatimas Feridas";"Plena Noite";"Decrescente";"Ceu Claro";"Maltipla";"Reta;Aclive                   ";"Nao";2;0;2;0;0;0;2;1;-23,30545902;-46,03567599;"SPRF-SP";"DEL02-SP";"UOP01-DEL02-SP"
572821;2024-01-05;"sexta-feira";"18:30:00";"MS";163;14,8;"MUNDO NOVO";"Ausancia de Reacao do condutor";"Colisao traseira";"Sem Vatimas";"Anoitecer";"Decrescente";"Ceu Claro";"Simples";"Reta";"Nao";6;0;0;0;6;0;0;2;-23,95007428;-54,30870967;"SPRF-MS";"DEL09-MS";"UOP02-DEL09-MS"
572822;2024-01-05;"sexta-feira";"18:30:00";"SC";280;82,2;"CORUPA";"Acessar a via sem observar a presenca dos outros veiculos";"Colisao transversal";"Com Vatimas Feridas";"Plena Noite";"Decrescente";"Nublado";"Simples";"Interseaao de Vias;Rotataria  ";"Sim";2;0;1;0;1;0;1;2;-26,44009491;-49,22605498;"SPRF-SC";"DEL06-SC";"UOP03-DEL06-SC"
572823;2024-01-05;"sexta-feira";"20:00:00";"RJ";101;313;"SAO GONCALO";"Ausancia de Reacao do condutor";"Colisao com objeto";"Com Vatimas Feridas";"Plena Noite";"Crescente";"Ceu Claro";"Dupla";"Reta";"Sim";1;0;1;0;0;0;1;1;-22,81049093;-43,06983304;"SPRF-RJ";"DEL02-RJ";"UOP02-DEL02-RJ"
572825;2024-01-05;"sexta-feira";"20:30:00";"RJ";116;185;"NOVA IGUACU";"Mal sabito do condutor";"Colisao traseira";"Com Vatimas Feridas";"Plena Noite";"Decrescente";"Ceu Claro";"Dupla";"Reta";"Sim";5;0;1;0;4;0;1;4;-22,74151051;-43,45351823;"SPRF-RJ";"DEL06-RJ";"UOP01-DEL06-RJ"
572828;2024-01-05;"sexta-feira";"21:30:00";"PR";376;176;"MARINGA";"Acessar a via sem observar a presenca dos outros veiculos";"Colisao lateral mesmo sentido";"Com Vatimas Feridas";"Plena Noite";"Decrescente";"Ceu Claro";"Dupla";"Reta";"Sim";2;0;2;0;0;0;2;2;-23,41386;-51,928189;"SPRF-PR";"DEL09-PR";"UOP01-DEL09-PR"
572830;2024-01-05;"sexta-feira";"19:30:00";"GO";251;20,1;"CRISTALINA";"Deficiancia do Sistema de Iluminaaao/Sinalizaaao";"Colisao traseira";"Com Vatimas Feridas";"Plena Noite";"Crescente";"Nublado";"Simples";"Reta";"Nao";3;0;2;0;1;0;2;2;-16,16208583;-47,47793198;"SPRF-DF";"DEL01-DF";"UOP01-DEL01-DF"
572831;2024-01-05;"sexta-feira";"18:45:00";"PE";232;371;"FLORES";"Animais na Pista";"Atropelamento de Animal";"Sem Vatimas";"Plena Noite";"Crescente";"Ceu Claro";"Simples";"Aclive;Reta                   ";"Nao";4;0;0;0;4;0;0;1;-8,03126926;-37,96862125;"SPRF-PE";"DEL04-PE";"UOP01-DEL04-PE"
572832;2024-01-05;"sexta-feira";"21:00:00";"BA";101;713,8;"EUNAPOLIS";"Ausancia de Reacao do condutor";"Colisao lateral sentido oposto";"Com Vatimas Feridas";"Plena Noite";"Crescente";"Ceu Claro";"Simples";"Reta;Declive                  ";"Sim";2;0;0;1;0;1;1;2;-16,5089598;-39,5770756;"SPRF-BA";"DEL09-BA";"UOP01-DEL09-BA"
572833;2024-01-05;"sexta-feira";"20:35:00";"SC";282;388,6;"JOACABA";"Velocidade Incompatavel";"Colisao frontal";"Com Vatimas Fatais";"Plena Noite";"Decrescente";"Ceu Claro";"Simples";"Reta;Declive                  ";"Sim";3;1;1;1;0;0;2;2;-27,177313;-51,530122;"SPRF-SC";"DEL07-SC";"UOP05-DEL07-SC"
572835;2024-01-05;"sexta-feira";"21:10:00";"MG";153;55;"MONTE ALEGRE DE MINAS";"Velocidade Incompatavel";"Tombamento";"Com Vatimas Feridas";"Plena Noite";"Crescente";"Chuva";"Dupla";"Reta";"Nao";2;0;1;0;0;1;1;2;-18,85909243;-49,07626033;"SPRF-MG";"DEL15-MG";"UOP03-DEL15-MG"
572836;2024-01-05;"sexta-feira";"21:30:00";"SC";101;2,5;"GARUVA";"Reacao tardia ou ineficiente do condutor";"Colisao com objeto";"Com Vatimas Feridas";"Plena Noite";"Crescente";"Nublado";"Dupla";"Reta";"Nao";2;0;2;0;0;0;2;1;-25,99699834;-48,87891655;"SPRF-SC";"DEL03-SC";"UOP01-DEL03-SC"
572838;2024-01-05;"sexta-feira";"20:40:00";"RO";319;56;"PORTO VELHO";"Transitar na contramao";"Colisao transversal";"Com Vatimas Feridas";"Plena Noite";"Crescente";"Nublado";"Simples";"Aclive;Reta                   ";"Nao";3;0;3;0;0;0;3;2;-8,74204249;-63,9410162;"SPRF-RO";"DEL01-RO";"UOP01-DEL01-RO"
572839;2024-01-05;"sexta-feira";"21:30:00";"SC";101;6,2;"GARUVA";"Acumulo de agua sobre o pavimento";"Saida de leito carrocavel";"Com Vatimas Feridas";"Plena Noite";"Crescente";"Chuva";"Dupla";"Declive;Curva                 ";"Sim";4;0;2;0;2;0;2;1;-26,02880906;-48,8613081;"SPRF-SC";"DEL03-SC";"UOP01-DEL03-SC"
572840;2024-01-05;"sexta-feira";"20:50:00";"RN";110;43,6;"MOSSORO";"Animais na Pista";"Atropelamento de Animal";"Com Vatimas Feridas";"Plena Noite";"Decrescente";"Ceu Claro";"Simples";"Aclive;Reta                   ";"Sim";2;0;1;0;1;0;1;1;-5,18223639;-37,29640087;"SPRF-RN";"DEL04-RN";"UOP01-DEL04-RN"
572841;2024-01-05;"sexta-feira";"22:00:00";"SC";101;124;"ITAJAI";"Manobra de mudanaa de faixa";"Colisao lateral mesmo sentido";"Com Vatimas Feridas";"Plena Noite";"Crescente";"Ceu Claro";"Maltipla";"Reta";"Sim";3;0;2;0;1;0;2;2;-26,94335064;-48,69198648;"SPRF-SC";"DEL04-SC";"UOP04-DEL04-SC"
572842;2024-01-05;"sexta-feira";"18:30:00";"PB";230;276,8;"SANTA LUZIA";"Problema com o freio";"Saida de leito carrocavel";"Sem Vatimas";"Plena Noite";"Crescente";"Ceu Claro";"Simples";"Declive;Curva                 ";"Nao";4;0;0;0;4;0;0;1;-6,957167;-36,83241;"SPRF-PB";"DEL03-PB";"UOP01-DEL03-PB"
572844;2024-01-05;"sexta-feira";"20:00:00";"SC";101;149;"ITAPEMA";"Acessar a via sem observar a presenca dos outros veiculos";"Queda de ocupante de veiculo";"Com Vatimas Feridas";"Plena Noite";"Crescente";"Garoa/Chuvisco";"Simples";"Reta";"Sim";2;0;1;0;1;0;1;2;-27,1089649;-48,61277586;"SPRF-SC";"DEL04-SC";"UOP03-DEL04-SC"
572845;2024-01-05;"sexta-feira";"23:00:00";"MG";40;511;"RIBEIRAO DAS NEVES";"Demais falhas na via";"Eventos atapicos";"Com Vatimas Feridas";"Plena Noite";"Decrescente";"Nublado";"Dupla";"Reta";"Nao";2;0;1;0;1;0;1;1;-19,78164295;-44,11733194;"SPRF-MG";"DEL01-MG";"UOP02-DEL01-MG"
572846;2024-01-05;"sexta-feira";"21:40:00";"SP";116;48,3;"CANAS";"Transitar no Acostamento";"Tombamento";"Com Vatimas Feridas";"Plena Noite";"Decrescente";"Ceu Claro";"Dupla";"Reta";"Nao";1;0;1;0;0;0;1;1;-22,72498915;-45,06884189;"SPRF-SP";"DEL08-SP";"UOP02-DEL08-SP"
572847;2024-01-05;"sexta-feira";"19:30:00";"PI";316;54;"MONSENHOR GIL";"Ausancia de Reacao do condutor";"Colisao traseira";"Com Vatimas Feridas";"Plena Noite";"Decrescente";"Ceu Claro";"Simples";"Reta";"Nao";3;0;0;2;1;0;2;2;-5,52853582;-42,6350258;"SPRF-PI";"DEL01-PI";"UOP02-DEL01-PI"
572848;2024-01-05;"sexta-feira";"22:15:00";"MG";365;612;"UBERLANDIA";"Transitar na contramao";"Colisao lateral sentido oposto";"Com Vatimas Feridas";"Plena Noite";"Decrescente";"Ceu Claro";"Simples";"Reta";"Sim";4;0;2;0;1;1;2;2;-18,92793854;-48,19198317;"SPRF-MG";"DEL15-MG";"UOP01-DEL15-MG"
572849;2024-01-05;"sexta-feira";"18:40:00";"MT";163;744;"SORRISO";"Ingestao de alcool pelo condutor";"Tombamento";"Com Vatimas Feridas";"Plena Noite";"Decrescente";"Garoa/Chuvisco";"Simples";"Reta";"Nao";1;0;1;0;0;0;1;1;-12,6176;-55,7636;"SPRF-MT";"DEL06-MT";"UOP01-DEL06-MT"
572850;2024-01-05;"sexta-feira";"22:40:00";"RJ";40;68;"PETROPOLIS";"Reacao tardia ou ineficiente do condutor";"Colisao com objeto";"Sem Vatimas";"Plena Noite";"Decrescente";"Garoa/Chuvisco";"Dupla";"Curva";"Nao";2;0;0;0;2;0;0;2;-22,4381808;-43,18488009;"SPRF-RJ";"DEL05-RJ";"UOP02-DEL05-RJ"
572851;2024-01-05;"sexta-feira";"23:20:00";"SC";101;163;"TIJUCAS";"Acumulo de agua sobre o pavimento";"Tombamento";"Com Vatimas Feridas";"Plena Noite";"Crescente";"Chuva";"Maltipla";"Declive;Reta                  ";"Sim";1;0;1;0;0;0;1;1;-27,23461699;-48,63039809;"SPRF-SC";"DEL04-SC";"UOP03-DEL04-SC"
572852;2024-01-06;"sabado";"00:40:00";"ES";262;158,4;"IBATIBA";"Ingestao de alcool pelo condutor";"Colisao traseira";"Com Vatimas Feridas";"Plena Noite";"Crescente";"Ceu Claro";"Simples";"Aclive;Curva                  ";"Sim";3;0;1;1;0;1;2;2;-20,23111383;-41,49626094;"SPRF-ES";"DEL01-ES";"UOP02-DEL01-ES"