"id";"data_inversa";"dia_semana";"horario";"uf";"br";"km";"municipio";"causa_acidente";"tipo_acidente";"classificacao_acidente";"fase_dia";"sentido_via";"condicao_metereologica";"tipo_pista";"tracado_via";"uso_solo";"pessoas";"mortos";"feridos_leves";"feridos_graves";"ilesos";"ignorados";"feridos";"veiculos";"latitude";"longitude";"regional";"delegacia";"uop"
572853;2024-01-05;"sexta-feira";"23:50:00";"MG";381;159,5;"GOVERNADOR VALADARES";"Ingestao de alcool pelo condutor";"Saida de leito carrocavel";"Com Vatimas Feridas";"Plena Noite";"Crescente";"Nublado";"Simples";"Retorno Regulamentado";"Nao";1;0;1;0;0;0;1;1;-18,89048218;-42,00524205;"SPRF-MG";"DEL06-MG";"UOP01-DEL06-MG"
572854;2024-01-06;"sabado";"00:57:00";"SC";101;199,1;"SAO JOSE";"Velocidade Incompatavel";"Colisao lateral mesmo sentido";"Com Vatimas Feridas";"Plena Noite";"Decrescente";"Garoa/Chuvisco";"Maltipla";"Reta";"Sim";5;0;2;0;3;0;2;5;-27,53413705;-48,63003205;"SPRF-SC";"DEL01-SC";"UOP01-DEL01-SC"
572855;2024-01-06;"sabado";"01:15:00";"GO";50;273;"CATALAO";"Ingestao de substancias psicoativas pelo condutor";"Colisao com objeto";"Com Vatimas Feridas";"Plena Noite";"Crescente";"Ceu Claro";"Simples";"Interseaao de Vias;Rotataria  ";"Sim";1;0;1;0;0;0;1;1;-18,1302;-47,9047;"SPRF-GO";"DEL06-GO";"UOP01-DEL06-GO"
572856;2024-01-06;"sabado";"00:50:00";"SC";282;2,9;"FLORIANOPOLIS";"Velocidade Incompatavel";"Colisao traseira";"Com Vatimas Feridas";"Plena Noite";"Crescente";"Chuva";"Maltipla";"Curva";"Sim";5;0;5;0;0;0;5;2;-27,603289;-48,590416;"SPRF-SC";"DEL01-SC";"UOP01-DEL01-SC"
572857;2024-01-06;"sabado";"01:20:00";"RJ";393;188;"PARAIBA DO SUL";"Condutor Dormindo";"Saida de leito carrocavel";"Com Vatimas Feridas";"Plena Noite";"Crescente";"Ceu Claro";"Simples";"Reta";"Nao";1;0;1;0;0;0;1;1;-22,15621776;-43,3079422;"SPRF-RJ";"DEL05-RJ";"UOP03-DEL05-RJ"
572858;2024-01-06;"sabado";"02:49:00";"TO";153;761;"ALVORADA";"Objeto estatico sobre o leito carroaavel";"Colisao com objeto";"Sem Vatimas";"Plena Noite";"Decrescente";"Nublado";"Simples";"Reta";"Sim";1;0;0;0;1;0;0;1;-12,48124904;-49,11773068;"SPRF-TO";"DEL01-TO";"UOP02-DEL01-TO"
572859;2024-01-06;"sabado";"00:30:00";"SC";470;136,7;"RIO DO SUL";"Reacao tardia ou ineficiente do condutor";"Saida de leito carrocavel";"Com Vatimas Fatais";"Plena Noite";"Crescente";"Ceu Claro";"Simples";"Curva;Em Obras                ";"Nao";2;1;0;1;0;0;1;1;-27,1881332;-49,6102315;"SPRF-SC";"DEL04-SC";"UOP02-DEL04-SC"
572860;2024-01-06;"sabado";"01:00:00";"PE";408;105;"JABOATAO DOS GUARARAPES";"Ausancia de Reacao do condutor";"Colisao com objeto";"Sem Vatimas";"Plena Noite";"Crescente";"Nublado";"Simples";"Curva";"Sim";1;0;0;0;1;0;0;1;-8,0730937;-34,99190714;"SPRF-PE";"DEL01-PE";"UOP01-DEL01-PE"
572861;2024-01-06;"sabado";"02:30:00";"PR";277;590,1;"CASCAVEL";"Desrespeitar a preferancia no cruzamento";"Colisao transversal";"Sem Vatimas";"Plena Noite";"Decrescente";"Ceu Claro";"Simples";"Interseaao de Vias;Reta       ";"Sim";2;0;0;0;1;1;0;2;-24,98120697;-53,45591501;"SPRF-PR";"DEL04-PR";"UOP01-DEL04-PR"
572862;2024-01-06;"sabado";"02:40:00";"MT";163;828;"SINOP";"Ausancia de Reacao do condutor";"Saida de leito carrocavel";"Sem Vatimas";"Plena Noite";"Crescente";"Nublado";"Simples";"Reta";"Sim";1;0;0;0;0;1;0;1;-11,92275863;-55,51122492;"SPRF-MT";"DEL06-MT";"UOP02-DEL06-MT"
572863;2024-01-06;"sabado";"02:20:00";"RS";290;574,5;"ALEGRETE";"Ausancia de sinalizaaao";"Colisao com objeto";"Com Vatimas Feridas";"Plena Noite";"Decrescente";"Ceu Claro";"Simples";"Interseaao de Vias";"Nao";4;0;1;0;3;0;1;1;-29,822521;-55,719505;"SPRF-RS";"DEL13-RS";"UOP02-DEL13-RS"
572864;2024-01-06;"sabado";"01:00:00";"MG";365;282;"JOAO PINHEIRO";"Transitar na contramao";"Colisao frontal";"Com Vatimas Fatais";"Plena Noite";"Decrescente";"Nublado";"Simples";"Reta";"Nao";38;1;2;0;35;0;2;2;-18,022523;-45,636737;"SPRF-MG";"DEL10-MG";"UOP02-DEL010-MG"
572866;2024-01-06;"sabado";"03:00:00";"SC";101;287,3;"IMBITUBA";"Velocidade Incompatavel";"Saida de leito carrocavel";"Sem Vatimas";"Plena Noite";"Decrescente";"Chuva";"Dupla";"Curva";"Nao";1;0;0;0;1;0;0;1;-28,25918091;-48,7044096;"SPRF-SC";"DEL02-SC";"UOP03-DEL02-SC"
572868;2024-01-06;"sabado";"03:50:00";"PR";376;180,1;"MARINGA";"Mal sabito do condutor";"Saida de leito carrocavel";"Com Vatimas Feridas";"Plena Noite";"Crescente";"Ceu Claro";"Maltipla";"Reta";"Sim";1;0;0;1;0;0;1;1;-23,42244278;-51,90360392;"SPRF-PR";"DEL09-PR";"UOP01-DEL09-PR"
572869;2024-01-06;"sabado";"02:10:00";"MG";365;745,2;"ITUIUTABA";"Reacao tardia ou ineficiente do condutor";"Colisao com objeto";"Com Vatimas Feridas";"Plena Noite";"Decrescente";"Ignorado";"Simples";"Reta";"Nao";1;0;1;0;0;0;1;1;-18,92045773;-49,41898027;"SPRF-MG";"DEL15-MG";"UOP03-DEL15-MG"
572871;2024-01-06;"sabado";"05:32:00";"BA";116;10,5;"VITORIA DA CONQUISTA";"Reacao tardia ou ineficiente do condutor";"Queda de ocupante de veiculo";"Com Vatimas Feridas";"Amanhecer";"Decrescente";"Nublado";"Simples";"Reta";"Sim";2;0;1;0;0;1;1;1;-14,851;-40,8485;"SPRF-BA";"DEL08-BA";"UOP01-DEL08-BA"
572873;2024-01-06;"sabado";"06:00:00";"PR";116;38;"CAMPINA GRANDE DO SUL";"Ausancia de Reacao do condutor";"Saida de leito carrocavel";"Com Vatimas Feridas";"Amanhecer";"Decrescente";"Nublado";"Dupla";"Curva";"Nao";1;0;1;0;0;0;1;1;-25,14802509;-48,85922071;"SPRF-PR";"DEL01-PR";"UOP02-DEL01-PR"
572875;2024-01-06;"sabado";"06:01:00";"ES";262;33;"DOMINGOS MARTINS";"Condutor deixou de manter distancia do veiculo da frente";"Colisao traseira";"Com Vatimas Feridas";"Pleno dia";"Crescente";"Ceu Claro";"Simples";"Curva";"Nao";1;0;0;1;0;0;1;1;-20,37535106;-40,58433127;"SPRF-ES";"DEL01-ES";"UOP01-DEL01-ES"
572876;2024-01-06;"sabado";"04:40:00";"CE";116;12;"FORTALEZA";"Reacao tardia ou ineficiente do condutor";"Colisao lateral mesmo sentido";"Com Vatimas Feridas";"Amanhecer";"Decrescente";"Ceu Claro";"Dupla";"Reta";"Sim";2;0;1;0;1;0;1;2;-3,852077;-38,495525;"SPRF-CE";"DEL01-CE";"UOP02-DEL01-CE"
572877;2024-01-06;"sabado";"06:20:00";"RN";304;293;"MACAIBA";"Manobra de mudanaa de faixa";"Colisao lateral mesmo sentido";"Com Vatimas Feridas";"Pleno dia";"Decrescente";"Ceu Claro";"Dupla";"Reta";"Nao";2;0;1;0;0;1;1;2;-5,86846237;-35,37602795;"SPRF-RN";"DEL01-RN";"UOP02-DEL01-RN"
572878;2024-01-06;"sabado";"05:54:00";"ES";101;149,1;"LINHARES";"Ingestao de alcool pelo condutor";"Colisao com objeto";"Sem Vatimas";"Amanhecer";"Crescente";"Nublado";"Dupla";"Reta";"Sim";2;0;0;0;0;2;0;2;-19,39619083;-40,06435871;"SPRF-ES";"DEL04-ES";"UOP01-DEL04-ES"
572879;2024-01-06;"sabado";"04:30:00";"RJ";101;225;"SILVA JARDIM";"Animais na Pista";"Atropelamento de Animal";"Com Vatimas Feridas";"Amanhecer";"Crescente";"Chuva";"Dupla";"Reta";"Nao";1;0;1;0;0;0;1;1;-22,53967107;-42,3461359;"SPRF-RJ";"DEL02-RJ";"UOP03-DEL02-RJ"
572881;2024-01-06;"sabado";"05:17:00";"SC";101;376,4;"ICARA";"Demais falhas mecanicas ou elatricas";"Saida de leito carrocavel";"Sem Vatimas";"Amanhecer";"Crescente";"Ceu Claro";"Dupla";"Curva";"Nao";1;0;0;0;1;0;0;1;-28,74478445;-49,25514221;"SPRF-SC";"DEL02-SC";"UOP01-DEL02-SC"
572882;2024-01-05;"sexta-feira";"20:40:00";"BA";101;663,4;"ITAPEBI";"Velocidade Incompatavel";"Capotamento";"Com Vatimas Feridas";"Plena Noite";"Decrescente";"Chuva";"Simples";"Curva";"Nao";1;0;1;0;0;0;1;1;-15,968795;-39,561496;"SPRF-BA";"DEL09-BA";"UOP01-DEL09-BA"
572883;2024-01-06;"sabado";"05:30:00";"CE";304;51;"ARACATI";"Pista Escorregadia";"Saida de leito carrocavel";"Com Vatimas Feridas";"Amanhecer";"Crescente";"Chuva";"Dupla";"Interseaao de Vias;Curva      ";"Sim";2;0;1;0;1;0;1;1;-4,56942301;-37,75341799;"SPRF-CE";"DEL03-CE";"UOP03-DEL03-CE"
572885;2024-01-05;"sexta-feira";"21:20:00";"MG";251;307,6;"SALINAS";"Reacao tardia ou ineficiente do condutor";"Capotamento";"Sem Vatimas";"Plena Noite";"Crescente";"Chuva";"Simples";"Curva";"Nao";4;0;0;0;4;0;0;1;-16,13341577;-42,25854635;"SPRF-MG";"DEL12-MG";"UOP02-DEL12-MG"
572886;2024-01-06;"sabado";"07:30:00";"CE";116;10;"FORTALEZA";"Animais na Pista";"Atropelamento de Animal";"Com Vatimas Feridas";"Pleno dia";"Decrescente";"Ceu Claro";"Maltipla";"Reta";"Sim";2;0;2;0;0;0;2;1;-3,83603805;-38,5027281;"SPRF-CE";"DEL01-CE";"UOP02-DEL01-CE"
572887;2024-01-06;"sabado";"07:59:00";"GO";60;165;"GOIANIA";"Ausancia de Reacao do condutor";"Colisao com objeto";"Sem Vatimas";"Pleno dia";"Crescente";"Ceu Claro";"Dupla";"Aclive;Reta                   ";"Sim";1;0;0;0;1;0;0;1;-16,7084;-49,3503;"SPRF-GO";"DEL01-GO";"UOP02-DEL01-GO"
572888;2024-01-06;"sabado";"08:20:00";"SC";101;186;"BIGUACU";"Chuva";"Colisao com objeto";"Com Vatimas Feridas";"Pleno dia";"Decrescente";"Chuva";"Dupla";"Curva";"Nao";3;0;1;0;1;1;1;2;-27,43537187;-48,62612665;"SPRF-SC";"DEL01-SC";"UOP01-DEL01-SC"
572890;2024-01-06;"sabado";"08:40:00";"PR";277;55;"SAO JOSE DOS PINHAIS";"Retorno proibido";"Colisao transversal";"Com Vatimas Feridas";"Pleno dia";"Crescente";"Garoa/Chuvisco";"Dupla";"Reta";"Nao";3;0;1;0;2;0;1;2;-25,58844984;-48,94524097;"SPRF-PR";"DEL01-PR";"UOP01-DEL01-PR"
572891;2024-01-06;"sabado";"07:50:00";"PE";232;11;"JABOATAO DOS GUARARAPES";"Condutor deixou de manter distancia do veiculo da frente";"Colisao traseira";"Sem Vatimas";"Pleno dia";"Crescente";"Ceu Claro";"Dupla";"Reta";"Nao";2;0;0;0;1;1;0;2;-8,08195464;-34,99545022;"SPRF-PE";"DEL01-PE";"UOP01-DEL01-PE"
572893;2024-01-06;"sabado";"03:40:00";"MT";163;751;"SORRISO";"Ingestao de alcool pelo condutor";"Tombamento";"Com Vatimas Feridas";"Plena Noite";"Decrescente";"Nublado";"Dupla";"Reta";"Sim";2;0;1;1;0;0;2;1;-12,56987358;-55,72570324;"SPRF-MT";"DEL06-MT";"UOP01-DEL06-MT"
572894;2024-01-06;"sabado";"08:15:00";"SP";116;133;"CACAPAVA";"Ausancia de Reacao do condutor";"Capotamento";"Com Vatimas Feridas";"Pleno dia";"Crescente";"Ceu Claro";"Dupla";"Reta";"Nao";4;0;0;2;2;0;2;3;-23,1359564;-45,7532708;"SPRF-SP";"DEL02-SP";"UOP02-DEL02-SP"
572895;2024-01-06;"sabado";"08:10:00";"PR";116;119;"CURITIBA";"Reacao tardia ou ineficiente do condutor";"Tombamento";"Com Vatimas Feridas";"Pleno dia";"Crescente";"Nublado";"Dupla";"Curva";"Nao";1;0;1;0;0;0;1;1;-25,57998352;-49,3130853;"SPRF-PR";"DEL01-PR";"UOP03-DEL01-PR"
572898;2024-01-06;"sabado";"05:20:00";"PE";424;15;"PEDRA";"Acessar a via sem observar a presenca dos outros veiculos";"Colisao transversal";"Com Vatimas Fatais";"Amanhecer";"Decrescente";"Ceu Claro";"Simples";"Reta";"Nao";3;1;0;0;0;2;0;3;-8,49920042;-36,96549698;"SPRF-PE";"DEL04-PE";"UOP02-DEL04-PE"
572899;2024-01-06;"sabado";"09:00:00";"ES";101;258;"SERRA";"Reacao tardia ou ineficiente do condutor";"Queda de ocupante de veiculo";"Com Vatimas Feridas";"Pleno dia";"Crescente";"Ceu Claro";"Dupla";"Reta";"Sim";1;0;1;0;0;0;1;1;-20,13059888;-40,2961019;"SPRF-ES";"DEL02-ES";"UOP01-DEL02-ES"
572900;2024-01-06;"sabado";"09:30:00";"RS";116;231;"ESTANCIA VELHA";"Velocidade Incompatavel";"Tombamento";"Com Vatimas Feridas";"Pleno dia";"Decrescente";"Ceu Claro";"Simples";"Aclive;Curva                  ";"Sim";1;0;1;0;0;0;1;1;-29,62786151;-51,13882542;"SPRF-RS";"DEL01-RS";"UOP02-DEL01-RS"
572904;2024-01-06;"sabado";"08:00:00";"SC";101;433,8;"SOMBRIO";"Desrespeitar a preferancia no cruzamento";"Colisao frontal";"Com Vatimas Feridas";"Pleno dia";"Crescente";"Nublado";"Maltipla";"Reta";"Sim";3;0;3;0;0;0;3;2;-29,095879;-49,633547;"SPRF-SC";"DEL02-SC";"UOP02-DEL02-SC"
572905;2024-01-06;"sabado";"06:30:00";"RJ";101;309;"SAO GONCALO";"Avarias e/ou desgaste excessivo no pneu";"Colisao frontal";"Sem Vatimas";"Pleno dia";"Decrescente";"Nublado";"Dupla";"Reta";"Nao";2;0;0;0;2;0;0;2;-22,79498873;-43,03446105;"SPRF-RJ";"DEL02-RJ";"UOP02-DEL02-RJ"
572906;2024-01-06;"sabado";"07:39:00";"RS";290;4,8;"OSORIO";"Demais falhas mecanicas ou elatricas";"Queda de ocupante de veiculo";"Com Vatimas Feridas";"Pleno dia";"Decrescente";"Ceu Claro";"Maltipla";"Reta";"Nao";2;0;2;0;0;0;2;1;-29,898134;-50,31419;"SPRF-RS";"DEL03-RS";"UOP01-DEL03-RS"
572907;2024-01-06;"sabado";"09:00:00";"MG";381;931,4;"ITAPEVA";"Mal sabito do condutor";"Colisao com objeto";"Com Vatimas Feridas";"Pleno dia";"Crescente";"Ceu Claro";"Dupla";"Reta";"Nao";3;0;2;0;1;0;2;1;-22,8076393;-46,27636971;"SPRF-MG";"DEL16-MG";"UOP03-DEL16-MG"
572909;2024-01-06;"sabado";"07:40:00";"RJ";40;91;"PETROPOLIS";"Chuva";"Saida de leito carrocavel";"Com Vatimas Feridas";"Pleno dia";"Decrescente";"Chuva";"Simples";"Curva";"Nao";2;0;1;0;1;0;1;1;-22,54903566;-43,24229724;"SPRF-RJ";"DEL01-RJ";"UOP01-DEL01-RJ"
572912;2024-01-06;"sabado";"09:52:00";"TO";153;496,9;"PARAISO DO TOCANTINS";"Ultrapassagem Indevida";"Colisao lateral mesmo sentido";"Com Vatimas Feridas";"Pleno dia";"Crescente";"Ceu Claro";"Simples";"Interseaao de Vias;Reta       ";"Sim";3;0;0;1;2;0;1;2;-10,17139;-48,88065;"SPRF-TO";"DEL01-TO";"UOP01-DEL01-TO"
572913;2024-01-06;"sabado";"10:35:00";"PB";230;15;"CABEDELO";"Condutor deixou de manter distancia do veiculo da frente";"Colisao traseira";"Com Vatimas Feridas";"Pleno dia";"Decrescente";"Sol";"Dupla";"Viaduto";"Sim";3;0;2;0;1;0;2;2;-7,093;-34,8482;"SPRF-PB";"DEL01-PB";"UOP01-DEL01-PB"
572914;2024-01-06;"sabado";"09:15:00";"RS";153;406,9;"CACHOEIRA DO SUL";"Reacao tardia ou ineficiente do condutor";"Atropelamento de Pedestre";"Com Vatimas Feridas";"Pleno dia";"Crescente";"Sol";"Dupla";"Reta";"Sim";2;0;1;0;1;0;1;2;-30,01911618;-52,91804731;"SPRF-RS";"DEL02-RS";"UOP03-DEL02-RS"
572915;2024-01-06;"sabado";"09:40:00";"MS";60;328;"CAMPO GRANDE";"Acessar a via sem observar a presenca dos outros veiculos";"Colisao transversal";"Com Vatimas Feridas";"Pleno dia";"Crescente";"Ceu Claro";"Simples";"Interseaao de Vias;Reta       ";"Nao";6;0;1;3;2;0;4;2;-20,34901285;-54,55378175;"SPRF-MS";"DEL01-MS";"UOP02-DEL01-MS"
572917;2024-01-06;"sabado";"10:10:00";"RS";386;152,7;"ALMIRANTE TAMANDARE DO SUL";"Transtornos Mentais (exceto suicidio)";"Colisao lateral mesmo sentido";"Sem Vatimas";"Pleno dia";"Decrescente";"Ceu Claro";"Simples";"Reta";"Nao";7;0;0;0;5;2;0;3;-28,096454;-52,860167;"SPRF-RS";"DEL08-RS";"UOP01-DEL08-RS"
572919;2024-01-06;"sabado";"10:45:00";"GO";414;439,9;"ANAPOLIS";"Acessar a via sem observar a presenca dos outros veiculos";"Colisao transversal";"Com Vatimas Feridas";"Pleno dia";"Crescente";"Ceu Claro";"Simples";"Interseaao de Vias";"Sim";3;0;1;0;1;1;1;2;-16,28128823;-48,94258908;"SPRF-GO";"DEL02-GO";"UOP01-DEL02-GO"
572920;2024-01-06;"sabado";"10:15:00";"PE";424;87,5;"GARANHUNS";"Transitar na contramao";"Colisao transversal";"Com Vatimas Feridas";"Pleno dia";"Decrescente";"Ceu Claro";"Simples";"Aclive;Curva                  ";"Nao";2;0;0;1;1;0;1;2;-8,874289;-36,507607;"SPRF-PE";"DEL03-PE";"UOP01-DEL03-PE"
572921;2024-01-06;"sabado";"11:10:00";"ES";101;67;"SAO MATEUS";"Ausancia de Reacao do condutor";"Colisao traseira";"Com Vatimas Feridas";"Pleno dia";"Crescente";"Ceu Claro";"Maltipla";"Reta";"Sim";4;0;0;2;2;0;2;2;-18,72054021;-39,8658931;"SPRF-ES";"DEL04-ES";"UOP02-DEL04-ES"
572922;2024-01-06;"sabado";"11:30:00";"BA";101;747,5;"ITABELA";"Condutor deixou de manter distancia do veiculo da frente";"Colisao traseira";"Com Vatimas Feridas";"Pleno dia";"Crescente";"Nublado";"Simples";"Declive;Reta                  ";"Nao";3;0;1;0;2;0;1;2;-16,589352;-39,554658;"SPRF-BA";"DEL09-BA";"UOP01-DEL09-BA"
572923;2024-01-06;"sabado";"11:30:00";"SE";235;11;"NOSSA SENHORA DO SOCORRO";"Manobra de mudanaa de faixa";"Colisao transversal";"Com Vatimas Feridas";"Pleno dia";"Crescente";"Ceu Claro";"Simples";"Reta";"Nao";4;0;3;0;1;0;3;2;-10,877883;-37,156052;"SPRF-SE";"DEL01-SE";"UOP01-DEL01-SE"
572924;2024-01-06;"sabado";"10:59:00";"MS";163;725;"COXIM";"Condutor Dormindo";"Saida de leito carrocavel";"Com Vatimas Feridas";"Pleno dia";"Crescente";"Ceu Claro";"Simples";"Reta";"Sim";4;0;1;0;3;0;1;1;-18,55245685;-54,75080527;"SPRF-MS";"DEL06-MS";"UOP01-DEL06-MS"
572926;2024-01-06;"sabado";"10:30:00";"RJ";493;20,5;"MAGE";"Acesso irregular";"Colisao transversal";"Com Vatimas Feridas";"Pleno dia";"Decrescente";"Sol";"Simples";"Curva";"Nao";2;0;1;0;1;0;1;2;-22,66364;-43,036495;"SPRF-RJ";"DEL04-RJ";"UOP02-DEL04-RJ"
572927;2024-01-06;"sabado";"12:20:00";"RS";386;342;"LAJEADO";"Ausancia de Reacao do condutor";"Colisao com objeto";"Sem Vatimas";"Pleno dia";"Crescente";"Ceu Claro";"Simples";"Reta";"Sim";2;0;0;0;2;0;0;1;-29,431631;-52,011932;"SPRF-RS";"DEL04-RS";"UOP01-DEL04-RS"
572929;2024-01-06;"sabado";"11:30:00";"PR";116;152;"MANDIRITUBA";"Acessar a via sem observar a presenca dos outros veiculos";"Colisao transversal";"Com Vatimas Feridas";"Pleno dia";"Crescente";"Nublado";"Dupla";"Rotataria";"Nao";5;0;1;0;4;0;1;2;-25,861982;-49,362068;"SPRF-PR";"DEL01-PR";"UOP03-DEL01-PR"
572930;2024-01-06;"sabado";"12:00:00";"SP";381;12;"BRAGANCA PAULISTA";"Condutor deixou de manter distancia do veiculo da frente";"Colisao traseira";"Com Vatimas Feridas";"Pleno dia";"Crescente";"Ceu Claro";"Dupla";"Reta;Retorno Regulamentado    ";"Nao";3;0;1;0;2;0;1;2;-22,92855105;-46,46168398;"SPRF-SP";"DEL03-SP";"UOP02-DEL03-SP"
572931;2024-01-06;"sabado";"12:20:00";"PB";230;142;"CAMPINA GRANDE";"Mal sabito do condutor";"Queda de ocupante de veiculo";"Com Vatimas Feridas";"Pleno dia";"Decrescente";"Ceu Claro";"Dupla";"Reta";"Nao";1;0;1;0;0;0;1;1;-7,2573;-35,8131;"SPRF-PB";"DEL02-PB";"UOP01-DEL02-PB"
572932;2024-01-06;"sabado";"09:40:00";"RJ";101;495;"ANGRA DOS REIS";"Acumulo de areia ou detritos sobre o pavimento";"Colisao lateral sentido oposto";"Com Vatimas Feridas";"Pleno dia";"Crescente";"Ceu Claro";"Simples";"Curva";"Nao";3;0;1;0;2;0;1;2;-22,93180313;-44,32178488;"SPRF-RJ";"DEL03-RJ";"UOP03-DEL03-RJ"
572933;2024-01-06;"sabado";"07:30:00";"RJ";101;554;"PARATY";"Conversao proibida";"Colisao transversal";"Com Vatimas Feridas";"Pleno dia";"Decrescente";"Nublado";"Simples";"Curva";"Nao";4;0;0;2;2;0;2;2;-23,06778628;-44,69358474;"SPRF-RJ";"DEL03-RJ";"UOP04-DEL03-RJ"
572934;2024-01-06;"sabado";"12:30:00";"BA";101;372;"GANDU";"Velocidade Incompatavel";"Saida de leito carrocavel";"Com Vatimas Feridas";"Pleno dia";"Decrescente";"Ceu Claro";"Simples";"Curva";"Nao";2;0;2;0;0;0;2;1;-13,79651912;-39,49564241;"SPRF-BA";"DEL05-BA";"UOP03-DEL05-BA"
572935;2024-01-06;"sabado";"09:45:00";"PE";101;55,2;"PAULISTA";"Condutor deixou de manter distancia do veiculo da frente";"Colisao traseira";"Com Vatimas Feridas";"Pleno dia";"Crescente";"Sol";"Maltipla";"Reta";"Nao";2;0;1;0;1;0;1;2;-7,94806621;-34,9062148;"SPRF-PE";"DEL01-PE";"UOP02-DEL01-PE"
572937;2024-01-06;"sabado";"09:00:00";"MG";381;236,2;"SANTANA DO PARAISO";"Ausancia de Reacao do condutor";"Saida de leito carrocavel";"Com Vatimas Feridas";"Pleno dia";"Decrescente";"Nublado";"Simples";"Aclive;Reta                   ";"Nao";2;0;2;0;0;0;2;1;-19,38800792;-42,47616714;"SPRF-MG";"DEL06-MG";"UOP01-DEL06-MG"
572940;2024-01-06;"sabado";"12:45:00";"GO";60;172,5;"ABADIA DE GOIAS";"Animais na Pista";"Atropelamento de Animal";"Com Vatimas Feridas";"Pleno dia";"Decrescente";"Sol";"Dupla";"Declive";"Nao";1;0;1;0;0;0;1;1;-16,738;-49,4076;"SPRF-GO";"DEL01-GO";"UOP02-DEL01-GO"
572941;2024-01-06;"sabado";"11:10:00";"MG";40;678,1;"CARANDAI";"Condutor Dormindo";"Colisao frontal";"Com Vatimas Feridas";"Pleno dia";"Decrescente";"Nublado";"Simples";"Curva";"Nao";2;0;2;0;0;0;2;2;-21,03626477;-43,77169538;"SPRF-MG";"DEL05-MG";"UOP02-DEL05-MG"
572942;2024-01-06;"sabado";"09:35:00";"RS";285;100;"MONTE ALEGRE DOS CAMPOS";"Ausancia de Reacao do condutor";"Saida de leito carrocavel";"Com Vatimas Feridas";"Pleno dia";"Decrescente";"Ceu Claro";"Simples";"Curva";"Nao";2;0;2;0;0;0;2;1;-28,578039;-50,774544;"SPRF-RS";"DEL05-RS";"UOP03-DEL05-RS"
572943;2024-01-06;"sabado";"13:00:00";"GO";70;8;"AGUAS LINDAS DE GOIAS";"Condutor deixou de manter distancia do veiculo da frente";"Colisao traseira";"Com Vatimas Feridas";"Pleno dia";"Crescente";"Ceu Claro";"Dupla";"Reta";"Sim";4;0;0;2;2;0;2;2;-15,73733681;-48,27407468;"SPRF-DF";"DEL03-DF";"UOP02-DEL03-DF"
572944;2024-01-06;"sabado";"10:50:00";"SC";280;110;"SAO BENTO DO SUL";"Chuva";"Saida de leito carrocavel";"Com Vatimas Feridas";"Pleno dia";"Crescente";"Ceu Claro";"Simples";"Curva";"Nao";3;0;2;0;1;0;2;1;-26,32140672;-49,38932175;"SPRF-SC";"DEL06-SC";"UOP03-DEL06-SC"
572946;2024-01-06;"sabado";"13:20:00";"GO";40;4,7;"VALPARAISO DE GOIAS";"Condutor deixou de manter distancia do veiculo da frente";"Colisao traseira";"Com Vatimas Feridas";"Pleno dia";"Crescente";"Nublado";"Dupla";"Reta";"Sim";2;0;1;0;1;0;1;2;-16,085241;-47,986752;"SPRF-DF";"DEL01-DF";"UOP01-DEL01-DF"
572948;2024-01-06;"sabado";"12:50:00";"RN";405;3,2;"MOSSORO";"Velocidade Incompatavel";"Colisao lateral mesmo sentido";"Com Vatimas Feridas";"Pleno dia";"Crescente";"Ceu Claro";"Simples";"Declive;Reta                  ";"Sim";3;0;1;0;0;2;1;2;-5,19386547;-37,38052995;"SPRF-RN";"DEL04-RN";"UOP02-DEL04-RN"
572950;2024-01-06;"sabado";"13:50:00";"SP";116;51;"LORENA";"Reacao tardia ou ineficiente do condutor";"Colisao traseira";"Com Vatimas Feridas";"Pleno dia";"Crescente";"Ceu Claro";"Dupla";"Retorno Regulamentado";"Sim";3;0;0;1;1;1;1;3;-22,74157511;-45,09206392;"SPRF-SP";"DEL08-SP";"UOP02-DEL08-SP"
572951;2024-01-06;"sabado";"14:15:00";"MG";381;355;"JOAO MONLEVADE";"Afundamento ou ondulaaao no pavimento";"Tombamento";"Com Vatimas Feridas";"Pleno dia";"Decrescente";"Ceu Claro";"Simples";"Reta";"Sim";1;0;1;0;0;0;1;1;-19,84112398;-43,199388;"SPRF-MG";"DEL03-MG";"UOP01-DEL03-MG"
572952;2024-01-06;"sabado";"12:15:00";"CE";230;106;"VARZEA ALEGRE";"Acessar a via sem observar a presenca dos outros veiculos";"Colisao transversal";"Com Vatimas Feridas";"Pleno dia";"Crescente";"Ceu Claro";"Simples";"Aclive;Reta;Interseaao de Vias";"Nao";3;0;0;1;2;0;1;2;-6,87469932;-39,50490286;"SPRF-CE";"DEL05-CE";"UOP01-DEL05-CE"
572953;2024-01-06;"sabado";"14:00:00";"MG";381;849,2;"POUSO ALEGRE";"Ausancia de Reacao do condutor";"Colisao com objeto";"Com Vatimas Feridas";"Pleno dia";"Crescente";"Ceu Claro";"Dupla";"Reta";"Nao";2;0;1;0;1;0;1;1;-22,26991499;-45,89241402;"SPRF-MG";"DEL16-MG";"UOP01-DEL16-MG"
572956;2024-01-06;"sabado";"09:10:00";"PI";343;637;"FLORIANO";"Reacao tardia ou ineficiente do condutor";"Saida de leito carrocavel";"Com Vatimas Feridas";"Pleno dia";"Crescente";"Ceu Claro";"Simples";"Reta";"Nao";2;0;0;1;1;0;1;1;-7,011704;-43,346176;"SPRF-PI";"DEL03-PI";"UOP01-DEL03-PI"
572957;2024-01-06;"sabado";"14:10:00";"BA";324;622,5;"SALVADOR";"Entrada inopinada do pedestre";"Atropelamento de Pedestre";"Com Vatimas Feridas";"Pleno dia";"Decrescente";"Sol";"Dupla";"Reta";"Sim";2;0;1;0;1;0;1;2;-12,91888605;-38,46502095;"SPRF-BA";"DEL01-BA";"UOP01-DEL01-BA"