"id";"data_inversa";"dia_semana";"horario";"uf";"br";"km";"municipio";"causa_acidente";"tipo_acidente";"classificacao_acidente";"fase_dia";"sentido_via";"condicao_metereologica";"tipo_pista";"tracado_via";"uso_solo";"pessoas";"mortos";"feridos_leves";"feridos_graves";"ilesos";"ignorados";"feridos";"veiculos";"latitude";"longitude";"regional";"delegacia";"uop"
572959;2024-01-06;"sabado";"14:55:00";"MG";365;19;"UBERLANDIA";"Chuva";"Colisao com objeto";"Com Vatimas Feridas";"Pleno dia";"Crescente";"Chuva";"Dupla";"Reta";"Nao";1;0;1;0;0;0;1;1;-18,936936;-48,208926;"SPRF-MG";"DEL12-MG";"UOP01-DEL12-MG"
572961;2024-01-06;"sabado";"15:00:00";"MA";135;10,9;"SAO LUIS";"Acessar a via sem observar a presenca dos outros veiculos";"Colisao transversal";"Com Vatimas Feridas";"Pleno dia";"Decrescente";"Nublado";"Dupla";"Reta;Retorno Regulamentado    ";"Sim";2;0;1;0;1;0;1;2;-2,664589;-44,286497;"SPRF-MA";"DEL01-MA";"UOP01-DEL01-MA"
572963;2024-01-06;"sabado";"15:10:00";"MG";262;37;"MANHUACU";"Manobra de mudanaa de faixa";"Colisao lateral mesmo sentido";"Sem Vatimas";"Pleno dia";"Decrescente";"Nublado";"Simples";"Reta";"Sim";2;0;0;0;2;0;0;2;-20,25748975;-42,03048732;"SPRF-MG";"DEL06-MG";"UOP03-DEL06-MG"
572964;2024-01-06;"sabado";"08:30:00";"SC";282;494,1;"XANXERE";"Transitar na contramao";"Colisao frontal";"Com Vatimas Fatais";"Pleno dia";"Crescente";"Ceu Claro";"Simples";"Aclive;Reta                   ";"Nao";9;2;1;6;0;0;7;2;-26,86929782;-52,3128801;"SPRF-SC";"DEL07-SC";"UOP01-DEL07-SC"
572965;2024-01-06;"sabado";"15:45:00";"PB";101;115;"PEDRAS DE FOGO";"Transitar na contramao";"Colisao frontal";"Com Vatimas Feridas";"Pleno dia";"Decrescente";"Ceu Claro";"Dupla";"Reta";"Sim";3;0;2;0;1;0;2;2;-7,396321;-34,95577703;"SPRF-PB";"DEL01-PB";"UOP02-DEL01-PB"
572967;2024-01-06;"sabado";"15:58:00";"SC";470;56,2;"BLUMENAU";"Retorno proibido";"Colisao traseira";"Com Vatimas Feridas";"Pleno dia";"Crescente";"Ceu Claro";"Simples";"Declive";"Sim";2;0;0;1;1;0;1;2;-26,87674;-49,127743;"SPRF-SC";"DEL04-SC";"UOP01-DEL04-SC"
572968;2024-01-06;"sabado";"11:35:00";"MT";70;503;"CUIABA";"Conversao proibida";"Colisao transversal";"Com Vatimas Feridas";"Pleno dia";"Decrescente";"Ceu Claro";"Simples";"Reta";"Nao";3;0;1;0;2;0;1;2;-15,67139089;-55,94815295;"SPRF-MT";"DEL01-MT";"UOP02-DEL01-MT"
572969;2024-01-06;"sabado";"15:45:00";"SP";381;32;"ATIBAIA";"Condutor deixou de manter distancia do veiculo da frente";"Engavetamento";"Com Vatimas Feridas";"Pleno dia";"Crescente";"Sol";"Dupla";"Reta";"Nao";4;0;1;0;3;0;1;3;-23,06461405;-46,57048121;"SPRF-SP";"DEL03-SP";"UOP02-DEL03-SP"
572974;2024-01-06;"sabado";"15:44:00";"DF";70;8,8;"BRASILIA";"Manobra de mudanaa de faixa";"Colisao lateral mesmo sentido";"Com Vatimas Feridas";"Pleno dia";"Crescente";"Nublado";"Dupla";"Reta";"Sim";3;0;2;1;0;0;3;2;-15,784966;-48,122108;"SPRF-DF";"DEL03-DF";"UOP02-DEL03-DF"
572975;2024-01-06;"sabado";"13:30:00";"PR";376;168,6;"MARINGA";"Reacao tardia ou ineficiente do condutor";"Saida de leito carrocavel";"Com Vatimas Feridas";"Pleno dia";"Crescente";"Ceu Claro";"Dupla";"Reta";"Nao";2;0;2;0;0;0;2;1;-23,409788;-51,987453;"SPRF-PR";"DEL09-PR";"UOP01-DEL09-PR"
572976;2024-01-06;"sabado";"16:10:00";"MG";50;63;"UBERLANDIA";"Velocidade Incompatavel";"Colisao traseira";"Com Vatimas Feridas";"Pleno dia";"Decrescente";"Chuva";"Dupla";"Curva";"Nao";4;0;3;0;1;0;3;2;-18,832105;-48,249361;"SPRF-MG";"DEL15-MG";"UOP02-DEL15-MG"
572977;2024-01-06;"sabado";"16:45:00";"GO";20;79,8;"VILA BOA";"Transitar na contramao";"Colisao frontal";"Com Vatimas Feridas";"Pleno dia";"Crescente";"Chuva";"Simples";"Reta";"Nao";5;0;3;1;1;0;4;2;-15,097135;-47,110748;"SPRF-DF";"DEL02-DF";"UOP02-DEL02-DF"
572979;2024-01-06;"sabado";"16:45:00";"ES";101;267,9;"SERRA";"Ausancia de Reacao do condutor";"Colisao transversal";"Com Vatimas Feridas";"Pleno dia";"Crescente";"Nublado";"Maltipla";"Interseaao de Vias";"Sim";2;0;1;0;1;0;1;2;-20,19930999;-40,26884609;"SPRF-ES";"DEL02-ES";"UOP01-DEL02-ES"
572980;2024-01-06;"sabado";"16:40:00";"SC";101;203;"SAO JOSE";"Mal sabito do condutor";"Colisao traseira";"Com Vatimas Feridas";"Pleno dia";"Decrescente";"Ceu Claro";"Dupla";"Reta";"Sim";3;0;1;0;2;0;1;2;-27,5650044;-48,61460082;"SPRF-SC";"DEL01-SC";"UOP01-DEL01-SC"
572981;2024-01-06;"sabado";"16:30:00";"RS";116;216,1;"MORRO REUTER";"Reacao tardia ou ineficiente do condutor";"Colisao lateral mesmo sentido";"Com Vatimas Feridas";"Pleno dia";"Decrescente";"Ceu Claro";"Maltipla";"Reta";"Sim";4;0;0;1;3;0;1;2;-29,53755386;-51,07975245;"SPRF-RS";"DEL05-RS";"UOP02-DEL05-RS"
572982;2024-01-06;"sabado";"16:30:00";"MA";135;7;"SAO LUIS";"Acessar a via sem observar a presenca dos outros veiculos";"Colisao transversal";"Com Vatimas Feridas";"Pleno dia";"Crescente";"Ceu Claro";"Dupla";"Retorno Regulamentado";"Sim";3;0;1;0;2;0;1;2;-2,63608835;-44,26848552;"SPRF-MA";"DEL01-MA";"UOP01-DEL01-MA"
572984;2024-01-06;"sabado";"16:40:00";"SP";101;40;"UBATUBA";"Reacao tardia ou ineficiente do condutor";"Colisao traseira";"Sem Vatimas";"Pleno dia";"Crescente";"Ceu Claro";"Simples";"Reta";"Sim";2;0;0;0;2;0;0;2;-23,41821571;-45,03929549;"SPRF-SP";"DEL06-SP";"UOP01-DEL06-SP"
572985;2024-01-06;"sabado";"15:30:00";"PR";369;178;"ARAPONGAS";"Transitar na contramao";"Colisao frontal";"Com Vatimas Feridas";"Pleno dia";"Decrescente";"Ceu Claro";"Dupla";"Reta";"Sim";3;0;2;0;1;0;2;3;-23,35511455;-51,39255805;"SPRF-PR";"DEL07-PR";"UOP01-DEL07-PR"
572986;2024-01-06;"sabado";"16:32:00";"PA";10;323;"SAO MIGUEL DO GUAMA";"Transitar na contramao";"Colisao frontal";"Com Vatimas Feridas";"Anoitecer";"Crescente";"Ceu Claro";"Simples";"Reta";"Nao";2;0;0;1;1;0;1;2;-1,61088202;-47,48281005;"SPRF-PA";"DEL01-PA";"UOP02-DEL01-PA"
572987;2024-01-06;"sabado";"16:30:00";"SC";101;136;"BALNEARIO CAMBORIU";"Manobra de mudanaa de faixa";"Colisao lateral mesmo sentido";"Com Vatimas Feridas";"Pleno dia";"Crescente";"Nublado";"Maltipla";"Curva";"Sim";1;0;1;0;0;0;1;1;-27,008113;-48,617245;"SPRF-SC";"DEL04-SC";"UOP03-DEL04-SC"
572988;2024-01-06;"sabado";"16:45:00";"MG";50;59;"UBERLANDIA";"Ausancia de Reacao do condutor";"Colisao traseira";"Com Vatimas Feridas";"Pleno dia";"Decrescente";"Chuva";"Dupla";"Declive";"Nao";6;0;2;0;3;1;2;3;-18,809104;-48,244005;"SPRF-MG";"DEL15-MG";"UOP02-DEL15-MG"
572991;2024-01-06;"sabado";"17:30:00";"GO";60;89,9;"ANAPOLIS";"Ingestao de alcool pelo condutor";"Colisao com objeto";"Com Vatimas Feridas";"Pleno dia";"Decrescente";"Ceu Claro";"Dupla";"Interseaao de Vias";"Sim";1;0;1;0;0;0;1;1;-16,3367;-48,8957;"SPRF-GO";"DEL02-GO";"UOP01-DEL02-GO"
572992;2024-01-06;"sabado";"17:40:00";"CE";116;3;"FORTALEZA";"Acessar a via sem observar a presenca dos outros veiculos";"Colisao lateral mesmo sentido";"Com Vatimas Feridas";"Anoitecer";"Crescente";"Ceu Claro";"Dupla";"Reta";"Sim";2;0;1;0;1;0;1;2;-3,77866493;-38,51490171;"SPRF-CE";"DEL01-CE";"UOP02-DEL01-CE"
572994;2024-01-06;"sabado";"17:46:00";"DF";20;22,4;"BRASILIA";"Acumulo de agua sobre o pavimento";"Saida de leito carrocavel";"Com Vatimas Feridas";"Anoitecer";"Decrescente";"Chuva";"Dupla";"Declive";"Nao";5;0;3;0;2;0;3;1;-15,59834;-47,676186;"SPRF-DF";"DEL02-DF";"UOP01-DEL02-DF"
572995;2024-01-06;"sabado";"17:20:00";"MG";365;626;"UBERLANDIA";"Velocidade Incompatavel";"Colisao com objeto";"Com Vatimas Feridas";"Pleno dia";"Decrescente";"Chuva";"Dupla";"Curva";"Sim";1;0;1;0;0;0;1;1;-18,90659356;-48,33469405;"SPRF-MG";"DEL15-MG";"UOP01-DEL15-MG"
572996;2024-01-06;"sabado";"17:50:00";"SP";116;497,9;"CAJATI";"Reacao tardia ou ineficiente do condutor";"Colisao lateral mesmo sentido";"Com Vatimas Feridas";"Anoitecer";"Crescente";"Ceu Claro";"Dupla";"Retorno Regulamentado;Reta    ";"Nao";2;0;1;0;1;0;1;2;-24,77566399;-48,17082817;"SPRF-SP";"DEL05-SP";"UOP02-DEL05-SP"
572998;2024-01-06;"sabado";"17:45:00";"SC";101;133;"BALNEARIO CAMBORIU";"Transitar na contramao";"Colisao frontal";"Com Vatimas Feridas";"Pleno dia";"Decrescente";"Ceu Claro";"Simples";"Reta";"Sim";2;0;0;1;1;0;1;2;-26,99936;-48,64609;"SPRF-SC";"DEL04-SC";"UOP03-DEL04-SC"
572999;2024-01-06;"sabado";"17:20:00";"RJ";393;171;"TRES RIOS";"Ultrapassagem Indevida";"Colisao lateral mesmo sentido";"Com Vatimas Feridas";"Pleno dia";"Crescente";"Ceu Claro";"Simples";"Reta";"Nao";2;0;1;0;1;0;1;2;-22,12300119;-43,16875093;"SPRF-RJ";"DEL05-RJ";"UOP03-DEL05-RJ"
573001;2024-01-06;"sabado";"18:30:00";"RS";290;26,8;"SANTO ANTONIO DA PATRULHA";"Demais falhas mecanicas ou elatricas";"Queda de ocupante de veiculo";"Com Vatimas Feridas";"Anoitecer";"Decrescente";"Ceu Claro";"Maltipla";"Reta";"Nao";2;0;2;0;0;0;2;1;-29,8803182;-50,51108122;"SPRF-RS";"DEL03-RS";"UOP01-DEL03-RS"
573002;2024-01-06;"sabado";"18:00:00";"PE";101;75;"RECIFE";"Reacao tardia ou ineficiente do condutor";"Engavetamento";"Sem Vatimas";"Plena Noite";"Decrescente";"Ceu Claro";"Dupla";"Reta";"Sim";4;0;0;0;3;1;0;4;-8,115289;-34,944327;"SPRF-PE";"DEL01-PE";"UOP01-DEL01-PE"
573006;2024-01-06;"sabado";"19:21:00";"DF";20;21;"BRASILIA";"Chuva";"Colisao traseira";"Com Vatimas Feridas";"Plena Noite";"Crescente";"Chuva";"Dupla";"Reta";"Sim";5;0;2;0;3;0;2;2;-15,603384;-47,684692;"SPRF-DF";"DEL02-DF";"UOP01-DEL02-DF"
573007;2024-01-06;"sabado";"19:00:00";"SC";101;116,9;"ITAJAI";"Ausancia de Reacao do condutor";"Tombamento";"Com Vatimas Feridas";"Plena Noite";"Decrescente";"Nublado";"Dupla";"Reta";"Nao";1;0;0;1;0;0;1;1;-26,87905605;-48,72603512;"SPRF-SC";"DEL04-SC";"UOP04-DEL04-SC"
573011;2024-01-06;"sabado";"19:25:00";"PE";407;124;"PETROLINA";"Pedestre cruzava a pista fora da faixa";"Atropelamento de Pedestre";"Com Vatimas Feridas";"Plena Noite";"Decrescente";"Ceu Claro";"Dupla";"Retorno Regulamentado;Reta    ";"Sim";2;0;0;1;1;0;1;2;-9,36929881;-40,54137139;"SPRF-PE";"DEL06-PE";"UOP01-DEL06-PE"
573012;2024-01-06;"sabado";"20:10:00";"PI";316;313;"PICOS";"Ausancia de Reacao do condutor";"Colisao transversal";"Sem Vatimas";"Plena Noite";"Decrescente";"Ceu Claro";"Simples";"Reta";"Sim";1;0;0;0;1;0;0;1;-7,07959049;-41,44975182;"SPRF-PI";"DEL04-PI";"UOP01-DEL04-PI"
573013;2024-01-06;"sabado";"19:40:00";"PR";376;168,6;"MARINGA";"Velocidade Incompatavel";"Capotamento";"Com Vatimas Feridas";"Plena Noite";"Crescente";"Ceu Claro";"Dupla";"Reta;Aclive                   ";"Nao";4;0;4;0;0;0;4;1;-23,409788;-51,987453;"SPRF-PR";"DEL09-PR";"UOP01-DEL09-PR"
573014;2024-01-06;"sabado";"19:45:00";"SC";282;16,3;"PALHOCA";"Acessar a via sem observar a presenca dos outros veiculos";"Colisao transversal";"Com Vatimas Feridas";"Plena Noite";"Decrescente";"Nublado";"Simples";"Reta;Interseaao de Vias       ";"Sim";2;0;1;0;1;0;1;2;-27,658611;-48,681847;"SPRF-SC";"DEL01-SC";"UOP02-DEL01-SC"
573015;2024-01-06;"sabado";"18:45:00";"RS";285;297,7;"PASSO FUNDO";"Acessar a via sem observar a presenca dos outros veiculos";"Colisao com objeto";"Sem Vatimas";"Pleno dia";"Decrescente";"Ceu Claro";"Simples";"Interseaao de Vias";"Nao";3;0;0;0;3;0;0;2;-28,235136;-52,413391;"SPRF-RS";"DEL08-RS";"UOP03-DEL08-RS"
573016;2024-01-06;"sabado";"18:30:00";"MA";135;111;"MIRANDA DO NORTE";"Manobra de mudanaa de faixa";"Colisao frontal";"Com Vatimas Feridas";"Anoitecer";"Crescente";"Ignorado";"Simples";"Reta;Declive                  ";"Nao";2;0;0;1;0;1;1;2;-3,44372711;-44,52377369;"SPRF-MA";"DEL01-MA";"UOP02-DEL01-MA"
573017;2024-01-06;"sabado";"20:20:00";"RJ";393;280;"BARRA DO PIRAI";"Acessar a via sem observar a presenca dos outros veiculos";"Colisao frontal";"Com Vatimas Feridas";"Plena Noite";"Crescente";"Ceu Claro";"Simples";"Reta";"Sim";2;0;1;0;1;0;1;2;-22,47750785;-44,01954402;"SPRF-RJ";"DEL05-RJ";"UOP04-DEL05-RJ"
573018;2024-01-06;"sabado";"20:18:00";"MG";381;529;"BRUMADINHO";"Demais falhas mecanicas ou elatricas";"Incendio";"Sem Vatimas";"Plena Noite";"Crescente";"Nublado";"Dupla";"Curva";"Nao";1;0;0;0;1;0;0;1;-20,16619722;-44,36914378;"SPRF-MG";"DEL04-MG";"UOP03-DEL04-MG"
573019;2024-01-06;"sabado";"20:45:00";"RS";472;180,8;"SANTO CRISTO";"Ingestao de alcool pelo condutor";"Colisao frontal";"Com Vatimas Feridas";"Plena Noite";"Crescente";"Ceu Claro";"Simples";"Aclive;Curva                  ";"Nao";4;0;4;0;0;0;4;2;-27,838514;-54,566691;"SPRF-RS";"DEL10-RS";"UOP01-DEL10-RS"
573022;2024-01-06;"sabado";"19:45:00";"RJ";356;72;"ITALVA";"Mal sabito do condutor";"Queda de ocupante de veiculo";"Com Vatimas Feridas";"Plena Noite";"Crescente";"Ceu Claro";"Simples";"Reta";"Sim";1;0;0;1;0;0;1;1;-21,39690599;-41,69222213;"SPRF-RJ";"DEL08-RJ";"UOP03-DEL08-RJ"
573025;2024-01-06;"sabado";"21:00:00";"MG";381;488,5;"BETIM";"Demais falhas mecanicas ou elatricas";"Tombamento";"Com Vatimas Feridas";"Plena Noite";"Crescente";"Nublado";"Dupla";"Reta";"Nao";2;0;2;0;0;0;2;1;-19,95626218;-44,12778068;"SPRF-MG";"DEL01-MG";"UOP03-DEL01-MG"
573026;2024-01-06;"sabado";"20:45:00";"PR";277;596;"CASCAVEL";"Acessar a via sem observar a presenca dos outros veiculos";"Colisao transversal";"Com Vatimas Feridas";"Plena Noite";"Crescente";"Ceu Claro";"Simples";"Reta;Interseaao de Vias       ";"Sim";2;0;1;0;1;0;1;2;-24,98837665;-53,50778641;"SPRF-PR";"DEL04-PR";"UOP01-DEL04-PR"
573027;2024-01-06;"sabado";"18:25:00";"RO";364;424;"JARU";"Acessar a via sem observar a presenca dos outros veiculos";"Colisao lateral mesmo sentido";"Com Vatimas Feridas";"Anoitecer";"Crescente";"Ceu Claro";"Simples";"Reta";"Sim";3;0;1;0;2;0;1;2;-10,44457274;-62,46568412;"SPRF-RO";"DEL03-RO";"UOP02-DEL03-RO"
573029;2024-01-06;"sabado";"21:00:00";"SC";101;210;"SAO JOSE";"Ausancia de Reacao do condutor";"Tombamento";"Com Vatimas Feridas";"Plena Noite";"Decrescente";"Garoa/Chuvisco";"Maltipla";"Reta";"Sim";1;0;1;0;0;0;1;1;-27,6167305;-48,6457265;"SPRF-SC";"DEL01-SC";"UOP01-DEL01-SC"
573030;2024-01-06;"sabado";"21:10:00";"PA";230;647;"ALTAMIRA";"Iluminaaao deficiente";"Colisao traseira";"Com Vatimas Feridas";"Plena Noite";"Decrescente";"Ceu Claro";"Simples";"Declive;Reta                  ";"Sim";2;0;1;0;0;1;1;2;-3,22320618;-52,25794799;"SPRF-PA";"DEL04-PA";"UOP01-DEL04-PA"
573031;2024-01-06;"sabado";"19:10:00";"PR";163;8,7;"BARRACAO";"Condutor deixou de manter distancia do veiculo da frente";"Colisao traseira";"Sem Vatimas";"Pleno dia";"Crescente";"Sol";"Simples";"Reta";"Sim";2;0;0;0;2;0;0;2;-26,255687;-53,630241;"SPRF-PR";"DEL02-PR";"UOP02-DEL02-PR"
573034;2024-01-06;"sabado";"22:00:00";"RN";304;114,6;"ACU";"Animais na Pista";"Atropelamento de Animal";"Com Vatimas Feridas";"Plena Noite";"Crescente";"Ceu Claro";"Simples";"Reta";"Nao";3;0;1;2;0;0;3;3;-5,60985893;-36,90493696;"SPRF-RN";"DEL04-RN";"UOP01-DEL04-RN"
573035;2024-01-06;"sabado";"21:50:00";"RJ";116;169;"RIO DE JANEIRO";"Iluminaaao deficiente";"Colisao com objeto";"Sem Vatimas";"Plena Noite";"Crescente";"Nublado";"Maltipla";"Reta";"Sim";3;0;0;0;3;0;0;1;-22,816206;-43,324463;"SPRF-RJ";"DEL06-RJ";"UOP01-DEL06-RJ"
573036;2024-01-06;"sabado";"16:50:00";"PA";316;100;"SANTA MARIA DO PARA";"Ausancia de Reacao do condutor";"Colisao traseira";"Com Vatimas Feridas";"Pleno dia";"Decrescente";"Ceu Claro";"Simples";"Reta";"Nao";2;0;1;0;1;0;1;2;-1,33498375;-47,60407895;"SPRF-PA";"DEL01-PA";"UOP02-DEL01-PA"
573040;2024-01-06;"sabado";"21:20:00";"PR";277;589,2;"CASCAVEL";"Condutor deixou de manter distancia do veiculo da frente";"Colisao traseira";"Com Vatimas Feridas";"Plena Noite";"Crescente";"Ceu Claro";"Simples";"Aclive;Reta                   ";"Sim";3;0;2;0;1;0;2;2;-24,97777319;-53,44688591;"SPRF-PR";"DEL04-PR";"UOP01-DEL04-PR"
573041;2024-01-06;"sabado";"21:00:00";"MG";116;411,8;"GOVERNADOR VALADARES";"Velocidade Incompatavel";"Colisao traseira";"Com Vatimas Feridas";"Plena Noite";"Crescente";"Ignorado";"Dupla";"Reta;Viaduto                  ";"Nao";3;0;0;2;0;1;2;2;-18,87395368;-41,9666221;"SPRF-MG";"DEL06-MG";"UOP01-DEL06-MG"
573043;2024-01-06;"sabado";"18:00:00";"GO";364;113,8;"APARECIDA DO RIO DOCE";"Acessar a via sem observar a presenca dos outros veiculos";"Colisao transversal";"Com Vatimas Feridas";"Plena Noite";"Decrescente";"Ceu Claro";"Simples";"Reta";"Sim";2;0;0;1;0;1;1;2;-18,307617;-51,143929;"SPRF-GO";"DEL05-GO";"UOP02-DEL05-GO"
573044;2024-01-06;"sabado";"21:30:00";"MA";135;8;"SAO LUIS";"Animais na Pista";"Atropelamento de Animal";"Com Vatimas Feridas";"Plena Noite";"Crescente";"Ceu Claro";"Dupla";"Reta";"Sim";1;0;1;0;0;0;1;1;-2,64342093;-44,27374175;"SPRF-MA";"DEL01-MA";"UOP01-DEL01-MA"
573045;2024-01-06;"sabado";"21:45:00";"RS";392;348,1;"SANTA MARIA";"Acessar a via sem observar a presenca dos outros veiculos";"Colisao transversal";"Com Vatimas Feridas";"Plena Noite";"Decrescente";"Nublado";"Simples";"Aclive;Reta                   ";"Sim";4;0;2;0;2;0;2;2;-29,756937;-53,788302;"SPRF-RS";"DEL09-RS";"UOP01-DEL09-RS"
573048;2024-01-06;"sabado";"21:40:00";"CE";116;172,1;"RUSSAS";"Animais na Pista";"Atropelamento de Animal";"Com Vatimas Feridas";"Plena Noite";"Decrescente";"Ceu Claro";"Simples";"Reta";"Nao";2;0;1;1;0;0;2;1;-4,9974291;-38,04117988;"SPRF-CE";"DEL03-CE";"UOP01-DEL03-CE"
573049;2024-01-06;"sabado";"22:30:00";"BA";415;19,4;"ILHEUS";"Transitar no Acostamento";"Atropelamento de Pedestre";"Com Vatimas Fatais";"Plena Noite";"Crescente";"Ceu Claro";"Simples";"Reta";"Nao";2;1;0;0;0;1;0;2;-14,8482;-39,281986;"SPRF-BA";"DEL05-BA";"UOP01-DEL05-BA"
573050;2024-01-06;"sabado";"22:30:00";"SP";116;228;"SAO PAULO";"Mal sabito do condutor";"Colisao com objeto";"Com Vatimas Feridas";"Plena Noite";"Decrescente";"Nublado";"Maltipla";"Reta";"Nao";1;0;1;0;0;0;1;1;-23,50343484;-46,56638712;"SPRF-SP";"DEL01-SP";"UOP01-DEL01-SP"
573052;2024-01-06;"sabado";"23:25:00";"RJ";116;142;"DUQUE DE CAXIAS";"Ingestao de alcool pelo condutor";"Saida de leito carrocavel";"Com Vatimas Feridas";"Plena Noite";"Decrescente";"Garoa/Chuvisco";"Dupla";"Reta";"Sim";1;0;1;0;0;0;1;1;-22,64876087;-43,23031638;"SPRF-RJ";"DEL01-RJ";"UOP02-DEL01-RJ"
573054;2024-01-06;"sabado";"20:00:00";"RS";392;350;"SANTA MARIA";"Reacao tardia ou ineficiente do condutor";"Colisao transversal";"Com Vatimas Feridas";"Plena Noite";"Decrescente";"Ceu Claro";"Dupla";"Declive;Reta                  ";"Nao";3;0;1;0;0;2;1;3;-29,73610908;-53,79788213;"SPRF-RS";"DEL09-RS";"UOP01-DEL09-RS"
573055;2024-01-06;"sabado";"23:47:00";"PB";230;10;"CABEDELO";"Iluminaaao deficiente";"Colisao com objeto";"Com Vatimas Feridas";"Plena Noite";"Crescente";"Ceu Claro";"Dupla";"Reta";"Sim";1;0;1;0;0;0;1;1;-7,0514;-34,8499;"SPRF-PB";"DEL01-PB";"UOP01-DEL01-PB"
573057;2024-01-06;"sabado";"23:30:00";"SC";101;103;"BALNEARIO PICARRAS";"Manobra de mudanaa de faixa";"Colisao traseira";"Com Vatimas Feridas";"Plena Noite";"Crescente";"Garoa/Chuvisco";"Dupla";"Reta";"Nao";4;0;2;0;2;0;2;2;-26,7832381;-48,68314632;"SPRF-SC";"DEL03-SC";"UOP02-DEL03-SC"
573059;2024-01-06;"sabado";"20:30:00";"MT";364;198;"RONDONOPOLIS";"Reacao tardia ou ineficiente do condutor";"Saida de leito carrocavel";"Com Vatimas Feridas";"Plena Noite";"Decrescente";"Ceu Claro";"Dupla";"Retorno Regulamentado";"Sim";3;0;1;0;1;1;1;1;-16,50621198;-54,62294799;"SPRF-MT";"DEL02-MT";"UOP01-DEL02-MT"
573060;2024-01-06;"sabado";"23:45:00";"PE";428;188;"PETROLINA";"Manobra de mudanaa de faixa";"Colisao lateral mesmo sentido";"Com Vatimas Feridas";"Plena Noite";"Decrescente";"Ceu Claro";"Dupla";"Rotataria";"Sim";3;0;2;0;0;1;2;2;-9,36400596;-40,48266808;"SPRF-PE";"DEL06-PE";"UOP01-DEL06-PE"
573061;2024-01-06;"sabado";"23:10:00";"PI";343;254,2;"CAMPO MAIOR";"Animais na Pista";"Queda de ocupante de veiculo";"Com Vatimas Feridas";"Plena Noite";"Decrescente";"Ceu Claro";"Simples";"Reta";"Nao";2;0;1;0;1;0;1;1;-4,77180215;-42,11327121;"SPRF-PI";"DEL01-PI";"UOP03-DEL01-PI"
573063;2024-01-06;"sabado";"23:30:00";"MS";463;63;"PONTA PORA";"Ingestao de alcool pelo condutor";"Colisao com objeto";"Sem Vatimas";"Plena Noite";"Decrescente";"Ceu Claro";"Simples";"Reta";"Nao";1;0;0;0;1;0;0;1;-22,41977737;-55,35147067;"SPRF-MS";"DEL04-MS";"UOP03-DEL04-MS"
573064;2024-01-06;"sabado";"20:00:00";"BA";101;828;"ITAMARAJU";"Ausancia de Reacao do condutor";"Saida de leito carrocavel";"Com Vatimas Feridas";"Plena Noite";"Decrescente";"Ceu Claro";"Simples";"Curva";"Nao";1;0;1;0;0;0;1;1;-17,16135173;-39,57395631;"SPRF-BA";"DEL09-BA";"UOP02-DEL09-BA"
573065;2024-01-07;"domingo";"00:40:00";"PR";277;70;"SAO JOSE DOS PINHAIS";"Ausancia de Reacao do condutor";"Colisao com objeto";"Com Vatimas Feridas";"Plena Noite";"Crescente";"Ceu Claro";"Dupla";"Reta";"Nao";5;0;5;0;0;0;5;1;-25,51219323;-49,12599251;"SPRF-PR";"DEL01-PR";"UOP01-DEL01-PR"
573066;2024-01-07;"domingo";"00:30:00";"SP";381;87;"SAO PAULO";"Condutor deixou de manter distancia do veiculo da frente";"Colisao traseira";"Com Vatimas Feridas";"Plena Noite";"Decrescente";"Ceu Claro";"Maltipla";"Curva";"Nao";2;0;1;0;1;0;1;2;-23,46885001;-46,56996601;"SPRF-SP";"DEL03-SP";"UOP01-DEL03-SP"
573067;2024-01-06;"sabado";"23:50:00";"DF";80;21,3;"BRASILIA";"Pedestre andava na pista";"Atropelamento de Pedestre";"Com Vatimas Feridas";"Plena Noite";"Crescente";"Chuva";"Dupla";"Reta";"Sim";2;0;0;1;1;0;1;2;-15,658299;-48,20282;"SPRF-DF";"DEL03-DF";"UOP02-DEL03-DF"
573068;2024-01-07;"domingo";"00:15:00";"GO";60;222;"CEZARINA";"Demais falhas mecanicas ou elatricas";"Incendio";"Sem Vatimas";"Plena Noite";"Crescente";"Ceu Claro";"Dupla";"Reta;Declive                  ";"Nao";1;0;0;0;1;0;0;1;-16,9927;-49,7616;"SPRF-GO";"DEL01-GO";"UOP02-DEL01-GO"
573070;2024-01-07;"domingo";"01:25:00";"RS";290;721,2;"URUGUAIANA";"Reacao tardia ou ineficiente do condutor";"Colisao traseira";"Com Vatimas Feridas";"Plena Noite";"Decrescente";"Ceu Claro";"Dupla";"Rotataria;Interseaao de Vias  ";"Sim";4;0;1;0;3;0;1;1;-29,758587;-57,060295;"SPRF-RS";"DEL13-RS";"UOP01-DEL13-RS"
573071;2024-01-07;"domingo";"01:00:00";"RJ";101;484,8;"ANGRA DOS REIS";"Frear bruscamente";"Colisao traseira";"Com Vatimas Feridas";"Plena Noite";"Crescente";"Nublado";"Simples";"Reta";"Sim";2;0;1;0;1;0;1;2;-22,99096308;-44,30429882;"SPRF-RJ";"DEL03-RJ";"UOP03-DEL03-RJ"
573072;2024-01-07;"domingo";"00:15:00";"SP";101;48;"UBATUBA";"Acessar a via sem observar a presenca dos outros veiculos";"Colisao transversal";"Com Vatimas Feridas";"Plena Noite";"Crescente";"Ceu Claro";"Dupla";"Reta";"Sim";2;0;2;0;0;0;2;2;-23,43696329;-45,08768768;"SPRF-SP";"DEL06-SP";"UOP01-DEL06-SP"
573074;2024-01-07;"domingo";"01:00:00";"PA";10;17,3;"DOM ELISEU";"Acesso irregular";"Colisao transversal";"Com Vatimas Feridas";"Plena Noite";"Decrescente";"Chuva";"Simples";"Reta";"Nao";2;0;0;2;0;0;2;2;-4,30201297;-47,55571979;"SPRF-PA";"DEL02-PA";"UOP02-DEL02-PA"