"id";"data_inversa";"dia_semana";"horario";"uf";"br";"km";"municipio";"causa_acidente";"tipo_acidente";"classificacao_acidente";"fase_dia";"sentido_via";"condicao_metereologica";"tipo_pista";"tracado_via";"uso_solo";"pessoas";"mortos";"feridos_leves";"feridos_graves";"ilesos";"ignorados";"feridos";"veiculos";"latitude";"longitude";"regional";"delegacia";"uop"
573174;2024-01-07;"domingo";"14:00:00";"RS";290;180,5;"MINAS DO LEAO";"Acessar a via sem observar a presenca dos outros veiculos";"Colisao transversal";"Com Vatimas Feridas";"Pleno dia";"Decrescente";"Sol";"Simples";"Reta";"Sim";2;0;1;0;1;0;1;2;-30,1405995;-52,02588558;"SPRF-RS";"DEL02-RS";"UOP03-DEL02-RS"
573175;2024-01-07;"domingo";"15:10:00";"SC";101;200;"SAO JOSE";"Transitar na contramao";"Colisao transversal";"Com Vatimas Feridas";"Pleno dia";"Crescente";"Ceu Claro";"Maltipla";"Reta";"Sim";2;0;1;0;1;0;1;2;-27,54018513;-48,62287714;"SPRF-SC";"DEL01-SC";"UOP01-DEL01-SC"
573176;2024-01-07;"domingo";"09:30:00";"MT";163;668;"LUCAS DO RIO VERDE";"Condutor deixou de manter distancia do veiculo da frente";"Engavetamento";"Com Vatimas Feridas";"Pleno dia";"Decrescente";"Ceu Claro";"Simples";"Reta";"Nao";6;0;1;0;5;0;1;4;-13,09346797;-55,94543506;"SPRF-MT";"DEL06-MT";"UOP01-DEL06-MT"
573177;2024-01-07;"domingo";"15:30:00";"RN";101;75,9;"NATAL";"Avarias e/ou desgaste excessivo no pneu";"Colisao com objeto";"Sem Vatimas";"Pleno dia";"Decrescente";"Ceu Claro";"Dupla";"Reta;Em Obras                 ";"Sim";1;0;0;0;0;1;0;1;-5,721906;-35,27672;"SPRF-RN";"DEL02-RN";"UOP01-DEL02-RN"
573178;2024-01-07;"domingo";"14:30:00";"SP";116;99;"PINDAMONHANGABA";"Reacao tardia ou ineficiente do condutor";"Engavetamento";"Com Vatimas Feridas";"Pleno dia";"Crescente";"Ceu Claro";"Dupla";"Reta";"Nao";6;0;2;1;3;0;3;3;-22,98236971;-45,46436617;"SPRF-SP";"DEL08-SP";"UOP01-DEL08-SP"
573179;2024-01-07;"domingo";"14:00:00";"RJ";40;114;"DUQUE DE CAXIAS";"Mal sabito do condutor";"Colisao traseira";"Com Vatimas Feridas";"Pleno dia";"Crescente";"Ceu Claro";"Dupla";"Reta";"Sim";2;0;2;0;0;0;2;2;-22,71853604;-43,28993324;"SPRF-RJ";"DEL01-RJ";"UOP02-DEL01-RJ"
573180;2024-01-07;"domingo";"15:47:00";"ES";101;299,1;"VIANA";"Pedestre - Ingestao de alcool/ substancias psicoativas";"Atropelamento de Pedestre";"Com Vatimas Feridas";"Pleno dia";"Crescente";"Nublado";"Dupla";"Curva";"Sim";2;0;1;1;0;0;2;2;-20,35860628;-40,42327504;"SPRF-ES";"DEL01-ES";"UOP01-DEL01-ES"
573182;2024-01-07;"domingo";"13:50:00";"RJ";116;130;"MAGE";"Reacao tardia ou ineficiente do condutor";"Queda de ocupante de veiculo";"Com Vatimas Feridas";"Pleno dia";"Crescente";"Ceu Claro";"Dupla";"Curva";"Nao";2;0;1;1;0;0;2;1;-22,66320496;-43,11601639;"SPRF-RJ";"DEL04-RJ";"UOP02-DEL04-RJ"
573183;2024-01-07;"domingo";"15:30:00";"PR";376;4,3;"MANDAGUARI";"Ultrapassagem Indevida";"Colisao lateral mesmo sentido";"Sem Vatimas";"Pleno dia";"Decrescente";"Sol";"Simples";"Interseaao de Vias";"Sim";2;0;0;0;1;1;0;2;-23,519254;-51,680633;"SPRF-PR";"DEL09-PR";"UOP01-DEL09-PR"
573184;2024-01-07;"domingo";"16:35:00";"RS";116;256;"ESTEIO";"Ausancia de Reacao do condutor";"Colisao lateral mesmo sentido";"Com Vatimas Feridas";"Pleno dia";"Decrescente";"Ceu Claro";"Maltipla";"Interseaao de Vias";"Sim";3;0;1;0;2;0;1;2;-29,84393699;-51,17728603;"SPRF-RS";"DEL01-RS";"UOP02-DEL01-RS"
573185;2024-01-07;"domingo";"15:23:00";"SC";101;83,5;"BARRA VELHA";"Acessar a via sem observar a presenca dos outros veiculos";"Colisao lateral mesmo sentido";"Com Vatimas Feridas";"Pleno dia";"Crescente";"Ceu Claro";"Dupla";"Interseaao de Vias;Reta       ";"Nao";3;0;0;1;1;1;1;3;-26,624381;-48,713557;"SPRF-SC";"DEL03-SC";"UOP02-DEL03-SC"
573186;2024-01-07;"domingo";"14:34:00";"RO";364;303,1;"PRESIDENTE MEDICI";"Ultrapassagem Indevida";"Colisao frontal";"Com Vatimas Feridas";"Pleno dia";"Crescente";"Sol";"Simples";"Aclive;Reta                   ";"Nao";3;0;1;1;0;1;2;3;-11,217592;-61,90172;"SPRF-RO";"DEL02-RO";"UOP01-DEL02-RO"
573187;2024-01-07;"domingo";"14:10:00";"PE";423;177;"AGUAS BELAS";"Demais falhas na via";"Queda de ocupante de veiculo";"Com Vatimas Feridas";"Pleno dia";"Crescente";"Ceu Claro";"Simples";"Reta";"Nao";1;0;0;1;0;0;1;1;-9,13016345;-37,11460498;"SPRF-AL";"DEL03-AL";"UOP02-DEL03-AL"
573188;2024-01-07;"domingo";"15:40:00";"SC";101;17,6;"JOINVILLE";"Reacao tardia ou ineficiente do condutor";"Colisao traseira";"Sem Vatimas";"Pleno dia";"Decrescente";"Ceu Claro";"Dupla";"Reta";"Nao";2;0;0;0;2;0;0;2;-26,12141519;-48,88262078;"SPRF-SC";"DEL03-SC";"UOP01-DEL03-SC"
573189;2024-01-07;"domingo";"15:40:00";"MG";116;746;"LEOPOLDINA";"Velocidade Incompatavel";"Colisao lateral sentido oposto";"Com Vatimas Feridas";"Pleno dia";"Crescente";"Ceu Claro";"Simples";"Curva";"Nao";4;0;2;1;1;0;3;2;-21,43533637;-42,521552;"SPRF-MG";"DEL07-MG";"UOP01-DEL07-MG"
573190;2024-01-07;"domingo";"16:55:00";"MG";381;568,5;"ITAGUARA";"Chuva";"Saida de leito carrocavel";"Com Vatimas Feridas";"Pleno dia";"Crescente";"Chuva";"Dupla";"Curva";"Nao";2;0;1;0;1;0;1;1;-20,42649228;-44,54458383;"SPRF-MG";"DEL04-MG";"UOP03-DEL04-MG"
573191;2024-01-07;"domingo";"17:00:00";"BA";101;35;"ESPLANADA";"Manobra de mudanaa de faixa";"Colisao frontal";"Com Vatimas Fatais";"Pleno dia";"Decrescente";"Ceu Claro";"Simples";"Curva";"Nao";9;1;4;4;0;0;8;2;-11,81933048;-37,97719212;"SPRF-SE";"DEL02-SE";"UOP03-DEL02-SE"
573193;2024-01-07;"domingo";"16:35:00";"MA";10;250;"IMPERATRIZ";"Manobra de mudanaa de faixa";"Colisao lateral mesmo sentido";"Sem Vatimas";"Pleno dia";"Crescente";"Ceu Claro";"Simples";"Interseaao de Vias;Reta       ";"Sim";3;0;0;0;2;1;0;2;-5,550874;-47,459305;"SPRF-MA";"DEL04-MA";"UOP01-DEL04-MA"
573196;2024-01-07;"domingo";"17:35:00";"PE";232;58;"POMBOS";"Ausancia de Reacao do condutor";"Colisao com objeto";"Com Vatimas Feridas";"Pleno dia";"Crescente";"Ceu Claro";"Dupla";"Aclive;Reta                   ";"Sim";1;0;0;1;0;0;1;1;-8,14462866;-35,39034714;"SPRF-PE";"DEL02-PE";"UOP02-DEL02PE"
573197;2024-01-07;"domingo";"16:00:00";"MG";381;657,8;"SANTO ANTONIO DO AMPARO";"Transitar no Acostamento";"Atropelamento de Pedestre";"Com Vatimas Feridas";"Pleno dia";"Decrescente";"Ceu Claro";"Dupla";"Reta";"Nao";2;0;1;0;1;0;1;2;-21,01108617;-44,98405087;"SPRF-MG";"DEL04-MG";"UOP02-DEL04-MG"
573198;2024-01-07;"domingo";"16:50:00";"RS";293;157;"HULHA NEGRA";"Retorno proibido";"Colisao lateral mesmo sentido";"Com Vatimas Feridas";"Pleno dia";"Decrescente";"Nublado";"Simples";"Aclive;Curva                  ";"Nao";3;0;1;0;2;0;1;2;-31,39090825;-53,83969404;"SPRF-RS";"DEL11-RS";"UOP03-DEL11-RS"
573199;2024-01-07;"domingo";"16:13:00";"AC";364;135;"RIO BRANCO";"Condutor deixou de manter distancia do veiculo da frente";"Colisao traseira";"Com Vatimas Feridas";"Pleno dia";"Crescente";"Ceu Claro";"Dupla";"Reta";"Sim";2;0;2;0;0;0;2;2;-9,98588117;-67,84523538;"SPRF-AC";"DEL01-AC";"UOP01-DEL01-AC"
573200;2024-01-07;"domingo";"17:30:00";"SP";116;154;"SAO JOSE DOS CAMPOS";"Ausancia de Reacao do condutor";"Engavetamento";"Com Vatimas Feridas";"Pleno dia";"Crescente";"Nublado";"Dupla";"Reta";"Sim";5;0;1;0;4;0;1;4;-23,23903999;-45,92061901;"SPRF-SP";"DEL02-SP";"UOP01-DEL02-SP"
573201;2024-01-07;"domingo";"17:50:00";"SP";381;67;"MAIRIPORA";"Ingestao de alcool pelo condutor";"Colisao traseira";"Sem Vatimas";"Pleno dia";"Decrescente";"Ceu Claro";"Dupla";"Reta";"Nao";4;0;0;0;4;0;0;2;-23,33226094;-46,57675379;"SPRF-SP";"DEL03-SP";"UOP01-DEL03-SP"
573202;2024-01-07;"domingo";"11:30:00";"PA";222;118,5;"RONDON DO PARA";"Acumulo de agua sobre o pavimento";"Saida de leito carrocavel";"Com Vatimas Feridas";"Pleno dia";"Decrescente";"Chuva";"Simples";"Aclive;Reta                   ";"Nao";2;0;2;0;0;0;2;1;-4,827045;-48,172356;"SPRF-PA";"DEL02-PA";"UOP02-DEL02-PA"
573203;2024-01-07;"domingo";"06:15:00";"PB";101;86,1;"BAYEUX";"Condutor deixou de manter distancia do veiculo da frente";"Colisao lateral mesmo sentido";"Com Vatimas Feridas";"Pleno dia";"Decrescente";"Ceu Claro";"Dupla";"Declive;Curva                 ";"Sim";2;0;1;0;1;0;1;2;-7,15118983;-34,91012184;"SPRF-PB";"DEL01-PB";"UOP01-DEL01-PB"
573204;2024-01-07;"domingo";"18:45:00";"ES";101;266,3;"SERRA";"Condutor desrespeitou a iluminaaao vermelha do semaforo";"Colisao transversal";"Com Vatimas Feridas";"Plena Noite";"Decrescente";"Ceu Claro";"Maltipla";"Reta";"Sim";3;0;0;1;2;0;1;2;-20,190199;-40,26828891;"SPRF-ES";"DEL02-ES";"UOP01-DEL02-ES"
573205;2024-01-07;"domingo";"17:49:00";"MS";262;325,8;"CAMPO GRANDE";"Ausancia de Reacao do condutor";"Colisao traseira";"Com Vatimas Feridas";"Pleno dia";"Crescente";"Ceu Claro";"Simples";"Reta;Viaduto                  ";"Sim";2;0;1;0;1;0;1;2;-20,468699;-54,53236;"SPRF-MS";"DEL01-MS";"UOP01-DEL01-MS"
573206;2024-01-07;"domingo";"17:30:00";"MG";365;822,9;"SANTA VITORIA";"Condutor deixou de manter distancia do veiculo da frente";"Colisao traseira";"Sem Vatimas";"Anoitecer";"Decrescente";"Nublado";"Simples";"Declive;Interseaao de Vias    ";"Nao";2;0;0;0;2;0;0;2;-18,8745439;-50,1145;"SPRF-MG";"DEL15-MG";"UOP03-DEL15-MG"
573207;2024-01-07;"domingo";"16:40:00";"PI";230;195;"OEIRAS";"Manobra de mudanaa de faixa";"Colisao lateral mesmo sentido";"Com Vatimas Feridas";"Pleno dia";"Crescente";"Ceu Claro";"Simples";"Reta";"Sim";2;0;1;0;1;0;1;2;-6,99904236;-42,1126988;"SPRF-PI";"DEL04-PI";"UOP01-DEL04-PI"
573208;2024-01-07;"domingo";"19:00:00";"RS";290;111;"ELDORADO DO SUL";"Reacao tardia ou ineficiente do condutor";"Colisao traseira";"Sem Vatimas";"Pleno dia";"Decrescente";"Ceu Claro";"Dupla";"Reta";"Nao";2;0;0;0;2;0;0;2;-30,032066;-51,325138;"SPRF-RS";"DEL02-RS";"UOP01-DEL02-RS"
573209;2024-01-07;"domingo";"18:15:00";"MS";262;6;"TRES LAGOAS";"Condutor desrespeitou a iluminaaao vermelha do semaforo";"Colisao transversal";"Com Vatimas Feridas";"Plena Noite";"Crescente";"Ceu Claro";"Dupla";"Interseaao de Vias;Reta       ";"Sim";2;0;1;1;0;0;2;2;-20,78237921;-51,67197438;"SPRF-MS";"DEL07-MS";"UOP01-DEL07-MS"
573210;2024-01-07;"domingo";"18:20:00";"SC";163;87,9;"GUARACIABA";"Ingestao de alcool pelo condutor";"Colisao traseira";"Sem Vatimas";"Pleno dia";"Decrescente";"Ceu Claro";"Simples";"Curva";"Nao";5;0;0;0;5;0;0;2;-26,59023103;-53,51574204;"SPRF-SC";"DEL07-SC";"UOP03-DEL07-SC"
573211;2024-01-07;"domingo";"18:30:00";"TO";153;112;"WANDERLANDIA";"Manobra de mudanaa de faixa";"Colisao lateral mesmo sentido";"Sem Vatimas";"Anoitecer";"Decrescente";"Nublado";"Simples";"Reta";"Nao";5;0;0;0;4;1;0;2;-6,96704902;-48,09875697;"SPRF-TO";"DEL02-TO";"UOP01-DEL02-TO"
573213;2024-01-07;"domingo";"19:15:00";"SC";101;227,2;"PALHOCA";"Condutor deixou de manter distancia do veiculo da frente";"Tombamento";"Com Vatimas Feridas";"Plena Noite";"Decrescente";"Garoa/Chuvisco";"Dupla";"Reta";"Nao";4;0;1;0;2;1;1;4;-27,7509149;-48,63460277;"SPRF-SC";"DEL01-SC";"UOP02-DEL01-SC"
573214;2024-01-07;"domingo";"19:20:00";"SP";116;326;"JUQUITIBA";"Pedestre cruzava a pista fora da faixa";"Queda de ocupante de veiculo";"Com Vatimas Feridas";"Plena Noite";"Crescente";"Ceu Claro";"Dupla";"Rotataria";"Nao";1;0;1;0;0;0;1;1;-23,93901304;-47,06241203;"SPRF-SP";"DEL04-SP";"UOP03-DEL04-SP"
573215;2024-01-07;"domingo";"19:00:00";"RS";470;225;"GARIBALDI";"Acessar a via sem observar a presenca dos outros veiculos";"Colisao transversal";"Com Vatimas Feridas";"Anoitecer";"Decrescente";"Nublado";"Simples";"Retorno Regulamentado";"Sim";6;0;1;0;5;0;1;2;-29,21454003;-51,51762617;"SPRF-RS";"DEL06-RS";"UOP01-DEL06-RS"
573217;2024-01-03;"quarta-feira";"17:10:00";"RS";448;22;"PORTO ALEGRE";"Ausancia de Reacao do condutor";"Tombamento";"Com Vatimas Feridas";"Pleno dia";"Crescente";"Ceu Claro";"Simples";"Curva";"Sim";1;0;1;0;0;0;1;1;-29,972212;-51,199139;"SPRF-RS";"DEL01-RS";"UOP01-DEL01-RS"
573220;2024-01-07;"domingo";"17:30:00";"MS";267;229,7;"NOVA ALVORADA DO SUL";"Condutor deixou de manter distancia do veiculo da frente";"Colisao traseira";"Sem Vatimas";"Pleno dia";"Crescente";"Ceu Claro";"Simples";"Reta";"Nao";4;0;0;0;4;0;0;2;-21,5354366;-54,20843897;"SPRF-MS";"DEL02-MS";"UOP01-DEL02-MS"
573221;2024-01-07;"domingo";"19:30:00";"BA";116;809,3;"VITORIA DA CONQUISTA";"Transitar na contramao";"Colisao lateral sentido oposto";"Com Vatimas Fatais";"Plena Noite";"Crescente";"Chuva";"Simples";"Reta";"Nao";5;1;3;0;1;0;3;2;-14,74763842;-40,67316778;"SPRF-BA";"DEL08-BA";"UOP01-DEL08-BA"
573222;2024-01-07;"domingo";"20:00:00";"AL";101;125;"SAO MIGUEL DOS CAMPOS";"Velocidade Incompatavel";"Saida de leito carrocavel";"Com Vatimas Feridas";"Plena Noite";"Crescente";"Ceu Claro";"Dupla";"Curva;Retorno Regulamentado   ";"Nao";1;0;1;0;0;0;1;1;-9,71848502;-36,04687896;"SPRF-AL";"DEL02-AL";"UOP01-DEL02-AL"
573223;2024-01-07;"domingo";"19:40:00";"PA";230;107;"SAO JOAO DO ARAGUAIA";"Reacao tardia ou ineficiente do condutor";"Colisao traseira";"Com Vatimas Feridas";"Plena Noite";"Decrescente";"Ceu Claro";"Simples";"Reta";"Nao";2;0;0;1;0;1;1;2;-5,42984186;-48,93289947;"SPRF-PA";"DEL03-PA";"UOP01-DEL03-PA"
573224;2024-01-07;"domingo";"16:40:00";"AC";364;6;"ACRELANDIA";"Retorno proibido";"Colisao traseira";"Com Vatimas Feridas";"Pleno dia";"Decrescente";"Ceu Claro";"Simples";"Reta";"Nao";2;0;0;1;1;0;1;2;-9,82847629;-66,88259576;"SPRF-AC";"DEL01-AC";"UOP03-DEL01-AC"
573226;2024-01-07;"domingo";"01:45:00";"RO";364;709;"PORTO VELHO";"Ingestao de alcool pelo condutor";"Saida de leito carrocavel";"Sem Vatimas";"Plena Noite";"Decrescente";"Ceu Claro";"Dupla";"Reta";"Sim";1;0;0;0;0;1;0;1;-8,7909383;-63,84895617;"SPRF-RO";"DEL01-RO";"UOP01-DEL01-RO"
573227;2024-01-07;"domingo";"18:00:00";"SP";116;218,8;"GUARULHOS";"Transitar na contramao";"Colisao frontal";"Com Vatimas Feridas";"Plena Noite";"Crescente";"Ceu Claro";"Maltipla";"Reta";"Nao";3;0;2;0;1;0;2;2;-23,457972;-46,479927;"SPRF-SP";"DEL01-SP";"UOP01-DEL01-SP"
573229;2024-01-07;"domingo";"18:40:00";"SC";101;75,3;"ARAQUARI";"Ingestao de alcool pelo condutor";"Colisao lateral mesmo sentido";"Com Vatimas Feridas";"Anoitecer";"Decrescente";"Sol";"Dupla";"Curva";"Nao";5;0;2;0;3;0;2;2;-26,5554483;-48,72024518;"SPRF-SC";"DEL03-SC";"UOP02-DEL03-SC"
573230;2024-01-07;"domingo";"19:10:00";"PB";104;137,8;"QUEIMADAS";"Ausancia de Reacao do condutor";"Saida de leito carrocavel";"Com Vatimas Feridas";"Plena Noite";"Crescente";"Ceu Claro";"Simples";"Reta";"Nao";1;0;1;0;0;0;1;1;-7,352277;-35,90094;"SPRF-PB";"DEL02-PB";"UOP03-DEL02-PB"
573232;2024-01-07;"domingo";"20:06:00";"RS";392;52,3;"RIO GRANDE";"Reacao tardia ou ineficiente do condutor";"Colisao traseira";"Sem Vatimas";"Plena Noite";"Crescente";"Chuva";"Maltipla";"Reta";"Nao";4;0;0;0;3;1;0;2;-31,85621898;-52,32534987;"SPRF-RS";"DEL07-RS";"UOP02-DEL07-RS"
573233;2024-01-07;"domingo";"16:50:00";"RS";290;53,8;"GLORINHA";"Condutor deixou de manter distancia do veiculo da frente";"Colisao traseira";"Sem Vatimas";"Pleno dia";"Crescente";"Nublado";"Maltipla";"Reta";"Nao";2;0;0;0;2;0;0;2;-29,912077;-50,787758;"SPRF-RS";"DEL03-RS";"UOP01-DEL03-RS"
573235;2024-01-07;"domingo";"19:00:00";"RN";110;34;"MOSSORO";"Ausancia de Reacao do condutor";"Colisao transversal";"Sem Vatimas";"Plena Noite";"Decrescente";"Ceu Claro";"Simples";"Curva";"Nao";2;0;0;0;1;1;0;2;-5,16077999;-37,22144202;"SPRF-RN";"DEL04-RN";"UOP01-DEL04-RN"
573236;2024-01-07;"domingo";"20:55:00";"SP";116;274;"TABOAO DA SERRA";"Acessar a via sem observar a presenca dos outros veiculos";"Colisao transversal";"Sem Vatimas";"Plena Noite";"Decrescente";"Ceu Claro";"Dupla";"Reta";"Sim";3;0;0;0;3;0;0;3;-23,61822139;-46,80619955;"SPRF-SP";"DEL04-SP";"UOP01-DEL04-SP"
573237;2024-01-07;"domingo";"16:15:00";"RN";226;90,4;"TANGARA";"Condutor Dormindo";"Saida de leito carrocavel";"Com Vatimas Feridas";"Pleno dia";"Decrescente";"Ceu Claro";"Simples";"Reta";"Nao";4;0;1;0;3;0;1;1;-6,23687003;-35,84452598;"SPRF-RN";"DEL03-RN";"UOP02-DEL03-RN"
573238;2024-01-07;"domingo";"20:30:00";"RS";386;9;"IRAI";"Pedestre cruzava a pista fora da faixa";"Atropelamento de Pedestre";"Com Vatimas Feridas";"Plena Noite";"Decrescente";"Ceu Claro";"Simples";"Reta";"Nao";3;0;1;0;2;0;1;2;-27,209459;-53,297165;"SPRF-RS";"DEL08-RS";"UOP02-DEL08-RS"
573239;2024-01-07;"domingo";"20:46:00";"MG";381;4;"BETIM";"Reacao tardia ou ineficiente do condutor";"Colisao traseira";"Sem Vatimas";"Plena Noite";"Decrescente";"Garoa/Chuvisco";"Dupla";"Reta";"Sim";2;0;0;0;1;1;0;2;-19,96825;-44,198708;"SPRF-MG";"DEL01-MG";"UOP03-DEL01-MG"
573240;2024-01-07;"domingo";"21:00:00";"SC";101;157;"PORTO BELO";"Acessar a via sem observar a presenca dos outros veiculos";"Colisao transversal";"Com Vatimas Feridas";"Plena Noite";"Decrescente";"Nublado";"Dupla";"Retorno Regulamentado";"Nao";5;0;3;1;1;0;4;2;-27,181625;-48,6121179;"SPRF-SC";"DEL04-SC";"UOP03-DEL04-SC"
573241;2024-01-07;"domingo";"17:30:00";"MG";365;427;"PATOS DE MINAS";"Chuva";"Colisao lateral sentido oposto";"Com Vatimas Feridas";"Pleno dia";"Crescente";"Chuva";"Simples";"Reta";"Nao";9;0;8;0;1;0;8;3;-18,74966665;-46,6410042;"SPRF-MG";"DEL10-MG";"UOP01-DEL10-MG"
573242;2024-01-07;"domingo";"20:05:00";"RS";285;266,9;"MATO CASTELHANO";"Iluminaaao deficiente";"Colisao traseira";"Com Vatimas Feridas";"Plena Noite";"Decrescente";"Nublado";"Simples";"Reta";"Sim";5;0;3;1;1;0;4;2;-28,304386;-52,13625;"SPRF-RS";"DEL08-RS";"UOP03-DEL08-RS"
573243;2024-01-07;"domingo";"20:55:00";"SP";116;96;"PINDAMONHANGABA";"Reacao tardia ou ineficiente do condutor";"Colisao traseira";"Com Vatimas Feridas";"Plena Noite";"Crescente";"Ceu Claro";"Dupla";"Reta;Aclive                   ";"Nao";3;0;1;0;2;0;1;2;-22,96945055;-45,43869623;"SPRF-SP";"DEL08-SP";"UOP01-DEL08-SP"
573244;2024-01-07;"domingo";"21:30:00";"MG";40;632,7;"CONSELHEIRO LAFAIETE";"Velocidade Incompatavel";"Colisao lateral mesmo sentido";"Com Vatimas Feridas";"Plena Noite";"Crescente";"Nublado";"Simples";"Reta;Declive                  ";"Sim";4;0;3;0;1;0;3;2;-20,68412561;-43,79334914;"SPRF-MG";"DEL05-MG";"UOP02-DEL05-MG"
573245;2024-01-07;"domingo";"21:10:00";"PR";277;613;"CEU AZUL";"Manobra de mudanaa de faixa";"Colisao lateral sentido oposto";"Com Vatimas Feridas";"Pleno dia";"Decrescente";"Ceu Claro";"Simples";"Aclive;Reta                   ";"Nao";5;0;2;1;1;1;3;3;-25,06149319;-53,64838088;"SPRF-PR";"DEL05-PR";"UOP02-DEL05-PR"
573246;2024-01-07;"domingo";"20:30:00";"RS";392;256;"CACAPAVA DO SUL";"Falta de elemento de contenaao que evite a saada do leito carroaavel";"Saida de leito carrocavel";"Sem Vatimas";"Plena Noite";"Crescente";"Nublado";"Simples";"Aclive";"Nao";2;0;0;0;2;0;0;1;-30,50863104;-53,46943104;"SPRF-RS";"DEL09-RS";"UOP02-DEL09-RS"
573247;2024-01-07;"domingo";"17:55:00";"GO";60;224;"CEZARINA";"Pista esburacada";"Capotamento";"Com Vatimas Feridas";"Pleno dia";"Decrescente";"Nublado";"Dupla";"Reta";"Nao";2;0;0;1;1;0;1;1;-17,0064;-49,7729;"SPRF-GO";"DEL01-GO";"UOP02-DEL01-GO"
573248;2024-01-07;"domingo";"20:35:00";"RS";386;70,5;"BOA VISTA DAS MISSOES";"Pista esburacada";"Queda de ocupante de veiculo";"Com Vatimas Feridas";"Plena Noite";"Crescente";"Ceu Claro";"Simples";"Reta";"Nao";1;0;1;0;0;0;1;1;-27,668911;-53,31282;"SPRF-RS";"DEL08-RS";"UOP02-DEL08-RS"
573249;2024-01-07;"domingo";"21:10:00";"PR";116;85;"PIRAQUARA";"Pedestre andava na pista";"Atropelamento de Pedestre";"Com Vatimas Fatais";"Plena Noite";"Crescente";"Ceu Claro";"Dupla";"Reta";"Nao";3;1;0;0;2;0;0;2;-25,43036239;-49,08349472;"SPRF-PR";"DEL01-PR";"UOP07-DEL01-PR"
573250;2024-01-07;"domingo";"21:20:00";"RJ";356;184,4;"SAO JOAO DA BARRA";"Ultrapassagem Indevida";"Atropelamento de Pedestre";"Com Vatimas Feridas";"Plena Noite";"Decrescente";"Ceu Claro";"Simples";"Reta";"Sim";2;0;0;1;0;1;1;2;-21,63571996;-41,04558102;"SPRF-RJ";"DEL08-RJ";"UOP02-DEL08-RJ"
573251;2024-01-07;"domingo";"20:20:00";"PR";376;176,3;"MARINGA";"Acessar a via sem observar a presenca dos outros veiculos";"Colisao lateral mesmo sentido";"Com Vatimas Feridas";"Plena Noite";"Crescente";"Nublado";"Maltipla";"Interseaao de Vias";"Sim";3;0;1;0;2;0;1;2;-23,41245324;-51,93245888;"SPRF-PR";"DEL09-PR";"UOP01-DEL09-PR"
573253;2024-01-07;"domingo";"22:00:00";"ES";101;145,5;"LINHARES";"Animais na Pista";"Tombamento";"Com Vatimas Feridas";"Plena Noite";"Crescente";"Nublado";"Simples";"Reta";"Sim";3;0;2;0;0;1;2;2;-19,36089598;-40,06464018;"SPRF-ES";"DEL04-ES";"UOP01-DEL04-ES"
573254;2024-01-07;"domingo";"22:45:00";"RS";386;342,4;"LAJEADO";"Ingestao de alcool pelo condutor";"Tombamento";"Com Vatimas Feridas";"Plena Noite";"Crescente";"Nublado";"Simples";"Retorno Regulamentado;Curva   ";"Nao";1;0;1;0;0;0;1;1;-29,43379336;-52,00809717;"SPRF-RS";"DEL04-RS";"UOP01-DEL04-RS"
573255;2024-01-07;"domingo";"23:00:00";"AP";210;9;"MACAPA";"Ausancia de Reacao do condutor";"Colisao com objeto";"Sem Vatimas";"Plena Noite";"Decrescente";"Ceu Claro";"Simples";"Curva";"Nao";1;0;0;0;0;1;0;1;0,11354905;-51,12709092;"SPRF-AP";"DEL01-AP";"UOP01-DEL01-AP"
573256;2024-01-07;"domingo";"21:30:00";"RJ";101;405;"ITAGUAI";"Demais falhas mecanicas ou elatricas";"Queda de ocupante de veiculo";"Com Vatimas Feridas";"Plena Noite";"Decrescente";"Ceu Claro";"Dupla";"Reta";"Sim";1;0;1;0;0;0;1;1;-22,867606;-43,802743;"SPRF-RJ";"DEL03-RJ";"UOP01-DEL03-RJ"
573257;2024-01-07;"domingo";"21:40:00";"SC";282;620,2;"IRACEMINHA";"Condutor Dormindo";"Colisao traseira";"Com Vatimas Feridas";"Plena Noite";"Decrescente";"Ceu Claro";"Simples";"Aclive;Reta                   ";"Nao";4;0;1;0;3;0;1;2;-26,80141261;-53,31023611;"SPRF-SC";"DEL07-SC";"UOP02-DEL07-SC"
573259;2024-01-07;"domingo";"22:10:00";"PR";277;4;"FOZ DO IGUACU";"Ingestao de alcool pelo condutor";"Colisao transversal";"Sem Vatimas";"Plena Noite";"Decrescente";"Ceu Claro";"Dupla";"Retorno Regulamentado;Reta    ";"Sim";2;0;0;0;2;0;0;2;-25,46912011;-54,58488464;"SPRF-PR";"DEL05-PR";"UOP03-DEL05-PR"
573260;2024-01-07;"domingo";"22:10:00";"RN";110;43,2;"MOSSORO";"Animais na Pista";"Atropelamento de Animal";"Com Vatimas Feridas";"Plena Noite";"Crescente";"Ceu Claro";"Simples";"Reta";"Nao";3;0;1;0;2;0;1;1;-5,18223639;-37,29640087;"SPRF-RN";"DEL04-RN";"UOP01-DEL04-RN"
573261;2024-01-07;"domingo";"23:15:00";"SC";101;218;"PALHOCA";"Transitar na contramao";"Colisao frontal";"Com Vatimas Feridas";"Plena Noite";"Decrescente";"Ceu Claro";"Maltipla";"Reta";"Sim";2;0;1;1;0;0;2;2;-27,6758601;-48,67052525;"SPRF-SC";"DEL01-SC";"UOP02-DEL01-SC"
573262;2024-01-07;"domingo";"22:40:00";"SP";116;281,3;"EMBU DAS ARTES";"Pedestre andava na pista";"Atropelamento de Pedestre";"Com Vatimas Feridas";"Plena Noite";"Decrescente";"Ceu Claro";"Dupla";"Reta";"Sim";2;0;1;0;1;0;1;2;-23,67784787;-46,85769227;"SPRF-SP";"DEL04-SP";"UOP01-DEL04-SP"