"id";"data_inversa";"dia_semana";"horario";"uf";"br";"km";"municipio";"causa_acidente";"tipo_acidente";"classificacao_acidente";"fase_dia";"sentido_via";"condicao_metereologica";"tipo_pista";"tracado_via";"uso_solo";"pessoas";"mortos";"feridos_leves";"feridos_graves";"ilesos";"ignorados";"feridos";"veiculos";"latitude";"longitude";"regional";"delegacia";"uop"
573264;2024-01-07;"domingo";"22:30:00";"MG";50;51;"ARAGUARI";"Ingestao de alcool pelo condutor";"Tombamento";"Sem Vatimas";"Plena Noite";"Crescente";"Ceu Claro";"Dupla";"Reta";"Nao";1;0;0;0;1;0;0;1;-18,74433705;-48,2313459;"SPRF-MG";"DEL15-MG";"UOP02-DEL15-MG"
573265;2024-01-07;"domingo";"23:28:00";"CE";116;7;"FORTALEZA";"Transitar na contramao";"Colisao lateral sentido oposto";"Com Vatimas Feridas";"Plena Noite";"Crescente";"Ceu Claro";"Simples";"Declive;Curva                 ";"Sim";2;0;0;1;0;1;1;2;-3,81073099;-38,50074867;"SPRF-CE";"DEL01-CE";"UOP02-DEL01-CE"
573266;2024-01-07;"domingo";"20:45:00";"MG";50;60,7;"UBERLANDIA";"Ingestao de alcool pelo condutor";"Tombamento";"Com Vatimas Feridas";"Plena Noite";"Crescente";"Ceu Claro";"Dupla";"Aclive;Reta                   ";"Nao";1;0;1;0;0;0;1;1;-18,80909682;-48,24439716;"SPRF-MG";"DEL15-MG";"UOP02-DEL15-MG"
573267;2024-01-07;"domingo";"23:15:00";"RN";304;45,2;"MOSSORO";"Reacao tardia ou ineficiente do condutor";"Colisao com objeto";"Sem Vatimas";"Plena Noite";"Decrescente";"Ceu Claro";"Dupla";"Retorno Regulamentado;Reta    ";"Sim";1;0;0;0;0;1;0;1;-5,2250698;-37,3490001;"SPRF-RN";"DEL04-RN";"UOP01-DEL04-RN"
573269;2024-01-07;"domingo";"23:00:00";"SP";459;29;"LORENA";"Reacao tardia ou ineficiente do condutor";"Tombamento";"Com Vatimas Feridas";"Plena Noite";"Crescente";"Ceu Claro";"Simples";"Reta";"Nao";1;0;1;0;0;0;1;1;-22,717228;-45,108387;"SPRF-SP";"DEL08-SP";"UOP02-DEL08-SP"
573271;2024-01-07;"domingo";"20:00:00";"MA";10;364;"ITINGA DO MARANHAO";"Ingestao de alcool pelo condutor";"Colisao lateral sentido oposto";"Sem Vatimas";"Plena Noite";"Decrescente";"Chuva";"Simples";"Reta";"Nao";2;0;0;0;2;0;0;2;-4,566338;-47,491867;"SPRF-MA";"DEL04-MA";"UOP03-DEL04-MA"
573272;2024-01-07;"domingo";"20:00:00";"RJ";40;68;"PETROPOLIS";"Reacao tardia ou ineficiente do condutor";"Saida de leito carrocavel";"Com Vatimas Feridas";"Plena Noite";"Decrescente";"Nublado";"Dupla";"Curva";"Nao";1;0;1;0;0;0;1;1;-22,4381808;-43,18488009;"SPRF-RJ";"DEL05-RJ";"UOP02-DEL05-RJ"
573274;2024-01-07;"domingo";"22:30:00";"MG";381;751;"TRES CORACOES";"Ausancia de Reacao do condutor";"Saida de leito carrocavel";"Sem Vatimas";"Plena Noite";"Decrescente";"Nublado";"Dupla";"Reta";"Nao";1;0;0;0;1;0;0;1;-21,66868652;-45,32558014;"SPRF-MG";"DEL16-MG";"UOP02-DEL16-MG"
573276;2024-01-08;"segunda-feira";"00:50:00";"TO";230;137,6;"ARAGUATINS";"Reacao tardia ou ineficiente do condutor";"Colisao traseira";"Com Vatimas Feridas";"Plena Noite";"Crescente";"Garoa/Chuvisco";"Simples";"Reta";"Nao";5;0;4;0;1;0;4;2;-5,736606;-48,088705;"SPRF-TO";"DEL02-TO";"UOP03-DEL02-TO"
573277;2024-01-07;"domingo";"23:30:00";"PE";423;84,9;"SAO JOAO";"Animais na Pista";"Atropelamento de Animal";"Com Vatimas Feridas";"Plena Noite";"Crescente";"Ceu Claro";"Simples";"Reta";"Nao";8;0;1;0;3;4;1;3;-8,798195;-36,43809;"SPRF-PE";"DEL03-PE";"UOP01-DEL03-PE"
573278;2024-01-07;"domingo";"21:00:00";"SP";459;28;"LORENA";"Reacao tardia ou ineficiente do condutor";"Colisao traseira";"Com Vatimas Feridas";"Plena Noite";"Crescente";"Ceu Claro";"Simples";"Reta";"Nao";3;0;1;1;1;0;2;2;-22,709425;-45,113232;"SPRF-SP";"DEL08-SP";"UOP02-DEL08-SP"
573280;2024-01-08;"segunda-feira";"00:59:00";"GO";40;29,9;"LUZIANIA";"Ausancia de Reacao do condutor";"Colisao com objeto";"Sem Vatimas";"Plena Noite";"Decrescente";"Ceu Claro";"Dupla";"Curva";"Sim";1;0;0;0;1;0;0;1;-16,273718;-47,871456;"SPRF-DF";"DEL01-DF";"UOP01-DEL01-DF"
573281;2024-01-07;"domingo";"23:30:00";"PA";10;204;"IPIXUNA DO PARA";"Acostamento em desnavel";"Saida de leito carrocavel";"Com Vatimas Feridas";"Pleno dia";"Decrescente";"Ceu Claro";"Simples";"Reta;Declive                  ";"Nao";2;0;1;1;0;0;2;1;-2,64533;-47,47846145;"SPRF-PA";"DEL02-PA";"UOP01-DEL02-PA"
573282;2024-01-08;"segunda-feira";"02:30:00";"RS";386;341;"LAJEADO";"Reacao tardia ou ineficiente do condutor";"Saida de leito carrocavel";"Sem Vatimas";"Plena Noite";"Decrescente";"Ceu Claro";"Dupla";"Aclive;Curva                  ";"Nao";1;0;0;0;0;1;0;1;-29,425882;-52,019684;"SPRF-RS";"DEL04-RS";"UOP01-DEL04-RS"
573283;2024-01-08;"segunda-feira";"02:50:00";"PE";101;129,1;"ESCADA";"Transitar no Acostamento";"Colisao com objeto";"Com Vatimas Fatais";"Plena Noite";"Crescente";"Ceu Claro";"Dupla";"Curva";"Nao";1;1;0;0;0;0;0;1;-8,38595;-35,250695;"SPRF-PE";"DEL01-PE";"UOP03-DEL01-PE"
573284;2024-01-08;"segunda-feira";"00:15:00";"SC";282;455,5;"PONTE SERRADA";"Ausancia de Reacao do condutor";"Saida de leito carrocavel";"Com Vatimas Feridas";"Plena Noite";"Decrescente";"Ceu Claro";"Simples";"Reta";"Nao";3;0;3;0;0;0;3;1;-26,888617;-51,99427;"SPRF-SC";"DEL07-SC";"UOP04-DEL07-SC"
573285;2024-01-08;"segunda-feira";"02:00:00";"DF";20;5;"BRASILIA";"Animais na Pista";"Atropelamento de Animal";"Sem Vatimas";"Plena Noite";"Crescente";"Nublado";"Dupla";"Aclive;Ponte;Reta             ";"Sim";15;0;0;0;15;0;0;1;-15,670546;-47,816044;"SPRF-DF";"DEL02-DF";"UOP01-DEL02-DF"
573286;2024-01-08;"segunda-feira";"01:45:00";"MT";163;728;"SORRISO";"Ingestao de alcool pelo condutor";"Saida de leito carrocavel";"Sem Vatimas";"Plena Noite";"Decrescente";"Nublado";"Simples";"Reta";"Nao";1;0;0;0;1;0;0;1;-12,85395281;-55,82996748;"SPRF-MT";"DEL06-MT";"UOP01-DEL06-MT"
573288;2024-01-08;"segunda-feira";"05:00:00";"MG";381;860,5;"POUSO ALEGRE";"Condutor Dormindo";"Saida de leito carrocavel";"Com Vatimas Feridas";"Amanhecer";"Decrescente";"Ceu Claro";"Dupla";"Curva";"Nao";2;0;2;0;0;0;2;1;-22,32533297;-45,91080492;"SPRF-MG";"DEL16-MG";"UOP01-DEL16-MG"
573289;2024-01-08;"segunda-feira";"04:30:00";"MS";163;84,5;"ITAQUIRAI";"Reacao tardia ou ineficiente do condutor";"Saida de leito carrocavel";"Com Vatimas Feridas";"Pleno dia";"Crescente";"Ceu Claro";"Simples";"Reta;Declive                  ";"Nao";2;0;2;0;0;0;2;1;-23,42380201;-54,20709108;"SPRF-MS";"DEL09-MS";"UOP01-DEL09-MS"
573290;2024-01-08;"segunda-feira";"05:45:00";"GO";60;169;"GOIANIA";"Ingestao de alcool pelo condutor";"Colisao traseira";"Com Vatimas Feridas";"Amanhecer";"Decrescente";"Ceu Claro";"Dupla";"Reta;Aclive                   ";"Sim";2;0;0;1;1;0;1;2;-16,7269;-49,3822;"SPRF-GO";"DEL01-GO";"UOP02-DEL01-GO"
573291;2024-01-08;"segunda-feira";"05:30:00";"RJ";101;75;"CAMPOS DOS GOYTACAZES";"Demais falhas mecanicas ou elatricas";"Incendio";"Sem Vatimas";"Pleno dia";"Crescente";"Ceu Claro";"Simples";"Reta";"Nao";1;0;0;0;1;0;0;1;-21,816525;-41,397686;"SPRF-RJ";"DEL08-RJ";"UOP02-DEL08-RJ"
573292;2024-01-08;"segunda-feira";"03:50:00";"GO";20;56,6;"FORMOSA";"Entrada inopinada do pedestre";"Atropelamento de Pedestre";"Com Vatimas Fatais";"Plena Noite";"Decrescente";"Chuva";"Simples";"Reta;Aclive                   ";"Nao";2;1;0;0;0;1;0;2;-15,280248;-47,154476;"SPRF-DF";"DEL02-DF";"UOP02-DEL02-DF"
573293;2024-01-08;"segunda-feira";"06:15:00";"SC";101;134;"BALNEARIO CAMBORIU";"Desrespeitar a preferancia no cruzamento";"Colisao transversal";"Com Vatimas Feridas";"Pleno dia";"Crescente";"Ceu Claro";"Maltipla";"Rotataria";"Sim";2;0;1;0;1;0;1;2;-27,00218;-48,636433;"SPRF-SC";"DEL04-SC";"UOP03-DEL04-SC"
573294;2024-01-08;"segunda-feira";"06:45:00";"SE";235;5;"NOSSA SENHORA DO SOCORRO";"Condutor deixou de manter distancia do veiculo da frente";"Colisao traseira";"Com Vatimas Feridas";"Pleno dia";"Decrescente";"Sol";"Dupla";"Reta";"Sim";3;0;1;0;2;0;1;2;-10,9041;-37,1278;"SPRF-SE";"DEL01-SE";"UOP01-DEL01-SE"
573295;2024-01-07;"domingo";"16:30:00";"RJ";116;67;"TERESOPOLIS";"Condutor Dormindo";"Saida de leito carrocavel";"Com Vatimas Feridas";"Pleno dia";"Crescente";"Nublado";"Simples";"Curva";"Nao";2;0;1;0;1;0;1;1;-22,29371693;-42,93354335;"SPRF-RJ";"DEL04-RJ";"UOP01-DEL04-RJ"
573296;2024-01-08;"segunda-feira";"07:00:00";"SC";101;137;"BALNEARIO CAMBORIU";"Condutor deixou de manter distancia do veiculo da frente";"Colisao traseira";"Com Vatimas Feridas";"Pleno dia";"Decrescente";"Ceu Claro";"Dupla";"Reta";"Sim";2;0;1;0;1;0;1;2;-27,0157238;-48,61192763;"SPRF-SC";"DEL04-SC";"UOP03-DEL04-SC"
573297;2024-01-08;"segunda-feira";"06:30:00";"DF";40;4,8;"BRASILIA";"Reacao tardia ou ineficiente do condutor";"Queda de ocupante de veiculo";"Com Vatimas Feridas";"Pleno dia";"Decrescente";"Nublado";"Dupla";"Reta";"Sim";2;0;1;0;0;1;1;2;-16,012033;-47,982124;"SPRF-DF";"DEL01-DF";"UOP01-DEL01-DF"
573298;2024-01-08;"segunda-feira";"07:10:00";"DF";20;6,5;"BRASILIA";"Chuva";"Tombamento";"Com Vatimas Feridas";"Pleno dia";"Decrescente";"Garoa/Chuvisco";"Dupla";"Declive";"Sim";1;0;1;0;0;0;1;1;-15,665888;-47,808308;"SPRF-DF";"DEL02-DF";"UOP01-DEL02-DF"
573300;2024-01-08;"segunda-feira";"07:15:00";"MG";50;21;"UBERLANDIA";"Condutor deixou de manter distancia do veiculo da frente";"Tombamento";"Com Vatimas Feridas";"Pleno dia";"Crescente";"Ceu Claro";"Simples";"Curva";"Sim";1;0;1;0;0;0;1;1;-18,9113;-48,2622;"SPRF-MG";"DEL15-MG";"UOP01-DEL15-MG"
573301;2024-01-08;"segunda-feira";"06:30:00";"ES";101;271,3;"SERRA";"Trafegar com motocicleta (ou similar) entre as faixas";"Tombamento";"Com Vatimas Feridas";"Pleno dia";"Decrescente";"Ceu Claro";"Maltipla";"Reta";"Sim";2;0;0;2;0;0;2;1;-20,2306061;-40,2800467;"SPRF-ES";"DEL02-ES";"UOP01-DEL02-ES"
573302;2024-01-08;"segunda-feira";"06:35:00";"RN";406;162;"SAO GONCALO DO AMARANTE";"Ausancia de Reacao do condutor";"Colisao traseira";"Com Vatimas Feridas";"Pleno dia";"Crescente";"Ceu Claro";"Simples";"Reta";"Nao";2;0;1;0;1;0;1;2;-5,7280941;-35,36099113;"SPRF-RN";"DEL02-RN";"UOP01-DEL02-RN"
573303;2024-01-08;"segunda-feira";"07:40:00";"SC";101;50;"JOINVILLE";"Condutor deixou de manter distancia do veiculo da frente";"Engavetamento";"Com Vatimas Feridas";"Pleno dia";"Decrescente";"Nublado";"Dupla";"Reta";"Nao";6;0;3;0;3;0;3;4;-26,389594;-48,840036;"SPRF-SC";"DEL03-SC";"UOP01-DEL03-SC"
573304;2024-01-08;"segunda-feira";"07:25:00";"PB";230;8,8;"CABEDELO";"Condutor deixou de manter distancia do veiculo da frente";"Colisao traseira";"Com Vatimas Feridas";"Pleno dia";"Decrescente";"Ceu Claro";"Dupla";"Reta";"Sim";5;0;3;1;0;1;4;4;-7,0355;-34,8429;"SPRF-PB";"DEL01-PB";"UOP01-DEL01-PB"
573305;2024-01-08;"segunda-feira";"08:00:00";"MG";116;705,9;"MURIAE";"Demais falhas mecanicas ou elatricas";"Queda de ocupante de veiculo";"Com Vatimas Feridas";"Pleno dia";"Crescente";"Ceu Claro";"Simples";"Curva";"Sim";1;0;1;0;0;0;1;1;-21,149356;-42,383094;"SPRF-MG";"DEL07-MG";"UOP02-DEL07-MG"
573307;2024-01-08;"segunda-feira";"08:00:00";"SP";116;144;"SAO JOSE DOS CAMPOS";"Reacao tardia ou ineficiente do condutor";"Colisao traseira";"Com Vatimas Feridas";"Pleno dia";"Crescente";"Ceu Claro";"Maltipla";"Reta";"Sim";6;0;2;0;4;0;2;2;-23,18274416;-45,84633592;"SPRF-SP";"DEL02-SP";"UOP01-DEL02-SP"
573308;2024-01-08;"segunda-feira";"07:50:00";"RS";116;266;"CANOAS";"Ausancia de Reacao do condutor";"Colisao traseira";"Com Vatimas Feridas";"Pleno dia";"Decrescente";"Ceu Claro";"Dupla";"Reta";"Sim";1;0;1;0;0;0;1;1;-29,93242399;-51,17742077;"SPRF-RS";"DEL01-RS";"UOP01-DEL01-RS"
573310;2024-01-08;"segunda-feira";"08:00:00";"SC";280;51;"GUARAMIRIM";"Acessar a via sem observar a presenca dos outros veiculos";"Colisao transversal";"Com Vatimas Feridas";"Pleno dia";"Decrescente";"Ceu Claro";"Dupla";"Retorno Regulamentado";"Sim";2;0;0;1;1;0;1;2;-26,46538871;-48,95544449;"SPRF-SC";"DEL03-SC";"UOP03-DEL03-SC"
573312;2024-01-08;"segunda-feira";"08:00:00";"BA";101;876;"TEIXEIRA DE FREITAS";"Acessar a via sem observar a presenca dos outros veiculos";"Colisao transversal";"Com Vatimas Feridas";"Pleno dia";"Decrescente";"Ceu Claro";"Simples";"Interseaao de Vias";"Sim";3;0;1;2;0;0;3;2;-17,55500924;-39,72106934;"SPRF-BA";"DEL09-BA";"UOP02-DEL09-BA"
573314;2024-01-08;"segunda-feira";"07:50:00";"RJ";101;319;"NITEROI";"Trafegar com motocicleta (ou similar) entre as faixas";"Colisao traseira";"Com Vatimas Feridas";"Pleno dia";"Crescente";"Ceu Claro";"Dupla";"Curva";"Sim";3;0;1;0;2;0;1;2;-22,85411774;-43,1018014;"SPRF-RJ";"DEL02-RJ";"UOP02-DEL02-RJ"
573318;2024-01-08;"segunda-feira";"09:00:00";"PE";428;187,9;"PETROLINA";"Desrespeitar a preferancia no cruzamento";"Colisao lateral mesmo sentido";"Com Vatimas Feridas";"Pleno dia";"Crescente";"Ceu Claro";"Simples";"Interseaao de Vias;Rotataria  ";"Sim";2;0;1;0;1;0;1;2;-9,35604301;-40,47854198;"SPRF-PE";"DEL06-PE";"UOP01-DEL06-PE"
573319;2024-01-08;"segunda-feira";"09:00:00";"RJ";101;294;"ITABORAI";"Condutor deixou de manter distancia do veiculo da frente";"Colisao traseira";"Com Vatimas Feridas";"Pleno dia";"Decrescente";"Sol";"Dupla";"Reta";"Sim";3;0;1;0;2;0;1;2;-22,7584434;-42,89502344;"SPRF-RJ";"DEL02-RJ";"UOP02-DEL02-RJ"
573321;2024-01-08;"segunda-feira";"05:05:00";"PI";316;154,5;"ELESBAO VELOSO";"Transitar na contramao";"Colisao frontal";"Com Vatimas Fatais";"Amanhecer";"Decrescente";"Nublado";"Simples";"Reta";"Nao";4;1;0;0;3;0;0;2;-6,16786899;-42,12577889;"SPRF-PI";"DEL04-PI";"UOP02-DEL04-PI"
573322;2024-01-08;"segunda-feira";"08:30:00";"SC";280;28,9;"ARAQUARI";"Ausancia de Reacao do condutor";"Queda de ocupante de veiculo";"Com Vatimas Feridas";"Pleno dia";"Decrescente";"Ceu Claro";"Simples";"Reta";"Nao";1;0;1;0;0;0;1;1;-26,40450077;-48,74561031;"SPRF-SC";"DEL03-SC";"UOP03-DEL03-SC"
573323;2024-01-08;"segunda-feira";"06:20:00";"PI";343;319,9;"ALTOS";"Acessar a via sem observar a presenca dos outros veiculos";"Colisao transversal";"Com Vatimas Feridas";"Pleno dia";"Decrescente";"Ceu Claro";"Simples";"Reta";"Sim";5;0;2;2;1;0;4;4;-5,048245;-42,560604;"SPRF-PI";"DEL01-PI";"UOP01-DEL01-PI"
573324;2024-01-08;"segunda-feira";"08:00:00";"GO";60;334;"SANTO ANTONIO DA BARRA";"Ausancia de Reacao do condutor";"Saida de leito carrocavel";"Com Vatimas Feridas";"Pleno dia";"Crescente";"Ceu Claro";"Dupla";"Reta";"Nao";2;0;1;0;1;0;1;1;-17,5449;-50,5538;"SPRF-GO";"DEL04-GO";"UOP02-DEL04-GO"
573326;2024-01-08;"segunda-feira";"09:15:00";"MG";381;774;"CAMPANHA";"Objeto estatico sobre o leito carroaavel";"Colisao com objeto";"Com Vatimas Feridas";"Pleno dia";"Crescente";"Ceu Claro";"Dupla";"Reta";"Nao";2;0;0;1;1;0;1;1;-21,80533771;-45,47582709;"SPRF-MG";"DEL16-MG";"UOP02-DEL16-MG"
573327;2024-01-08;"segunda-feira";"09:35:00";"SC";101;23;"JOINVILLE";"Reacao tardia ou ineficiente do condutor";"Colisao com objeto";"Com Vatimas Feridas";"Pleno dia";"Crescente";"Sol";"Dupla";"Reta";"Nao";3;0;2;0;1;0;2;1;-26,16582501;-48,90742427;"SPRF-SC";"DEL03-SC";"UOP01-DEL03-SC"
573328;2024-01-08;"segunda-feira";"01:10:00";"RJ";40;112;"DUQUE DE CAXIAS";"Ausancia de Reacao do condutor";"Queda de ocupante de veiculo";"Com Vatimas Fatais";"Plena Noite";"Decrescente";"Ceu Claro";"Maltipla";"Reta";"Sim";1;1;0;0;0;0;0;1;-22,7004454;-43,29014851;"SPRF-RJ";"DEL01-RJ";"UOP02-DEL01-RJ"
573333;2024-01-08;"segunda-feira";"11:00:00";"SP";116;227;"GUARULHOS";"Ausancia de Reacao do condutor";"Colisao traseira";"Com Vatimas Feridas";"Pleno dia";"Decrescente";"Nublado";"Maltipla";"Reta";"Sim";2;0;1;0;1;0;1;2;-23,49659264;-46,55648754;"SPRF-SP";"DEL01-SP";"UOP01-DEL01-SP"
573334;2024-01-08;"segunda-feira";"08:10:00";"CE";116;3;"FORTALEZA";"Condutor deixou de manter distancia do veiculo da frente";"Colisao traseira";"Com Vatimas Feridas";"Pleno dia";"Crescente";"Sol";"Maltipla";"Reta";"Sim";2;0;1;0;1;0;1;2;-3,77866493;-38,51490171;"SPRF-CE";"DEL01-CE";"UOP02-DEL01-CE"
573338;2024-01-08;"segunda-feira";"07:35:00";"PR";369;148;"LONDRINA";"Demais falhas mecanicas ou elatricas";"Queda de ocupante de veiculo";"Com Vatimas Feridas";"Pleno dia";"Decrescente";"Ceu Claro";"Dupla";"Reta";"Nao";1;0;1;0;0;0;1;1;-23,29310146;-51,14292383;"SPRF-PR";"DEL07-PR";"UOP01-DEL07-PR"
573340;2024-01-08;"segunda-feira";"11:30:00";"MA";222;666;"ACAILANDIA";"Acessar a via sem observar a presenca dos outros veiculos";"Atropelamento de Pedestre";"Com Vatimas Feridas";"Pleno dia";"Decrescente";"Ceu Claro";"Simples";"Declive";"Nao";4;0;1;0;1;2;1;3;-4,89816069;-47,39197619;"SPRF-MA";"DEL04-MA";"UOP03-DEL04-MA"
573344;2024-01-08;"segunda-feira";"11:10:00";"MG";381;890;"CAMBUI";"Avarias e/ou desgaste excessivo no pneu";"Queda de ocupante de veiculo";"Com Vatimas Feridas";"Pleno dia";"Crescente";"Ceu Claro";"Dupla";"Reta";"Nao";2;0;1;0;1;0;1;1;-22,5863847;-46,0498174;"SPRF-MG";"DEL16-MG";"UOP03-DEL16-MG"
573345;2024-01-08;"segunda-feira";"10:00:00";"BA";116;820;"VITORIA DA CONQUISTA";"Reacao tardia ou ineficiente do condutor";"Colisao lateral mesmo sentido";"Com Vatimas Feridas";"Pleno dia";"Crescente";"Nublado";"Simples";"Declive";"Nao";2;0;1;0;1;0;1;2;-14,8335;-40,8391;"SPRF-BA";"DEL08-BA";"UOP01-DEL08-BA"
573346;2024-01-08;"segunda-feira";"11:30:00";"GO";60;164;"GOIANIA";"Acessar a via sem observar a presenca dos outros veiculos";"Colisao lateral mesmo sentido";"Com Vatimas Feridas";"Pleno dia";"Decrescente";"Ceu Claro";"Dupla";"Reta";"Sim";2;0;1;0;1;0;1;2;-16,70248839;-49,33814829;"SPRF-GO";"DEL01-GO";"UOP02-DEL01-GO"
573347;2024-01-07;"domingo";"20:00:00";"PI";135;76,5;"CANAVIEIRA";"Reacao tardia ou ineficiente do condutor";"Saida de leito carrocavel";"Com Vatimas Feridas";"Plena Noite";"Crescente";"Ignorado";"Simples";"Retorno Regulamentado";"Nao";5;0;4;1;0;0;5;1;-7,31265139;-43,71477191;"SPRF-PI";"DEL03-PI";"UOP01-DEL03-PI"
573349;2024-01-08;"segunda-feira";"12:00:00";"MG";50;21,6;"UBERLANDIA";"Acessar a via sem observar a presenca dos outros veiculos";"Colisao transversal";"Com Vatimas Feridas";"Pleno dia";"Crescente";"Sol";"Simples";"Reta";"Sim";2;0;0;1;1;0;1;2;-18,93877353;-48,22184801;"SPRF-MG";"DEL15-MG";"UOP01-DEL15-MG"
573351;2024-01-08;"segunda-feira";"09:15:00";"PE";407;128;"PETROLINA";"Desrespeitar a preferancia no cruzamento";"Colisao lateral mesmo sentido";"Com Vatimas Feridas";"Pleno dia";"Crescente";"Ceu Claro";"Simples";"Rotataria";"Sim";3;0;1;0;2;0;1;2;-9,39387565;-40,51133888;"SPRF-PE";"DEL06-PE";"UOP01-DEL06-PE"
573352;2024-01-08;"segunda-feira";"11:20:00";"MG";381;172;"GOVERNADOR VALADARES";"Ultrapassagem Indevida";"Saida de leito carrocavel";"Com Vatimas Feridas";"Pleno dia";"Decrescente";"Ceu Claro";"Simples";"Reta";"Nao";4;0;1;1;2;0;2;1;-18,98622096;-42,10906603;"SPRF-MG";"DEL06-MG";"UOP01-DEL06-MG"
573353;2024-01-08;"segunda-feira";"10:10:00";"MS";163;484,5;"CAMPO GRANDE";"Reacao tardia ou ineficiente do condutor";"Engavetamento";"Sem Vatimas";"Pleno dia";"Crescente";"Ceu Claro";"Simples";"Reta;Declive                  ";"Sim";11;0;0;0;11;0;0;3;-20,45104898;-54,5403266;"SPRF-MS";"DEL01-MS";"UOP02-DEL01-MS"
573355;2024-01-08;"segunda-feira";"11:31:00";"CE";20;281,6;"CANINDE";"Demais falhas mecanicas ou elatricas";"Colisao com objeto";"Com Vatimas Feridas";"Pleno dia";"Decrescente";"Ceu Claro";"Simples";"Curva;Declive                 ";"Nao";1;0;1;0;0;0;1;1;-4,57207006;-39,35928633;"SPRF-CE";"DEL02-CE";"UOP01-DEL02-CE"
573357;2024-01-08;"segunda-feira";"12:16:00";"SC";101;205;"SAO JOSE";"Ausancia de Reacao do condutor";"Colisao traseira";"Com Vatimas Feridas";"Pleno dia";"Decrescente";"Ceu Claro";"Maltipla";"Reta";"Sim";5;0;1;0;4;0;1;2;-27,58313237;-48,61532885;"SPRF-SC";"DEL01-SC";"UOP01-DEL01-SC"
573358;2024-01-08;"segunda-feira";"07:50:00";"BA";407;53,1;"JUAZEIRO";"Condutor Dormindo";"Saida de leito carrocavel";"Com Vatimas Feridas";"Pleno dia";"Crescente";"Ceu Claro";"Simples";"Reta";"Nao";1;0;1;0;0;0;1;1;-9,87216168;-40,28692137;"SPRF-BA";"DEL04-BA";"UOP01-DEL04-BA"
573359;2024-01-08;"segunda-feira";"12:15:00";"MG";116;151,4;"PONTO DOS VOLANTES";"Acumulo de agua sobre o pavimento";"Saida de leito carrocavel";"Com Vatimas Feridas";"Pleno dia";"Decrescente";"Chuva";"Simples";"Curva";"Nao";2;0;1;0;1;0;1;1;-16,85906306;-41,47287414;"SPRF-MG";"DEL11-MG";"UOP02-DEL11-MG"
573362;2024-01-08;"segunda-feira";"11:50:00";"RO";319;63;"PORTO VELHO";"Reacao tardia ou ineficiente do condutor";"Colisao traseira";"Com Vatimas Feridas";"Pleno dia";"Crescente";"Ceu Claro";"Dupla";"Reta";"Sim";2;0;1;0;1;0;1;2;-8,75732901;-63,88641;"SPRF-RO";"DEL01-RO";"UOP01-DEL01-RO"
573363;2024-01-08;"segunda-feira";"12:40:00";"PA";230;115;"MARABA";"Manobra de mudanaa de faixa";"Colisao lateral mesmo sentido";"Com Vatimas Feridas";"Pleno dia";"Crescente";"Ceu Claro";"Dupla";"Reta";"Sim";2;0;2;0;0;0;2;2;-5,36241425;-49,07496007;"SPRF-PA";"DEL03-PA";"UOP01-DEL03-PA"
573365;2024-01-08;"segunda-feira";"13:10:00";"RN";304;48,2;"MOSSORO";"Acesso irregular";"Colisao transversal";"Com Vatimas Feridas";"Pleno dia";"Decrescente";"Ceu Claro";"Dupla";"Reta";"Sim";2;0;1;0;1;0;1;2;-5,22868577;-37,32203081;"SPRF-RN";"DEL04-RN";"UOP01-DEL04-RN"
573367;2024-01-08;"segunda-feira";"11:00:00";"BA";110;158;"RIBEIRA DO POMBAL";"Reacao tardia ou ineficiente do condutor";"Saida de leito carrocavel";"Com Vatimas Feridas";"Pleno dia";"Crescente";"Ceu Claro";"Simples";"Reta";"Nao";3;0;1;0;2;0;1;1;-10,74116731;-38,49881672;"SPRF-BA";"DEL07-BA";"UOP02-DEL07-BA"
573368;2024-01-08;"segunda-feira";"12:50:00";"AP";210;1;"MACAPA";"Condutor deixou de manter distancia do veiculo da frente";"Colisao traseira";"Sem Vatimas";"Pleno dia";"Crescente";"Ceu Claro";"Dupla";"Retorno Regulamentado";"Sim";3;0;0;0;3;0;0;3;0,07816717;-51,06998693;"SPRF-AP";"DEL01-AP";"UOP01-DEL01-AP"
573369;2024-01-08;"segunda-feira";"12:00:00";"RJ";101;485;"ANGRA DOS REIS";"Velocidade Incompatavel";"Colisao transversal";"Com Vatimas Feridas";"Pleno dia";"Crescente";"Ceu Claro";"Simples";"Rotataria";"Sim";2;0;1;0;1;0;1;2;-22,98361897;-44,29586833;"SPRF-RJ";"DEL03-RJ";"UOP03-DEL03-RJ"
573372;2024-01-08;"segunda-feira";"12:50:00";"MT";364;335;"SANTO ANTONIO DO LEVERGER";"Reacao tardia ou ineficiente do condutor";"Saida de leito carrocavel";"Sem Vatimas";"Pleno dia";"Decrescente";"Chuva";"Dupla";"Curva";"Nao";5;0;0;0;5;0;0;1;-15,8264007;-55,45177389;"SPRF-MT";"DEL05-MT";"UOP02-DEL05-MT"
573373;2024-01-08;"segunda-feira";"13:20:00";"SC";101;122,2;"ITAJAI";"Manobra de mudanaa de faixa";"Colisao lateral mesmo sentido";"Com Vatimas Feridas";"Pleno dia";"Decrescente";"Ceu Claro";"Maltipla";"Reta;Interseaao de Vias       ";"Sim";2;0;1;0;1;0;1;2;-26,92955916;-48,70499836;"SPRF-SC";"DEL04-SC";"UOP04-DEL04-SC"