"id";"data_inversa";"dia_semana";"horario";"uf";"br";"km";"municipio";"causa_acidente";"tipo_acidente";"classificacao_acidente";"fase_dia";"sentido_via";"condicao_metereologica";"tipo_pista";"tracado_via";"uso_solo";"pessoas";"mortos";"feridos_leves";"feridos_graves";"ilesos";"ignorados";"feridos";"veiculos";"latitude";"longitude";"regional";"delegacia";"uop"
573374;2024-01-08;"segunda-feira";"13:50:00";"SP";116;292;"ITAPECERICA DA SERRA";"Velocidade Incompatavel";"Tombamento";"Com Vatimas Feridas";"Pleno dia";"Crescente";"Nublado";"Simples";"Retorno Regulamentado";"Nao";1;0;1;0;0;0;1;1;-23,74581995;-46,90003027;"SPRF-SP";"DEL04-SP";"UOP01-DEL04-SP"
573375;2024-01-02;"terça-feira";"09:40:00";"RJ";116;183;"NOVA IGUACU";"Manobra de mudanaa de faixa";"Colisao lateral mesmo sentido";"Com Vatimas Feridas";"Pleno dia";"Crescente";"Ceu Claro";"Dupla";"Reta";"Sim";5;0;1;0;4;0;1;2;-22,7516014018;-43,4384983094;"SPRF-RJ";"DEL06-RJ";"UOP01-DEL06-RJ"
573377;2024-01-08;"segunda-feira";"14:17:00";"RN";101;97;"NATAL";"Acumulo de areia ou detritos sobre o pavimento";"Tombamento";"Com Vatimas Feridas";"Pleno dia";"Decrescente";"Ceu Claro";"Simples";"Declive;Curva                 ";"Nao";1;0;1;0;0;0;1;1;-5,85758898;-35,21271205;"SPRF-RN";"DEL01-RN";"UOP01-DEL01-RN"
573378;2024-01-08;"segunda-feira";"13:00:00";"RJ";40;71;"PETROPOLIS";"Conversao proibida";"Colisao transversal";"Com Vatimas Feridas";"Pleno dia";"Crescente";"Ceu Claro";"Dupla";"Reta";"Sim";3;0;2;0;1;0;2;2;-22,45304974;-43,20832411;"SPRF-RJ";"DEL01-RJ";"UOP01-DEL01-RJ"
573379;2024-01-08;"segunda-feira";"14:40:00";"SP";116;230;"SAO PAULO";"Reacao tardia ou ineficiente do condutor";"Colisao lateral mesmo sentido";"Com Vatimas Feridas";"Pleno dia";"Crescente";"Nublado";"Maltipla";"Reta";"Sim";2;0;1;0;1;0;1;2;-23,52251783;-46,5855702;"SPRF-SP";"DEL01-SP";"UOP01-DEL01-SP"
573381;2024-01-08;"segunda-feira";"14:40:00";"SP";101;18,7;"UBATUBA";"Acessar a via sem observar a presenca dos outros veiculos";"Colisao transversal";"Com Vatimas Feridas";"Pleno dia";"Crescente";"Ceu Claro";"Simples";"Reta;Interseaao de Vias       ";"Nao";8;0;4;0;4;0;4;2;-23,31746811;-44,899601;"SPRF-SP";"DEL06-SP";"UOP01-DEL06-SP"
573383;2024-01-08;"segunda-feira";"14:02:00";"GO";251;26;"CRISTALINA";"Acessar a via sem observar a presenca dos outros veiculos";"Colisao frontal";"Com Vatimas Feridas";"Pleno dia";"Crescente";"Nublado";"Simples";"Reta";"Sim";2;0;2;0;0;0;2;2;-16,10610344;-47,49477642;"SPRF-DF";"DEL01-DF";"UOP01-DEL01-DF"
573384;2024-01-08;"segunda-feira";"14:00:00";"MG";40;521;"CONTAGEM";"Acessar a via sem observar a presenca dos outros veiculos";"Colisao traseira";"Com Vatimas Feridas";"Pleno dia";"Decrescente";"Sol";"Dupla";"Interseaao de Vias";"Sim";2;0;1;0;1;0;1;2;-19,8537483;-44,0720892;"SPRF-MG";"DEL01-MG";"UOP02-DEL01-MG"
573385;2024-01-08;"segunda-feira";"13:45:00";"BA";101;804,9;"ITAMARAJU";"Acesso irregular";"Colisao frontal";"Com Vatimas Fatais";"Pleno dia";"Decrescente";"Ceu Claro";"Simples";"Reta";"Sim";6;2;4;0;0;0;4;2;-17,16628085;-39,5779873;"SPRF-BA";"DEL09-BA";"UOP02-DEL09-BA"
573387;2024-01-04;"quinta-feira";"09:00:00";"BA";116;518;"ITATIM";"Acessar a via sem observar a presenca dos outros veiculos";"Colisao transversal";"Com Vatimas Feridas";"Pleno dia";"Decrescente";"Ceu Claro";"Simples";"Reta";"Nao";2;0;0;1;1;0;1;2;-12,67669892;-39,66293504;"SPRF-BA";"DEL03-BA";"UOP02-DEL03-BA"
573389;2024-01-08;"segunda-feira";"14:35:00";"PI";343;12,7;"PARNAIBA";"Condutor desrespeitou a iluminaaao vermelha do semaforo";"Colisao transversal";"Com Vatimas Feridas";"Pleno dia";"Crescente";"Sol";"Dupla";"Reta";"Sim";4;0;2;0;2;0;2;2;-2,910035;-41,753662;"SPRF-PI";"DEL05-PI";"UOP01-DEL05-PI"
573391;2024-01-08;"segunda-feira";"13:00:00";"MS";163;218,5;"CAARAPO";"Ausancia de Reacao do condutor";"Capotamento";"Com Vatimas Feridas";"Pleno dia";"Crescente";"Ceu Claro";"Simples";"Reta";"Nao";1;0;1;0;0;0;1;1;-22,55457404;-54,83263605;"SPRF-MS";"DEL04-MS";"UOP02-DEL04-MS"
573392;2024-01-08;"segunda-feira";"15:15:00";"PI";343;1;"TERESINA";"Ausancia de Reacao do condutor";"Colisao traseira";"Com Vatimas Feridas";"Pleno dia";"Decrescente";"Ceu Claro";"Dupla";"Reta";"Nao";4;0;1;0;3;0;1;2;-5,08038264;-42,75829738;"SPRF-PI";"DEL01-PI";"UOP01-DEL01-PI"
573393;2024-01-08;"segunda-feira";"15:30:00";"SC";101;200,9;"SAO JOSE";"Reacao tardia ou ineficiente do condutor";"Colisao traseira";"Com Vatimas Feridas";"Pleno dia";"Crescente";"Ceu Claro";"Dupla";"Reta";"Sim";3;0;1;0;1;1;1;3;-27,54018513;-48,62287714;"SPRF-SC";"DEL01-SC";"UOP01-DEL01-SC"
573397;2024-01-08;"segunda-feira";"11:20:00";"SC";101;121,3;"ITAJAI";"Trafegar com motocicleta (ou similar) entre as faixas";"Colisao lateral mesmo sentido";"Com Vatimas Feridas";"Pleno dia";"Decrescente";"Ceu Claro";"Maltipla";"Reta";"Sim";2;0;0;1;1;0;1;2;-26,92103178;-48,70856446;"SPRF-SC";"DEL04-SC";"UOP04-DEL04-SC"
573398;2024-01-08;"segunda-feira";"14:45:00";"PR";277;74;"SAO JOSE DOS PINHAIS";"Demais falhas mecanicas ou elatricas";"Incendio";"Sem Vatimas";"Pleno dia";"Decrescente";"Ceu Claro";"Dupla";"Aclive;Reta;Viaduto           ";"Nao";2;0;0;0;2;0;0;1;-25,51726115;-49,11540707;"SPRF-PR";"DEL01-PR";"UOP07-DEL01-PR"
573401;2024-01-08;"segunda-feira";"15:40:00";"RS";116;250;"SAO LEOPOLDO";"Ausancia de Reacao do condutor";"Saida de leito carrocavel";"Sem Vatimas";"Pleno dia";"Crescente";"Ceu Claro";"Dupla";"Viaduto;Curva                 ";"Sim";1;0;0;0;1;0;0;1;-29,79148798;-51,16399615;"SPRF-RS";"DEL01-RS";"UOP02-DEL01-RS"
573403;2024-01-08;"segunda-feira";"14:55:00";"DF";80;16,8;"BRASILIA";"Reacao tardia ou ineficiente do condutor";"Colisao frontal";"Com Vatimas Feridas";"Pleno dia";"Crescente";"Nublado";"Simples";"Reta;Declive                  ";"Nao";4;0;3;0;1;0;3;2;-15,701065;-48,202263;"SPRF-DF";"DEL03-DF";"UOP02-DEL03-DF"
573404;2024-01-08;"segunda-feira";"15:50:00";"SC";101;133,4;"BALNEARIO CAMBORIU";"Reacao tardia ou ineficiente do condutor";"Colisao traseira";"Com Vatimas Feridas";"Pleno dia";"Crescente";"Ceu Claro";"Maltipla";"Reta";"Sim";4;0;1;0;3;0;1;2;-26,99936;-48,64609;"SPRF-SC";"DEL04-SC";"UOP03-DEL04-SC"
573406;2024-01-08;"segunda-feira";"12:30:00";"MG";381;237,8;"SANTANA DO PARAISO";"Ausancia de Reacao do condutor";"Saida de leito carrocavel";"Sem Vatimas";"Pleno dia";"Decrescente";"Nublado";"Simples";"Aclive;Reta                   ";"Nao";1;0;0;0;1;0;0;1;-19,39363909;-42,48302693;"SPRF-MG";"DEL06-MG";"UOP01-DEL06-MG"
573407;2024-01-08;"segunda-feira";"16:34:00";"DF";20;40,5;"BRASILIA";"Acumulo de agua sobre o pavimento";"Saida de leito carrocavel";"Com Vatimas Feridas";"Pleno dia";"Decrescente";"Chuva";"Dupla";"Aclive";"Nao";2;0;1;0;1;0;1;1;-15,581552;-47,508035;"SPRF-DF";"DEL02-DF";"UOP01-DEL02-DF"
573408;2024-01-08;"segunda-feira";"17:00:00";"SP";153;74,6;"BADY BASSITT";"Avarias e/ou desgaste excessivo no pneu";"Tombamento";"Com Vatimas Feridas";"Pleno dia";"Crescente";"Ceu Claro";"Dupla";"Reta;Aclive                   ";"Sim";2;0;2;0;0;0;2;1;-20,88538598;-49,42676402;"SPRF-SP";"DEL09-SP";"UOP01-DEL09-SP"
573409;2024-01-08;"segunda-feira";"16:20:00";"RN";101;105,5;"PARNAMIRIM";"Condutor deixou de manter distancia do veiculo da frente";"Colisao traseira";"Com Vatimas Feridas";"Pleno dia";"Decrescente";"Sol";"Dupla";"Reta";"Sim";3;0;0;1;2;0;1;2;-5,90165196;-35,25928517;"SPRF-RN";"DEL01-RN";"UOP01-DEL01-RN"
573410;2024-01-08;"segunda-feira";"17:00:00";"SP";116;433;"REGISTRO";"Manobra de mudanaa de faixa";"Colisao traseira";"Com Vatimas Feridas";"Pleno dia";"Decrescente";"Ceu Claro";"Dupla";"Reta";"Nao";2;0;1;0;1;0;1;2;-24,42030004;-47,77032299;"SPRF-SP";"DEL05-SP";"UOP01-DEL05-SP"
573411;2024-01-08;"segunda-feira";"17:00:00";"RS";116;245;"SAO LEOPOLDO";"Ausancia de Reacao do condutor";"Colisao lateral mesmo sentido";"Com Vatimas Feridas";"Pleno dia";"Decrescente";"Ceu Claro";"Dupla";"Reta";"Sim";3;0;1;0;2;0;1;2;-29,74980902;-51,15125361;"SPRF-RS";"DEL01-RS";"UOP02-DEL01-RS"
573412;2024-01-08;"segunda-feira";"12:55:00";"MG";262;15;"MARTINS SOARES";"Ausancia de Reacao do condutor";"Colisao traseira";"Com Vatimas Feridas";"Pleno dia";"Crescente";"Nublado";"Simples";"Reta";"Sim";2;0;1;0;1;0;1;2;-20,26054008;-41,87631604;"SPRF-MG";"DEL06-MG";"UOP03-DEL06-MG"
573413;2024-01-08;"segunda-feira";"15:15:00";"BA";101;278;"LAJE";"Reacao tardia ou ineficiente do condutor";"Saida de leito carrocavel";"Com Vatimas Feridas";"Pleno dia";"Decrescente";"Ceu Claro";"Simples";"Aclive";"Nao";1;0;1;0;0;0;1;1;-13,20820402;-39,32291594;"SPRF-BA";"DEL01-BA";"UOP02-DEL01-BA"
573415;2024-01-08;"segunda-feira";"15:55:00";"RJ";116;173;"SAO JOAO DE MERITI";"Manobra de mudanaa de faixa";"Colisao lateral mesmo sentido";"Com Vatimas Feridas";"Pleno dia";"Decrescente";"Ceu Claro";"Dupla";"Reta";"Sim";4;0;3;0;0;1;3;3;-22,79810324;-43,35726614;"SPRF-RJ";"DEL06-RJ";"UOP01-DEL06-RJ"
573416;2024-01-08;"segunda-feira";"17:00:00";"BA";324;621;"SALVADOR";"Reacao tardia ou ineficiente do condutor";"Colisao traseira";"Com Vatimas Feridas";"Pleno dia";"Decrescente";"Ceu Claro";"Dupla";"Curva";"Sim";2;0;1;0;1;0;1;2;-12,91233708;-38,45956983;"SPRF-BA";"DEL01-BA";"UOP01-DEL01-BA"
573417;2024-01-08;"segunda-feira";"17:25:00";"RN";101;96;"NATAL";"Condutor deixou de manter distancia do veiculo da frente";"Colisao traseira";"Com Vatimas Feridas";"Anoitecer";"Decrescente";"Ceu Claro";"Dupla";"Reta";"Nao";2;0;1;0;1;0;1;2;-5,84949622;-35,20890752;"SPRF-RN";"DEL01-RN";"UOP01-DEL01-RN"
573419;2024-01-08;"segunda-feira";"14:23:00";"RN";406;154;"CEARA-MIRIM";"Condutor deixou de manter distancia do veiculo da frente";"Colisao traseira";"Com Vatimas Feridas";"Pleno dia";"Crescente";"Ceu Claro";"Simples";"Declive";"Nao";2;0;1;0;1;0;1;2;-5,67079426;-35,40552534;"SPRF-RN";"DEL02-RN";"UOP01-DEL02-RN"
573421;2024-01-08;"segunda-feira";"17:40:00";"SC";101;133,8;"BALNEARIO CAMBORIU";"Acessar a via sem observar a presenca dos outros veiculos";"Colisao lateral mesmo sentido";"Com Vatimas Feridas";"Pleno dia";"Crescente";"Ceu Claro";"Maltipla";"Interseaao de Vias";"Sim";2;0;1;0;1;0;1;2;-26,99936;-48,64609;"SPRF-SC";"DEL04-SC";"UOP03-DEL04-SC"
573422;2024-01-08;"segunda-feira";"17:45:00";"SC";101;229;"PALHOCA";"Condutor deixou de manter distancia do veiculo da frente";"Colisao com objeto";"Com Vatimas Feridas";"Pleno dia";"Decrescente";"Garoa/Chuvisco";"Maltipla";"Reta";"Nao";1;0;1;0;0;0;1;1;-27,7688932;-48,63205379;"SPRF-SC";"DEL01-SC";"UOP02-DEL01-SC"
573426;2024-01-08;"segunda-feira";"17:40:00";"AP";210;3;"MACAPA";"Acessar a via sem observar a presenca dos outros veiculos";"Colisao transversal";"Com Vatimas Feridas";"Anoitecer";"Decrescente";"Ceu Claro";"Dupla";"Reta";"Sim";3;0;2;1;0;0;3;2;0,0872336499;-51,0856900706;"SPRF-AP";"DEL01-AP";"UOP01-DEL01-AP"
573427;2024-01-08;"segunda-feira";"14:55:00";"MG";251;358;"PADRE CARVALHO";"Condutor Dormindo";"Saida de leito carrocavel";"Com Vatimas Feridas";"Pleno dia";"Crescente";"Nublado";"Simples";"Reta";"Nao";6;0;4;0;2;0;4;1;-16,26576621;-42,57202148;"SPRF-MG";"DEL12-MG";"UOP02-DEL12-MG"
573428;2024-01-08;"segunda-feira";"16:50:00";"MS";262;323;"CAMPO GRANDE";"Demais falhas mecanicas ou elatricas";"Incendio";"Sem Vatimas";"Pleno dia";"Decrescente";"Nublado";"Simples";"Reta";"Nao";1;0;0;0;1;0;0;1;-20,46901688;-54,506023;"SPRF-MS";"DEL01-MS";"UOP01-DEL01-MS"
573429;2024-01-08;"segunda-feira";"18:05:00";"DF";60;6;"BRASILIA";"Ausancia de Reacao do condutor";"Queda de ocupante de veiculo";"Sem Vatimas";"Pleno dia";"Crescente";"Ignorado";"Dupla";"Reta;Declive                  ";"Nao";1;0;0;0;0;1;0;1;-15,897939;-48,113056;"SPRF-DF";"DEL03-DF";"UOP01-DEL03-DF"
573430;2024-01-08;"segunda-feira";"17:50:00";"SP";381;33;"ATIBAIA";"Ausancia de Reacao do condutor";"Queda de ocupante de veiculo";"Com Vatimas Feridas";"Pleno dia";"Crescente";"Nublado";"Dupla";"Reta";"Sim";1;0;1;0;0;0;1;1;-23,0728028;-46,56673562;"SPRF-SP";"DEL03-SP";"UOP02-DEL03-SP"
573432;2024-01-08;"segunda-feira";"15:20:00";"PI";343;206,7;"CAPITAO DE CAMPOS";"Transtornos Mentais (exceto suicidio)";"Colisao com objeto";"Com Vatimas Feridas";"Pleno dia";"Decrescente";"Ceu Claro";"Simples";"Reta";"Nao";5;0;1;0;4;0;1;1;-4,417403;-41,88747;"SPRF-PI";"DEL02-PI";"UOP01-DEL02-PI"
573433;2024-01-08;"segunda-feira";"18:04:00";"RN";101;96;"NATAL";"Manobra de mudanaa de faixa";"Colisao traseira";"Com Vatimas Feridas";"Anoitecer";"Crescente";"Ceu Claro";"Dupla";"Reta";"Sim";3;0;1;0;2;0;1;2;-5,84949622;-35,20890752;"SPRF-RN";"DEL01-RN";"UOP01-DEL01-RN"
573434;2024-01-08;"segunda-feira";"18:20:00";"BA";116;418;"FEIRA DE SANTANA";"Desrespeitar a preferancia no cruzamento";"Colisao transversal";"Com Vatimas Feridas";"Plena Noite";"Decrescente";"Ceu Claro";"Maltipla";"Viaduto";"Sim";2;0;0;1;1;0;1;2;-12,185808;-38,965225;"SPRF-BA";"DEL02-BA";"UOP01-DEL02-BA"
573435;2024-01-08;"segunda-feira";"17:55:00";"PR";116;44,5;"CAMPINA GRANDE DO SUL";"Acumulo de agua sobre o pavimento";"Saida de leito carrocavel";"Com Vatimas Feridas";"Pleno dia";"Crescente";"Chuva";"Dupla";"Reta;Declive                  ";"Nao";2;0;1;0;1;0;1;1;-25,1882321;-48,88492529;"SPRF-PR";"DEL01-PR";"UOP02-DEL01-PR"
573437;2024-01-08;"segunda-feira";"18:40:00";"TO";10;456;"PALMAS";"Condutor deixou de manter distancia do veiculo da frente";"Colisao traseira";"Com Vatimas Feridas";"Anoitecer";"Decrescente";"Ceu Claro";"Maltipla";"Reta";"Sim";2;0;0;1;1;0;1;2;-10,20863984;-48,15545194;"SPRF-TO";"DEL01-TO";"UOP03-DEL01-TO"
573438;2024-01-08;"segunda-feira";"19:00:00";"SP";116;222;"GUARULHOS";"Condutor deixou de manter distancia do veiculo da frente";"Colisao traseira";"Com Vatimas Feridas";"Plena Noite";"Crescente";"Garoa/Chuvisco";"Maltipla";"Reta";"Sim";2;0;1;0;1;0;1;2;-23,47093408;-46,51631097;"SPRF-SP";"DEL01-SP";"UOP01-DEL01-SP"
573439;2024-01-08;"segunda-feira";"18:15:00";"SP";116;153;"SAO JOSE DOS CAMPOS";"Trafegar com motocicleta (ou similar) entre as faixas";"Colisao lateral mesmo sentido";"Com Vatimas Feridas";"Anoitecer";"Crescente";"Ceu Claro";"Maltipla";"Reta";"Sim";3;0;1;0;2;0;1;3;-23,23262274;-45,91372624;"SPRF-SP";"DEL02-SP";"UOP01-DEL02-SP"
573440;2024-01-08;"segunda-feira";"18:30:00";"PR";369;173,3;"ROLANDIA";"Acessar a via sem observar a presenca dos outros veiculos";"Colisao traseira";"Com Vatimas Feridas";"Anoitecer";"Crescente";"Nublado";"Simples";"Reta;Retorno Regulamentado    ";"Sim";3;0;1;0;1;1;1;3;-23,30989918;-51,36939347;"SPRF-PR";"DEL07-PR";"UOP01-DEL07-PR"
573443;2024-01-08;"segunda-feira";"14:00:00";"MA";230;481;"RIACHAO";"Acessar a via sem observar a presenca dos outros veiculos";"Colisao transversal";"Com Vatimas Fatais";"Pleno dia";"Decrescente";"Ceu Claro";"Simples";"Rotataria;Declive;Interseaao d";"Nao";5;1;0;0;3;1;0;3;-7,42211064;-46,66715634;"SPRF-MA";"DEL05-MA";"UOP01-DEL05-MA"
573444;2024-01-08;"segunda-feira";"19:15:00";"MG";146;459,9;"BOTELHOS";"Velocidade Incompatavel";"Saida de leito carrocavel";"Com Vatimas Feridas";"Plena Noite";"Decrescente";"Ceu Claro";"Simples";"Reta;Declive                  ";"Nao";1;0;0;1;0;0;1;1;-21,61005;-46,411447;"SPRF-MG";"DEL09-MG";"UOP01-DEL09-MG"
573446;2024-01-08;"segunda-feira";"16:40:00";"RJ";40;123;"DUQUE DE CAXIAS";"Frear bruscamente";"Colisao traseira";"Com Vatimas Feridas";"Pleno dia";"Crescente";"Ceu Claro";"Maltipla";"Reta";"Sim";2;0;1;0;1;0;1;2;-22,79907687;-43,29015739;"SPRF-RJ";"DEL01-RJ";"UOP02-DEL01-RJ"
573447;2024-01-08;"segunda-feira";"20:00:00";"SC";101;461;"PASSO DE TORRES";"Manobra de mudanaa de faixa";"Colisao lateral mesmo sentido";"Com Vatimas Feridas";"Plena Noite";"Decrescente";"Ceu Claro";"Dupla";"Retorno Regulamentado;Reta    ";"Nao";4;0;2;1;1;0;3;2;-29,26681993;-49,75517865;"SPRF-RS";"DEL03-RS";"UOP02-DEL03-RS"
573448;2024-01-08;"segunda-feira";"08:20:00";"PR";476;152,2;"ARAUCARIA";"Condutor Dormindo";"Colisao com objeto";"Com Vatimas Feridas";"Pleno dia";"Crescente";"Ceu Claro";"Dupla";"Reta";"Sim";1;0;1;0;0;0;1;1;-25,57136942;-49,38551366;"SPRF-PR";"DEL01-PR";"UOP06-DEL01-PR"
573452;2024-01-08;"segunda-feira";"20:50:00";"SP";116;63,8;"GUARATINGUETA";"Trafegar com motocicleta (ou similar) entre as faixas";"Colisao transversal";"Com Vatimas Feridas";"Plena Noite";"Decrescente";"Ceu Claro";"Dupla";"Curva";"Sim";2;0;0;1;1;0;1;2;-22,81269631;-45,1780086;"SPRF-SP";"DEL08-SP";"UOP01-DEL08-SP"
573454;2024-01-08;"segunda-feira";"17:30:00";"RS";285;571,2;"SAO LUIZ GONZAGA";"Desrespeitar a preferancia no cruzamento";"Colisao transversal";"Com Vatimas Feridas";"Pleno dia";"Crescente";"Nublado";"Simples";"Interseaao de Vias;Reta       ";"Nao";4;0;3;1;0;0;4;2;-28,415785;-55,005928;"SPRF-RS";"DEL12-RS";"UOP01-DEL12-RS"
573455;2024-01-08;"segunda-feira";"17:20:00";"RJ";101;332;"RIO DE JANEIRO";"Trafegar com motocicleta (ou similar) entre as faixas";"Colisao traseira";"Com Vatimas Feridas";"Pleno dia";"Decrescente";"Ceu Claro";"Dupla";"Curva";"Sim";2;0;1;0;1;0;1;2;-22,87133305;-43,20407695;"SPRF-RJ";"DEL02-RJ";"UOP01-DEL02-RJ"
573456;2024-01-08;"segunda-feira";"17:45:00";"MG";381;812,4;"CAREACU";"Velocidade Incompatavel";"Capotamento";"Com Vatimas Feridas";"Pleno dia";"Crescente";"Chuva";"Dupla";"Curva;Declive                 ";"Nao";1;0;1;0;0;0;1;1;-22,009397;-45,677869;"SPRF-MG";"DEL16-MG";"UOP02-DEL16-MG"
573458;2024-01-08;"segunda-feira";"19:20:00";"BA";235;339;"JUAZEIRO";"Estacionar ou parar em local proibido";"Colisao traseira";"Com Vatimas Feridas";"Plena Noite";"Crescente";"Ceu Claro";"Simples";"Reta";"Nao";3;0;0;2;0;1;2;3;-9,45861675;-40,42242106;"SPRF-PE";"DEL06-PE";"UOP01-DEL06-PE"
573459;2024-01-08;"segunda-feira";"17:58:00";"PE";101;99,5;"CABO DE SANTO AGOSTINHO";"Manobra de mudanaa de faixa";"Colisao lateral mesmo sentido";"Com Vatimas Feridas";"Anoitecer";"Decrescente";"Ceu Claro";"Dupla";"Reta";"Nao";6;0;4;2;0;0;6;2;-8,26025316;-35,04629883;"SPRF-PE";"DEL01-PE";"UOP03-DEL01-PE"
573460;2024-01-08;"segunda-feira";"22:00:00";"RJ";393;279;"VOLTA REDONDA";"Condutor deixou de manter distancia do veiculo da frente";"Colisao traseira";"Com Vatimas Feridas";"Plena Noite";"Crescente";"Ceu Claro";"Simples";"Reta";"Sim";4;0;4;0;0;0;4;2;-22,47750785;-44,01954402;"SPRF-RJ";"DEL05-RJ";"UOP04-DEL05-RJ"
573461;2024-01-08;"segunda-feira";"21:00:00";"SC";470;126;"LONTRAS";"Avarias e/ou desgaste excessivo no pneu";"Saida de leito carrocavel";"Com Vatimas Feridas";"Plena Noite";"Decrescente";"Chuva";"Simples";"Declive";"Nao";2;0;2;0;0;0;2;1;-27,129;-49,538277;"SPRF-SC";"DEL04-SC";"UOP02-DEL04-SC"
573463;2024-01-08;"segunda-feira";"22:00:00";"MG";267;120;"JUIZ DE FORA";"Ausancia de Reacao do condutor";"Atropelamento de Animal";"Sem Vatimas";"Plena Noite";"Decrescente";"Nublado";"Simples";"Reta";"Nao";1;0;0;0;1;0;0;1;-21,70442007;-43,46667202;"SPRF-MG";"DEL05-MG";"UOP01-DEL05-MG"
573464;2024-01-08;"segunda-feira";"21:40:00";"MT";70;7;"BARRA DO GARCAS";"Acessar a via sem observar a presenca dos outros veiculos";"Colisao frontal";"Com Vatimas Feridas";"Plena Noite";"Crescente";"Ceu Claro";"Simples";"Reta";"Sim";2;0;1;0;1;0;1;2;-15,878143;-52,316788;"SPRF-MT";"DEL07-MT";"UOP01-DEL07-MT"
573465;2024-01-08;"segunda-feira";"22:00:00";"BA";101;717,3;"EUNAPOLIS";"Reacao tardia ou ineficiente do condutor";"Colisao transversal";"Com Vatimas Feridas";"Plena Noite";"Decrescente";"Ceu Claro";"Simples";"Rotataria";"Sim";2;0;1;0;1;0;1;2;-16,36629916;-39,58202004;"SPRF-BA";"DEL09-BA";"UOP01-DEL09-BA"
573466;2024-01-08;"segunda-feira";"20:30:00";"MS";163;77,7;"ITAQUIRAI";"Ausancia de Reacao do condutor";"Atropelamento de Pedestre";"Com Vatimas Feridas";"Plena Noite";"Crescente";"Ceu Claro";"Simples";"Reta";"Sim";3;0;2;1;0;0;3;2;-23,4831998;-54,18609129;"SPRF-MS";"DEL09-MS";"UOP01-DEL09-MS"
573467;2024-01-08;"segunda-feira";"20:00:00";"MG";365;581;"INDIANOPOLIS";"Ausancia de Reacao do condutor";"Saida de leito carrocavel";"Com Vatimas Feridas";"Plena Noite";"Crescente";"Ignorado";"Dupla";"Rotataria";"Nao";2;0;1;0;1;0;1;1;-18,87146919;-47,96460406;"SPRF-MG";"DEL15-MG";"UOP02-DEL15-MG"
573468;2024-01-08;"segunda-feira";"16:20:00";"PE";428;187,3;"PETROLINA";"Ausancia de Reacao do condutor";"Colisao lateral mesmo sentido";"Com Vatimas Feridas";"Pleno dia";"Crescente";"Ceu Claro";"Dupla";"Reta";"Sim";2;0;1;0;1;0;1;2;-9,35604301;-40,47854198;"SPRF-PE";"DEL06-PE";"UOP01-DEL06-PE"
573469;2024-01-08;"segunda-feira";"21:50:00";"RJ";101;299;"SAO GONCALO";"Trafegar com motocicleta (ou similar) entre as faixas";"Queda de ocupante de veiculo";"Sem Vatimas";"Plena Noite";"Decrescente";"Chuva";"Dupla";"Reta";"Sim";1;0;0;0;0;1;0;1;-22,77432673;-42,93823207;"SPRF-RJ";"DEL02-RJ";"UOP02-DEL02-RJ"
573471;2024-01-08;"segunda-feira";"22:50:00";"RJ";101;59;"CAMPOS DOS GOYTACAZES";"Reacao tardia ou ineficiente do condutor";"Colisao traseira";"Com Vatimas Feridas";"Plena Noite";"Decrescente";"Ceu Claro";"Simples";"Reta;Interseaao de Vias       ";"Sim";3;0;1;0;1;1;1;3;-21,71864695;-41,312204;"SPRF-RJ";"DEL08-RJ";"UOP01-DEL08-RJ"
573472;2024-01-08;"segunda-feira";"21:50:00";"MS";267;151,5;"NOVA ANDRADINA";"Pedestre andava na pista";"Atropelamento de Pedestre";"Com Vatimas Fatais";"Plena Noite";"Crescente";"Ceu Claro";"Simples";"Reta;Interseaao de Vias       ";"Nao";2;1;0;0;1;0;0;2;-21,642473;-53,488925;"SPRF-MS";"DEL02-MS";"UOP03-DEL02-MS"
573473;2024-01-08;"segunda-feira";"21:30:00";"MG";381;425;"CAETE";"Chuva";"Colisao lateral mesmo sentido";"Com Vatimas Feridas";"Plena Noite";"Decrescente";"Chuva";"Dupla";"Viaduto;Reta                  ";"Nao";1;0;0;1;0;0;1;1;-19,789917;-43,68234;"SPRF-MG";"DEL01-MG";"UOP01-DEL01-MG"
573474;2024-01-08;"segunda-feira";"21:00:00";"SC";470;354;"CAMPOS NOVOS";"Demais falhas mecanicas ou elatricas";"Incendio";"Sem Vatimas";"Plena Noite";"Decrescente";"Ceu Claro";"Simples";"Curva";"Nao";1;0;0;0;0;1;0;1;-27,579763;-51,470905;"SPRF-SC";"DEL07-SC";"UOP06-DEL07-SC"
573475;2024-01-08;"segunda-feira";"23:10:00";"MG";116;405;"GOVERNADOR VALADARES";"Ausancia de Reacao do condutor";"Saida de leito carrocavel";"Com Vatimas Feridas";"Plena Noite";"Decrescente";"Nublado";"Simples";"Reta";"Nao";1;0;1;0;0;0;1;1;-18,81853329;-41,98467936;"SPRF-MG";"DEL06-MG";"UOP01-DEL06-MG"
573476;2024-01-08;"segunda-feira";"22:00:00";"MG";381;264,8;"TIMOTEO";"Ultrapassagem Indevida";"Colisao traseira";"Com Vatimas Feridas";"Plena Noite";"Crescente";"Nublado";"Simples";"Reta";"Nao";2;0;0;1;1;0;1;2;-19,52389212;-42,65444398;"SPRF-MG";"DEL03-MG";"UOP02-DEL03-MG"