"id";"data_inversa";"dia_semana";"horario";"uf";"br";"km";"municipio";"causa_acidente";"tipo_acidente";"classificacao_acidente";"fase_dia";"sentido_via";"condicao_metereologica";"tipo_pista";"tracado_via";"uso_solo";"pessoas";"mortos";"feridos_leves";"feridos_graves";"ilesos";"ignorados";"feridos";"veiculos";"latitude";"longitude";"regional";"delegacia";"uop"
573477;2024-01-08;"segunda-feira";"22:22:00";"MS";163;266;"DOURADOS";"Iluminaaao deficiente";"Colisao lateral mesmo sentido";"Com Vatimas Feridas";"Plena Noite";"Crescente";"Ceu Claro";"Dupla";"Reta";"Nao";4;0;4;0;0;0;4;2;-22,21821026;-54,72287079;"SPRF-MS";"DEL04-MS";"UOP01-DEL04-MS"
573479;2024-01-08;"segunda-feira";"22:30:00";"PA";230;116;"MARABA";"Retorno proibido";"Colisao transversal";"Com Vatimas Feridas";"Plena Noite";"Crescente";"Nublado";"Dupla";"Reta";"Sim";4;0;0;2;1;1;2;3;-5,35947454;-49,08301084;"SPRF-PA";"DEL03-PA";"UOP01-DEL03-PA"
573480;2024-01-08;"segunda-feira";"22:26:00";"GO";20;101;"FLORES DE GOIAS";"Demais falhas mecanicas ou elatricas";"Incendio";"Sem Vatimas";"Plena Noite";"Crescente";"Nublado";"Simples";"Reta";"Nao";1;0;0;0;0;1;0;1;-14,940716;-46,986126;"SPRF-DF";"DEL02-DF";"UOP02-DEL02-DF"
573481;2024-01-09;"terça-feira";"00:20:00";"RJ";101;454;"MANGARATIBA";"Condutor Dormindo";"Saida de leito carrocavel";"Com Vatimas Feridas";"Plena Noite";"Crescente";"Ceu Claro";"Simples";"Reta";"Nao";2;0;1;0;1;0;1;1;-23,0340287;-44,15061917;"SPRF-RJ";"DEL03-RJ";"UOP02-DEL03-RJ"
573482;2024-01-09;"terça-feira";"01:45:00";"PR";116;125;"FAZENDA RIO GRANDE";"Velocidade Incompatavel";"Saida de leito carrocavel";"Sem Vatimas";"Plena Noite";"Decrescente";"Garoa/Chuvisco";"Dupla";"Reta";"Sim";1;0;0;0;0;1;0;1;-25,59505309;-49,31630659;"SPRF-PR";"DEL01-PR";"UOP03-DEL01-PR"
573485;2024-01-09;"terça-feira";"03:50:00";"GO";153;509,1;"APARECIDA DE GOIANIA";"Condutor Dormindo";"Saida de leito carrocavel";"Com Vatimas Fatais";"Plena Noite";"Crescente";"Ceu Claro";"Dupla";"Reta";"Sim";2;1;0;1;0;0;1;1;-16,7888;-49,2379;"SPRF-GO";"DEL01-GO";"UOP03-DEL01-GO"
573486;2024-01-09;"terça-feira";"03:10:00";"PR";277;693;"SAO MIGUEL DO IGUACU";"Ausancia de Reacao do condutor";"Queda de ocupante de veiculo";"Com Vatimas Feridas";"Plena Noite";"Crescente";"Ceu Claro";"Dupla";"Aclive";"Nao";2;0;0;1;0;1;1;2;-25,37239725;-54,27033988;"SPRF-PR";"DEL05-PR";"UOP01-DEL05-PR"
573487;2024-01-09;"terça-feira";"04:52:00";"GO";60;7,9;"SANTO ANTONIO DO DESCOBERTO";"Condutor Dormindo";"Saida de leito carrocavel";"Sem Vatimas";"Pleno dia";"Decrescente";"Ceu Claro";"Dupla";"Reta";"Nao";1;0;0;0;1;0;0;1;-16,10387569;-48,29349518;"SPRF-DF";"DEL03-DF";"UOP01-DEL03-DF"
573489;2024-01-09;"terça-feira";"05:20:00";"PB";230;265;"JUNCO DO SERIDO";"Acessar a via sem observar a presenca dos outros veiculos";"Colisao transversal";"Com Vatimas Fatais";"Amanhecer";"Crescente";"Ceu Claro";"Simples";"Reta";"Nao";2;1;0;0;1;0;0;2;-6,9757;-36,7421;"SPRF-PB";"DEL03-PB";"UOP01-DEL03-PB"
573490;2024-01-04;"quinta-feira";"14:30:00";"RJ";40;115;"DUQUE DE CAXIAS";"Pista esburacada";"Tombamento";"Com Vatimas Feridas";"Pleno dia";"Decrescente";"Ceu Claro";"Maltipla";"Reta";"Sim";2;0;1;0;1;0;1;1;-22,72756999;-43,2891609;"SPRF-RJ";"DEL01-RJ";"UOP02-DEL01-RJ"
573495;2024-01-08;"segunda-feira";"22:30:00";"MG";116;415;"GOVERNADOR VALADARES";"Acessar a via sem observar a presenca dos outros veiculos";"Colisao lateral mesmo sentido";"Com Vatimas Feridas";"Plena Noite";"Crescente";"Ceu Claro";"Simples";"Reta";"Nao";1;0;1;0;0;0;1;1;-18,88401297;-41,94924399;"SPRF-MG";"DEL06-MG";"UOP01-DEL06-MG"
573497;2024-01-09;"terça-feira";"07:00:00";"SP";116;228;"SAO PAULO";"Reacao tardia ou ineficiente do condutor";"Colisao traseira";"Com Vatimas Feridas";"Pleno dia";"Crescente";"Ceu Claro";"Maltipla";"Reta";"Sim";2;0;1;0;1;0;1;2;-23,50343484;-46,56638712;"SPRF-SP";"DEL01-SP";"UOP01-DEL01-SP"
573498;2024-01-09;"terça-feira";"07:05:00";"PB";230;20;"JOAO PESSOA";"Condutor deixou de manter distancia do veiculo da frente";"Tombamento";"Com Vatimas Feridas";"Pleno dia";"Decrescente";"Ceu Claro";"Dupla";"Reta;Declive                  ";"Sim";2;0;2;0;0;0;2;1;-7,1337;-34,8544;"SPRF-PB";"DEL01-PB";"UOP01-DEL01-PB"
573499;2024-01-09;"terça-feira";"07:00:00";"MG";40;521,9;"CONTAGEM";"Trafegar com motocicleta (ou similar) entre as faixas";"Colisao traseira";"Com Vatimas Feridas";"Pleno dia";"Crescente";"Chuva";"Dupla";"Reta";"Nao";2;0;1;0;1;0;1;2;-19,86614483;-44,06493902;"SPRF-MG";"DEL01-MG";"UOP02-DEL01-MG"
573500;2024-01-09;"terça-feira";"07:10:00";"BA";116;16;"VITORIA DA CONQUISTA";"Desrespeitar a preferancia no cruzamento";"Colisao transversal";"Com Vatimas Feridas";"Pleno dia";"Decrescente";"Ceu Claro";"Simples";"Interseaao de Vias";"Nao";2;0;1;0;1;0;1;2;-14,9024;-40,8442;"SPRF-BA";"DEL08-BA";"UOP01-DEL08-BA"
573501;2024-01-08;"segunda-feira";"21:30:00";"RJ";40;119;"DUQUE DE CAXIAS";"Transitar na contramao";"Colisao frontal";"Com Vatimas Feridas";"Plena Noite";"Crescente";"Ceu Claro";"Simples";"Curva";"Sim";6;0;4;1;1;0;5;2;-22,76375592;-43,28683062;"SPRF-RJ";"DEL01-RJ";"UOP02-DEL01-RJ"
573502;2024-01-09;"terça-feira";"07:30:00";"ES";101;143,8;"LINHARES";"Mal sabito do condutor";"Colisao frontal";"Com Vatimas Feridas";"Pleno dia";"Decrescente";"Ceu Claro";"Simples";"Reta";"Nao";2;0;2;0;0;0;2;2;-19,34286596;-40,0638568;"SPRF-ES";"DEL04-ES";"UOP01-DEL04-ES"
573503;2024-01-09;"terça-feira";"07:30:00";"RS";116;242;"NOVO HAMBURGO";"Manobra de mudanaa de faixa";"Colisao lateral sentido oposto";"Com Vatimas Feridas";"Pleno dia";"Decrescente";"Ceu Claro";"Dupla";"Interseaao de Vias;Reta       ";"Sim";2;0;1;0;1;0;1;2;-29,72297087;-51,14858729;"SPRF-RS";"DEL01-RS";"UOP02-DEL01-RS"
573504;2024-01-09;"terça-feira";"07:00:00";"PR";277;660;"MATELANDIA";"Demais falhas mecanicas ou elatricas";"Colisao com objeto";"Com Vatimas Feridas";"Amanhecer";"Decrescente";"Nublado";"Dupla";"Curva";"Nao";1;0;0;1;0;0;1;1;-25,25136237;-53,99027796;"SPRF-PR";"DEL05-PR";"UOP02-DEL05-PR"
573505;2024-01-09;"terça-feira";"01:05:00";"RO";364;514;"ARIQUEMES";"Reacao tardia ou ineficiente do condutor";"Atropelamento de Pedestre";"Com Vatimas Feridas";"Plena Noite";"Decrescente";"Ceu Claro";"Simples";"Reta";"Sim";1;0;0;1;0;0;1;1;-9,93398403;-63,05522959;"SPRF-RO";"DEL03-RO";"UOP01-DEL03-RO"
573506;2024-01-09;"terça-feira";"08:00:00";"PE";428;187;"PETROLINA";"Ausancia de Reacao do condutor";"Colisao traseira";"Com Vatimas Feridas";"Pleno dia";"Crescente";"Nublado";"Dupla";"Rotataria";"Sim";3;0;1;0;2;0;1;2;-9,35604301;-40,47854198;"SPRF-PE";"DEL06-PE";"UOP01-DEL06-PE"
573508;2024-01-01;"segunda-feira";"17:20:00";"MG";153;222;"FRUTAL";"Demais falhas na via";"Tombamento";"Com Vatimas Feridas";"Pleno dia";"Decrescente";"Ceu Claro";"Simples";"Reta";"Nao";1;0;0;1;0;0;1;1;-20,172567;-49,11351;"SPRF-MG";"DEL13-MG";"UOP02-DEL13-MG"
573510;2024-01-09;"terça-feira";"07:10:00";"ES";101;64,9;"SAO MATEUS";"Demais falhas mecanicas ou elatricas";"Incendio";"Sem Vatimas";"Pleno dia";"Crescente";"Nublado";"Simples";"Aclive";"Nao";1;0;0;0;1;0;0;1;-18,70428583;-39,87065983;"SPRF-ES";"DEL04-ES";"UOP02-DEL04-ES"
573512;2024-01-09;"terça-feira";"08:00:00";"RS";290;22;"PORTO ALEGRE";"Reacao tardia ou ineficiente do condutor";"Queda de ocupante de veiculo";"Com Vatimas Feridas";"Pleno dia";"Crescente";"Ceu Claro";"Maltipla";"Curva";"Sim";1;0;1;0;0;0;1;1;-29,97462942;-51,19962275;"SPRF-RS";"DEL03-RS";"UOP01-DEL03-RS"
573515;2024-01-09;"terça-feira";"08:40:00";"MG";116;524,8;"CARATINGA";"Ultrapassagem Indevida";"Colisao lateral mesmo sentido";"Com Vatimas Feridas";"Pleno dia";"Crescente";"Ceu Claro";"Simples";"Curva";"Sim";2;0;0;1;1;0;1;2;-19,76027352;-42,13398823;"SPRF-MG";"DEL06-MG";"UOP02-DEL06-MG"
573517;2024-01-09;"terça-feira";"08:40:00";"PR";277;631,8;"CEU AZUL";"Reacao tardia ou ineficiente do condutor";"Saida de leito carrocavel";"Com Vatimas Feridas";"Pleno dia";"Crescente";"Ceu Claro";"Simples";"Reta";"Nao";1;0;1;0;0;0;1;1;-25,1191791;-53,80080296;"SPRF-PR";"DEL05-PR";"UOP02-DEL05-PR"
573518;2024-01-09;"terça-feira";"08:45:00";"SP";116;186;"SANTA ISABEL";"Avarias e/ou desgaste excessivo no pneu";"Tombamento";"Com Vatimas Feridas";"Pleno dia";"Decrescente";"Ceu Claro";"Dupla";"Reta";"Nao";2;0;2;0;0;0;2;1;-23,35220682;-46,19934905;"SPRF-SP";"DEL01-SP";"UOP01-DEL01-SP"
573521;2024-01-09;"terça-feira";"06:40:00";"MG";381;568,4;"ITAGUARA";"Velocidade Incompatavel";"Saida de leito carrocavel";"Com Vatimas Feridas";"Amanhecer";"Crescente";"Chuva";"Dupla";"Curva;Declive                 ";"Nao";1;0;1;0;0;0;1;1;-20,40795732;-44,52510925;"SPRF-MG";"DEL04-MG";"UOP03-DEL04-MG"
573526;2024-01-09;"terça-feira";"08:30:00";"MG";381;785,2;"SAO GONCALO DO SAPUCAI";"Velocidade Incompatavel";"Saida de leito carrocavel";"Com Vatimas Fatais";"Pleno dia";"Decrescente";"Ceu Claro";"Dupla";"Reta";"Nao";5;1;2;2;0;0;4;1;-21,88255302;-45,54451394;"SPRF-MG";"DEL16-MG";"UOP02-DEL16-MG"
573529;2024-01-09;"terça-feira";"08:11:00";"PR";153;104,5;"IBAITI";"Acessar a via sem observar a presenca dos outros veiculos";"Colisao transversal";"Com Vatimas Feridas";"Pleno dia";"Crescente";"Ceu Claro";"Simples";"Reta";"Nao";2;0;0;1;1;0;1;2;-23,80536791;-50,17863853;"SPRF-PR";"DEL07-PR";"UOP04-DEL07-PR"
573530;2024-01-09;"terça-feira";"08:00:00";"SC";282;17,1;"PALHOCA";"Conversao proibida";"Colisao transversal";"Com Vatimas Feridas";"Pleno dia";"Decrescente";"Ceu Claro";"Simples";"Reta";"Sim";2;0;0;1;1;0;1;2;-27,665707;-48,688065;"SPRF-SC";"DEL01-SC";"UOP02-DEL01-SC"
573535;2024-01-09;"terça-feira";"08:00:00";"PE";424;91,6;"GARANHUNS";"Conversao proibida";"Colisao transversal";"Com Vatimas Feridas";"Pleno dia";"Decrescente";"Ceu Claro";"Simples";"Curva";"Nao";3;0;2;0;1;0;2;2;-8,90409633;-36,49974647;"SPRF-PE";"DEL03-PE";"UOP01-DEL03-PE"
573536;2024-01-09;"terça-feira";"09:18:00";"PE";232;409,5;"SERRA TALHADA";"Transitar no Acostamento";"Atropelamento de Pedestre";"Com Vatimas Feridas";"Pleno dia";"Decrescente";"Ceu Claro";"Simples";"Reta";"Nao";2;0;0;1;0;1;1;2;-7,981767;-38,29185;"SPRF-PE";"DEL04-PE";"UOP01-DEL04-PE"
573543;2024-01-06;"sabado";"00:45:00";"RJ";NA;NA;"QUEIMADOS";"Velocidade Incompatavel";"Colisao lateral mesmo sentido";"Com Vatimas Feridas";"Plena Noite";"Nao Informado";"Chuva";"Simples";"Reta";"Nao";5;0;1;0;4;0;1;2;-22,74961824;-43,54064226;"SPRF-RJ";"DEL06-RJ";"N/A"
573544;2024-01-09;"terça-feira";"09:40:00";"PI";316;3,9;"TERESINA";"Condutor desrespeitou a iluminaaao vermelha do semaforo";"Colisao transversal";"Sem Vatimas";"Pleno dia";"Crescente";"Ceu Claro";"Simples";"Interseaao de Vias;Viaduto    ";"Sim";2;0;0;0;2;0;0;2;-5,12826443;-42,79292384;"SPRF-PI";"DEL01-PI";"UOP02-DEL01-PI"
573552;2024-01-09;"terça-feira";"10:40:00";"SC";101;232;"PALHOCA";"Condutor deixou de manter distancia do veiculo da frente";"Colisao traseira";"Sem Vatimas";"Pleno dia";"Decrescente";"Ceu Claro";"Dupla";"Reta;Aclive                   ";"Nao";2;0;0;0;2;0;0;2;-27,795666;-48,638153;"SPRF-SC";"DEL01-SC";"UOP02-DEL01-SC"
573554;2024-01-09;"terça-feira";"10:45:00";"SC";101;150;"ITAPEMA";"Manobra de mudanaa de faixa";"Colisao transversal";"Com Vatimas Feridas";"Pleno dia";"Decrescente";"Ceu Claro";"Dupla";"Reta";"Nao";4;0;1;1;2;0;2;3;-27,11744799;-48,60940987;"SPRF-SC";"DEL04-SC";"UOP03-DEL04-SC"
573555;2024-01-07;"domingo";"20:00:00";"RJ";116;41;"TERESOPOLIS";"Acessar a via sem observar a presenca dos outros veiculos";"Colisao transversal";"Sem Vatimas";"Plena Noite";"Crescente";"Ceu Claro";"Simples";"Reta";"Nao";2;0;0;0;2;0;0;2;-22,13943547;-42,78660142;"SPRF-RJ";"DEL04-RJ";"UOP01-DEL04-RJ"
573558;2024-01-03;"quarta-feira";"13:45:00";"BA";116;227;"EUCLIDES DA CUNHA";"Reacao tardia ou ineficiente do condutor";"Colisao lateral sentido oposto";"Com Vatimas Feridas";"Pleno dia";"Crescente";"Nublado";"Simples";"Reta";"Nao";5;0;1;0;4;0;1;2;-10,60949696;-38,97018591;"SPRF-BA";"DEL07-BA";"UOP02-DEL07-BA"
573561;2024-01-09;"terça-feira";"12:00:00";"BA";116;420,5;"FEIRA DE SANTANA";"Demais Fenamenos da natureza";"Eventos atapicos";"Com Vatimas Feridas";"Pleno dia";"Crescente";"Ceu Claro";"Dupla";"Reta;Desvio Temporario;Em Obra";"Sim";3;0;1;0;2;0;1;1;-12,21476852;-38,96581369;"SPRF-BA";"DEL02-BA";"UOP01-DEL02-BA"
573563;2024-01-09;"terça-feira";"11:47:00";"PE";101;43;"IGARASSU";"Condutor deixou de manter distancia do veiculo da frente";"Colisao traseira";"Com Vatimas Feridas";"Pleno dia";"Decrescente";"Sol";"Maltipla";"Reta";"Sim";3;0;2;0;1;0;2;2;-7,84753808;-34,90977038;"SPRF-PE";"DEL01-PE";"UOP02-DEL01-PE"
573564;2024-01-09;"terça-feira";"11:10:00";"RO";319;62;"PORTO VELHO";"Desrespeitar a preferancia no cruzamento";"Colisao transversal";"Com Vatimas Feridas";"Pleno dia";"Crescente";"Ceu Claro";"Dupla";"Retorno Regulamentado;Reta    ";"Sim";2;0;1;0;1;0;1;2;-8,766685;-63,884052;"SPRF-RO";"DEL01-RO";"UOP01-DEL01-RO"
573566;2024-01-09;"terça-feira";"13:00:00";"GO";414;384;"CORUMBA DE GOIAS";"Ingestao de alcool pelo condutor";"Saida de leito carrocavel";"Com Vatimas Feridas";"Pleno dia";"Crescente";"Ceu Claro";"Simples";"Reta";"Nao";1;0;0;1;0;0;1;1;-15,86700306;-48,77386088;"SPRF-GO";"DEL02-GO";"UOP01-DEL02-GO"
573567;2024-01-09;"terça-feira";"13:06:00";"TO";153;259,1;"COLINAS DO TOCANTINS";"Condutor Dormindo";"Saida de leito carrocavel";"Com Vatimas Feridas";"Pleno dia";"Decrescente";"Ceu Claro";"Simples";"Reta";"Nao";3;0;2;1;0;0;3;1;-8,163769;-48,464999;"SPRF-TO";"DEL02-TO";"UOP02-DEL02-TO"
573574;2024-01-09;"terça-feira";"14:00:00";"MG";40;700,6;"BARBACENA";"Acessar a via sem observar a presenca dos outros veiculos";"Colisao transversal";"Com Vatimas Feridas";"Pleno dia";"Crescente";"Sol";"Dupla";"Reta;Declive                  ";"Nao";2;0;2;0;0;0;2;2;-21,211363;-43,749588;"SPRF-MG";"DEL05-MG";"UOP02-DEL05-MG"
573576;2024-01-09;"terça-feira";"13:00:00";"PE";101;68;"RECIFE";"Condutor deixou de manter distancia do veiculo da frente";"Engavetamento";"Com Vatimas Feridas";"Pleno dia";"Decrescente";"Sol";"Simples";"Reta;Viaduto                  ";"Sim";5;0;1;0;4;0;1;3;-8,051487;-34,946057;"SPRF-PE";"DEL01-PE";"UOP01-DEL01-PE"
573577;2024-01-09;"terça-feira";"11:30:00";"MG";116;764,9;"LEOPOLDINA";"Pedestre cruzava a pista fora da faixa";"Atropelamento de Pedestre";"Com Vatimas Feridas";"Pleno dia";"Crescente";"Ceu Claro";"Maltipla";"Declive;Interseaao de Vias    ";"Nao";2;0;1;0;1;0;1;2;-21,52171912;-42,64030314;"SPRF-MG";"DEL07-MG";"UOP01-DEL07-MG"
573579;2024-01-09;"terça-feira";"13:40:00";"SP";116;55,1;"LORENA";"Mal sabito do condutor";"Colisao com objeto";"Com Vatimas Feridas";"Pleno dia";"Crescente";"Ceu Claro";"Dupla";"Reta";"Nao";3;0;2;0;1;0;2;1;-22,76356421;-45,12272385;"SPRF-SP";"DEL08-SP";"UOP02-DEL08-SP"
573581;2024-01-09;"terça-feira";"12:45:00";"PE";104;65,8;"CARUARU";"Ausancia de Reacao do condutor";"Colisao traseira";"Com Vatimas Feridas";"Pleno dia";"Crescente";"Nublado";"Dupla";"Declive;Reta                  ";"Sim";3;0;1;0;2;0;1;3;-8,2867;-35,9838;"SPRF-PE";"DEL02-PE";"UOP01-DEL02-PE"
573582;2024-01-09;"terça-feira";"11:50:00";"MG";116;808,3;"ALEM PARAIBA";"Acessar a via sem observar a presenca dos outros veiculos";"Colisao transversal";"Com Vatimas Feridas";"Pleno dia";"Decrescente";"Sol";"Simples";"Reta";"Nao";4;0;3;0;1;0;3;3;-21,81917799;-42,68924498;"SPRF-MG";"DEL07-MG";"UOP01-DEL07-MG"
573583;2024-01-09;"terça-feira";"12:25:00";"RS";101;1,9;"TORRES";"Acessar a via sem observar a presenca dos outros veiculos";"Tombamento";"Com Vatimas Feridas";"Pleno dia";"Decrescente";"Nublado";"Dupla";"Reta";"Nao";1;0;1;0;0;0;1;1;-29,31602055;-49,77423549;"SPRF-RS";"DEL03-RS";"UOP02-DEL03-RS"
573584;2024-01-02;"terça-feira";"22:45:00";"MG";116;412,1;"GOVERNADOR VALADARES";"Retorno proibido";"Colisao transversal";"Com Vatimas Feridas";"Plena Noite";"Decrescente";"Chuva";"Simples";"Reta";"Sim";2;0;1;0;1;0;1;2;-18,8781889;-41,96228027;"SPRF-MG";"DEL06-MG";"UOP01-DEL06-MG"
573586;2024-01-09;"terça-feira";"13:30:00";"SC";101;193,2;"BIGUACU";"Ingestao de alcool pelo condutor";"Saida de leito carrocavel";"Sem Vatimas";"Pleno dia";"Crescente";"Ceu Claro";"Maltipla";"Curva";"Sim";1;0;0;0;1;0;0;1;-27,489574;-48,655914;"SPRF-SC";"DEL01-SC";"UOP01-DEL01-SC"
573587;2024-01-09;"terça-feira";"12:00:00";"RJ";40;123;"DUQUE DE CAXIAS";"Ausancia de Reacao do condutor";"Saida de leito carrocavel";"Com Vatimas Feridas";"Pleno dia";"Decrescente";"Ceu Claro";"Dupla";"Reta";"Sim";1;0;1;0;0;0;1;1;-22,79907687;-43,29015739;"SPRF-RJ";"DEL01-RJ";"UOP02-DEL01-RJ"
573590;2024-01-09;"terça-feira";"14:40:00";"PR";116;33,8;"CAMPINA GRANDE DO SUL";"Reacao tardia ou ineficiente do condutor";"Tombamento";"Com Vatimas Feridas";"Pleno dia";"Decrescente";"Chuva";"Dupla";"Declive;Curva                 ";"Nao";1;0;1;0;0;0;1;1;-25,1152842;-48,85224223;"SPRF-PR";"DEL01-PR";"UOP02-DEL01-PR"
573591;2024-01-09;"terça-feira";"15:00:00";"SC";101;136;"BALNEARIO CAMBORIU";"Acessar a via sem observar a presenca dos outros veiculos";"Colisao lateral mesmo sentido";"Com Vatimas Feridas";"Pleno dia";"Decrescente";"Ceu Claro";"Dupla";"Reta";"Nao";3;0;2;0;1;0;2;2;-27,008113;-48,617245;"SPRF-SC";"DEL04-SC";"UOP03-DEL04-SC"
573592;2024-01-09;"terça-feira";"15:30:00";"SP";116;282;"EMBU DAS ARTES";"Ausancia de Reacao do condutor";"Queda de ocupante de veiculo";"Com Vatimas Feridas";"Pleno dia";"Crescente";"Nublado";"Dupla";"Declive;Curva                 ";"Nao";1;0;1;0;0;0;1;1;-23,68570216;-46,85970975;"SPRF-SP";"DEL04-SP";"UOP01-DEL04-SP"
573593;2024-01-09;"terça-feira";"15:00:00";"PR";116;30;"CAMPINA GRANDE DO SUL";"Reacao tardia ou ineficiente do condutor";"Saida de leito carrocavel";"Com Vatimas Feridas";"Pleno dia";"Crescente";"Garoa/Chuvisco";"Dupla";"Curva;Declive                 ";"Nao";3;0;3;0;0;0;3;1;-25,10003092;-48,82089801;"SPRF-PR";"DEL01-PR";"UOP02-DEL01-PR"
573594;2024-01-01;"segunda-feira";"16:00:00";"MG";153;88,9;"PRATA";"Acumulo de agua sobre o pavimento";"Saida de leito carrocavel";"Com Vatimas Feridas";"Pleno dia";"Crescente";"Chuva";"Simples";"Curva;Aclive                  ";"Nao";5;0;5;0;0;0;5;1;-19,12589594;-48,96661173;"SPRF-MG";"DEL15-MG";"UOP03-DEL15-MG"
573596;2024-01-09;"terça-feira";"16:00:00";"PR";277;641,8;"CEU AZUL";"Avarias e/ou desgaste excessivo no pneu";"Colisao transversal";"Com Vatimas Fatais";"Pleno dia";"Crescente";"Chuva";"Simples";"Curva";"Nao";5;1;1;2;1;0;3;3;-25,17656952;-53,86489517;"SPRF-PR";"DEL05-PR";"UOP02-DEL05-PR"
573599;2024-01-09;"terça-feira";"15:45:00";"PR";376;190;"MARIALVA";"Avarias e/ou desgaste excessivo no pneu";"Tombamento";"Com Vatimas Feridas";"Pleno dia";"Crescente";"Ceu Claro";"Dupla";"Curva";"Sim";1;0;0;1;0;0;1;1;-23,47560277;-51,81167587;"SPRF-PR";"DEL09-PR";"UOP01-DEL09-PR"
573600;2024-01-09;"terça-feira";"15:00:00";"PR";158;525,1;"PATO BRANCO";"Reacao tardia ou ineficiente do condutor";"Colisao com objeto";"Com Vatimas Feridas";"Pleno dia";"Crescente";"Vento";"Simples";"Reta";"Nao";1;0;1;0;0;0;1;1;-26,15019792;-52,66273226;"SPRF-PR";"DEL02-PR";"UOP01-DEL02-PR"
573601;2024-01-09;"terça-feira";"16:30:00";"SE";235;52;"ITABAIANA";"Desrespeitar a preferancia no cruzamento";"Colisao transversal";"Com Vatimas Feridas";"Pleno dia";"Crescente";"Ceu Claro";"Simples";"Reta";"Sim";3;0;2;0;1;0;2;2;-10,693279;-37,437557;"SPRF-SE";"DEL01-SE";"UOP02-DEL01-SE"
573602;2024-01-09;"terça-feira";"15:00:00";"MS";262;752,8;"CORUMBA";"Demais falhas mecanicas ou elatricas";"Incendio";"Sem Vatimas";"Pleno dia";"Crescente";"Ceu Claro";"Simples";"Reta";"Nao";60;0;0;0;60;0;0;1;-19,21265799;-57,64541874;"SPRF-MS";"DEL03-MS";"UOP03-DEL03-MS"
573604;2024-01-09;"terça-feira";"16:40:00";"SC";101;274,8;"IMBITUBA";"Pedestre andava na pista";"Atropelamento de Pedestre";"Com Vatimas Feridas";"Pleno dia";"Decrescente";"Nublado";"Maltipla";"Reta";"Nao";2;0;1;1;0;0;2;2;-28,129852;-48,69322;"SPRF-SC";"DEL02-SC";"UOP03-DEL02-SC"
573605;2024-01-09;"terça-feira";"16:10:00";"PR";116;109;"CURITIBA";"Ausancia de Reacao do condutor";"Colisao lateral mesmo sentido";"Com Vatimas Feridas";"Pleno dia";"Crescente";"Chuva";"Dupla";"Reta";"Sim";3;0;2;0;1;0;2;2;-25,57140489;-49,20748999;"SPRF-PR";"DEL01-PR";"UOP07-DEL01-PR"
573606;2024-01-09;"terça-feira";"16:00:00";"BA";242;417;"SEABRA";"Ingestao de alcool pelo condutor";"Colisao frontal";"Com Vatimas Feridas";"Pleno dia";"Decrescente";"Ceu Claro";"Simples";"Declive;Reta                  ";"Nao";3;0;1;0;1;1;1;3;-12,43099561;-41,79739105;"SPRF-BA";"DEL06-BA";"UOP01-DEL06-BA"
573608;2024-01-09;"terça-feira";"17:20:00";"PB";230;18,8;"JOAO PESSOA";"Condutor deixou de manter distancia do veiculo da frente";"Colisao traseira";"Com Vatimas Feridas";"Pleno dia";"Crescente";"Ceu Claro";"Dupla";"Reta";"Sim";2;0;1;0;1;0;1;2;-7,1198;-34,8453;"SPRF-PB";"DEL01-PB";"UOP01-DEL01-PB"
573610;2024-01-09;"terça-feira";"14:30:00";"BA";116;567;"NOVA ITARANA";"Acessar a via sem observar a presenca dos outros veiculos";"Colisao transversal";"Com Vatimas Feridas";"Pleno dia";"Crescente";"Sol";"Simples";"Interseaao de Vias";"Nao";8;0;3;0;5;0;3;2;-12,98625197;-39,94414505;"SPRF-BA";"DEL03-BA";"UOP02-DEL03-BA"
573612;2024-01-09;"terça-feira";"17:30:00";"DF";40;4,3;"BRASILIA";"Condutor deixou de manter distancia do veiculo da frente";"Colisao traseira";"Com Vatimas Feridas";"Pleno dia";"Crescente";"Nublado";"Dupla";"Reta";"Sim";2;0;1;0;1;0;1;2;-16,012033;-47,982124;"SPRF-DF";"DEL01-DF";"UOP01-DEL01-DF"
573613;2024-01-09;"terça-feira";"16:35:00";"RS";158;565,8;"SANTANA DO LIVRAMENTO";"Desrespeitar a preferancia no cruzamento";"Colisao transversal";"Com Vatimas Feridas";"Pleno dia";"Crescente";"Ceu Claro";"Simples";"Interseaao de Vias";"Nao";4;0;0;1;3;0;1;2;-30,8765186;-55,51091194;"SPRF-RS";"DEL11-RS";"UOP01-DEL11-RS"
573614;2024-01-09;"terça-feira";"17:35:00";"MG";116;548,6;"SANTA BARBARA DO LESTE";"Acessar a via sem observar a presenca dos outros veiculos";"Colisao lateral mesmo sentido";"Com Vatimas Feridas";"Pleno dia";"Crescente";"Chuva";"Simples";"Curva;Declive                 ";"Nao";3;0;1;0;2;0;1;2;-19,95272398;-42,13044183;"SPRF-MG";"DEL06-MG";"UOP02-DEL06-MG"
573615;2024-01-04;"quinta-feira";"10:40:00";"RJ";101;328;"RIO DE JANEIRO";"Demais falhas mecanicas ou elatricas";"Incendio";"Sem Vatimas";"Pleno dia";"Decrescente";"Nublado";"Dupla";"Reta";"Nao";1;0;0;0;1;0;0;1;-22,87028692;-43,16579699;"SPRF-RJ";"DEL02-RJ";"UOP01-DEL02-RJ"