"id";"data_inversa";"dia_semana";"horario";"uf";"br";"km";"municipio";"causa_acidente";"tipo_acidente";"classificacao_acidente";"fase_dia";"sentido_via";"condicao_metereologica";"tipo_pista";"tracado_via";"uso_solo";"pessoas";"mortos";"feridos_leves";"feridos_graves";"ilesos";"ignorados";"feridos";"veiculos";"latitude";"longitude";"regional";"delegacia";"uop"
573744;2024-01-10;"quarta-feira";"09:25:00";"RJ";101;103,2;"CAMPOS DOS GOYTACAZES";"Condutor Dormindo";"Colisao com objeto";"Com Vatimas Feridas";"Pleno dia";"Decrescente";"Ceu Claro";"Dupla";"Reta";"Nao";1;0;1;0;0;0;1;1;-21,9055150459;-41,6071906525;"SPRF-RJ";"DEL08-RJ";"UOP02-DEL08-RJ"
573746;2024-01-10;"quarta-feira";"10:01:00";"RJ";493;92;"SEROPEDICA";"Ausancia de Reacao do condutor";"Saida de leito carrocavel";"Com Vatimas Feridas";"Pleno dia";"Decrescente";"Ceu Claro";"Dupla";"Reta";"Nao";1;0;1;0;0;0;1;1;-22,66571593;-43,63250256;"SPRF-RJ";"DEL01-RJ";"UOP03-DEL01-RJ"
573751;2024-01-10;"quarta-feira";"10:45:00";"PB";405;32,9;"SAO JOAO DO RIO DO PEIXE";"Entrada inopinada do pedestre";"Atropelamento de Pedestre";"Com Vatimas Feridas";"Pleno dia";"Crescente";"Sol";"Simples";"Reta";"Sim";2;0;0;1;0;1;1;2;-6,736044;-38,446316;"SPRF-PB";"DEL03-PB";"UOP03-DEL03-PB"
573756;2024-01-09;"terça-feira";"07:30:00";"PA";222;65;"DOM ELISEU";"Avarias e/ou desgaste excessivo no pneu";"Saida de leito carrocavel";"Com Vatimas Feridas";"Pleno dia";"Crescente";"Ceu Claro";"Simples";"Reta";"Nao";1;0;0;1;0;0;1;1;-4,529181;-47,828461;"SPRF-PA";"DEL02-PA";"UOP02-DEL02-PA"
573757;2024-01-10;"quarta-feira";"11:15:00";"SC";101;118,1;"ITAJAI";"Ausancia de Reacao do condutor";"Colisao lateral mesmo sentido";"Com Vatimas Feridas";"Pleno dia";"Crescente";"Sol";"Dupla";"Reta";"Nao";2;0;1;0;1;0;1;2;-26,895859;-48,71903;"SPRF-SC";"DEL04-SC";"UOP04-DEL04-SC"
573760;2024-01-10;"quarta-feira";"10:20:00";"MA";230;437;"RIACHAO";"Acessar a via sem observar a presenca dos outros veiculos";"Colisao transversal";"Com Vatimas Fatais";"Pleno dia";"Decrescente";"Ceu Claro";"Simples";"Aclive";"Nao";6;1;0;0;5;0;0;2;-7,44514217;-46,32653612;"SPRF-MA";"DEL05-MA";"UOP01-DEL05-MA"
573765;2024-01-10;"quarta-feira";"10:30:00";"MT";70;150,5;"GENERAL CARNEIRO";"Reacao tardia ou ineficiente do condutor";"Colisao frontal";"Com Vatimas Fatais";"Pleno dia";"Crescente";"Chuva";"Simples";"Declive;Reta                  ";"Nao";8;4;3;1;0;0;4;2;-15,57764391;-53,37038799;"SPRF-MT";"DEL07-MT";"UOP01-DEL07-MT"
573766;2024-01-10;"quarta-feira";"13:30:00";"RJ";101;324;"NITEROI";"Manobra de mudanaa de faixa";"Colisao lateral mesmo sentido";"Com Vatimas Feridas";"Pleno dia";"Decrescente";"Ceu Claro";"Dupla";"Reta";"Nao";2;0;1;0;1;0;1;2;-22,87381074;-43,12640997;"SPRF-RJ";"DEL02-RJ";"UOP01-DEL02-RJ"
573768;2024-01-10;"quarta-feira";"08:00:00";"MT";70;513;"VARZEA GRANDE";"Reacao tardia ou ineficiente do condutor";"Colisao traseira";"Sem Vatimas";"Pleno dia";"Crescente";"Ceu Claro";"Simples";"Reta";"Nao";5;0;0;0;5;0;0;2;-15,63725379;-56,04194641;"SPRF-MT";"DEL01-MT";"UOP02-DEL01-MT"
573770;2024-01-10;"quarta-feira";"10:10:00";"MG";116;702,8;"MURIAE";"Retorno proibido";"Colisao transversal";"Com Vatimas Feridas";"Pleno dia";"Crescente";"Ceu Claro";"Simples";"Reta";"Sim";2;0;1;0;1;0;1;2;-21,11938311;-42,38006362;"SPRF-MG";"DEL07-MG";"UOP02-DEL07-MG"
573771;2024-01-10;"quarta-feira";"08:45:00";"SC";101;92,2;"BARRA VELHA";"Frear bruscamente";"Colisao traseira";"Com Vatimas Feridas";"Pleno dia";"Decrescente";"Ceu Claro";"Dupla";"Reta";"Sim";2;0;1;0;1;0;1;2;-26,61085222;-48,72204472;"SPRF-SC";"DEL03-SC";"UOP02-DEL03-SC"
573773;2024-01-10;"quarta-feira";"08:10:00";"SC";101;59,3;"ARAQUARI";"Reacao tardia ou ineficiente do condutor";"Colisao com objeto";"Com Vatimas Feridas";"Pleno dia";"Decrescente";"Sol";"Dupla";"Curva";"Sim";2;0;2;0;0;0;2;1;-26,44651734;-48,79426826;"SPRF-SC";"DEL03-SC";"UOP02-DEL03-SC"
573776;2024-01-10;"quarta-feira";"10:30:00";"RS";285;585;"SAO LUIZ GONZAGA";"Acumulo de agua sobre o pavimento";"Queda de ocupante de veiculo";"Com Vatimas Feridas";"Pleno dia";"Crescente";"Chuva";"Simples";"Reta";"Nao";2;0;2;0;0;0;2;1;-28,4481664;-55,11737823;"SPRF-RS";"DEL12-RS";"UOP01-DEL12-RS"
573778;2024-01-10;"quarta-feira";"13:00:00";"AL";101;219,6;"PORTO REAL DO COLEGIO";"Acumulo de agua sobre o pavimento";"Saida de leito carrocavel";"Com Vatimas Feridas";"Pleno dia";"Crescente";"Chuva";"Dupla";"Declive";"Nao";4;0;1;0;3;0;1;3;-10,04787311;-36,67004799;"SPRF-AL";"DEL02-AL";"UOP02-DEL02-AL"
573780;2024-01-10;"quarta-feira";"12:30:00";"PE";232;330;"CUSTODIA";"Mal sabito do condutor";"Queda de ocupante de veiculo";"Com Vatimas Feridas";"Pleno dia";"Decrescente";"Ceu Claro";"Simples";"Reta";"Nao";1;0;1;0;0;0;1;1;-8,09012961;-37,60830897;"SPRF-PE";"DEL04-PE";"UOP02-DEL04-PE"
573781;2024-01-10;"quarta-feira";"14:40:00";"SP";116;209;"GUARULHOS";"Trafegar com motocicleta (ou similar) entre as faixas";"Colisao traseira";"Com Vatimas Feridas";"Pleno dia";"Decrescente";"Ceu Claro";"Maltipla";"Reta";"Sim";2;0;1;0;1;0;1;2;-23,42511799;-46,40221101;"SPRF-SP";"DEL01-SP";"UOP01-DEL01-SP"
573784;2024-01-10;"quarta-feira";"14:00:00";"RJ";116;138;"MAGE";"Transitar no Acostamento";"Colisao lateral mesmo sentido";"Com Vatimas Feridas";"Pleno dia";"Crescente";"Ceu Claro";"Dupla";"Reta";"Nao";2;0;1;0;1;0;1;2;-22,64697319;-43,19165101;"SPRF-RJ";"DEL04-RJ";"UOP02-DEL04-RJ"
573785;2024-01-10;"quarta-feira";"07:30:00";"BA";101;283;"LAJE";"Ultrapassagem Indevida";"Colisao frontal";"Com Vatimas Fatais";"Pleno dia";"Decrescente";"Ceu Claro";"Simples";"Reta";"Nao";5;2;2;1;0;0;3;2;-13,25171307;-39,32329328;"SPRF-BA";"DEL01-BA";"UOP02-DEL01-BA"
573786;2024-01-10;"quarta-feira";"15:50:00";"MG";50;70;"UBERLANDIA";"Condutor desrespeitou a iluminaaao vermelha do semaforo";"Colisao transversal";"Com Vatimas Feridas";"Pleno dia";"Decrescente";"Ceu Claro";"Dupla";"Reta;Interseaao de Vias;Viadut";"Sim";2;0;2;0;0;0;2;2;-18,85140204;-48,25345932;"SPRF-MG";"DEL15-MG";"UOP01-DEL15-MG"
573790;2024-01-10;"quarta-feira";"15:19:00";"MG";381;591,5;"CARMOPOLIS DE MINAS";"Demais falhas mecanicas ou elatricas";"Tombamento";"Com Vatimas Feridas";"Pleno dia";"Crescente";"Ceu Claro";"Dupla";"Reta";"Sim";2;0;2;0;0;0;2;1;-20,55284534;-44,66074133;"SPRF-MG";"DEL04-MG";"UOP01-DEL04-MG"
573791;2024-01-10;"quarta-feira";"15:30:00";"SC";101;137;"BALNEARIO CAMBORIU";"Trafegar com motocicleta (ou similar) entre as faixas";"Colisao lateral mesmo sentido";"Com Vatimas Feridas";"Pleno dia";"Decrescente";"Ceu Claro";"Dupla";"Reta";"Sim";2;0;1;0;1;0;1;2;-27,0157238;-48,61192763;"SPRF-SC";"DEL04-SC";"UOP03-DEL04-SC"
573793;2024-01-10;"quarta-feira";"15:30:00";"RO";364;17;"VILHENA";"Ingestao de alcool pelo condutor";"Colisao traseira";"Com Vatimas Feridas";"Pleno dia";"Decrescente";"Nublado";"Simples";"Declive;Reta                  ";"Nao";4;0;2;0;2;0;2;2;-12,73207998;-60,16589399;"SPRF-RO";"DEL04-RO";"UOP01-DEL04-RO"
573795;2024-01-10;"quarta-feira";"15:40:00";"GO";20;120;"FLORES DE GOIAS";"Ausancia de Reacao do condutor";"Colisao traseira";"Com Vatimas Feridas";"Pleno dia";"Crescente";"Ceu Claro";"Simples";"Reta";"Nao";5;0;2;0;3;0;2;2;-14,870433;-46,826354;"SPRF-DF";"DEL02-DF";"UOP03-DEL02-DF"
573796;2024-01-10;"quarta-feira";"16:30:00";"GO";60;138;"GOIANIA";"Ausancia de Reacao do condutor";"Colisao com objeto";"Com Vatimas Feridas";"Pleno dia";"Crescente";"Sol";"Simples";"Curva";"Sim";5;0;0;2;2;1;2;4;-16,6176283;-49,2065111;"SPRF-GO";"DEL01-GO";"UOP01-DEL01-GO"
573798;2024-01-10;"quarta-feira";"16:30:00";"RJ";101;428;"MANGARATIBA";"Acessar a via sem observar a presenca dos outros veiculos";"Colisao transversal";"Com Vatimas Feridas";"Pleno dia";"Decrescente";"Sol";"Dupla";"Reta;Retorno Regulamentado    ";"Sim";5;0;4;1;0;0;5;2;-22,93391858;-43,9899979;"SPRF-RJ";"DEL03-RJ";"UOP02-DEL03-RJ"
573799;2024-01-10;"quarta-feira";"11:30:00";"SC";280;240;"CANOINHAS";"Condutor Dormindo";"Saida de leito carrocavel";"Sem Vatimas";"Pleno dia";"Crescente";"Ceu Claro";"Simples";"Reta";"Nao";1;0;0;0;1;0;0;1;-26,2173631;-50,45390288;"SPRF-SC";"DEL06-SC";"UOP04-DEL06-SC"
573802;2024-01-10;"quarta-feira";"17:00:00";"PE";101;50;"ABREU E LIMA";"Manobra de mudanaa de faixa";"Colisao traseira";"Com Vatimas Feridas";"Anoitecer";"Crescente";"Ceu Claro";"Maltipla";"Reta";"Sim";2;0;2;0;0;0;2;2;-7,90938602;-34,90123228;"SPRF-PE";"DEL01-PE";"UOP02-DEL01-PE"
573804;2024-01-10;"quarta-feira";"17:18:00";"DF";20;16;"BRASILIA";"Reacao tardia ou ineficiente do condutor";"Saida de leito carrocavel";"Com Vatimas Feridas";"Pleno dia";"Crescente";"Nublado";"Dupla";"Reta;Declive                  ";"Sim";2;0;1;0;1;0;1;1;-15,625675;-47,725159;"SPRF-DF";"DEL02-DF";"UOP01-DEL02-DF"
573806;2024-01-10;"quarta-feira";"16:40:00";"BA";324;596;"CANDEIAS";"Condutor deixou de manter distancia do veiculo da frente";"Colisao traseira";"Sem Vatimas";"Pleno dia";"Crescente";"Ceu Claro";"Dupla";"Curva";"Nao";2;0;0;0;2;0;0;2;-12,72003796;-38,45130588;"SPRF-BA";"DEL01-BA";"UOP01-DEL01-BA"
573807;2024-01-10;"quarta-feira";"18:05:00";"PR";277;584;"CASCAVEL";"Manobra de mudanaa de faixa";"Colisao lateral mesmo sentido";"Sem Vatimas";"Pleno dia";"Crescente";"Sol";"Maltipla";"Curva;Interseaao de Vias;Viadu";"Sim";2;0;0;0;2;0;0;2;-24,96455187;-53,40569085;"SPRF-PR";"DEL04-PR";"UOP01-DEL04-PR"
573808;2024-01-10;"quarta-feira";"15:00:00";"MG";116;295;"TEOFILO OTONI";"Mal sabito do condutor";"Queda de ocupante de veiculo";"Com Vatimas Feridas";"Pleno dia";"Decrescente";"Ceu Claro";"Simples";"Reta";"Nao";1;0;1;0;0;0;1;1;-17,99801182;-41,57578804;"SPRF-MG";"DEL11-MG";"UOP01-DEL11-MG"
573811;2024-01-10;"quarta-feira";"17:50:00";"MG";116;526,3;"CARATINGA";"Ausancia de Reacao do condutor";"Colisao traseira";"Com Vatimas Feridas";"Pleno dia";"Decrescente";"Garoa/Chuvisco";"Simples";"Declive;Reta                  ";"Sim";2;0;1;0;1;0;1;2;-19,77654011;-42,13327989;"SPRF-MG";"DEL06-MG";"UOP02-DEL06-MG"
573813;2024-01-10;"quarta-feira";"16:00:00";"BA";101;114;"ALAGOINHAS";"Condutor deixou de manter distancia do veiculo da frente";"Colisao traseira";"Com Vatimas Feridas";"Pleno dia";"Decrescente";"Ceu Claro";"Simples";"Reta";"Nao";2;0;0;1;0;1;1;2;-12,15401817;-38,51205106;"SPRF-BA";"DEL01-BA";"UOP04-DEL01-BA"
573814;2024-01-10;"quarta-feira";"17:35:00";"PE";101;36,9;"IGARASSU";"Manobra de mudanaa de faixa";"Colisao transversal";"Com Vatimas Feridas";"Pleno dia";"Crescente";"Ceu Claro";"Dupla";"Reta";"Nao";2;0;1;0;0;1;1;2;-7,788367;-34,92981702;"SPRF-PE";"DEL01-PE";"UOP02-DEL01-PE"
573815;2024-01-10;"quarta-feira";"18:45:00";"MG";40;747,9;"SANTOS DUMONT";"Animais na Pista";"Saida de leito carrocavel";"Com Vatimas Feridas";"Anoitecer";"Decrescente";"Nublado";"Simples";"Curva";"Nao";2;0;1;1;0;0;2;1;-21,4328731;-43,55221915;"SPRF-MG";"DEL05-MG";"UOP01-DEL05-MG"
573816;2024-01-10;"quarta-feira";"13:00:00";"RJ";116;180;"NOVA IGUACU";"Reacao tardia ou ineficiente do condutor";"Colisao traseira";"Com Vatimas Feridas";"Pleno dia";"Decrescente";"Ceu Claro";"Dupla";"Reta";"Nao";4;0;1;0;3;0;1;3;-22,7651616;-43,4154728;"SPRF-RJ";"DEL06-RJ";"UOP01-DEL06-RJ"
573818;2024-01-10;"quarta-feira";"18:00:00";"SP";153;110,1;"JOSE BONIFACIO";"Ausancia de Reacao do condutor";"Colisao traseira";"Com Vatimas Feridas";"Plena Noite";"Decrescente";"Nublado";"Simples";"Reta";"Nao";2;0;1;0;1;0;1;2;-21,08845219;-49,67466361;"SPRF-SP";"DEL09-SP";"UOP01-DEL09-SP"
573819;2024-01-10;"quarta-feira";"17:30:00";"SC";101;328;"CAPIVARI DE BAIXO";"Demais falhas mecanicas ou elatricas";"Colisao traseira";"Com Vatimas Feridas";"Pleno dia";"Crescente";"Ceu Claro";"Dupla";"Reta;Aclive                   ";"Sim";2;0;0;1;1;0;1;2;-28,43648094;-48,95989307;"SPRF-SC";"DEL02-SC";"UOP01-DEL02-SC"
573820;2024-01-10;"quarta-feira";"18:25:00";"AL";104;30,4;"UNIAO DOS PALMARES";"Ausancia de Reacao do condutor";"Queda de ocupante de veiculo";"Com Vatimas Feridas";"Plena Noite";"Crescente";"Nublado";"Simples";"Reta";"Nao";1;0;0;1;0;0;1;1;-9,12603274;-36,03386675;"SPRF-AL";"DEL01-AL";"UOP02-DEL01-AL"
573823;2024-01-10;"quarta-feira";"18:50:00";"SC";101;205,5;"SAO JOSE";"Manobra de mudanaa de faixa";"Colisao lateral mesmo sentido";"Com Vatimas Feridas";"Anoitecer";"Crescente";"Ceu Claro";"Dupla";"Reta";"Sim";2;0;0;1;0;1;1;2;-27,58313237;-48,61532885;"SPRF-SC";"DEL01-SC";"UOP01-DEL01-SC"
573824;2024-01-10;"quarta-feira";"19:00:00";"MG";365;623;"UBERLANDIA";"Afundamento ou ondulaaao no pavimento";"Colisao com objeto";"Com Vatimas Feridas";"Plena Noite";"Decrescente";"Nublado";"Dupla";"Reta";"Sim";1;0;1;0;0;0;1;1;-18,9100325;-48,30694985;"SPRF-MG";"DEL15-MG";"UOP01-DEL15-MG"
573825;2024-01-10;"quarta-feira";"18:50:00";"ES";259;33,5;"COLATINA";"Conversao proibida";"Colisao transversal";"Com Vatimas Feridas";"Plena Noite";"Crescente";"Ceu Claro";"Simples";"Reta";"Sim";2;0;0;1;1;0;1;2;-19,5706707;-40,50497334;"SPRF-ES";"DEL02-ES";"UOP01-DEL02-ES"
573827;2024-01-10;"quarta-feira";"18:20:00";"CE";222;4;"CAUCAIA";"Manobra de mudanaa de faixa";"Colisao lateral mesmo sentido";"Com Vatimas Feridas";"Plena Noite";"Crescente";"Ceu Claro";"Maltipla";"Reta";"Sim";2;0;0;1;1;0;1;2;-3,741515;-38,605295;"SPRF-CE";"DEL01-CE";"UOP01-DEL01-CE"
573828;2024-01-10;"quarta-feira";"19:00:00";"PR";277;19;"MORRETES";"Demais falhas mecanicas ou elatricas";"Colisao com objeto";"Com Vatimas Feridas";"Anoitecer";"Crescente";"Ceu Claro";"Dupla";"Reta";"Nao";2;0;1;1;0;0;2;1;-25,53862164;-48,69474292;"SPRF-PR";"DEL01-PR";"UOP05-DEL01-PR"
573831;2024-01-10;"quarta-feira";"17:30:00";"PA";155;343;"MARABA";"Acessar a via sem observar a presenca dos outros veiculos";"Atropelamento de Pedestre";"Com Vatimas Feridas";"Pleno dia";"Decrescente";"Nublado";"Simples";"Declive;Reta                  ";"Sim";3;0;1;1;0;1;2;2;-5,36957395;-49,07796968;"SPRF-PA";"DEL03-PA";"UOP01-DEL03-PA"
573832;2024-01-10;"quarta-feira";"18:00:00";"CE";20;83,1;"TAUA";"Entrada inopinada do pedestre";"Atropelamento de Pedestre";"Com Vatimas Fatais";"Anoitecer";"Decrescente";"Ceu Claro";"Simples";"Reta";"Sim";2;1;0;0;1;0;0;2;-6,00760337;-40,28674757;"SPRF-CE";"DEL02-CE";"UOP02-DEL02-CE"
573834;2024-01-10;"quarta-feira";"18:05:00";"PR";369;39;"ANDIRA";"Acessar a via sem observar a presenca dos outros veiculos";"Colisao transversal";"Com Vatimas Feridas";"Pleno dia";"Decrescente";"Ceu Claro";"Simples";"Reta;Interseaao de Vias;Rotata";"Nao";6;0;5;0;1;0;5;2;-23,05832875;-50,24824083;"SPRF-PR";"DEL07-PR";"UOP05-DEL07-PR"
573835;2024-01-10;"quarta-feira";"17:23:00";"AC";364;135;"RIO BRANCO";"Acessar a via sem observar a presenca dos outros veiculos";"Colisao lateral mesmo sentido";"Com Vatimas Feridas";"Pleno dia";"Decrescente";"Sol";"Dupla";"Reta";"Sim";2;0;1;0;1;0;1;2;-9,98588117;-67,84523538;"SPRF-AC";"DEL01-AC";"UOP01-DEL01-AC"
573836;2024-01-10;"quarta-feira";"19:50:00";"SC";101;217,3;"PALHOCA";"Ingestao de alcool pelo condutor";"Tombamento";"Com Vatimas Feridas";"Plena Noite";"Decrescente";"Ceu Claro";"Maltipla";"Reta";"Sim";1;0;1;0;0;0;1;1;-27,66779034;-48,67393586;"SPRF-SC";"DEL01-SC";"UOP02-DEL01-SC"
573837;2024-01-10;"quarta-feira";"19:40:00";"SP";116;226;"GUARULHOS";"Reacao tardia ou ineficiente do condutor";"Engavetamento";"Com Vatimas Feridas";"Plena Noite";"Decrescente";"Ignorado";"Maltipla";"Reta";"Sim";3;0;1;0;2;0;1;3;-23,49102507;-46,54878195;"SPRF-SP";"DEL01-SP";"UOP01-DEL01-SP"
573839;2024-01-10;"quarta-feira";"19:45:00";"SC";101;121;"ITAJAI";"Ausancia de Reacao do condutor";"Colisao lateral mesmo sentido";"Com Vatimas Feridas";"Plena Noite";"Decrescente";"Nublado";"Dupla";"Reta";"Sim";3;0;0;2;1;0;2;2;-26,92103178;-48,70856446;"SPRF-SC";"DEL04-SC";"UOP04-DEL04-SC"
573840;2024-01-10;"quarta-feira";"19:09:00";"PE";101;50;"ABREU E LIMA";"Manobra de mudanaa de faixa";"Colisao transversal";"Com Vatimas Feridas";"Plena Noite";"Decrescente";"Ceu Claro";"Maltipla";"Curva";"Sim";2;0;1;0;0;1;1;2;-7,90938602;-34,90123228;"SPRF-PE";"DEL01-PE";"UOP02-DEL01-PE"
573842;2024-01-10;"quarta-feira";"18:50:00";"PR";376;176,8;"MARINGA";"Acessar a via sem observar a presenca dos outros veiculos";"Colisao lateral mesmo sentido";"Com Vatimas Feridas";"Plena Noite";"Decrescente";"Ceu Claro";"Dupla";"Interseaao de Vias;Reta       ";"Sim";2;0;1;0;1;0;1;2;-23,41269173;-51,93158327;"SPRF-PR";"DEL09-PR";"UOP01-DEL09-PR"
573843;2024-01-10;"quarta-feira";"19:00:00";"RJ";116;110;"GUAPIMIRIM";"Ausancia de Reacao do condutor";"Queda de ocupante de veiculo";"Com Vatimas Feridas";"Plena Noite";"Crescente";"Nublado";"Dupla";"Reta";"Sim";1;0;1;0;0;0;1;1;-22,55073275;-42,98968744;"SPRF-RJ";"DEL04-RJ";"UOP02-DEL04-RJ"
573844;2024-01-10;"quarta-feira";"20:05:00";"SP";116;469;"PARIQUERA-ACU";"Velocidade Incompatavel";"Queda de ocupante de veiculo";"Com Vatimas Feridas";"Plena Noite";"Decrescente";"Ceu Claro";"Dupla";"Reta";"Nao";1;0;1;0;0;0;1;1;-24,65247192;-47,95005601;"SPRF-SP";"DEL05-SP";"UOP01-DEL05-SP"
573845;2024-01-10;"quarta-feira";"19:30:00";"BA";330;812;"JITAUNA";"Acessar a via sem observar a presenca dos outros veiculos";"Colisao transversal";"Com Vatimas Feridas";"Plena Noite";"Crescente";"Ceu Claro";"Simples";"Reta";"Sim";2;0;1;1;0;0;2;2;-14,01344317;-39,89243031;"SPRF-BA";"DEL03-BA";"UOP01-DEL03-BA"
573846;2024-01-10;"quarta-feira";"19:00:00";"MG";262;36,1;"MANHUACU";"Conversao proibida";"Colisao transversal";"Com Vatimas Feridas";"Plena Noite";"Decrescente";"Nublado";"Simples";"Reta";"Sim";3;0;1;0;2;0;1;2;-20,25932046;-42,02298331;"SPRF-MG";"DEL06-MG";"UOP03-DEL06-MG"
573847;2024-01-10;"quarta-feira";"19:00:00";"SC";101;144;"ITAPEMA";"Reacao tardia ou ineficiente do condutor";"Colisao traseira";"Com Vatimas Feridas";"Pleno dia";"Crescente";"Ceu Claro";"Dupla";"Reta";"Sim";2;0;1;0;1;0;1;2;-27,0732659;-48,59672716;"SPRF-SC";"DEL04-SC";"UOP03-DEL04-SC"
573848;2024-01-10;"quarta-feira";"19:54:00";"SC";101;135;"BALNEARIO CAMBORIU";"Acessar a via sem observar a presenca dos outros veiculos";"Colisao transversal";"Com Vatimas Feridas";"Plena Noite";"Crescente";"Ceu Claro";"Simples";"Reta";"Sim";2;0;0;1;1;0;1;2;-27,0050108;-48,62677494;"SPRF-SC";"DEL04-SC";"UOP03-DEL04-SC"
573849;2024-01-10;"quarta-feira";"20:15:00";"PR";277;454,3;"LARANJEIRAS DO SUL";"Desrespeitar a preferancia no cruzamento";"Colisao transversal";"Com Vatimas Feridas";"Plena Noite";"Decrescente";"Ceu Claro";"Simples";"Reta;Declive                  ";"Sim";2;0;1;0;1;0;1;2;-25,36980336;-52,37913399;"SPRF-PR";"DEL04-PR";"UOP02-DEL04-PR"
573850;2024-01-10;"quarta-feira";"19:55:00";"RO";319;64;"PORTO VELHO";"Entrada inopinada do pedestre";"Atropelamento de Pedestre";"Com Vatimas Feridas";"Plena Noite";"Crescente";"Chuva";"Maltipla";"Reta;Interseaao de Vias       ";"Sim";2;0;0;1;1;0;1;2;-8,766685;-63,884052;"SPRF-RO";"DEL01-RO";"UOP01-DEL01-RO"
573851;2024-01-10;"quarta-feira";"18:00:00";"RJ";40;108;"DUQUE DE CAXIAS";"Condutor deixou de manter distancia do veiculo da frente";"Engavetamento";"Com Vatimas Feridas";"Pleno dia";"Decrescente";"Ceu Claro";"Maltipla";"Reta";"Sim";5;0;2;0;3;0;2;3;-22,66476979;-43,28495144;"SPRF-RJ";"DEL01-RJ";"UOP02-DEL01-RJ"
573853;2024-01-10;"quarta-feira";"21:20:00";"GO";40;12;"LUZIANIA";"Ausancia de Reacao do condutor";"Queda de ocupante de veiculo";"Com Vatimas Feridas";"Plena Noite";"Decrescente";"Nublado";"Dupla";"Reta";"Nao";1;0;1;0;0;0;1;1;-16,145123;-47,945382;"SPRF-DF";"DEL01-DF";"UOP01-DEL01-DF"
573854;2024-01-10;"quarta-feira";"15:35:00";"RJ";116;184;"NOVA IGUACU";"Condutor deixou de manter distancia do veiculo da frente";"Colisao traseira";"Com Vatimas Feridas";"Pleno dia";"Decrescente";"Ceu Claro";"Maltipla";"Reta";"Sim";2;0;0;1;1;0;1;2;-22,74647215;-43,44594311;"SPRF-RJ";"DEL06-RJ";"UOP01-DEL06-RJ"
573856;2024-01-10;"quarta-feira";"21:00:00";"RS";158;485,9;"ROSARIO DO SUL";"Acesso irregular";"Saida de leito carrocavel";"Sem Vatimas";"Plena Noite";"Decrescente";"Nublado";"Simples";"Reta;Interseaao de Vias       ";"Nao";1;0;0;0;0;1;0;1;-30,38885306;-55,03889871;"SPRF-RS";"DEL11-RS";"UOP02-DEL11-RS"
573857;2024-01-10;"quarta-feira";"21:20:00";"GO";40;1;"VALPARAISO DE GOIAS";"Acesso irregular";"Atropelamento de Pedestre";"Com Vatimas Feridas";"Plena Noite";"Decrescente";"Nublado";"Dupla";"Reta";"Sim";2;0;1;0;1;0;1;2;-16,067129;-47,984235;"SPRF-DF";"DEL01-DF";"UOP01-DEL01-DF"
573858;2024-01-10;"quarta-feira";"21:00:00";"AL";316;142;"PALMEIRA DOS INDIOS";"Demais falhas mecanicas ou elatricas";"Incendio";"Sem Vatimas";"Plena Noite";"Crescente";"Ceu Claro";"Simples";"Reta";"Sim";1;0;0;0;1;0;0;1;-9,39355673;-36,74054595;"SPRF-AL";"DEL03-AL";"UOP01-DEL03-AL"
573860;2024-01-10;"quarta-feira";"21:40:00";"PB";230;144,8;"CAMPINA GRANDE";"Reacao tardia ou ineficiente do condutor";"Tombamento";"Com Vatimas Feridas";"Plena Noite";"Crescente";"Nublado";"Dupla";"Reta";"Sim";2;0;0;1;1;0;1;1;-7,2536;-35,8317;"SPRF-PB";"DEL02-PB";"UOP01-DEL02-PB"
573861;2024-01-10;"quarta-feira";"17:40:00";"RJ";101;572;"PARATY";"Acessar a via sem observar a presenca dos outros veiculos";"Colisao transversal";"Com Vatimas Feridas";"Anoitecer";"Decrescente";"Ceu Claro";"Simples";"Reta";"Sim";5;0;1;1;2;1;2;3;-23,1916318;-44,72742319;"SPRF-RJ";"DEL03-RJ";"UOP04-DEL03-RJ"
573862;2024-01-10;"quarta-feira";"21:05:00";"MG";459;84;"CONGONHAL";"Demais falhas mecanicas ou elatricas";"Colisao com objeto";"Sem Vatimas";"Plena Noite";"Decrescente";"Nublado";"Simples";"Reta";"Nao";1;0;0;0;0;1;0;1;-22,153194;-46,06242;"SPRF-MG";"DEL09-MG";"UOP01-DEL09-MG"
573863;2024-01-10;"quarta-feira";"20:05:00";"RJ";101;328;"NITEROI";"Ausancia de Reacao do condutor";"Tombamento";"Com Vatimas Feridas";"Plena Noite";"Crescente";"Ceu Claro";"Dupla";"Reta";"Nao";1;0;1;0;0;0;1;1;-22,87028692;-43,16579699;"SPRF-RJ";"DEL02-RJ";"UOP01-DEL02-RJ"
573865;2024-01-10;"quarta-feira";"21:30:00";"PR";376;627;"SAO JOSE DOS PINHAIS";"Ingestao de alcool pelo condutor";"Saida de leito carrocavel";"Sem Vatimas";"Plena Noite";"Crescente";"Ceu Claro";"Dupla";"Reta";"Nao";1;0;0;0;1;0;0;1;-25,66963786;-49,15231858;"SPRF-PR";"DEL01-PR";"UOP04-DEL01-PR"
573867;2024-01-10;"quarta-feira";"22:10:00";"SC";101;425,1;"ARARANGUA";"Avarias e/ou desgaste excessivo no pneu";"Tombamento";"Com Vatimas Feridas";"Plena Noite";"Decrescente";"Ceu Claro";"Dupla";"Curva;Declive;Viaduto         ";"Nao";2;0;2;0;0;0;2;1;-29,02095789;-49,59124506;"SPRF-SC";"DEL02-SC";"UOP02-DEL02-SC"