"id";"data_inversa";"dia_semana";"horario";"uf";"br";"km";"municipio";"causa_acidente";"tipo_acidente";"classificacao_acidente";"fase_dia";"sentido_via";"condicao_metereologica";"tipo_pista";"tracado_via";"uso_solo";"pessoas";"mortos";"feridos_leves";"feridos_graves";"ilesos";"ignorados";"feridos";"veiculos";"latitude";"longitude";"regional";"delegacia";"uop"
574013;2024-01-03;"quarta-feira";"12:30:00";"RJ";101;303;"SAO GONCALO";"Ausancia de Reacao do condutor";"Colisao traseira";"Com Vatimas Feridas";"Pleno dia";"Decrescente";"Ceu Claro";"Dupla";"Reta";"Sim";2;0;1;0;1;0;1;2;-22,7828205;-42,9766681;"SPRF-RJ";"DEL02-RJ";"UOP02-DEL02-RJ"
574014;2024-01-11;"quinta-feira";"17:39:00";"TO";153;342;"FORTALEZA DO TABOCAO";"Avarias e/ou desgaste excessivo no pneu";"Queda de ocupante de veiculo";"Com Vatimas Feridas";"Pleno dia";"Crescente";"Ceu Claro";"Simples";"Reta";"Nao";2;0;1;1;0;0;2;1;-8,90868999;-48,5092584;"SPRF-TO";"DEL02-TO";"UOP02-DEL02-TO"
574018;2024-01-11;"quinta-feira";"15:45:00";"PE";104;64,4;"CARUARU";"Ausancia de Reacao do condutor";"Colisao com objeto";"Com Vatimas Feridas";"Pleno dia";"Crescente";"Ceu Claro";"Dupla";"Reta";"Sim";2;0;2;0;0;0;2;1;-8,2783;-35,9815;"SPRF-PE";"DEL02-PE";"UOP01-DEL02-PE"
574019;2024-01-11;"quinta-feira";"18:00:00";"RJ";116;184;"NOVA IGUACU";"Condutor deixou de manter distancia do veiculo da frente";"Colisao traseira";"Sem Vatimas";"Anoitecer";"Crescente";"Ceu Claro";"Dupla";"Reta";"Sim";2;0;0;0;2;0;0;2;-22,74647215;-43,44594311;"SPRF-RJ";"DEL06-RJ";"UOP01-DEL06-RJ"
574020;2024-01-11;"quinta-feira";"18:00:00";"SC";101;41;"JOINVILLE";"Acumulo de agua sobre o pavimento";"Tombamento";"Com Vatimas Feridas";"Pleno dia";"Crescente";"Chuva";"Maltipla";"Reta";"Nao";1;0;1;0;0;0;1;1;-26,31578047;-48,87378573;"SPRF-SC";"DEL03-SC";"UOP01-DEL03-SC"
574021;2024-01-11;"quinta-feira";"14:30:00";"PR";376;631;"SAO JOSE DOS PINHAIS";"Acessar a via sem observar a presenca dos outros veiculos";"Colisao lateral mesmo sentido";"Sem Vatimas";"Pleno dia";"Crescente";"Ceu Claro";"Maltipla";"Reta";"Sim";2;0;0;0;2;0;0;2;-25,70434399;-49,14198595;"SPRF-PR";"DEL01-PR";"UOP04-DEL01-PR"
574023;2024-01-11;"quinta-feira";"17:25:00";"RN";406;152,2;"CEARA-MIRIM";"Acessar a via sem observar a presenca dos outros veiculos";"Colisao transversal";"Com Vatimas Feridas";"Anoitecer";"Decrescente";"Ceu Claro";"Simples";"Reta;Interseaao de Vias       ";"Nao";2;0;1;0;1;0;1;2;-5,65094554;-35,42341594;"SPRF-RN";"DEL02-RN";"UOP01-DEL02-RN"
574024;2024-01-11;"quinta-feira";"16:55:00";"SC";101;323;"PESCARIA BRAVA";"Chuva";"Saida de leito carrocavel";"Sem Vatimas";"Pleno dia";"Crescente";"Chuva";"Dupla";"Curva";"Nao";1;0;0;0;0;1;0;1;-28,42789556;-48,91248313;"SPRF-SC";"DEL02-SC";"UOP01-DEL02-SC"
574025;2024-01-11;"quinta-feira";"17:00:00";"SP";116;101,7;"PINDAMONHANGABA";"Trafegar com motocicleta (ou similar) entre as faixas";"Colisao lateral mesmo sentido";"Com Vatimas Feridas";"Pleno dia";"Crescente";"Nublado";"Dupla";"Declive";"Nao";3;0;1;0;2;0;1;2;-22,99142462;-45,48287272;"SPRF-SP";"DEL08-SP";"UOP01-DEL08-SP"
574027;2024-01-11;"quinta-feira";"16:30:00";"RJ";40;77;"PETROPOLIS";"Reacao tardia ou ineficiente do condutor";"Colisao com objeto";"Com Vatimas Feridas";"Pleno dia";"Crescente";"Garoa/Chuvisco";"Dupla";"Curva";"Nao";5;0;3;1;1;0;4;1;-22,48005592;-43,23543994;"SPRF-RJ";"DEL01-RJ";"UOP01-DEL01-RJ"
574031;2024-01-11;"quinta-feira";"15:08:00";"AM";319;55;"CAREIRO";"Condutor Dormindo";"Capotamento";"Com Vatimas Fatais";"Pleno dia";"Crescente";"Sol";"Simples";"Reta";"Nao";6;1;4;0;0;1;4;2;-3,45532333;-60,02054996;"SPRF-AM";"DEL01-AM";"UOP04-DEL01-AM"
574032;2024-01-11;"quinta-feira";"17:16:00";"BA";324;618;"SALVADOR";"Ingestao de alcool pelo condutor";"Colisao com objeto";"Com Vatimas Feridas";"Anoitecer";"Decrescente";"Ceu Claro";"Maltipla";"Reta";"Nao";1;0;1;0;0;0;1;1;-12,891109;-38,445374;"SPRF-BA";"DEL01-BA";"UOP01-DEL01-BA"
574034;2024-01-11;"quinta-feira";"16:30:00";"RJ";40;104;"DUQUE DE CAXIAS";"Acumulo de agua sobre o pavimento";"Saida de leito carrocavel";"Sem Vatimas";"Plena Noite";"Crescente";"Chuva";"Maltipla";"Reta";"Nao";1;0;0;0;1;0;0;1;-22,62897902;-43,28579508;"SPRF-RJ";"DEL01-RJ";"UOP02-DEL01-RJ"
574035;2024-01-11;"quinta-feira";"19:18:00";"PI";343;13;"PARNAIBA";"Animais na Pista";"Atropelamento de Animal";"Com Vatimas Feridas";"Plena Noite";"Crescente";"Ceu Claro";"Dupla";"Reta";"Sim";1;0;1;0;0;0;1;1;-2,919029;-41,754124;"SPRF-PI";"DEL05-PI";"UOP01-DEL05-PI"
574038;2024-01-11;"quinta-feira";"18:00:00";"MG";381;868,8;"POUSO ALEGRE";"Ultrapassagem Indevida";"Colisao frontal";"Com Vatimas Feridas";"Anoitecer";"Decrescente";"Nublado";"Simples";"Reta";"Nao";2;0;1;0;1;0;1;2;-22,42008488;-45,96507626;"SPRF-MG";"DEL16-MG";"UOP01-DEL16-MG"
574039;2024-01-11;"quinta-feira";"19:30:00";"SC";101;118;"ITAJAI";"Reacao tardia ou ineficiente do condutor";"Tombamento";"Com Vatimas Feridas";"Plena Noite";"Crescente";"Chuva";"Dupla";"Reta";"Nao";1;0;0;1;0;0;1;1;-26,895859;-48,71903;"SPRF-SC";"DEL04-SC";"UOP04-DEL04-SC"
574041;2024-01-11;"quinta-feira";"14:00:00";"MG";116;132,9;"PONTO DOS VOLANTES";"Ultrapassagem Indevida";"Colisao frontal";"Com Vatimas Fatais";"Pleno dia";"Crescente";"Ceu Claro";"Simples";"Aclive;Reta                   ";"Nao";8;1;2;4;0;1;6;3;-16,715023;-41,499625;"SPRF-MG";"DEL11-MG";"UOP02-DEL11-MG"
574044;2024-01-11;"quinta-feira";"19:36:00";"GO";153;509;"APARECIDA DE GOIANIA";"Ingestao de alcool pelo condutor";"Colisao traseira";"Com Vatimas Feridas";"Plena Noite";"Crescente";"Ceu Claro";"Dupla";"Reta;Aclive                   ";"Sim";3;0;1;0;2;0;1;2;-16,779994;-49,237021;"SPRF-GO";"DEL01-GO";"UOP03-DEL01-GO"
574045;2024-01-11;"quinta-feira";"17:00:00";"MT";70;667;"CACERES";"Chuva";"Saida de leito carrocavel";"Com Vatimas Feridas";"Pleno dia";"Crescente";"Chuva";"Simples";"Reta";"Nao";2;0;1;1;0;0;2;1;-16,0304352;-57,24467585;"SPRF-MT";"DEL03-MT";"UOP02-DEL03-MT"
574046;2024-01-11;"quinta-feira";"14:15:00";"RO";435;84;"COLORADO DO OESTE";"Ultrapassagem Indevida";"Colisao lateral mesmo sentido";"Com Vatimas Feridas";"Pleno dia";"Decrescente";"Ceu Claro";"Dupla";"Interseaao de Vias";"Sim";2;0;1;0;1;0;1;2;-13,1173435;-60,52293293;"SPRF-RO";"DEL04-RO";"UOP02-DEL04-RO"
574047;2024-01-11;"quinta-feira";"18:30:00";"RO";364;188,2;"PIMENTA BUENO";"Reacao tardia ou ineficiente do condutor";"Saida de leito carrocavel";"Com Vatimas Feridas";"Plena Noite";"Crescente";"Chuva";"Simples";"Curva";"Nao";1;0;1;0;0;0;1;1;-11,731346;-61,126001;"SPRF-RO";"DEL02-RO";"UOP02-DEL02-RO"
574048;2024-01-11;"quinta-feira";"18:00:00";"RJ";116;137;"MAGE";"Reacao tardia ou ineficiente do condutor";"Colisao lateral mesmo sentido";"Com Vatimas Feridas";"Anoitecer";"Decrescente";"Chuva";"Dupla";"Reta";"Sim";3;0;2;0;1;0;2;2;-22,64791994;-43,18200799;"SPRF-RJ";"DEL04-RJ";"UOP02-DEL04-RJ"
574051;2024-01-11;"quinta-feira";"16:40:00";"RJ";465;5;"SEROPEDICA";"Transitar no Acostamento";"Colisao lateral mesmo sentido";"Com Vatimas Feridas";"Pleno dia";"Decrescente";"Chuva";"Simples";"Reta";"Sim";3;0;2;0;1;0;2;2;-22,747673;-43,699196;"SPRF-RJ";"DEL06-RJ";"UOP02-DEL06-RJ"
574053;2024-01-11;"quinta-feira";"19:26:00";"RS";116;152,8;"CAXIAS DO SUL";"Pista Escorregadia";"Tombamento";"Com Vatimas Fatais";"Plena Noite";"Crescente";"Chuva";"Maltipla";"Reta";"Nao";3;1;0;0;1;1;0;3;-29,1829343;-51,16801501;"SPRF-RS";"DEL05-RS";"UOP01-DEL05-RS"
574054;2024-01-11;"quinta-feira";"16:10:00";"RJ";101;262;"RIO BONITO";"Reacao tardia ou ineficiente do condutor";"Saida de leito carrocavel";"Sem Vatimas";"Pleno dia";"Crescente";"Ceu Claro";"Dupla";"Reta";"Sim";1;0;0;0;1;0;0;1;-22,71367506;-42,62052996;"SPRF-RJ";"DEL02-RJ";"UOP03-DEL02-RJ"
574055;2024-01-11;"quinta-feira";"19:00:00";"CE";20;396;"CAUCAIA";"Animais na Pista";"Atropelamento de Animal";"Com Vatimas Feridas";"Plena Noite";"Crescente";"Ceu Claro";"Simples";"Reta";"Nao";5;0;1;0;3;1;1;2;-3,817837;-38,740605;"SPRF-CE";"DEL01-CE";"UOP01-DEL01-CE"
574056;2024-01-11;"quinta-feira";"21:00:00";"RJ";116;176;"SAO JOAO DE MERITI";"Reacao tardia ou ineficiente do condutor";"Colisao lateral mesmo sentido";"Com Vatimas Feridas";"Plena Noite";"Decrescente";"Chuva";"Maltipla";"Interseaao de Vias";"Sim";4;0;1;0;3;0;1;3;-22,7839538;-43,38195488;"SPRF-RJ";"DEL06-RJ";"UOP01-DEL06-RJ"
574057;2024-01-11;"quinta-feira";"20:35:00";"RS";116;533,3;"CAPAO DO LEAO";"Ausancia de Reacao do condutor";"Atropelamento de Pedestre";"Com Vatimas Feridas";"Plena Noite";"Crescente";"Ceu Claro";"Simples";"Reta";"Nao";2;0;2;0;0;0;2;2;-31,77636406;-52,46074195;"SPRF-RS";"DEL07-RS";"UOP01-DEL07-RS"
574058;2024-01-11;"quinta-feira";"19:40:00";"SC";101;210;"SAO JOSE";"Condutor deixou de manter distancia do veiculo da frente";"Colisao traseira";"Sem Vatimas";"Plena Noite";"Decrescente";"Ceu Claro";"Maltipla";"Reta";"Sim";2;0;0;0;2;0;0;2;-27,6167305;-48,6457265;"SPRF-SC";"DEL01-SC";"UOP01-DEL01-SC"
574060;2024-01-11;"quinta-feira";"19:55:00";"PR";277;614,3;"CEU AZUL";"Ultrapassagem Indevida";"Colisao frontal";"Com Vatimas Fatais";"Pleno dia";"Crescente";"Ceu Claro";"Simples";"Reta;Declive                  ";"Nao";5;2;0;1;0;2;1;3;-25,067571;-53,658006;"SPRF-PR";"DEL05-PR";"UOP02-DEL05-PR"
574061;2024-01-11;"quinta-feira";"19:00:00";"SC";282;54,4;"RANCHO QUEIMADO";"Velocidade Incompatavel";"Saida de leito carrocavel";"Com Vatimas Feridas";"Pleno dia";"Decrescente";"Ceu Claro";"Simples";"Curva";"Nao";1;0;1;0;0;0;1;1;-27,685799;-48,974514;"SPRF-SC";"DEL01-SC";"UOP03-DEL01-SC"
574062;2024-01-11;"quinta-feira";"21:05:00";"SP";101;45,7;"UBATUBA";"Entrada inopinada do pedestre";"Atropelamento de Pedestre";"Com Vatimas Feridas";"Plena Noite";"Decrescente";"Chuva";"Simples";"Reta";"Sim";3;0;2;0;1;0;2;2;-23,42080198;-45,07083178;"SPRF-SP";"DEL06-SP";"UOP01-DEL06-SP"
574063;2024-01-11;"quinta-feira";"12:40:00";"PI";316;309;"PICOS";"Ausancia de Reacao do condutor";"Colisao traseira";"Sem Vatimas";"Pleno dia";"Decrescente";"Ceu Claro";"Simples";"Reta";"Sim";2;0;0;0;2;0;0;2;-7,07778744;-41,48370094;"SPRF-PI";"DEL04-PI";"UOP01-DEL04-PI"
574064;2024-01-11;"quinta-feira";"19:45:00";"RO";364;352,5;"JI-PARANA";"Animais na Pista";"Atropelamento de Animal";"Com Vatimas Feridas";"Plena Noite";"Crescente";"Nublado";"Simples";"Reta";"Nao";1;0;1;0;0;0;1;1;-10,83322284;-62,01156957;"SPRF-RO";"DEL02-RO";"UOP01-DEL02-RO"
574065;2024-01-11;"quinta-feira";"21:00:00";"PE";101;62,5;"RECIFE";"Trafegar com motocicleta (ou similar) entre as faixas";"Colisao transversal";"Com Vatimas Feridas";"Plena Noite";"Crescente";"Chuva";"Dupla";"Reta";"Sim";2;0;1;0;1;0;1;2;-7,99905898;-34,93899295;"SPRF-PE";"DEL01-PE";"UOP02-DEL01-PE"
574066;2024-01-11;"quinta-feira";"13:00:00";"PI";135;538;"SAO GONCALO DO GURGUEIA";"Acumulo de agua sobre o pavimento";"Saida de leito carrocavel";"Com Vatimas Fatais";"Pleno dia";"Crescente";"Chuva";"Simples";"Reta";"Nao";2;1;1;0;0;0;1;1;-10,02621404;-45,30289676;"SPRF-PI";"DEL03-PI";"UOP02-DEL03-PI"
574067;2024-01-11;"quinta-feira";"18:30:00";"PR";153;209,5;"PAULO FRONTIN";"Reacao tardia ou ineficiente do condutor";"Colisao traseira";"Com Vatimas Feridas";"Pleno dia";"Crescente";"Ceu Claro";"Simples";"Declive";"Nao";6;0;1;0;4;1;1;3;-26,0488324;-50,82034217;"SPRF-PR";"DEL03-PR";"UOP02-DEL03-PR"
574068;2024-01-11;"quinta-feira";"20:30:00";"AL";423;63,8;"AGUA BRANCA";"Animais na Pista";"Atropelamento de Animal";"Com Vatimas Fatais";"Plena Noite";"Decrescente";"Ceu Claro";"Simples";"Reta";"Nao";4;1;1;0;2;0;1;2;-9,29390121;-37,83582496;"SPRF-AL";"DEL03-AL";"UOP02-DEL03-AL"
574070;2024-01-11;"quinta-feira";"22:00:00";"SP";101;39;"UBATUBA";"Conversao proibida";"Colisao transversal";"Com Vatimas Feridas";"Plena Noite";"Crescente";"Chuva";"Simples";"Aclive;Curva                  ";"Nao";3;0;2;0;1;0;2;2;-23,41370139;-45,02666492;"SPRF-SP";"DEL06-SP";"UOP01-DEL06-SP"
574074;2024-01-11;"quinta-feira";"22:35:00";"ES";101;126;"SOORETAMA";"Condutor deixou de manter distancia do veiculo da frente";"Colisao traseira";"Com Vatimas Feridas";"Plena Noite";"Decrescente";"Ceu Claro";"Dupla";"Reta";"Nao";2;0;1;0;1;0;1;2;-19,193953;-40,0951;"SPRF-ES";"DEL04-ES";"UOP01-DEL04-ES"
574075;2024-01-11;"quinta-feira";"19:00:00";"MT";163;843;"SINOP";"Ausancia de Reacao do condutor";"Queda de ocupante de veiculo";"Com Vatimas Feridas";"Plena Noite";"Decrescente";"Chuva";"Simples";"Reta";"Nao";2;0;2;0;0;0;2;1;-11,78122552;-55,47483623;"SPRF-MT";"DEL06-MT";"UOP02-DEL06-MT"
574076;2024-01-11;"quinta-feira";"22:45:00";"RN";101;82,8;"NATAL";"Acessar a via sem observar a presenca dos outros veiculos";"Colisao transversal";"Com Vatimas Feridas";"Plena Noite";"Decrescente";"Ceu Claro";"Dupla";"Em Obras;Reta                 ";"Nao";4;0;0;2;2;0;2;2;-5,76791511;-35,27456305;"SPRF-RN";"DEL02-RN";"UOP01-DEL02-RN"
574077;2024-01-11;"quinta-feira";"19:40:00";"MT";364;175;"PEDRA PRETA";"Transitar na contramao";"Colisao frontal";"Com Vatimas Fatais";"Plena Noite";"Crescente";"Nublado";"Simples";"Reta";"Nao";8;1;0;2;5;0;2;2;-16,62450703;-54,44905469;"SPRF-MT";"DEL02-MT";"UOP01-DEL02-MT"
574078;2024-01-11;"quinta-feira";"19:10:00";"PE";424;67,7;"CAETES";"Transitar na contramao";"Colisao frontal";"Com Vatimas Fatais";"Plena Noite";"Decrescente";"Ceu Claro";"Simples";"Reta";"Nao";2;1;0;0;0;1;0;2;-8,767265;-36,637479;"SPRF-PE";"DEL03-PE";"UOP01-DEL03-PE"
574080;2024-01-11;"quinta-feira";"16:00:00";"BA";242;525;"OLIVEIRA DOS BREJINHOS";"Velocidade Incompatavel";"Saida de leito carrocavel";"Com Vatimas Fatais";"Pleno dia";"Crescente";"Ceu Claro";"Simples";"Reta";"Nao";2;1;0;1;0;0;1;1;-12,28868181;-42,66556593;"SPRF-BA";"DEL06-BA";"UOP01-DEL06-BA"
574081;2024-01-11;"quinta-feira";"22:50:00";"BA";110;4;"PAULO AFONSO";"Animais na Pista";"Atropelamento de Animal";"Sem Vatimas";"Plena Noite";"Decrescente";"Ceu Claro";"Simples";"Reta";"Nao";1;0;0;0;0;1;0;1;-9,48807313;-38,21260176;"SPRF-BA";"DEL07-BA";"UOP01-DEL07-BA"
574083;2024-01-11;"quinta-feira";"22:21:00";"RJ";465;8,9;"SEROPEDICA";"Pedestre cruzava a pista fora da faixa";"Atropelamento de Pedestre";"Com Vatimas Fatais";"Plena Noite";"Decrescente";"Ignorado";"Simples";"Reta";"Nao";2;1;0;0;0;1;0;2;-22,767147;-43,678768;"SPRF-RJ";"DEL06-RJ";"UOP02-DEL06-RJ"
574084;2024-01-11;"quinta-feira";"23:40:00";"PR";277;27;"MORRETES";"Ausancia de Reacao do condutor";"Colisao lateral mesmo sentido";"Sem Vatimas";"Plena Noite";"Crescente";"Chuva";"Dupla";"Reta";"Nao";2;0;0;0;2;0;0;2;-25,52935033;-48,72534598;"SPRF-PR";"DEL01-PR";"UOP05-DEL01-PR"
574086;2024-01-11;"quinta-feira";"21:30:00";"PE";232;245;"ARCOVERDE";"Animais na Pista";"Atropelamento de Animal";"Com Vatimas Feridas";"Plena Noite";"Crescente";"Ceu Claro";"Simples";"Declive";"Nao";2;0;0;2;0;0;2;1;-8,41869672;-37,00744604;"SPRF-PE";"DEL04-PE";"UOP02-DEL04-PE"
574087;2024-01-11;"quinta-feira";"19:48:00";"SC";280;28,8;"ARAQUARI";"Acessar a via sem observar a presenca dos outros veiculos";"Colisao transversal";"Com Vatimas Feridas";"Plena Noite";"Decrescente";"Chuva";"Simples";"Reta";"Sim";2;0;1;0;1;0;1;2;-26,40801439;-48,7494278;"SPRF-SC";"DEL03-SC";"UOP03-DEL03-SC"
574088;2024-01-11;"quinta-feira";"21:15:00";"MS";436;7,3;"APARECIDA DO TABOADO";"Reacao tardia ou ineficiente do condutor";"Colisao com objeto";"Com Vatimas Feridas";"Plena Noite";"Crescente";"Chuva";"Simples";"Rotataria";"Nao";1;0;0;1;0;0;1;1;-20,10693842;-51,08721542;"SPRF-MS";"DEL08-MS";"UOP01-DEL08-MS"
574089;2024-01-11;"quinta-feira";"23:15:00";"DF";70;9,3;"BRASILIA";"Reacao tardia ou ineficiente do condutor";"Colisao traseira";"Sem Vatimas";"Plena Noite";"Crescente";"Nublado";"Dupla";"Reta";"Sim";2;0;0;0;2;0;0;2;-15,784615;-48,132023;"SPRF-DF";"DEL03-DF";"UOP02-DEL03-DF"
574092;2024-01-12;"sexta-feira";"00:20:00";"SC";101;203,6;"SAO JOSE";"Mal sabito do condutor";"Queda de ocupante de veiculo";"Com Vatimas Feridas";"Plena Noite";"Decrescente";"Ceu Claro";"Maltipla";"Reta";"Sim";1;0;1;0;0;0;1;1;-27,5650044;-48,61460082;"SPRF-SC";"DEL01-SC";"UOP01-DEL01-SC"
574093;2024-01-11;"quinta-feira";"23:30:00";"PB";230;37,8;"SANTA RITA";"Ausancia de Reacao do condutor";"Colisao traseira";"Com Vatimas Feridas";"Plena Noite";"Decrescente";"Ceu Claro";"Dupla";"Reta;Declive                  ";"Sim";2;0;1;0;0;1;1;2;-7,13601307;-34,96585022;"SPRF-PB";"DEL01-PB";"UOP03-DEL01-PB"
574096;2024-01-12;"sexta-feira";"00:00:00";"RS";470;36;"SAO JOSE DO OURO";"Velocidade Incompatavel";"Saida de leito carrocavel";"Com Vatimas Feridas";"Plena Noite";"Decrescente";"Ceu Claro";"Simples";"Rotataria;Interseaao de Vias;C";"Nao";9;0;9;0;0;0;9;1;-27,72669062;-51,45549774;"SPRF-RS";"DEL08-RS";"UOP05-DEL08-RS"
574097;2024-01-12;"sexta-feira";"00:35:00";"MG";40;652;"CRISTIANO OTONI";"Sinalizaaao mal posicionada";"Colisao com objeto";"Com Vatimas Feridas";"Plena Noite";"Decrescente";"Nublado";"Dupla";"Curva";"Nao";1;0;0;1;0;0;1;1;-20,84548058;-43,79784557;"SPRF-MG";"DEL05-MG";"UOP02-DEL05-MG"
574100;2024-01-12;"sexta-feira";"02:35:00";"SP";116;499;"CAJATI";"Reacao tardia ou ineficiente do condutor";"Saida de leito carrocavel";"Com Vatimas Feridas";"Plena Noite";"Crescente";"Chuva";"Maltipla";"Curva";"Nao";2;0;1;0;1;0;1;1;-24,78228753;-48,17695233;"SPRF-SP";"DEL05-SP";"UOP02-DEL05-SP"
574101;2024-01-11;"quinta-feira";"11:00:00";"RJ";101;294;"ITABORAI";"Pedestre cruzava a pista fora da faixa";"Atropelamento de Pedestre";"Com Vatimas Feridas";"Pleno dia";"Decrescente";"Ceu Claro";"Dupla";"Reta";"Nao";2;0;1;0;1;0;1;2;-22,7584434;-42,89502344;"SPRF-RJ";"DEL02-RJ";"UOP02-DEL02-RJ"
574102;2024-01-11;"quinta-feira";"11:20:00";"RJ";101;294;"ITABORAI";"Trafegar com motocicleta (ou similar) entre as faixas";"Queda de ocupante de veiculo";"Com Vatimas Feridas";"Pleno dia";"Crescente";"Ceu Claro";"Dupla";"Reta";"Sim";2;0;1;0;1;0;1;2;-22,7584434;-42,89502344;"SPRF-RJ";"DEL02-RJ";"UOP02-DEL02-RJ"
574103;2024-01-11;"quinta-feira";"17:30:00";"RJ";101;295;"ITABORAI";"Chuva";"Queda de ocupante de veiculo";"Com Vatimas Feridas";"Anoitecer";"Decrescente";"Ceu Claro";"Dupla";"Reta";"Nao";1;0;1;0;0;0;1;1;-22,76365068;-42,90223623;"SPRF-RJ";"DEL02-RJ";"UOP02-DEL02-RJ"
574105;2024-01-12;"sexta-feira";"05:20:00";"GO";153;442,2;"ANAPOLIS";"Ausancia de Reacao do condutor";"Colisao com objeto";"Com Vatimas Feridas";"Amanhecer";"Decrescente";"Ceu Claro";"Dupla";"Reta;Declive                  ";"Sim";1;0;1;0;0;0;1;1;-16,34969664;-48,92779134;"SPRF-GO";"DEL02-GO";"UOP01-DEL02-GO"
574107;2024-01-11;"quinta-feira";"12:10:00";"RJ";40;83;"PETROPOLIS";"Acessar a via sem observar a presenca dos outros veiculos";"Colisao lateral mesmo sentido";"Com Vatimas Feridas";"Pleno dia";"Crescente";"Ceu Claro";"Simples";"Curva";"Sim";3;0;2;0;1;0;2;2;-22,51910302;-43,22873364;"SPRF-RJ";"DEL01-RJ";"UOP01-DEL01-RJ"
574109;2024-01-12;"sexta-feira";"06:40:00";"RN";101;85,4;"NATAL";"Acesso irregular";"Queda de ocupante de veiculo";"Com Vatimas Feridas";"Pleno dia";"Decrescente";"Nublado";"Dupla";"Declive;Curva;Em Obras;Desvio ";"Sim";2;0;1;0;1;0;1;2;-5,777664;-35,24937;"SPRF-RN";"DEL02-RN";"UOP01-DEL02-RN"
574111;2024-01-12;"sexta-feira";"06:43:00";"PR";277;580,7;"CASCAVEL";"Manobra de mudanaa de faixa";"Colisao lateral mesmo sentido";"Com Vatimas Feridas";"Amanhecer";"Decrescente";"Ceu Claro";"Dupla";"Reta";"Nao";2;0;1;0;1;0;1;2;-24,982467;-53,375518;"SPRF-PR";"DEL04-PR";"UOP01-DEL04-PR"
574113;2024-01-12;"sexta-feira";"06:16:00";"PI";343;21;"PARNAIBA";"Ausancia de Reacao do condutor";"Saida de leito carrocavel";"Sem Vatimas";"Pleno dia";"Crescente";"Sol";"Simples";"Reta";"Nao";1;0;0;0;0;1;0;1;-2,990041;-41,764046;"SPRF-PI";"DEL05-PI";"UOP01-DEL05-PI"
574116;2024-01-12;"sexta-feira";"06:15:00";"SC";101;95,2;"BARRA VELHA";"Desrespeitar a preferancia no cruzamento";"Colisao transversal";"Com Vatimas Feridas";"Pleno dia";"Decrescente";"Nublado";"Maltipla";"Reta;Declive;Interseaao de Via";"Sim";2;0;1;0;1;0;1;2;-26,70876413;-48,70221065;"SPRF-SC";"DEL03-SC";"UOP02-DEL03-SC"
574117;2024-01-12;"sexta-feira";"07:00:00";"SP";116;211;"GUARULHOS";"Reacao tardia ou ineficiente do condutor";"Colisao traseira";"Com Vatimas Feridas";"Pleno dia";"Crescente";"Ceu Claro";"Dupla";"Reta";"Sim";3;0;1;1;1;0;2;2;-23,4324306;-46,4194352;"SPRF-SP";"DEL01-SP";"UOP01-DEL01-SP"
574119;2024-01-12;"sexta-feira";"06:40:00";"ES";101;258,8;"SERRA";"Reacao tardia ou ineficiente do condutor";"Tombamento";"Com Vatimas Feridas";"Pleno dia";"Crescente";"Ceu Claro";"Dupla";"Reta";"Sim";1;0;1;0;0;0;1;1;-20,13059888;-40,2961019;"SPRF-ES";"DEL02-ES";"UOP01-DEL02-ES"
574120;2024-01-12;"sexta-feira";"06:45:00";"ES";101;258;"SERRA";"Reacao tardia ou ineficiente do condutor";"Tombamento";"Com Vatimas Feridas";"Pleno dia";"Crescente";"Ceu Claro";"Maltipla";"Interseaao de Vias;Curva;Viadu";"Sim";1;0;0;1;0;0;1;1;-20,13059888;-40,2961019;"SPRF-ES";"DEL02-ES";"UOP01-DEL02-ES"
574122;2024-01-12;"sexta-feira";"07:10:00";"MG";40;549,6;"NOVA LIMA";"Manobra de mudanaa de faixa";"Colisao lateral mesmo sentido";"Com Vatimas Feridas";"Pleno dia";"Crescente";"Ceu Claro";"Dupla";"Curva;Aclive                  ";"Nao";2;0;1;0;1;0;1;2;-20,03972326;-43,96703232;"SPRF-MG";"DEL01-MG";"UOP02-DEL01-MG"
574123;2024-01-12;"sexta-feira";"07:00:00";"PR";116;144;"MANDIRITUBA";"Conversao proibida";"Colisao transversal";"Com Vatimas Feridas";"Pleno dia";"Crescente";"Ceu Claro";"Simples";"Reta";"Nao";2;0;1;0;1;0;1;2;-25,76405694;-49,32116324;"SPRF-PR";"DEL01-PR";"UOP03-DEL01-PR"
574124;2024-01-12;"sexta-feira";"07:30:00";"RJ";116;181;"NOVA IGUACU";"Trafegar com motocicleta (ou similar) entre as faixas";"Queda de ocupante de veiculo";"Com Vatimas Feridas";"Pleno dia";"Crescente";"Ceu Claro";"Dupla";"Reta";"Sim";1;0;1;0;0;0;1;1;-22,761312;-43,423492;"SPRF-RJ";"DEL06-RJ";"UOP01-DEL06-RJ"
574125;2024-01-12;"sexta-feira";"07:00:00";"RS";116;329,3;"BARRA DO RIBEIRO";"Reacao tardia ou ineficiente do condutor";"Saida de leito carrocavel";"Com Vatimas Feridas";"Pleno dia";"Crescente";"Ceu Claro";"Dupla";"Reta";"Nao";2;0;1;0;1;0;1;1;-30,37216496;-51,43111745;"SPRF-RS";"DEL02-RS";"UOP02-DEL02-RS"
574126;2024-01-11;"quinta-feira";"23:00:00";"MT";364;271;"JACIARA";"Ausancia de Reacao do condutor";"Tombamento";"Com Vatimas Feridas";"Plena Noite";"Crescente";"Nublado";"Dupla";"Reta";"Sim";4;0;3;0;1;0;3;1;-15,96962998;-54,95363;"SPRF-MT";"DEL05-MT";"UOP02-DEL05-MT"