"id";"data_inversa";"dia_semana";"horario";"uf";"br";"km";"municipio";"causa_acidente";"tipo_acidente";"classificacao_acidente";"fase_dia";"sentido_via";"condicao_metereologica";"tipo_pista";"tracado_via";"uso_solo";"pessoas";"mortos";"feridos_leves";"feridos_graves";"ilesos";"ignorados";"feridos";"veiculos";"latitude";"longitude";"regional";"delegacia";"uop"
574129;2024-01-12;"sexta-feira";"07:05:00";"RJ";116;282,9;"BARRA MANSA";"Ausancia de Reacao do condutor";"Colisao traseira";"Com Vatimas Feridas";"Pleno dia";"Crescente";"Ceu Claro";"Simples";"Aclive;Reta                   ";"Nao";2;0;1;0;1;0;1;2;-22,52405173;-44,20072574;"SPRF-RJ";"DEL07-RJ";"UOP02-DEL07-RJ"
574130;2024-01-12;"sexta-feira";"07:40:00";"SP";101;50,6;"UBATUBA";"Condutor deixou de manter distancia do veiculo da frente";"Colisao lateral mesmo sentido";"Com Vatimas Feridas";"Pleno dia";"Crescente";"Nublado";"Simples";"Reta";"Sim";2;0;2;0;0;0;2;2;-23,45391604;-45,07366419;"SPRF-SP";"DEL06-SP";"UOP01-DEL06-SP"
574131;2024-01-12;"sexta-feira";"07:25:00";"SE";235;4;"NOSSA SENHORA DO SOCORRO";"Condutor deixou de manter distancia do veiculo da frente";"Colisao traseira";"Com Vatimas Feridas";"Pleno dia";"Decrescente";"Ceu Claro";"Simples";"Reta";"Sim";3;0;1;1;1;0;2;2;-10,9064;-37,1197;"SPRF-SE";"DEL01-SE";"UOP01-DEL01-SE"
574132;2024-01-12;"sexta-feira";"06:39:00";"DF";70;0;"BRASILIA";"Ausancia de Reacao do condutor";"Colisao traseira";"Sem Vatimas";"Amanhecer";"Crescente";"Ceu Claro";"Maltipla";"Reta";"Sim";2;0;0;0;2;0;0;2;-15,792352;-48,054509;"SPRF-DF";"DEL03-DF";"UOP02-DEL03-DF"
574134;2024-01-12;"sexta-feira";"07:00:00";"PR";369;182,2;"ARAPONGAS";"Acessar a via sem observar a presenca dos outros veiculos";"Colisao transversal";"Com Vatimas Feridas";"Pleno dia";"Crescente";"Ceu Claro";"Simples";"Reta";"Sim";2;0;1;0;1;0;1;2;-23,384604;-51,419372;"SPRF-PR";"DEL07-PR";"UOP03-DEL07-PR"
574135;2024-01-12;"sexta-feira";"08:20:00";"SP";116;505;"CAJATI";"Demais falhas mecanicas ou elatricas";"Colisao com objeto";"Com Vatimas Feridas";"Pleno dia";"Decrescente";"Chuva";"Dupla";"Declive;Curva                 ";"Nao";3;0;3;0;0;0;3;1;-24,79028098;-48,21075278;"SPRF-SP";"DEL05-SP";"UOP02-DEL05-SP"
574136;2024-01-12;"sexta-feira";"07:55:00";"BA";324;575;"SAO SEBASTIAO DO PASSE";"Mal sabito do condutor";"Colisao traseira";"Com Vatimas Feridas";"Pleno dia";"Crescente";"Sol";"Dupla";"Reta";"Nao";3;0;0;1;2;0;1;2;-12,57298496;-38,54513072;"SPRF-BA";"DEL01-BA";"UOP01-DEL01-BA"
574137;2024-01-12;"sexta-feira";"08:39:00";"RN";101;96;"NATAL";"Condutor deixou de manter distancia do veiculo da frente";"Colisao traseira";"Com Vatimas Feridas";"Pleno dia";"Decrescente";"Ceu Claro";"Dupla";"Reta";"Sim";2;0;1;0;1;0;1;1;-5,84949622;-35,20890752;"SPRF-RN";"DEL01-RN";"UOP01-DEL01-RN"
574138;2024-01-12;"sexta-feira";"07:50:00";"PR";373;172,4;"PONTA GROSSA";"Ultrapassagem Indevida";"Colisao frontal";"Com Vatimas Feridas";"Pleno dia";"Decrescente";"Sol";"Simples";"Curva;Declive                 ";"Sim";3;0;0;1;2;0;1;3;-25,0804635;-50,1961995;"SPRF-PR";"DEL03-PR";"UOP01-DEL03-PR"
574140;2024-01-12;"sexta-feira";"08:57:00";"SP";116;541;"BARRA DO TURVO";"Chuva";"Capotamento";"Com Vatimas Feridas";"Pleno dia";"Crescente";"Garoa/Chuvisco";"Dupla";"Curva";"Nao";4;0;1;0;3;0;1;1;-24,97245688;-48,39976606;"SPRF-SP";"DEL05-SP";"UOP02-DEL05-SP"
574141;2024-01-12;"sexta-feira";"08:30:00";"RS";290;36,6;"SANTO ANTONIO DA PATRULHA";"Mal sabito do condutor";"Saida de leito carrocavel";"Com Vatimas Feridas";"Pleno dia";"Crescente";"Ceu Claro";"Dupla";"Reta";"Nao";1;0;1;0;0;0;1;1;-29,884756;-50,61729;"SPRF-RS";"DEL03-RS";"UOP01-DEL03-RS"
574143;2024-01-12;"sexta-feira";"07:50:00";"SP";116;345,1;"MIRACATU";"Reacao tardia ou ineficiente do condutor";"Colisao traseira";"Com Vatimas Feridas";"Amanhecer";"Crescente";"Ceu Claro";"Dupla";"Reta;Declive                  ";"Nao";4;0;1;1;2;0;2;2;-24,03551364;-47,18593225;"SPRF-SP";"DEL04-SP";"UOP03-DEL04-SP"
574144;2024-01-12;"sexta-feira";"07:30:00";"SC";470;66;"INDAIAL";"Manobra de mudanaa de faixa";"Colisao lateral mesmo sentido";"Com Vatimas Feridas";"Pleno dia";"Crescente";"Nublado";"Simples";"Rotataria";"Sim";2;0;1;0;0;1;1;2;-26,870407;-49,221844;"SPRF-SC";"DEL04-SC";"UOP01-DEL04-SC"
574148;2024-01-12;"sexta-feira";"07:30:00";"RJ";116;316;"ITATIAIA";"Avarias e/ou desgaste excessivo no pneu";"Queda de ocupante de veiculo";"Com Vatimas Feridas";"Pleno dia";"Decrescente";"Ceu Claro";"Dupla";"Reta";"Sim";2;0;2;0;0;0;2;1;-22,46560057;-44,49102813;"SPRF-RJ";"DEL07-RJ";"UOP02-DEL07-RJ"
574149;2024-01-12;"sexta-feira";"09:26:00";"MG";381;595,8;"CARMOPOLIS DE MINAS";"Ausancia de Reacao do condutor";"Saida de leito carrocavel";"Com Vatimas Feridas";"Pleno dia";"Crescente";"Ceu Claro";"Dupla";"Reta";"Nao";3;0;1;0;2;0;1;1;-20,59692997;-44,70822603;"SPRF-MG";"DEL04-MG";"UOP01-DEL04-MG"
574153;2024-01-12;"sexta-feira";"09:35:00";"SP";116;499;"CAJATI";"Reacao tardia ou ineficiente do condutor";"Saida de leito carrocavel";"Com Vatimas Feridas";"Pleno dia";"Crescente";"Garoa/Chuvisco";"Dupla";"Curva";"Nao";2;0;1;0;1;0;1;1;-24,78228753;-48,17695233;"SPRF-SP";"DEL05-SP";"UOP02-DEL05-SP"
574162;2024-01-05;"sexta-feira";"06:50:00";"MS";463;43;"PONTA PORA";"Avarias e/ou desgaste excessivo no pneu";"Saida de leito carrocavel";"Com Vatimas Feridas";"Amanhecer";"Crescente";"Ceu Claro";"Simples";"Reta";"Nao";3;0;2;1;0;0;3;1;-22,33187305;-55,18420897;"SPRF-MS";"DEL04-MS";"UOP03-DEL04-MS"
574163;2024-01-12;"sexta-feira";"11:00:00";"MG";116;312;"ITAMBACURI";"Ausancia de Reacao do condutor";"Saida de leito carrocavel";"Com Vatimas Feridas";"Pleno dia";"Decrescente";"Ceu Claro";"Simples";"Curva";"Nao";4;0;0;1;3;0;1;1;-18,08475408;-41,68643781;"SPRF-MG";"DEL11-MG";"UOP01-DEL11-MG"
574166;2024-01-12;"sexta-feira";"10:30:00";"MA";10;249;"IMPERATRIZ";"Manobra de mudanaa de faixa";"Colisao transversal";"Com Vatimas Feridas";"Pleno dia";"Decrescente";"Ceu Claro";"Maltipla";"Reta";"Sim";2;0;0;1;1;0;1;2;-5,558508;-47,45417;"SPRF-MA";"DEL04-MA";"UOP01-DEL04-MA"
574167;2024-01-12;"sexta-feira";"10:40:00";"PR";277;96;"CURITIBA";"Reacao tardia ou ineficiente do condutor";"Colisao traseira";"Com Vatimas Feridas";"Pleno dia";"Decrescente";"Nublado";"Simples";"Reta;Declive                  ";"Sim";2;0;0;1;1;0;1;2;-25,4303071;-49,3364597;"SPRF-PR";"DEL01-PR";"UOP06-DEL01-PR"
574168;2024-01-12;"sexta-feira";"11:15:00";"PE";101;40,2;"IGARASSU";"Ausancia de Reacao do condutor";"Queda de ocupante de veiculo";"Com Vatimas Feridas";"Pleno dia";"Decrescente";"Ceu Claro";"Dupla";"Reta";"Nao";1;0;0;1;0;0;1;1;-7,821475;-34,916545;"SPRF-PE";"DEL01-PE";"UOP02-DEL01-PE"
574169;2024-01-12;"sexta-feira";"11:45:00";"MG";146;450,6;"CABO VERDE";"Velocidade Incompatavel";"Saida de leito carrocavel";"Com Vatimas Feridas";"Pleno dia";"Crescente";"Ceu Claro";"Simples";"Reta;Aclive                   ";"Nao";2;0;1;1;0;0;2;1;-21,539238;-46,406883;"SPRF-MG";"DEL09-MG";"UOP01-DEL09-MG"
574170;2024-01-12;"sexta-feira";"11:00:00";"SP";116;80,7;"ROSEIRA";"Condutor deixou de manter distancia do veiculo da frente";"Colisao traseira";"Com Vatimas Feridas";"Pleno dia";"Decrescente";"Nublado";"Dupla";"Reta";"Nao";2;0;1;0;1;0;1;2;-22,89958454;-45,30245564;"SPRF-SP";"DEL08-SP";"UOP01-DEL08-SP"
574171;2024-01-12;"sexta-feira";"10:30:00";"RS";158;162,2;"PANAMBI";"Velocidade Incompatavel";"Saida de leito carrocavel";"Com Vatimas Fatais";"Pleno dia";"Crescente";"Ceu Claro";"Simples";"Reta";"Nao";1;1;0;0;0;0;0;1;-28,37999821;-53,51401806;"SPRF-RS";"DEL10-RS";"UOP02-DEL10-RS"
574172;2024-01-12;"sexta-feira";"10:50:00";"RJ";101;524;"ANGRA DOS REIS";"Manobra de mudanaa de faixa";"Colisao lateral mesmo sentido";"Com Vatimas Feridas";"Pleno dia";"Decrescente";"Ceu Claro";"Simples";"Curva";"Nao";2;0;1;0;1;0;1;2;-22,99959786;-44,47765217;"SPRF-RJ";"DEL03-RJ";"UOP03-DEL03-RJ"
574173;2024-01-12;"sexta-feira";"09:20:00";"BA";116;563,4;"NOVA ITARANA";"Condutor deixou de manter distancia do veiculo da frente";"Colisao traseira";"Com Vatimas Feridas";"Pleno dia";"Crescente";"Ceu Claro";"Simples";"Reta";"Nao";49;0;1;0;48;0;1;2;-12,95610303;-39,92190696;"SPRF-BA";"DEL03-BA";"UOP02-DEL03-BA"
574174;2024-01-12;"sexta-feira";"07:24:00";"SC";116;227,3;"CORREIA PINTO";"Transitar na contramao";"Colisao frontal";"Com Vatimas Fatais";"Pleno dia";"Crescente";"Ceu Claro";"Simples";"Reta";"Nao";17;1;5;1;10;0;6;3;-27,6464543;-50,3378133;"SPRF-SC";"DEL05-SC";"UOP03-DEL05-SC"
574176;2024-01-12;"sexta-feira";"11:16:00";"BA";324;626;"SALVADOR";"Manobra de mudanaa de faixa";"Colisao lateral mesmo sentido";"Com Vatimas Feridas";"Pleno dia";"Crescente";"Ceu Claro";"Dupla";"Reta";"Sim";3;0;2;0;0;1;2;2;-12,95020997;-38,47073108;"SPRF-BA";"DEL01-BA";"UOP01-DEL01-BA"
574177;2024-01-12;"sexta-feira";"10:10:00";"RJ";101;195;"CASIMIRO DE ABREU";"Ausancia de Reacao do condutor";"Colisao com objeto";"Com Vatimas Feridas";"Pleno dia";"Decrescente";"Ceu Claro";"Dupla";"Reta";"Nao";2;0;1;0;1;0;1;1;-22,49220783;-42,10020136;"SPRF-RJ";"DEL08-RJ";"UOP04-DEL08-RJ"
574178;2024-01-12;"sexta-feira";"12:10:00";"RS";386;416,4;"MONTENEGRO";"Reacao tardia ou ineficiente do condutor";"Saida de leito carrocavel";"Sem Vatimas";"Pleno dia";"Decrescente";"Sol";"Simples";"Aclive;Reta                   ";"Nao";1;0;0;0;1;0;0;1;-29,817648;-51,463001;"SPRF-RS";"DEL04-RS";"UOP02-DEL04-RS"
574179;2024-01-12;"sexta-feira";"09:30:00";"SC";101;116;"ITAJAI";"Mal sabito do condutor";"Colisao traseira";"Com Vatimas Feridas";"Pleno dia";"Crescente";"Ceu Claro";"Dupla";"Reta";"Sim";2;0;1;0;1;0;1;2;-26,87905605;-48,72603512;"SPRF-SC";"DEL04-SC";"UOP04-DEL04-SC"
574180;2024-01-12;"sexta-feira";"09:25:00";"PI";343;338,8;"TERESINA";"Acumulo de agua sobre o pavimento";"Saida de leito carrocavel";"Com Vatimas Fatais";"Pleno dia";"Decrescente";"Chuva";"Dupla";"Curva";"Nao";1;1;0;0;0;0;0;1;-5,063362;-42,722912;"SPRF-PI";"DEL01-PI";"UOP01-DEL01-PI"
574182;2024-01-12;"sexta-feira";"13:11:00";"ES";262;17;"VIANA";"Transitar na contramao";"Colisao lateral sentido oposto";"Com Vatimas Feridas";"Pleno dia";"Crescente";"Ceu Claro";"Simples";"Reta";"Sim";3;0;1;0;2;0;1;3;-20,38635961;-40,47272969;"SPRF-ES";"DEL01-ES";"UOP01-DEL01-ES"
574184;2024-01-12;"sexta-feira";"11:40:00";"MT";364;188;"RONDONOPOLIS";"Avarias e/ou desgaste excessivo no pneu";"Saida de leito carrocavel";"Com Vatimas Feridas";"Pleno dia";"Crescente";"Sol";"Simples";"Reta";"Nao";2;0;2;0;0;0;2;1;-16,57389919;-54,53948513;"SPRF-MT";"DEL02-MT";"UOP01-DEL02-MT"
574185;2024-01-06;"sabado";"05:40:00";"MT";158;637;"NOVA XAVANTINA";"Animais na Pista";"Atropelamento de Animal";"Com Vatimas Feridas";"Amanhecer";"Decrescente";"Ceu Claro";"Simples";"Curva";"Nao";1;0;1;0;0;0;1;1;-14,53457492;-52,363506;"SPRF-MT";"DEL07-MT";"UOP02-DEL07-MT"
574186;2024-01-12;"sexta-feira";"11:50:00";"MG";50;194;"DELTA";"Demais falhas mecanicas ou elatricas";"Incendio";"Sem Vatimas";"Pleno dia";"Decrescente";"Nublado";"Dupla";"Reta;Aclive                   ";"Nao";5;0;0;0;5;0;0;1;-19,887439;-47,848374;"SPRF-MG";"DEL13-MG";"UOP01-DEL13-MG"
574191;2024-01-12;"sexta-feira";"12:23:00";"MT";163;832;"SINOP";"Mal sabito do condutor";"Colisao com objeto";"Sem Vatimas";"Pleno dia";"Decrescente";"Ceu Claro";"Dupla";"Reta";"Sim";1;0;0;0;1;0;0;1;-11,88385868;-55,50115299;"SPRF-MT";"DEL06-MT";"UOP02-DEL06-MT"
574192;2024-01-12;"sexta-feira";"13:05:00";"MG";262;579,2;"CORREGO DANTA";"Ausancia de Reacao do condutor";"Colisao traseira";"Sem Vatimas";"Pleno dia";"Decrescente";"Chuva";"Simples";"Reta;Em Obras                 ";"Nao";6;0;0;0;6;0;0;2;-19,66704253;-46,05642815;"SPRF-MG";"DEL08-MG";"UOP02-DEL08-MG"
574197;2024-01-12;"sexta-feira";"13:35:00";"RN";101;85;"NATAL";"Condutor deixou de manter distancia do veiculo da frente";"Engavetamento";"Com Vatimas Feridas";"Pleno dia";"Decrescente";"Ceu Claro";"Simples";"Ponte;Reta;Desvio Temporario  ";"Sim";12;0;1;0;11;0;1;4;-5,78023559;-35,24813175;"SPRF-RN";"DEL02-RN";"UOP01-DEL02-RN"
574198;2024-01-12;"sexta-feira";"10:50:00";"BA";116;424;"FEIRA DE SANTANA";"Acesso irregular";"Colisao transversal";"Com Vatimas Feridas";"Pleno dia";"Decrescente";"Sol";"Dupla";"Reta;Aclive                   ";"Sim";2;0;0;2;0;0;2;2;-12,25041;-38,9881;"SPRF-BA";"DEL02-BA";"UOP01-DEL02-BA"
574200;2024-01-12;"sexta-feira";"14:25:00";"MG";262;363;"JUATUBA";"Acumulo de areia ou detritos sobre o pavimento";"Tombamento";"Com Vatimas Feridas";"Pleno dia";"Crescente";"Ceu Claro";"Dupla";"Reta";"Nao";2;0;2;0;0;0;2;1;-19,98332997;-44,23572401;"SPRF-MG";"DEL01-MG";"UOP03-DEL01-MG"
574201;2024-01-12;"sexta-feira";"07:00:00";"PE";423;125,5;"PARANATAMA";"Pedestre andava na pista";"Atropelamento de Pedestre";"Com Vatimas Fatais";"Pleno dia";"Decrescente";"Sol";"Simples";"Reta;Declive                  ";"Nao";3;1;0;0;0;2;0;2;-8,943312;-36,721176;"SPRF-PE";"DEL03-PE";"UOP01-DEL03-PE"
574202;2024-01-11;"quinta-feira";"17:30:00";"MA";135;51;"BACABEIRA";"Ausancia de Reacao do condutor";"Eventos atapicos";"Com Vatimas Feridas";"Plena Noite";"Crescente";"Chuva";"Dupla";"Reta";"Nao";1;0;1;0;0;0;1;1;-2,972108;-44,317272;"SPRF-MA";"DEL01-MA";"UOP01-DEL01-MA"
574205;2024-01-03;"quarta-feira";"21:22:00";"RJ";116;102;"GUAPIMIRIM";"Demais falhas mecanicas ou elatricas";"Incendio";"Sem Vatimas";"Plena Noite";"Decrescente";"Chuva";"Simples";"Aclive";"Nao";1;0;0;0;1;0;0;1;-22,49820581;-42,99844401;"SPRF-RJ";"DEL04-RJ";"UOP01-DEL04-RJ"
574207;2024-01-12;"sexta-feira";"14:30:00";"RN";101;112,8;"SAO JOSE DE MIPIBU";"Acessar a via sem observar a presenca dos outros veiculos";"Colisao transversal";"Com Vatimas Feridas";"Pleno dia";"Decrescente";"Sol";"Dupla";"Retorno Regulamentado;Reta    ";"Sim";4;0;1;0;3;0;1;2;-5,96429;-35,264877;"SPRF-RN";"DEL01-RN";"UOP01-DEL01-RN"
574209;2024-01-12;"sexta-feira";"14:15:00";"PI";343;3;"TERESINA";"Manobra de mudanaa de faixa";"Colisao lateral mesmo sentido";"Com Vatimas Feridas";"Pleno dia";"Decrescente";"Ceu Claro";"Dupla";"Reta";"Sim";2;0;1;0;1;0;1;2;-5,08122689;-42,77676171;"SPRF-PI";"DEL01-PI";"UOP01-DEL01-PI"
574212;2024-01-12;"sexta-feira";"11:20:00";"RJ";493;95;"SEROPEDICA";"Ausancia de Reacao do condutor";"Saida de leito carrocavel";"Com Vatimas Feridas";"Pleno dia";"Crescente";"Ceu Claro";"Dupla";"Reta";"Nao";2;0;2;0;0;0;2;1;-22,72425713;-43,71047974;"SPRF-RJ";"DEL01-RJ";"UOP03-DEL01-RJ"
574213;2024-01-12;"sexta-feira";"14:45:00";"RJ";493;83;"DUQUE DE CAXIAS";"Reacao tardia ou ineficiente do condutor";"Saida de leito carrocavel";"Com Vatimas Feridas";"Pleno dia";"Crescente";"Ceu Claro";"Dupla";"Reta";"Nao";2;0;2;0;0;0;2;1;-22,672089;-43,285053;"SPRF-RJ";"DEL01-RJ";"UOP03-DEL01-RJ"
574215;2024-01-12;"sexta-feira";"09:50:00";"PA";163;648;"ITAITUBA";"Reacao tardia ou ineficiente do condutor";"Colisao lateral mesmo sentido";"Com Vatimas Feridas";"Pleno dia";"Crescente";"Garoa/Chuvisco";"Simples";"Reta;Declive                  ";"Nao";3;0;1;0;2;0;1;2;-4,53404005;-55,89418797;"SPRF-PA";"DEL05-PA";"UOP02-DEL05-PA"
574218;2024-01-12;"sexta-feira";"14:30:00";"DF";70;9,5;"BRASILIA";"Reacao tardia ou ineficiente do condutor";"Queda de ocupante de veiculo";"Com Vatimas Feridas";"Pleno dia";"Decrescente";"Ceu Claro";"Dupla";"Reta";"Nao";1;0;1;0;0;0;1;1;-15,784615;-48,132023;"SPRF-DF";"DEL03-DF";"UOP02-DEL03-DF"
574219;2024-01-12;"sexta-feira";"14:30:00";"PR";116;38,5;"CAMPINA GRANDE DO SUL";"Acumulo de agua sobre o pavimento";"Saida de leito carrocavel";"Com Vatimas Feridas";"Pleno dia";"Crescente";"Chuva";"Dupla";"Reta";"Nao";2;0;1;0;1;0;1;1;-25,14802509;-48,85922071;"SPRF-PR";"DEL01-PR";"UOP02-DEL01-PR"
574220;2024-01-12;"sexta-feira";"15:20:00";"RN";405;1;"MOSSORO";"Ausancia de Reacao do condutor";"Colisao traseira";"Com Vatimas Feridas";"Pleno dia";"Crescente";"Ceu Claro";"Dupla";"Reta";"Sim";3;0;1;0;2;0;1;2;-5,19170196;-37,361471;"SPRF-RN";"DEL04-RN";"UOP02-DEL04-RN"
574222;2024-01-12;"sexta-feira";"10:00:00";"PR";373;413;"FOZ DO JORDAO";"Demais falhas mecanicas ou elatricas";"Incendio";"Sem Vatimas";"Pleno dia";"Crescente";"Ceu Claro";"Simples";"Reta;Declive                  ";"Nao";1;0;0;0;0;1;0;1;-25,63525859;-52,09991455;"SPRF-PR";"DEL08-PR";"UOP01-DEL08-PR"
574223;2024-01-12;"sexta-feira";"15:50:00";"RS";116;263;"CANOAS";"Ausancia de Reacao do condutor";"Tombamento";"Com Vatimas Feridas";"Pleno dia";"Decrescente";"Ceu Claro";"Dupla";"Reta";"Sim";2;0;2;0;0;0;2;1;-29,90545398;-51,17674031;"SPRF-RS";"DEL01-RS";"UOP01-DEL01-RS"
574225;2024-01-12;"sexta-feira";"16:00:00";"MT";70;1;"BARRA DO GARCAS";"Semaforo com defeito";"Colisao transversal";"Com Vatimas Feridas";"Pleno dia";"Decrescente";"Chuva";"Simples";"Declive";"Sim";2;0;1;0;1;0;1;2;-15,89320617;-52,25950599;"SPRF-MT";"DEL07-MT";"UOP01-DEL07-MT"
574226;2024-01-12;"sexta-feira";"13:25:00";"RJ";101;413;"ITAGUAI";"Ausancia de Reacao do condutor";"Colisao com objeto";"Com Vatimas Feridas";"Pleno dia";"Decrescente";"Nublado";"Dupla";"Curva";"Sim";3;0;2;0;1;0;2;1;-22,90306957;-43,87033939;"SPRF-RJ";"DEL03-RJ";"UOP01-DEL03-RJ"
574229;2024-01-12;"sexta-feira";"16:40:00";"SP";116;225;"GUARULHOS";"Acumulo de agua sobre o pavimento";"Tombamento";"Com Vatimas Feridas";"Pleno dia";"Decrescente";"Chuva";"Maltipla";"Reta";"Sim";1;0;1;0;0;0;1;1;-23,48586772;-46,54075317;"SPRF-SP";"DEL01-SP";"UOP01-DEL01-SP"
574230;2024-01-12;"sexta-feira";"14:00:00";"CE";20;345,2;"CARIDADE";"Animais na Pista";"Queda de ocupante de veiculo";"Com Vatimas Feridas";"Pleno dia";"Crescente";"Nublado";"Simples";"Reta";"Nao";2;0;1;1;0;0;2;1;-4,12546359;-39,07438129;"SPRF-CE";"DEL02-CE";"UOP01-DEL02-CE"
574231;2024-01-12;"sexta-feira";"16:30:00";"PA";155;341;"MARABA";"Ausancia de Reacao do condutor";"Tombamento";"Com Vatimas Feridas";"Pleno dia";"Crescente";"Sol";"Simples";"Reta";"Sim";1;0;1;0;0;0;1;1;-5,387271;-49,079014;"SPRF-PA";"DEL03-PA";"UOP01-DEL03-PA"
574233;2024-01-12;"sexta-feira";"16:00:00";"SP";116;225;"GUARULHOS";"Acumulo de agua sobre o pavimento";"Queda de ocupante de veiculo";"Com Vatimas Feridas";"Pleno dia";"Decrescente";"Nublado";"Maltipla";"Reta";"Nao";1;0;1;0;0;0;1;1;-23,48586772;-46,54075317;"SPRF-SP";"DEL01-SP";"UOP01-DEL01-SP"
574234;2024-01-12;"sexta-feira";"02:30:00";"AP";210;134;"PORTO GRANDE";"Ausancia de Reacao do condutor";"Saida de leito carrocavel";"Com Vatimas Feridas";"Amanhecer";"Decrescente";"Ignorado";"Simples";"Declive";"Nao";1;0;0;1;0;0;1;1;0,70564616;-51,41271608;"SPRF-AP";"DEL01-AP";"UOP01-DEL01-AP"
574236;2024-01-12;"sexta-feira";"16:45:00";"CE";116;20;"ITAITINGA";"Condutor deixou de manter distancia do veiculo da frente";"Colisao traseira";"Com Vatimas Feridas";"Pleno dia";"Crescente";"Ceu Claro";"Dupla";"Reta";"Sim";3;0;1;0;2;0;1;3;-3,92277497;-38,50762327;"SPRF-CE";"DEL01-CE";"UOP02-DEL01-CE"
574237;2024-01-12;"sexta-feira";"14:00:00";"RS";116;422;"CRISTAL";"Ausancia de Reacao do condutor";"Saida de leito carrocavel";"Com Vatimas Feridas";"Pleno dia";"Crescente";"Ceu Claro";"Simples";"Reta";"Nao";1;0;1;0;0;0;1;1;-30,96928866;-51,99520216;"SPRF-RS";"DEL02-RS";"UOP02-DEL02-RS"
574238;2024-01-12;"sexta-feira";"15:20:00";"BA";116;813,1;"VITORIA DA CONQUISTA";"Ausancia de Reacao do condutor";"Queda de ocupante de veiculo";"Com Vatimas Feridas";"Pleno dia";"Crescente";"Ceu Claro";"Simples";"Reta";"Nao";2;0;2;0;0;0;2;1;-14,80255;-40,77818;"SPRF-BA";"DEL08-BA";"UOP01-DEL08-BA"
574239;2024-01-12;"sexta-feira";"13:00:00";"BA";410;15;"TUCANO";"Avarias e/ou desgaste excessivo no pneu";"Saida de leito carrocavel";"Com Vatimas Fatais";"Pleno dia";"Decrescente";"Ceu Claro";"Simples";"Reta";"Nao";8;1;0;7;0;0;7;1;-10,88352517;-38,64735791;"SPRF-BA";"DEL07-BA";"UOP02-DEL07-BA"
574240;2024-01-12;"sexta-feira";"15:30:00";"PI";316;2,4;"TERESINA";"Estacionar ou parar em local proibido";"Colisao traseira";"Com Vatimas Feridas";"Pleno dia";"Crescente";"Nublado";"Simples";"Aclive;Reta;Viaduto           ";"Sim";4;0;2;0;2;0;2;3;-5,12477477;-42,79848465;"SPRF-PI";"DEL01-PI";"UOP02-DEL01-PI"
574241;2024-01-12;"sexta-feira";"16:10:00";"PE";232;258,1;"ARCOVERDE";"Manobra de mudanaa de faixa";"Colisao transversal";"Com Vatimas Feridas";"Pleno dia";"Crescente";"Sol";"Simples";"Reta";"Sim";3;0;0;1;2;0;1;2;-8,40763741;-37,11127205;"SPRF-PE";"DEL04-PE";"UOP02-DEL04-PE"
574242;2024-01-12;"sexta-feira";"16:00:00";"MG";267;166,5;"LIMA DUARTE";"Condutor deixou de manter distancia do veiculo da frente";"Colisao traseira";"Sem Vatimas";"Pleno dia";"Decrescente";"Chuva";"Simples";"Curva;Declive                 ";"Nao";2;0;0;0;2;0;0;2;-21,85623502;-43,835793;"SPRF-MG";"DEL05-MG";"UOP01-DEL05-MG"
574243;2024-01-12;"sexta-feira";"16:00:00";"RS";290;400;"SANTA MARGARIDA DO SUL";"Ausancia de Reacao do condutor";"Saida de leito carrocavel";"Com Vatimas Feridas";"Pleno dia";"Crescente";"Ceu Claro";"Simples";"Reta";"Nao";3;0;0;2;0;1;2;2;-30,35437;-54,147533;"SPRF-RS";"DEL09-RS";"UOP02-DEL09-RS"
574246;2024-01-12;"sexta-feira";"16:20:00";"PB";230;23;"JOAO PESSOA";"Condutor deixou de manter distancia do veiculo da frente";"Colisao traseira";"Com Vatimas Feridas";"Pleno dia";"Decrescente";"Ceu Claro";"Dupla";"Curva";"Sim";2;0;1;0;1;0;1;2;-7,1562;-34,8574;"SPRF-PB";"DEL01-PB";"UOP01-DEL01-PB"
574249;2024-01-12;"sexta-feira";"13:00:00";"MG";381;728,6;"CARMO DA CACHOEIRA";"Velocidade Incompatavel";"Saida de leito carrocavel";"Com Vatimas Feridas";"Pleno dia";"Crescente";"Chuva";"Dupla";"Curva";"Nao";2;0;1;0;1;0;1;1;-21,52361199;-45,22481701;"SPRF-MG";"DEL04-MG";"UOP02-DEL04-MG"
574252;2024-01-12;"sexta-feira";"18:10:00";"SE";235;5;"NOSSA SENHORA DO SOCORRO";"Acessar a via sem observar a presenca dos outros veiculos";"Colisao frontal";"Com Vatimas Feridas";"Plena Noite";"Crescente";"Ceu Claro";"Dupla";"Reta;Declive                  ";"Sim";2;0;1;0;0;1;1;2;-10,9041;-37,1278;"SPRF-SE";"DEL01-SE";"UOP01-DEL01-SE"
574253;2024-01-12;"sexta-feira";"17:55:00";"PE";424;94,5;"GARANHUNS";"Ingestao de alcool pelo condutor";"Saida de leito carrocavel";"Com Vatimas Feridas";"Pleno dia";"Decrescente";"Ceu Claro";"Simples";"Curva";"Nao";1;0;1;0;0;0;1;1;-8,91590392;-36,48883344;"SPRF-PE";"DEL03-PE";"UOP01-DEL03-PE"
574254;2024-01-12;"sexta-feira";"17:27:00";"RN";101;129;"NISIA FLORESTA";"Condutor deixou de manter distancia do veiculo da frente";"Colisao traseira";"Com Vatimas Feridas";"Anoitecer";"Crescente";"Ceu Claro";"Dupla";"Reta";"Nao";2;0;1;0;1;0;1;2;-6,112119;-35,233627;"SPRF-RN";"DEL01-RN";"UOP01-DEL01-RN"