"id";"data_inversa";"dia_semana";"horario";"uf";"br";"km";"municipio";"causa_acidente";"tipo_acidente";"classificacao_acidente";"fase_dia";"sentido_via";"condicao_metereologica";"tipo_pista";"tracado_via";"uso_solo";"pessoas";"mortos";"feridos_leves";"feridos_graves";"ilesos";"ignorados";"feridos";"veiculos";"latitude";"longitude";"regional";"delegacia";"uop"
574366;2024-01-13;"sabado";"02:30:00";"MS";163;832;"SONORA";"Ausancia de Reacao do condutor";"Saida de leito carrocavel";"Sem Vatimas";"Plena Noite";"Decrescente";"Nublado";"Simples";"Reta";"Nao";1;0;0;0;1;0;0;1;-17,645239;-54,747734;"SPRF-MS";"DEL06-MS";"UOP01-DEL06-MS"
574370;2024-01-12;"sexta-feira";"18:00:00";"RS";470;146;"NOVA PRATA";"Conversao proibida";"Colisao transversal";"Com Vatimas Feridas";"Pleno dia";"Decrescente";"Ceu Claro";"Simples";"Reta";"Nao";3;0;1;0;2;0;1;2;-28,70856476;-51,61384342;"SPRF-RS";"DEL06-RS";"UOP02-DEL06-RS"
574374;2024-01-12;"sexta-feira";"21:50:00";"RS";470;156;"NOVA PRATA";"Transitar na contramao";"Colisao frontal";"Sem Vatimas";"Plena Noite";"Crescente";"Ceu Claro";"Simples";"Reta";"Nao";2;0;0;0;0;2;0;2;-28,78874508;-51,61532195;"SPRF-RS";"DEL06-RS";"UOP02-DEL06-RS"
574376;2024-01-13;"sabado";"06:30:00";"MG";381;529,8;"RIO MANSO";"Chuva";"Saida de leito carrocavel";"Com Vatimas Feridas";"Amanhecer";"Decrescente";"Chuva";"Dupla";"Curva;Declive                 ";"Nao";1;0;1;0;0;0;1;1;-20,162389;-44,34677;"SPRF-MG";"DEL04-MG";"UOP03-DEL04-MG"
574383;2024-01-13;"sabado";"08:30:00";"SP";116;59;"GUARATINGUETA";"Ausancia de Reacao do condutor";"Colisao traseira";"Com Vatimas Feridas";"Pleno dia";"Crescente";"Nublado";"Dupla";"Reta";"Sim";4;0;0;1;3;0;1;2;-22,78555649;-45,15339465;"SPRF-SP";"DEL08-SP";"UOP01-DEL08-SP"
574384;2024-01-13;"sabado";"08:11:00";"MA";135;10;"SAO LUIS";"Manobra de mudanaa de faixa";"Colisao lateral mesmo sentido";"Sem Vatimas";"Pleno dia";"Crescente";"Chuva";"Dupla";"Retorno Regulamentado;Reta    ";"Nao";3;0;0;0;2;1;0;2;-2,655912;-44,28629098;"SPRF-MA";"DEL01-MA";"UOP01-DEL01-MA"
574385;2024-01-13;"sabado";"07:00:00";"GO";60;399;"RIO VERDE";"Ingestao de alcool pelo condutor";"Saida de leito carrocavel";"Com Vatimas Feridas";"Amanhecer";"Decrescente";"Nublado";"Dupla";"Reta";"Nao";1;0;1;0;0;0;1;1;-17,822361;-51,052772;"SPRF-GO";"DEL04-GO";"UOP02-DEL04-GO"
574388;2024-01-13;"sabado";"10:00:00";"SC";280;36,3;"GUARAMIRIM";"Ultrapassagem Indevida";"Saida de leito carrocavel";"Com Vatimas Feridas";"Pleno dia";"Crescente";"Ceu Claro";"Simples";"Reta;Em Obras                 ";"Sim";3;0;1;0;0;2;1;3;-26,442765;-48,812031;"SPRF-SC";"DEL03-SC";"UOP03-DEL03-SC"
574389;2024-01-13;"sabado";"07:30:00";"PI";135;352;"BOM JESUS";"Condutor deixou de manter distancia do veiculo da frente";"Colisao lateral mesmo sentido";"Com Vatimas Feridas";"Pleno dia";"Crescente";"Ceu Claro";"Dupla";"Reta";"Sim";2;0;0;1;1;0;1;2;-9,07531116;-44,35476699;"SPRF-PI";"DEL03-PI";"UOP02-DEL03-PI"
574392;2024-01-13;"sabado";"07:50:00";"RS";470;155,3;"NOVA PRATA";"Transitar na contramao";"Colisao frontal";"Com Vatimas Feridas";"Pleno dia";"Crescente";"Sol";"Simples";"Retorno Regulamentado";"Sim";2;0;2;0;0;0;2;2;-28,7743268;-51,61401629;"SPRF-RS";"DEL06-RS";"UOP02-DEL06-RS"
574393;2024-01-13;"sabado";"09:45:00";"SP";116;43,1;"CACHOEIRA PAULISTA";"Ausancia de Reacao do condutor";"Saida de leito carrocavel";"Com Vatimas Feridas";"Pleno dia";"Crescente";"Nublado";"Dupla";"Reta;Declive                  ";"Nao";1;0;1;0;0;0;1;1;-22,6973511;-45,03013594;"SPRF-SP";"DEL08-SP";"UOP02-DEL08-SP"
574394;2024-01-13;"sabado";"05:00:00";"MA";230;568;"CAROLINA";"Ausancia de Reacao do condutor";"Colisao traseira";"Com Vatimas Fatais";"Amanhecer";"Decrescente";"Ignorado";"Simples";"Reta";"Nao";2;1;0;0;0;1;0;2;-7,35829168;-47,41725485;"SPRF-MA";"DEL05-MA";"UOP01-DEL05-MA"
574395;2024-01-13;"sabado";"10:30:00";"DF";20;16,5;"BRASILIA";"Reacao tardia ou ineficiente do condutor";"Colisao traseira";"Com Vatimas Feridas";"Pleno dia";"Decrescente";"Ceu Claro";"Dupla";"Reta;Declive                  ";"Sim";4;0;2;0;2;0;2;2;-15,625675;-47,725159;"SPRF-DF";"DEL02-DF";"UOP01-DEL02-DF"
574398;2024-01-13;"sabado";"10:00:00";"RS";116;252;"SAPUCAIA DO SUL";"Reacao tardia ou ineficiente do condutor";"Colisao lateral mesmo sentido";"Com Vatimas Feridas";"Pleno dia";"Decrescente";"Ceu Claro";"Maltipla";"Retorno Regulamentado;Reta;Int";"Sim";2;0;1;0;0;1;1;2;-29,80913395;-51,1675292;"SPRF-RS";"DEL01-RS";"UOP02-DEL01-RS"
574402;2024-01-13;"sabado";"11:50:00";"RJ";493;66;"DUQUE DE CAXIAS";"Avarias e/ou desgaste excessivo no pneu";"Saida de leito carrocavel";"Com Vatimas Feridas";"Pleno dia";"Crescente";"Nublado";"Dupla";"Reta";"Nao";1;0;1;0;0;0;1;1;-22,672089;-43,285053;"SPRF-RJ";"DEL01-RJ";"UOP03-DEL01-RJ"
574403;2024-01-13;"sabado";"11:35:00";"MG";381;491;"BETIM";"Trafegar com motocicleta (ou similar) entre as faixas";"Tombamento";"Com Vatimas Feridas";"Pleno dia";"Decrescente";"Ceu Claro";"Maltipla";"Reta";"Sim";1;0;0;1;0;0;1;1;-19,96502819;-44,17422195;"SPRF-MG";"DEL01-MG";"UOP03-DEL01-MG"
574405;2024-01-13;"sabado";"11:15:00";"SC";101;202,1;"SAO JOSE";"Manobra de mudanaa de faixa";"Colisao lateral mesmo sentido";"Com Vatimas Feridas";"Pleno dia";"Crescente";"Nublado";"Maltipla";"Reta";"Nao";2;0;1;0;1;0;1;2;-27,56504751;-48,61505985;"SPRF-SC";"DEL01-SC";"UOP01-DEL01-SC"
574408;2024-01-13;"sabado";"12:05:00";"SC";280;58;"JARAGUA DO SUL";"Acessar a via sem observar a presenca dos outros veiculos";"Colisao lateral mesmo sentido";"Com Vatimas Feridas";"Pleno dia";"Crescente";"Chuva";"Maltipla";"Interseaao de Vias;Rotataria  ";"Sim";3;0;1;0;2;0;1;2;-26,47415593;-49,021211;"SPRF-SC";"DEL03-SC";"UOP03-DEL03-SC"
574410;2024-01-13;"sabado";"12:15:00";"RS";386;345,7;"LAJEADO";"Acessar a via sem observar a presenca dos outros veiculos";"Colisao transversal";"Com Vatimas Feridas";"Pleno dia";"Crescente";"Ceu Claro";"Dupla";"Reta;Em Obras                 ";"Sim";2;0;2;0;0;0;2;2;-29,443069;-51,984135;"SPRF-RS";"DEL04-RS";"UOP01-DEL04-RS"
574411;2024-01-13;"sabado";"11:35:00";"MG";40;801,5;"MATIAS BARBOSA";"Reacao tardia ou ineficiente do condutor";"Colisao com objeto";"Com Vatimas Feridas";"Pleno dia";"Decrescente";"Ceu Claro";"Dupla";"Curva";"Nao";2;0;2;0;0;0;2;1;-21,84198111;-43,37428093;"SPRF-MG";"DEL05-MG";"UOP01-DEL05-MG"
574412;2024-01-13;"sabado";"11:20:00";"MG";116;766,2;"LEOPOLDINA";"Acesso irregular";"Colisao transversal";"Com Vatimas Feridas";"Pleno dia";"Crescente";"Sol";"Simples";"Reta";"Nao";6;0;2;0;4;0;2;2;-21,5197389;-42,6491103;"SPRF-MG";"DEL07-MG";"UOP01-DEL07-MG"
574413;2024-01-13;"sabado";"12:30:00";"SP";101;50,9;"UBATUBA";"Reacao tardia ou ineficiente do condutor";"Colisao traseira";"Com Vatimas Feridas";"Pleno dia";"Crescente";"Chuva";"Simples";"Reta";"Sim";3;0;1;0;2;0;1;3;-23,45018939;-45,07743735;"SPRF-SP";"DEL06-SP";"UOP01-DEL06-SP"
574414;2024-01-13;"sabado";"12:30:00";"GO";20;26,2;"FORMOSA";"Ausancia de Reacao do condutor";"Saida de leito carrocavel";"Com Vatimas Feridas";"Pleno dia";"Crescente";"Nublado";"Simples";"Aclive";"Nao";1;0;1;0;0;0;1;1;-15,528576;-47,129608;"SPRF-DF";"DEL02-DF";"UOP02-DEL02-DF"
574415;2024-01-13;"sabado";"12:20:00";"MG";40;799,1;"JUIZ DE FORA";"Reacao tardia ou ineficiente do condutor";"Colisao traseira";"Com Vatimas Feridas";"Pleno dia";"Decrescente";"Ceu Claro";"Dupla";"Reta;Aclive                   ";"Sim";3;0;1;0;2;0;1;3;-21,82857001;-43,37364401;"SPRF-MG";"DEL05-MG";"UOP01-DEL05-MG"
574417;2024-01-13;"sabado";"12:10:00";"RS";116;143,8;"CAXIAS DO SUL";"Reacao tardia ou ineficiente do condutor";"Saida de leito carrocavel";"Com Vatimas Feridas";"Pleno dia";"Decrescente";"Ceu Claro";"Dupla";"Reta";"Nao";3;0;2;0;1;0;2;1;-29,1201739;-51,12260651;"SPRF-RS";"DEL05-RS";"UOP01-DEL05-RS"
574418;2024-01-13;"sabado";"13:00:00";"PB";230;18;"JOAO PESSOA";"Acostamento em desnavel";"Tombamento";"Com Vatimas Feridas";"Pleno dia";"Decrescente";"Ceu Claro";"Dupla";"Reta";"Sim";1;0;1;0;0;0;1;1;-7,1198;-34,8453;"SPRF-PB";"DEL01-PB";"UOP01-DEL01-PB"
574419;2024-01-13;"sabado";"12:00:00";"MG";365;644;"UBERLANDIA";"Ingestao de alcool pelo condutor";"Tombamento";"Sem Vatimas";"Pleno dia";"Decrescente";"Ceu Claro";"Dupla";"Reta;Declive                  ";"Nao";1;0;0;0;1;0;0;1;-18,87933743;-48,50290107;"SPRF-MG";"DEL15-MG";"UOP01-DEL15-MG"
574422;2024-01-13;"sabado";"12:40:00";"MG";381;456;"BELO HORIZONTE";"Acesso irregular";"Colisao transversal";"Com Vatimas Feridas";"Pleno dia";"Decrescente";"Nublado";"Dupla";"Reta";"Sim";3;0;2;0;0;1;2;2;-19,85862954;-43,91292495;"SPRF-MG";"DEL01-MG";"UOP01-DEL01-MG"
574424;2024-01-13;"sabado";"08:30:00";"MT";364;53,5;"ALTO GARCAS";"Velocidade Incompatavel";"Saida de leito carrocavel";"Com Vatimas Feridas";"Pleno dia";"Decrescente";"Sol";"Maltipla";"Aclive";"Nao";3;0;2;0;1;0;2;1;-16,9750381;-53,51270028;"SPRF-MT";"DEL02-MT";"UOP02-DEL02-MT"
574425;2024-01-13;"sabado";"11:00:00";"PR";369;150;"LONDRINA";"Animais na Pista";"Tombamento";"Com Vatimas Feridas";"Pleno dia";"Decrescente";"Nublado";"Dupla";"Reta";"Sim";1;0;1;0;0;0;1;1;-23,29283247;-51,16917193;"SPRF-PR";"DEL07-PR";"UOP01-DEL07-PR"
574426;2024-01-13;"sabado";"12:40:00";"MS";163;375;"NOVA ALVORADA DO SUL";"Avarias e/ou desgaste excessivo no pneu";"Queda de ocupante de veiculo";"Com Vatimas Feridas";"Pleno dia";"Crescente";"Ceu Claro";"Simples";"Reta;Declive                  ";"Nao";2;0;1;1;0;0;2;1;-21,3846679;-54,4105737;"SPRF-MS";"DEL02-MS";"UOP01-DEL02-MS"
574428;2024-01-13;"sabado";"13:00:00";"MG";116;689,3;"MURIAE";"Chuva";"Colisao lateral sentido oposto";"Com Vatimas Feridas";"Pleno dia";"Crescente";"Chuva";"Simples";"Reta";"Nao";2;0;1;0;1;0;1;2;-21,01024799;-42,36121097;"SPRF-MG";"DEL07-MG";"UOP02-DEL07-MG"
574429;2024-01-13;"sabado";"12:20:00";"BA";324;513,3;"FEIRA DE SANTANA";"Retorno proibido";"Colisao transversal";"Com Vatimas Feridas";"Pleno dia";"Decrescente";"Sol";"Simples";"Reta";"Nao";2;0;1;0;0;1;1;2;-12,23098007;-38,96101401;"SPRF-BA";"DEL02-BA";"UOP01-DEL02-BA"
574431;2024-01-13;"sabado";"14:15:00";"BA";116;422,9;"FEIRA DE SANTANA";"Condutor usando celular";"Colisao traseira";"Com Vatimas Feridas";"Pleno dia";"Crescente";"Sol";"Dupla";"Declive";"Sim";2;0;1;0;1;0;1;2;-12,22064702;-38,96561131;"SPRF-BA";"DEL02-BA";"UOP01-DEL02-BA"
574432;2024-01-13;"sabado";"11:30:00";"BA";407;104;"JAGUARARI";"Acessar a via sem observar a presenca dos outros veiculos";"Colisao transversal";"Com Vatimas Feridas";"Pleno dia";"Crescente";"Ceu Claro";"Simples";"Reta";"Nao";2;0;0;1;1;0;1;2;-10,26491494;-40,18277092;"SPRF-BA";"DEL04-BA";"UOP01-DEL04-BA"
574433;2024-01-13;"sabado";"13:00:00";"MT";364;203;"RONDONOPOLIS";"Pista Escorregadia";"Tombamento";"Com Vatimas Feridas";"Pleno dia";"Decrescente";"Chuva";"Dupla";"Retorno Regulamentado";"Sim";1;0;1;0;0;0;1;1;-16,465553;-54,65803;"SPRF-MT";"DEL02-MT";"UOP01-DEL02-MT"
574434;2024-01-12;"sexta-feira";"20:08:00";"MA";222;522,3;"BURITICUPU";"Ausancia de Reacao do condutor";"Colisao transversal";"Com Vatimas Fatais";"Plena Noite";"Decrescente";"Chuva";"Simples";"Reta";"Sim";2;1;0;0;0;1;0;2;-4,34524716;-46,42464818;"SPRF-MA";"DEL02-MA";"UOP01-DEL02-MA"
574435;2024-01-13;"sabado";"14:00:00";"SP";116;76;"ROSEIRA";"Demais falhas mecanicas ou elatricas";"Tombamento";"Com Vatimas Feridas";"Pleno dia";"Decrescente";"Nublado";"Dupla";"Reta";"Nao";1;0;1;0;0;0;1;1;-22,87747687;-45,27203908;"SPRF-SP";"DEL08-SP";"UOP01-DEL08-SP"
574437;2024-01-13;"sabado";"12:50:00";"MA";222;374;"SANTA INES";"Ingestao de alcool pelo condutor";"Tombamento";"Com Vatimas Feridas";"Pleno dia";"Crescente";"Chuva";"Simples";"Reta;Declive                  ";"Nao";1;0;0;1;0;0;1;1;-3,774448;-45,458676;"SPRF-MA";"DEL02-MA";"UOP01-DEL02-MA"
574438;2024-01-13;"sabado";"13:40:00";"RJ";116;40;"TERESOPOLIS";"Acessar a via sem observar a presenca dos outros veiculos";"Colisao transversal";"Sem Vatimas";"Pleno dia";"Crescente";"Nublado";"Simples";"Reta";"Nao";2;0;0;0;2;0;0;2;-22,1378037;-42,78282166;"SPRF-RJ";"DEL04-RJ";"UOP01-DEL04-RJ"
574442;2024-01-13;"sabado";"14:00:00";"PR";376;2;"APUCARANA";"Manobra de mudanaa de faixa";"Colisao transversal";"Com Vatimas Feridas";"Pleno dia";"Crescente";"Ceu Claro";"Simples";"Aclive;Interseaao de Vias     ";"Sim";2;0;1;0;1;0;1;2;-23,55938;-51,43662;"SPRF-PR";"DEL07-PR";"UOP03-DEL07-PR"
574443;2024-01-05;"sexta-feira";"19:50:00";"PE";428;191,5;"PETROLINA";"Velocidade Incompatavel";"Colisao traseira";"Com Vatimas Feridas";"Plena Noite";"Decrescente";"Ceu Claro";"Dupla";"Reta";"Sim";4;0;2;0;2;0;2;2;-9,37813409;-40,50448157;"SPRF-PE";"DEL06-PE";"UOP01-DEL06-PE"
574444;2024-01-13;"sabado";"14:35:00";"CE";222;305,2;"TIANGUA";"Condutor deixou de manter distancia do veiculo da frente";"Colisao traseira";"Com Vatimas Feridas";"Pleno dia";"Decrescente";"Nublado";"Simples";"Reta;Declive                  ";"Nao";4;0;2;0;2;0;2;2;-3,67107564;-40,96050301;"SPRF-CE";"DEL04-CE";"UOP02-DEL04-CE"
574445;2024-01-13;"sabado";"13:45:00";"RJ";40;75;"PETROPOLIS";"Pista Escorregadia";"Colisao com objeto";"Com Vatimas Feridas";"Pleno dia";"Crescente";"Chuva";"Simples";"Curva;Aclive                  ";"Nao";1;0;1;0;0;0;1;1;-22,46857126;-43,22958698;"SPRF-RJ";"DEL01-RJ";"UOP01-DEL01-RJ"
574446;2024-01-13;"sabado";"13:50:00";"PR";116;3;"CAMPINA GRANDE DO SUL";"Ausancia de Reacao do condutor";"Saida de leito carrocavel";"Com Vatimas Feridas";"Pleno dia";"Decrescente";"Nublado";"Dupla";"Curva";"Nao";4;0;0;2;2;0;2;1;-25,074341;-48,588004;"SPRF-PR";"DEL01-PR";"UOP02-DEL01-PR"
574447;2024-01-13;"sabado";"13:35:00";"CE";230;79,5;"VARZEA ALEGRE";"Condutor desrespeitou a iluminaaao vermelha do semaforo";"Colisao transversal";"Com Vatimas Feridas";"Pleno dia";"Crescente";"Nublado";"Dupla";"Reta";"Sim";2;0;0;1;1;0;1;2;-6,793059;-39,29127;"SPRF-CE";"DEL05-CE";"UOP01-DEL05-CE"
574448;2024-01-13;"sabado";"13:00:00";"RJ";393;152;"TRES RIOS";"Velocidade Incompatavel";"Colisao transversal";"Sem Vatimas";"Pleno dia";"Decrescente";"Sol";"Simples";"Curva";"Nao";2;0;0;0;2;0;0;2;-22,06816216;-43,03290587;"SPRF-RJ";"DEL05-RJ";"UOP01-DEL05-RJ"
574449;2024-01-13;"sabado";"14:50:00";"SC";470;151;"AGRONOMICA";"Manobra de mudanaa de faixa";"Colisao frontal";"Com Vatimas Feridas";"Pleno dia";"Crescente";"Ceu Claro";"Simples";"Reta";"Nao";5;0;1;0;3;1;1;3;-27,260792;-49,719761;"SPRF-SC";"DEL04-SC";"UOP02-DEL04-SC"
574450;2024-01-13;"sabado";"14:06:00";"RJ";116;98;"GUAPIMIRIM";"Chuva";"Colisao frontal";"Com Vatimas Feridas";"Pleno dia";"Decrescente";"Chuva";"Simples";"Curva;Declive                 ";"Nao";3;0;3;0;0;0;3;2;-22,48285706;-42,99723936;"SPRF-RJ";"DEL04-RJ";"UOP01-DEL04-RJ"
574451;2024-01-13;"sabado";"13:50:00";"RS";470;232;"CARLOS BARBOSA";"Acessar a via sem observar a presenca dos outros veiculos";"Colisao transversal";"Com Vatimas Feridas";"Pleno dia";"Decrescente";"Ceu Claro";"Simples";"Reta";"Nao";2;0;1;0;1;0;1;2;-29,23579206;-51,51193423;"SPRF-RS";"DEL06-RS";"UOP01-DEL06-RS"
574452;2024-01-13;"sabado";"14:45:00";"SP";116;193;"ARUJA";"Ingestao de alcool pelo condutor";"Colisao lateral mesmo sentido";"Sem Vatimas";"Pleno dia";"Crescente";"Nublado";"Dupla";"Curva;Declive                 ";"Nao";2;0;0;0;2;0;0;2;-23,380407;-46,258509;"SPRF-SP";"DEL01-SP";"UOP01-DEL01-SP"
574454;2024-01-13;"sabado";"07:00:00";"RJ";116;202;"QUEIMADOS";"Reacao tardia ou ineficiente do condutor";"Saida de leito carrocavel";"Com Vatimas Feridas";"Pleno dia";"Crescente";"Nublado";"Dupla";"Reta";"Nao";1;0;0;1;0;0;1;1;-22,72996588;-43,61317403;"SPRF-RJ";"DEL06-RJ";"UOP02-DEL06-RJ"
574455;2024-01-13;"sabado";"15:45:00";"PB";230;16;"JOAO PESSOA";"Ausancia de Reacao do condutor";"Colisao traseira";"Com Vatimas Feridas";"Pleno dia";"Decrescente";"Ceu Claro";"Dupla";"Aclive";"Sim";3;0;2;0;0;1;2;2;-7,1039;-34,8458;"SPRF-PB";"DEL01-PB";"UOP01-DEL01-PB"
574457;2024-01-13;"sabado";"15:30:00";"PR";369;98,9;"CORNELIO PROCOPIO";"Velocidade Incompatavel";"Tombamento";"Com Vatimas Feridas";"Pleno dia";"Crescente";"Ceu Claro";"Dupla";"Curva";"Nao";1;0;0;1;0;0;1;1;-23,242334;-50,709134;"SPRF-PR";"DEL07-PR";"UOP05-DEL07-PR"
574458;2024-01-13;"sabado";"15:55:00";"RJ";116;291;"BARRA MANSA";"Reacao tardia ou ineficiente do condutor";"Queda de ocupante de veiculo";"Com Vatimas Feridas";"Pleno dia";"Decrescente";"Nublado";"Dupla";"Reta";"Nao";2;0;0;1;1;0;1;1;-22,47361016;-44,27458048;"SPRF-RJ";"DEL07-RJ";"UOP02-DEL07-RJ"
574459;2024-01-13;"sabado";"15:10:00";"PA";230;128;"MARABA";"Manobra de mudanaa de faixa";"Colisao lateral sentido oposto";"Com Vatimas Feridas";"Pleno dia";"Decrescente";"Ceu Claro";"Simples";"Declive";"Sim";2;0;0;1;1;0;1;2;-5,3732012;-49,16779803;"SPRF-PA";"DEL03-PA";"UOP01-DEL03-PA"
574460;2024-01-13;"sabado";"15:50:00";"MG";381;452,5;"SABARA";"Conversao proibida";"Colisao transversal";"Com Vatimas Feridas";"Pleno dia";"Crescente";"Nublado";"Simples";"Aclive;Reta                   ";"Sim";2;0;0;1;1;0;1;2;-19,8343974;-43,85920286;"SPRF-MG";"DEL01-MG";"UOP01-DEL01-MG"
574461;2024-01-13;"sabado";"15:50:00";"MG";40;783,4;"JUIZ DE FORA";"Chuva";"Colisao com objeto";"Com Vatimas Feridas";"Pleno dia";"Decrescente";"Chuva";"Dupla";"Curva";"Nao";8;0;3;0;5;0;3;2;-21,72473975;-43,4390831;"SPRF-MG";"DEL05-MG";"UOP01-DEL05-MG"
574462;2024-01-07;"domingo";"20:40:00";"AL";423;79;"DELMIRO GOUVEIA";"Ausancia de Reacao do condutor";"Colisao traseira";"Com Vatimas Feridas";"Plena Noite";"Crescente";"Ceu Claro";"Simples";"Reta";"Nao";2;0;1;0;1;0;1;2;-9,32788157;-37,97714253;"SPRF-AL";"DEL03-AL";"UOP02-DEL03-AL"
574463;2024-01-13;"sabado";"14:45:00";"MT";163;829,2;"SINOP";"Acessar a via sem observar a presenca dos outros veiculos";"Colisao transversal";"Com Vatimas Feridas";"Pleno dia";"Decrescente";"Ceu Claro";"Dupla";"Rotataria";"Sim";2;0;0;1;1;0;1;2;-11,912333;-55,508442;"SPRF-MT";"DEL06-MT";"UOP02-DEL06-MT"
574464;2024-01-13;"sabado";"16:00:00";"RS";386;344,3;"LAJEADO";"Reacao tardia ou ineficiente do condutor";"Colisao traseira";"Com Vatimas Feridas";"Pleno dia";"Crescente";"Ceu Claro";"Maltipla";"Reta";"Nao";2;0;1;0;1;0;1;2;-29,439268;-51,993633;"SPRF-RS";"DEL04-RS";"UOP01-DEL04-RS"
574465;2024-01-12;"sexta-feira";"04:15:00";"MS";267;500,5;"JARDIM";"Animais na Pista";"Atropelamento de Animal";"Com Vatimas Feridas";"Plena Noite";"Crescente";"Ceu Claro";"Simples";"Reta";"Nao";1;0;0;1;0;0;1;1;-21,48958216;-56,31295209;"SPRF-MS";"DEL05-MS";"UOP01-DEL05-MS"
574466;2024-01-13;"sabado";"15:09:00";"PE";101;104;"CABO DE SANTO AGOSTINHO";"Retorno proibido";"Colisao transversal";"Com Vatimas Feridas";"Pleno dia";"Crescente";"Ceu Claro";"Dupla";"Reta";"Sim";2;0;1;0;1;0;1;2;-8,29241321;-35,05598304;"SPRF-PE";"DEL01-PE";"UOP03-DEL01-PE"
574468;2024-01-13;"sabado";"12:00:00";"MG";116;757,2;"LEOPOLDINA";"Chuva";"Saida de leito carrocavel";"Com Vatimas Feridas";"Pleno dia";"Crescente";"Chuva";"Simples";"Curva";"Nao";2;0;2;0;0;0;2;1;-21,49867034;-42,59199078;"SPRF-MG";"DEL07-MG";"UOP01-DEL07-MG"
574470;2024-01-13;"sabado";"16:00:00";"PB";230;132,9;"MASSARANDUBA";"Reacao tardia ou ineficiente do condutor";"Saida de leito carrocavel";"Com Vatimas Feridas";"Pleno dia";"Crescente";"Nublado";"Dupla";"Curva";"Nao";3;0;3;0;0;0;3;1;-7,272648;-35,752306;"SPRF-PB";"DEL02-PB";"UOP01-DEL02-PB"
574471;2024-01-13;"sabado";"16:25:00";"PR";277;638;"CEU AZUL";"Acessar a via sem observar a presenca dos outros veiculos";"Colisao transversal";"Com Vatimas Feridas";"Pleno dia";"Crescente";"Sol";"Simples";"Interseaao de Vias;Reta       ";"Sim";5;0;1;0;4;0;1;2;-25,1578934;-53,85103257;"SPRF-PR";"DEL05-PR";"UOP02-DEL05-PR"
574474;2024-01-13;"sabado";"16:50:00";"MG";40;530;"CONTAGEM";"Condutor deixou de manter distancia do veiculo da frente";"Colisao traseira";"Com Vatimas Feridas";"Pleno dia";"Decrescente";"Chuva";"Dupla";"Reta";"Sim";3;0;1;0;2;0;1;2;-19,92064782;-44,0335681;"SPRF-MG";"DEL01-MG";"UOP02-DEL01-MG"
574475;2024-01-13;"sabado";"15:50:00";"BA";235;347;"JUAZEIRO";"Transitar na contramao";"Colisao transversal";"Com Vatimas Feridas";"Pleno dia";"Crescente";"Ceu Claro";"Simples";"Reta";"Sim";4;0;1;3;0;0;4;2;-9,4406722;-40,4938084;"SPRF-PE";"DEL06-PE";"UOP01-DEL06-PE"
574478;2024-01-13;"sabado";"14:19:00";"MS";163;456,4;"CAMPO GRANDE";"Acessar a via sem observar a presenca dos outros veiculos";"Colisao transversal";"Com Vatimas Feridas";"Pleno dia";"Decrescente";"Nublado";"Simples";"Reta;Interseaao de Vias       ";"Nao";4;0;0;1;3;0;1;3;-20,67271305;-54,55795016;"SPRF-MS";"DEL01-MS";"UOP01-DEL01-MS"
574479;2024-01-13;"sabado";"16:05:00";"RN";226;4;"NATAL";"Conversao proibida";"Colisao transversal";"Com Vatimas Feridas";"Pleno dia";"Crescente";"Nublado";"Simples";"Reta";"Sim";3;0;2;0;0;1;2;2;-5,819303;-35,261163;"SPRF-RN";"DEL01-RN";"UOP02-DEL01-RN"
574481;2024-01-13;"sabado";"13:23:00";"MT";174;222;"PORTO ESPERIDIAO";"Reacao tardia ou ineficiente do condutor";"Saida de leito carrocavel";"Com Vatimas Feridas";"Pleno dia";"Decrescente";"Ceu Claro";"Simples";"Aclive";"Nao";3;0;2;0;1;0;2;1;-15,601648;-58,853093;"SPRF-MT";"DEL04-MT";"UOP01-DEL04-MT"
574482;2024-01-13;"sabado";"17:00:00";"SP";116;226,8;"GUARULHOS";"Acumulo de areia ou detritos sobre o pavimento";"Queda de ocupante de veiculo";"Com Vatimas Feridas";"Pleno dia";"Crescente";"Ceu Claro";"Dupla";"Curva";"Nao";1;0;1;0;0;0;1;1;-23,49102507;-46,54878195;"SPRF-SP";"DEL01-SP";"UOP01-DEL01-SP"
574483;2024-01-13;"sabado";"15:30:00";"PR";277;304;"PRUDENTOPOLIS";"Reacao tardia ou ineficiente do condutor";"Colisao traseira";"Com Vatimas Feridas";"Pleno dia";"Crescente";"Ceu Claro";"Simples";"Aclive;Reta                   ";"Nao";5;0;1;0;4;0;1;2;-25,314606;-51,188229;"SPRF-PR";"DEL08-PR";"UOP01-DEL08-PR"
574486;2024-01-13;"sabado";"13:00:00";"MG";381;251,4;"IPATINGA";"Retorno proibido";"Colisao transversal";"Com Vatimas Feridas";"Pleno dia";"Decrescente";"Ceu Claro";"Simples";"Curva";"Sim";4;0;0;2;2;0;2;2;-19,46107917;-42,52694964;"SPRF-MG";"DEL06-MG";"UOP01-DEL06-MG"
574487;2024-01-13;"sabado";"10:15:00";"RR";174;298;"CARACARAI";"Acesso irregular";"Colisao frontal";"Com Vatimas Fatais";"Pleno dia";"Crescente";"Ceu Claro";"Simples";"Curva";"Nao";2;1;0;0;1;0;0;2;1,459756;-60,768101;"SPRF-RR";"DEL01-RR";"UOP01-DEL01-RR"