"id";"data_inversa";"dia_semana";"horario";"uf";"br";"km";"municipio";"causa_acidente";"tipo_acidente";"classificacao_acidente";"fase_dia";"sentido_via";"condicao_metereologica";"tipo_pista";"tracado_via";"uso_solo";"pessoas";"mortos";"feridos_leves";"feridos_graves";"ilesos";"ignorados";"feridos";"veiculos";"latitude";"longitude";"regional";"delegacia";"uop"
574488;2024-01-13;"sabado";"17:35:00";"PR";277;586,4;"CASCAVEL";"Desrespeitar a preferancia no cruzamento";"Colisao transversal";"Com Vatimas Feridas";"Pleno dia";"Crescente";"Ceu Claro";"Simples";"Reta;Interseaao de Vias       ";"Sim";2;0;1;0;1;0;1;2;-24,96662647;-53,4242177;"SPRF-PR";"DEL04-PR";"UOP01-DEL04-PR"
574489;2024-01-13;"sabado";"17:50:00";"RS";470;208;"BENTO GONCALVES";"Curva acentuada";"Capotamento";"Sem Vatimas";"Pleno dia";"Crescente";"Ceu Claro";"Simples";"Curva";"Nao";1;0;0;0;1;0;0;1;-29,10086692;-51,54406862;"SPRF-RS";"DEL06-RS";"UOP01-DEL06-RS"
574490;2024-01-13;"sabado";"17:55:00";"PB";101;94;"CONDE";"Avarias e/ou desgaste excessivo no pneu";"Tombamento";"Com Vatimas Feridas";"Anoitecer";"Decrescente";"Ceu Claro";"Simples";"Declive";"Nao";2;0;1;0;1;0;1;1;-7,21483297;-34,9117521;"SPRF-PB";"DEL01-PB";"UOP02-DEL01-PB"
574491;2024-01-13;"sabado";"17:20:00";"RS";290;557;"ALEGRETE";"Reacao tardia ou ineficiente do condutor";"Colisao traseira";"Com Vatimas Feridas";"Pleno dia";"Crescente";"Ceu Claro";"Simples";"Reta";"Nao";3;0;0;1;2;0;1;3;-29,900185;-55,569252;"SPRF-RS";"DEL13-RS";"UOP02-DEL13-RS"
574492;2024-01-13;"sabado";"17:00:00";"BA";324;620;"SALVADOR";"Acessar a via sem observar a presenca dos outros veiculos";"Colisao frontal";"Com Vatimas Feridas";"Pleno dia";"Crescente";"Ceu Claro";"Maltipla";"Reta";"Sim";2;0;1;0;1;0;1;2;-12,90482172;-38,45556535;"SPRF-BA";"DEL01-BA";"UOP01-DEL01-BA"
574493;2024-01-13;"sabado";"17:50:00";"MG";381;487,5;"BETIM";"Acumulo de agua sobre o pavimento";"Colisao com objeto";"Com Vatimas Feridas";"Plena Noite";"Crescente";"Chuva";"Dupla";"Curva;Declive                 ";"Sim";2;0;1;0;1;0;1;1;-19,95586853;-44,14609501;"SPRF-MG";"DEL01-MG";"UOP03-DEL01-MG"
574494;2024-01-13;"sabado";"18:25:00";"PB";230;13,8;"CABEDELO";"Manobra de mudanaa de faixa";"Colisao lateral mesmo sentido";"Sem Vatimas";"Plena Noite";"Crescente";"Nublado";"Dupla";"Reta";"Sim";3;0;0;0;3;0;0;2;-7,0772;-34,8494;"SPRF-PB";"DEL01-PB";"UOP01-DEL01-PB"
574497;2024-01-13;"sabado";"17:40:00";"SC";101;37,2;"JOINVILLE";"Acumulo de aleo sobre o pavimento";"Colisao traseira";"Com Vatimas Feridas";"Anoitecer";"Decrescente";"Chuva";"Maltipla";"Reta";"Nao";2;0;1;0;1;0;1;2;-26,25050176;-48,90863867;"SPRF-SC";"DEL03-SC";"UOP01-DEL03-SC"
574500;2024-01-13;"sabado";"15:30:00";"SC";470;200,1;"PONTE ALTA";"Reacao tardia ou ineficiente do condutor";"Queda de ocupante de veiculo";"Com Vatimas Feridas";"Pleno dia";"Crescente";"Nublado";"Simples";"Reta";"Nao";2;0;2;0;0;0;2;1;-27,305405;-50,136627;"SPRF-SC";"DEL05-SC";"UOP03-DEL05-SC"
574501;2024-01-13;"sabado";"15:30:00";"TO";153;552,1;"OLIVEIRA DE FATIMA";"Reacao tardia ou ineficiente do condutor";"Saida de leito carrocavel";"Com Vatimas Feridas";"Pleno dia";"Decrescente";"Ceu Claro";"Simples";"Reta;Aclive                   ";"Nao";5;0;2;0;3;0;2;1;-10,665369;-48,9083255;"SPRF-TO";"DEL01-TO";"UOP01-DEL01-TO"
574502;2024-01-13;"sabado";"18:40:00";"GO";414;388;"CORUMBA DE GOIAS";"Ingestao de alcool pelo condutor";"Saida de leito carrocavel";"Com Vatimas Feridas";"Anoitecer";"Crescente";"Ceu Claro";"Simples";"Reta";"Nao";1;0;1;0;0;0;1;1;-15,88575819;-48,79661256;"SPRF-GO";"DEL02-GO";"UOP01-DEL02-GO"
574504;2024-01-13;"sabado";"18:40:00";"SC";101;183,7;"BIGUACU";"Reacao tardia ou ineficiente do condutor";"Saida de leito carrocavel";"Sem Vatimas";"Pleno dia";"Decrescente";"Nublado";"Dupla";"Reta";"Nao";1;0;0;0;0;1;0;1;-27,40688892;-48,6285296;"SPRF-SC";"DEL01-SC";"UOP01-DEL01-SC"
574505;2024-01-13;"sabado";"15:20:00";"RJ";116;270;"BARRA MANSA";"Pista Escorregadia";"Colisao com objeto";"Com Vatimas Feridas";"Pleno dia";"Crescente";"Chuva";"Dupla";"Curva;Aclive                  ";"Nao";5;0;5;0;0;0;5;1;-22,56923335;-44,12024318;"SPRF-RJ";"DEL07-RJ";"UOP02-DEL07-RJ"
574506;2024-01-13;"sabado";"18:30:00";"RJ";101;454;"MANGARATIBA";"Condutor deixou de manter distancia do veiculo da frente";"Colisao traseira";"Com Vatimas Feridas";"Anoitecer";"Crescente";"Chuva";"Dupla";"Reta";"Sim";4;0;1;0;3;0;1;3;-23,0340287;-44,15061917;"SPRF-RJ";"DEL03-RJ";"UOP02-DEL03-RJ"
574507;2024-01-13;"sabado";"14:20:00";"RJ";116;242;"PIRAI";"Chuva";"Capotamento";"Com Vatimas Feridas";"Pleno dia";"Crescente";"Chuva";"Dupla";"Curva";"Sim";2;0;2;0;0;0;2;1;-22,63522537;-43,90258636;"SPRF-RJ";"DEL07-RJ";"UOP01-DEL07-RJ"
574508;2024-01-13;"sabado";"18:40:00";"MS";463;108;"PONTA PORA";"Transitar no Acostamento";"Queda de ocupante de veiculo";"Com Vatimas Feridas";"Anoitecer";"Crescente";"Ceu Claro";"Simples";"Reta";"Sim";1;0;1;0;0;0;1;1;-22,58549147;-55,68099082;"SPRF-MS";"DEL04-MS";"UOP03-DEL04-MS"
574509;2024-01-13;"sabado";"18:00:00";"RJ";116;97;"GUAPIMIRIM";"Reacao tardia ou ineficiente do condutor";"Colisao lateral sentido oposto";"Com Vatimas Feridas";"Plena Noite";"Crescente";"Chuva";"Simples";"Declive;Curva                 ";"Nao";3;0;2;0;1;0;2;2;-22,47811419;-42,99603471;"SPRF-RJ";"DEL04-RJ";"UOP01-DEL04-RJ"
574510;2024-01-13;"sabado";"18:40:00";"RJ";116;110;"GUAPIMIRIM";"Ausancia de Reacao do condutor";"Colisao com objeto";"Com Vatimas Feridas";"Plena Noite";"Crescente";"Chuva";"Simples";"Reta";"Nao";2;0;2;0;0;0;2;1;-22,55073275;-42,98968744;"SPRF-RJ";"DEL04-RJ";"UOP02-DEL04-RJ"
574511;2024-01-13;"sabado";"17:30:00";"MG";50;80,9;"UBERLANDIA";"Velocidade Incompatavel";"Tombamento";"Com Vatimas Feridas";"Pleno dia";"Crescente";"Ceu Claro";"Dupla";"Viaduto";"Nao";2;0;1;0;0;1;1;2;-18,96895108;-48,2149601;"SPRF-MG";"DEL15-MG";"UOP01-DEL15-MG"
574514;2024-01-13;"sabado";"20:20:00";"PR";369;128,5;"JATAIZINHO";"Transitar na contramao";"Colisao frontal";"Com Vatimas Fatais";"Plena Noite";"Crescente";"Ceu Claro";"Dupla";"Reta";"Sim";2;1;0;0;1;0;0;2;-23,26538516;-50,97166479;"SPRF-PR";"DEL07-PR";"UOP01-DEL07-PR"
574515;2024-01-13;"sabado";"18:15:00";"RS";101;31;"TRES CACHOEIRAS";"Reacao tardia ou ineficiente do condutor";"Tombamento";"Com Vatimas Feridas";"Pleno dia";"Crescente";"Nublado";"Dupla";"Curva";"Nao";1;0;1;0;0;0;1;1;-29,48566666;-49,97371445;"SPRF-RS";"DEL03-RS";"UOP02-DEL03-RS"
574516;2024-01-13;"sabado";"20:10:00";"SC";470;52;"BLUMENAU";"Ultrapassagem Indevida";"Colisao lateral mesmo sentido";"Com Vatimas Feridas";"Plena Noite";"Crescente";"Ceu Claro";"Maltipla";"Interseaao de Vias";"Sim";2;0;1;0;1;0;1;2;-26,862286;-49,093903;"SPRF-SC";"DEL04-SC";"UOP01-DEL04-SC"
574518;2024-01-13;"sabado";"19:30:00";"PR";277;35,5;"MORRETES";"Reacao tardia ou ineficiente do condutor";"Colisao com objeto";"Com Vatimas Feridas";"Anoitecer";"Decrescente";"Garoa/Chuvisco";"Dupla";"Reta";"Nao";2;0;1;0;1;0;1;1;-25,573077;-48,833085;"SPRF-PR";"DEL01-PR";"UOP05-DEL01-PR"
574519;2024-01-13;"sabado";"20:30:00";"RJ";101;37;"CAMPOS DOS GOYTACAZES";"Acessar a via sem observar a presenca dos outros veiculos";"Colisao transversal";"Com Vatimas Feridas";"Pleno dia";"Decrescente";"Ignorado";"Simples";"Reta";"Nao";2;0;0;1;0;1;1;2;-21,52498519;-41,33663155;"SPRF-RJ";"DEL08-RJ";"UOP01-DEL08-RJ"
574520;2024-01-13;"sabado";"17:50:00";"RJ";116;234;"PIRAI";"Chuva";"Capotamento";"Com Vatimas Feridas";"Anoitecer";"Decrescente";"Chuva";"Dupla";"Curva";"Nao";2;0;2;0;0;0;2;1;-22,66632663;-43,84704988;"SPRF-RJ";"DEL07-RJ";"UOP01-DEL07-RJ"
574521;2024-01-13;"sabado";"20:07:00";"TO";153;241;"COLINAS DO TOCANTINS";"Ausancia de Reacao do condutor";"Tombamento";"Com Vatimas Feridas";"Plena Noite";"Decrescente";"Ceu Claro";"Simples";"Reta";"Nao";1;0;1;0;0;0;1;1;-8,00311201;-48,46495374;"SPRF-TO";"DEL02-TO";"UOP01-DEL02-TO"
574522;2024-01-13;"sabado";"20:15:00";"SC";280;25;"ARAQUARI";"Acessar a via sem observar a presenca dos outros veiculos";"Colisao transversal";"Com Vatimas Feridas";"Plena Noite";"Decrescente";"Ceu Claro";"Simples";"Reta";"Sim";2;0;1;0;1;0;1;2;-26,385302;-48,728688;"SPRF-SC";"DEL03-SC";"UOP03-DEL03-SC"
574523;2024-01-13;"sabado";"21:10:00";"SP";116;220;"GUARULHOS";"Reacao tardia ou ineficiente do condutor";"Colisao traseira";"Com Vatimas Feridas";"Plena Noite";"Crescente";"Ceu Claro";"Maltipla";"Reta";"Nao";2;0;1;0;1;0;1;2;-23,46472809;-46,49793962;"SPRF-SP";"DEL01-SP";"UOP01-DEL01-SP"
574524;2024-01-13;"sabado";"21:30:00";"SP";116;218;"GUARULHOS";"Ausancia de Reacao do condutor";"Colisao traseira";"Com Vatimas Fatais";"Plena Noite";"Decrescente";"Ceu Claro";"Maltipla";"Reta";"Nao";2;1;0;0;1;0;0;2;-23,457972;-46,479927;"SPRF-SP";"DEL01-SP";"UOP01-DEL01-SP"
574525;2024-01-13;"sabado";"21:05:00";"DF";70;9;"BRASILIA";"Manobra de mudanaa de faixa";"Colisao traseira";"Com Vatimas Feridas";"Plena Noite";"Decrescente";"Ceu Claro";"Dupla";"Reta";"Sim";2;0;1;0;1;0;1;2;-15,784615;-48,132023;"SPRF-DF";"DEL03-DF";"UOP02-DEL03-DF"
574526;2024-01-02;"terça-feira";"02:00:00";"BA";242;674;"CRISTOPOLIS";"Chuva";"Saida de leito carrocavel";"Sem Vatimas";"Plena Noite";"Crescente";"Chuva";"Simples";"Reta";"Nao";1;0;0;0;1;0;0;1;-12,22874643;-43,92474264;"SPRF-BA";"DEL10-BA";"UOP02-DEL10-BA"
574527;2024-01-13;"sabado";"20:00:00";"DF";20;56,9;"BRASILIA";"Iluminaaao deficiente";"Saida de leito carrocavel";"Sem Vatimas";"Plena Noite";"Decrescente";"Ceu Claro";"Dupla";"Curva";"Nao";1;0;0;0;0;1;0;1;-15,583027;-47,367081;"SPRF-DF";"DEL02-DF";"UOP01-DEL02-DF"
574528;2024-01-13;"sabado";"18:55:00";"MS";376;165;"NOVA ANDRADINA";"Demais falhas na via";"Tombamento";"Com Vatimas Feridas";"Plena Noite";"Crescente";"Ceu Claro";"Simples";"Reta";"Nao";1;0;1;0;0;0;1;1;-22,32155714;-53,43996496;"SPRF-MS";"DEL04-MS";"UOP04-DEL04-MS"
574529;2024-01-13;"sabado";"13:30:00";"MA";226;373,2;"GRAJAU";"Acessar a via sem observar a presenca dos outros veiculos";"Colisao frontal";"Com Vatimas Fatais";"Pleno dia";"Crescente";"Ceu Claro";"Simples";"Reta";"Nao";6;2;1;0;0;3;1;2;-5,63058;-45,784554;"SPRF-MA";"DEL03-MA";"UOP03-DEL03-MA"
574530;2024-01-13;"sabado";"21:30:00";"SC";116;246;"LAGES";"Acessar a via sem observar a presenca dos outros veiculos";"Colisao lateral mesmo sentido";"Com Vatimas Feridas";"Plena Noite";"Decrescente";"Nublado";"Simples";"Reta;Interseaao de Vias       ";"Sim";2;0;0;1;1;0;1;2;-27,80419942;-50,36509464;"SPRF-SC";"DEL05-SC";"UOP02-DEL05-SC"
574532;2024-01-13;"sabado";"16:28:00";"SC";280;103;"SAO BENTO DO SUL";"Pista Escorregadia";"Colisao frontal";"Com Vatimas Feridas";"Pleno dia";"Decrescente";"Garoa/Chuvisco";"Simples";"Curva;Declive                 ";"Nao";7;0;4;0;3;0;4;2;-26,35967199;-49,347507;"SPRF-SC";"DEL06-SC";"UOP03-DEL06-SC"
574533;2024-01-13;"sabado";"21:00:00";"RJ";101;303;"SAO GONCALO";"Ausancia de Reacao do condutor";"Colisao traseira";"Sem Vatimas";"Plena Noite";"Decrescente";"Chuva";"Simples";"Reta";"Sim";4;0;0;0;4;0;0;2;-22,7828205;-42,9766681;"SPRF-RJ";"DEL02-RJ";"UOP02-DEL02-RJ"
574534;2024-01-13;"sabado";"21:30:00";"GO";60;62;"ABADIANIA";"Acessar a via sem observar a presenca dos outros veiculos";"Atropelamento de Pedestre";"Com Vatimas Feridas";"Pleno dia";"Crescente";"Ceu Claro";"Dupla";"Reta";"Nao";2;0;1;0;0;1;1;2;-16,1881;-48,7205;"SPRF-GO";"DEL02-GO";"UOP01-DEL02-GO"
574535;2024-01-13;"sabado";"19:00:00";"PB";230;212;"SOLEDADE";"Velocidade Incompatavel";"Saida de leito carrocavel";"Com Vatimas Feridas";"Plena Noite";"Crescente";"Nublado";"Simples";"Aclive;Reta                   ";"Nao";1;0;1;0;0;0;1;1;-7,0754083;-36,341725;"SPRF-PB";"DEL02-PB";"UOP02-DEL02-PB"
574536;2024-01-13;"sabado";"21:20:00";"SC";480;124;"CHAPECO";"Acesso irregular";"Atropelamento de Pedestre";"Com Vatimas Feridas";"Plena Noite";"Crescente";"Ceu Claro";"Dupla";"Declive;Reta                  ";"Sim";5;0;0;1;4;0;1;2;-27,00359519;-52,64391044;"SPRF-SC";"DEL07-SC";"UOP01-DEL07-SC"
574539;2024-01-13;"sabado";"21:40:00";"PR";376;287,2;"MAUA DA SERRA";"Acessar a via sem observar a presenca dos outros veiculos";"Colisao transversal";"Com Vatimas Feridas";"Plena Noite";"Crescente";"Ceu Claro";"Dupla";"Retorno Regulamentado";"Nao";3;0;2;0;1;0;2;2;-23,87604699;-51,25252962;"SPRF-PR";"DEL07-PR";"UOP02-DEL07-PR"
574540;2024-01-13;"sabado";"22:10:00";"SP";116;218;"GUARULHOS";"Reacao tardia ou ineficiente do condutor";"Colisao traseira";"Com Vatimas Feridas";"Plena Noite";"Decrescente";"Ignorado";"Maltipla";"Reta";"Sim";3;0;2;0;1;0;2;2;-23,457972;-46,479927;"SPRF-SP";"DEL01-SP";"UOP01-DEL01-SP"
574541;2024-01-13;"sabado";"20:30:00";"MG";262;433,5;"NOVA SERRANA";"Chuva";"Saida de leito carrocavel";"Com Vatimas Feridas";"Plena Noite";"Crescente";"Chuva";"Dupla";"Reta";"Sim";1;0;1;0;0;0;1;1;-19,89020759;-44,83338711;"SPRF-MG";"DEL08-MG";"UOP03-DEL08-MG"
574542;2024-01-13;"sabado";"22:23:00";"SP";116;218;"GUARULHOS";"Reacao tardia ou ineficiente do condutor";"Colisao traseira";"Com Vatimas Feridas";"Plena Noite";"Decrescente";"Ignorado";"Maltipla";"Reta";"Sim";3;0;1;0;2;0;1;2;-23,457972;-46,479927;"SPRF-SP";"DEL01-SP";"UOP01-DEL01-SP"
574546;2024-01-13;"sabado";"22:00:00";"SP";381;79;"SAO PAULO";"Ausancia de Reacao do condutor";"Tombamento";"Com Vatimas Feridas";"Plena Noite";"Decrescente";"Nublado";"Maltipla";"Reta";"Nao";2;0;1;1;0;0;2;1;-23,40319901;-46,57564699;"SPRF-SP";"DEL03-SP";"UOP01-DEL03-SP"
574547;2024-01-13;"sabado";"23:13:00";"SP";116;218;"GUARULHOS";"Avarias e/ou desgaste excessivo no pneu";"Queda de ocupante de veiculo";"Com Vatimas Feridas";"Plena Noite";"Decrescente";"Ceu Claro";"Maltipla";"Aclive;Reta                   ";"Nao";2;0;1;0;1;0;1;1;-23,457972;-46,479927;"SPRF-SP";"DEL01-SP";"UOP01-DEL01-SP"
574549;2024-01-13;"sabado";"22:10:00";"CE";116;46;"HORIZONTE";"Chuva";"Colisao com objeto";"Sem Vatimas";"Plena Noite";"Crescente";"Chuva";"Dupla";"Curva";"Nao";1;0;0;0;1;0;0;1;-4,1312959;-38,48313475;"SPRF-CE";"DEL01-CE";"UOP02-DEL01-CE"
574550;2024-01-13;"sabado";"22:50:00";"SC";282;223,7;"LAGES";"Pedestre andava na pista";"Atropelamento de Pedestre";"Com Vatimas Fatais";"Plena Noite";"Decrescente";"Nublado";"Simples";"Curva";"Nao";2;1;0;1;0;0;1;2;-27,7987205;-50,3593191;"SPRF-SC";"DEL05-SC";"UOP02-DEL05-SC"
574551;2024-01-13;"sabado";"20:30:00";"RJ";101;239;"SILVA JARDIM";"Demais falhas mecanicas ou elatricas";"Colisao traseira";"Sem Vatimas";"Plena Noite";"Crescente";"Chuva";"Dupla";"Reta";"Nao";2;0;0;0;2;0;0;2;-22,62542413;-42,42802593;"SPRF-RJ";"DEL02-RJ";"UOP03-DEL02-RJ"
574552;2024-01-13;"sabado";"23:00:00";"SP";116;272;"TABOAO DA SERRA";"Manobra de mudanaa de faixa";"Colisao transversal";"Com Vatimas Feridas";"Plena Noite";"Crescente";"Nublado";"Dupla";"Reta";"Nao";3;0;1;0;1;1;1;3;-23,621691;-46,813288;"SPRF-SP";"DEL04-SP";"UOP01-DEL04-SP"
574553;2024-01-13;"sabado";"21:15:00";"GO";153;402,2;"PIRENOPOLIS";"Acesso irregular";"Colisao lateral mesmo sentido";"Com Vatimas Feridas";"Plena Noite";"Decrescente";"Ceu Claro";"Simples";"Reta";"Nao";2;0;1;0;1;0;1;2;-16,040709;-49,079845;"SPRF-GO";"DEL02-GO";"UOP02-DEL02-GO"
574554;2024-01-13;"sabado";"22:40:00";"PE";316;26;"ARARIPINA";"Ingestao de alcool pelo condutor";"Colisao transversal";"Com Vatimas Feridas";"Plena Noite";"Crescente";"Ceu Claro";"Simples";"Curva";"Sim";3;0;2;0;1;0;2;2;-7,60390506;-40,48995414;"SPRF-PE";"DEL05-PE";"UOP02-DEL05-PE"
574555;2024-01-13;"sabado";"23:04:00";"RS";470;216;"BENTO GONCALVES";"Acessar a via sem observar a presenca dos outros veiculos";"Atropelamento de Pedestre";"Com Vatimas Feridas";"Plena Noite";"Decrescente";"Ceu Claro";"Dupla";"Curva";"Sim";2;0;1;0;0;1;1;2;-29,15887096;-51,53142395;"SPRF-RS";"DEL06-RS";"UOP01-DEL06-RS"
574556;2024-01-13;"sabado";"23:20:00";"BA";324;7;"FEIRA DE SANTANA";"Reacao tardia ou ineficiente do condutor";"Colisao com objeto";"Sem Vatimas";"Plena Noite";"Crescente";"Ceu Claro";"Dupla";"Reta";"Sim";1;0;0;0;1;0;0;1;-12,27023127;-38,98773193;"SPRF-BA";"DEL02-BA";"UOP01-DEL02-BA"
574557;2024-01-14;"domingo";"00:20:00";"MG";381;557,9;"ITAGUARA";"Deficiancia do Sistema de Iluminaaao/Sinalizaaao";"Colisao traseira";"Com Vatimas Feridas";"Plena Noite";"Decrescente";"Chuva";"Dupla";"Reta;Aclive                   ";"Nao";2;0;1;0;0;1;1;2;-20,36904195;-44,46938756;"SPRF-MG";"DEL04-MG";"UOP03-DEL04-MG"
574558;2024-01-13;"sabado";"23:13:00";"SP";116;210;"GUARULHOS";"Acumulo de areia ou detritos sobre o pavimento";"Colisao com objeto";"Com Vatimas Feridas";"Plena Noite";"Decrescente";"Nublado";"Maltipla";"Declive";"Sim";1;0;1;0;0;0;1;1;-23,42870023;-46,41085991;"SPRF-SP";"DEL01-SP";"UOP01-DEL01-SP"
574559;2024-01-14;"domingo";"00:04:00";"PE";101;77,5;"RECIFE";"Manobra de mudanaa de faixa";"Colisao traseira";"Com Vatimas Feridas";"Plena Noite";"Decrescente";"Garoa/Chuvisco";"Dupla";"Curva";"Sim";3;0;1;2;0;0;3;2;-8,126982;-34,94386;"SPRF-PE";"DEL01-PE";"UOP01-DEL01-PE"
574560;2024-01-14;"domingo";"00:28:00";"SE";101;33,8;"CAPELA";"Animais na Pista";"Atropelamento de Animal";"Com Vatimas Feridas";"Plena Noite";"Crescente";"Ceu Claro";"Dupla";"Curva";"Sim";1;0;1;0;0;0;1;1;-10,46953007;-36,94610596;"SPRF-SE";"DEL02-SE";"UOP02-DEL02-SE"
574562;2024-01-14;"domingo";"00:10:00";"RS";392;49;"RIO GRANDE";"Ingestao de alcool pelo condutor";"Tombamento";"Com Vatimas Feridas";"Plena Noite";"Decrescente";"Ceu Claro";"Dupla";"Reta";"Nao";1;0;1;0;0;0;1;1;-31,88320305;-52,32070832;"SPRF-RS";"DEL07-RS";"UOP02-DEL07-RS"
574564;2024-01-14;"domingo";"00:10:00";"PR";376;617;"SAO JOSE DOS PINHAIS";"Manobra de mudanaa de faixa";"Colisao com objeto";"Com Vatimas Feridas";"Plena Noite";"Decrescente";"Nublado";"Dupla";"Curva";"Sim";2;0;0;1;1;0;1;1;-25,58426494;-49,17618795;"SPRF-PR";"DEL01-PR";"UOP04-DEL01-PR"
574565;2024-01-13;"sabado";"23:30:00";"TO";153;297;"PRESIDENTE KENNEDY";"Chuva";"Capotamento";"Com Vatimas Feridas";"Plena Noite";"Crescente";"Chuva";"Simples";"Reta;Declive                  ";"Nao";3;0;2;0;1;0;2;1;-8,50685805;-48,48795923;"SPRF-TO";"DEL02-TO";"UOP02-DEL02-TO"
574566;2024-01-14;"domingo";"00:10:00";"PR";277;75;"SAO JOSE DOS PINHAIS";"Velocidade Incompatavel";"Saida de leito carrocavel";"Com Vatimas Feridas";"Plena Noite";"Crescente";"Ceu Claro";"Dupla";"Reta";"Nao";1;0;1;0;0;0;1;1;-25,51327981;-49,12433291;"SPRF-PR";"DEL01-PR";"UOP07-DEL01-PR"
574567;2024-01-13;"sabado";"23:30:00";"PI";230;194;"OEIRAS";"Transitar na contramao";"Colisao frontal";"Com Vatimas Feridas";"Plena Noite";"Crescente";"Ceu Claro";"Simples";"Reta";"Sim";3;0;2;0;1;0;2;2;-6,99465451;-42,10490528;"SPRF-PI";"DEL04-PI";"UOP01-DEL04-PI"
574568;2024-01-13;"sabado";"20:30:00";"PR";277;700;"SAO MIGUEL DO IGUACU";"Ingestao de alcool pelo condutor";"Colisao traseira";"Com Vatimas Feridas";"Plena Noite";"Crescente";"Ceu Claro";"Dupla";"Reta";"Nao";2;0;1;1;0;0;2;2;-25,40601241;-54,32821775;"SPRF-PR";"DEL05-PR";"UOP01-DEL05-PR"
574569;2024-01-14;"domingo";"00:03:00";"RS";116;237;"NOVO HAMBURGO";"Ausancia de Reacao do condutor";"Colisao traseira";"Sem Vatimas";"Pleno dia";"Decrescente";"Ceu Claro";"Dupla";"Reta";"Sim";2;0;0;0;2;0;0;2;-29,67839398;-51,1422266;"SPRF-RS";"DEL01-RS";"UOP02-DEL01-RS"
574570;2024-01-14;"domingo";"00:55:00";"CE";222;2,4;"FORTALEZA";"Ingestao de alcool pelo condutor";"Colisao traseira";"Com Vatimas Feridas";"Plena Noite";"Crescente";"Ceu Claro";"Dupla";"Reta";"Nao";4;0;1;0;3;0;1;3;-3,73910735;-38,58783066;"SPRF-CE";"DEL01-CE";"UOP01-DEL01-CE"
574572;2024-01-14;"domingo";"00:20:00";"MT";163;684;"LUCAS DO RIO VERDE";"Ausancia de Reacao do condutor";"Saida de leito carrocavel";"Com Vatimas Feridas";"Pleno dia";"Decrescente";"Chuva";"Simples";"Declive;Reta                  ";"Nao";1;0;0;1;0;0;1;1;-13,09713637;-55,94728425;"SPRF-MT";"DEL06-MT";"UOP01-DEL06-MT"
574573;2024-01-14;"domingo";"00:10:00";"SP";116;222;"GUARULHOS";"Reacao tardia ou ineficiente do condutor";"Colisao traseira";"Com Vatimas Feridas";"Plena Noite";"Decrescente";"Nublado";"Maltipla";"Reta";"Sim";4;0;0;2;2;0;2;3;-23,47093408;-46,51631097;"SPRF-SP";"DEL01-SP";"UOP01-DEL01-SP"
574574;2024-01-14;"domingo";"01:30:00";"RJ";393;286,4;"VOLTA REDONDA";"Condutor Dormindo";"Colisao com objeto";"Sem Vatimas";"Plena Noite";"Decrescente";"Chuva";"Dupla";"Reta;Interseaao de Vias       ";"Sim";1;0;0;0;0;1;0;1;-22,49133996;-44,06505619;"SPRF-RJ";"DEL05-RJ";"UOP04-DEL05-RJ"
574575;2024-01-14;"domingo";"01:50:00";"AL";104;47;"BRANQUINHA";"Reacao tardia ou ineficiente do condutor";"Queda de ocupante de veiculo";"Com Vatimas Feridas";"Plena Noite";"Crescente";"Ceu Claro";"Simples";"Reta";"Nao";1;0;1;0;0;0;1;1;-9,2457014;-36,00588206;"SPRF-AL";"DEL01-AL";"UOP02-DEL01-AL"
574577;2024-01-14;"domingo";"01:16:00";"BA";235;343;"JUAZEIRO";"Transitar no Acostamento";"Atropelamento de Pedestre";"Sem Vatimas";"Plena Noite";"Decrescente";"Ceu Claro";"Simples";"Reta";"Nao";2;0;0;0;0;2;0;2;-9,45896063;-40,45706492;"SPRF-PE";"DEL06-PE";"UOP01-DEL06-PE"
574580;2024-01-14;"domingo";"02:40:00";"MG";40;527,3;"CONTAGEM";"Chuva";"Colisao com objeto";"Sem Vatimas";"Plena Noite";"Decrescente";"Chuva";"Dupla";"Aclive";"Nao";1;0;0;0;1;0;0;1;-19,90883179;-44,04436577;"SPRF-MG";"DEL01-MG";"UOP02-DEL01-MG"
574581;2024-01-14;"domingo";"02:45:00";"PR";376;136,7;"NOVA ESPERANCA";"Ausancia de Reacao do condutor";"Saida de leito carrocavel";"Com Vatimas Fatais";"Plena Noite";"Decrescente";"Ceu Claro";"Dupla";"Reta";"Nao";5;2;0;3;0;0;3;1;-23,20979042;-52,19209929;"SPRF-PR";"DEL09-PR";"UOP02-DEL09-PR"
574583;2024-01-14;"domingo";"04:00:00";"MT";70;4;"BARRA DO GARCAS";"Reacao tardia ou ineficiente do condutor";"Queda de ocupante de veiculo";"Com Vatimas Feridas";"Plena Noite";"Crescente";"Nublado";"Dupla";"Declive;Reta                  ";"Sim";1;0;0;1;0;0;1;1;-15,87907036;-52,28563311;"SPRF-MT";"DEL07-MT";"UOP01-DEL07-MT"
574586;2024-01-13;"sabado";"19:15:00";"RS";NA;NA;"ELDORADO DO SUL";"Objeto estatico sobre o leito carroaavel";"Colisao com objeto";"Sem Vatimas";"Pleno dia";"Nao Informado";"Sol";"Simples";"Reta";"Sim";2;0;0;0;2;0;0;1;-30,04758256;-51,315499;"SPRF-RS";"DEL02-RS";"UOP01-DEL02-RS"
574587;2024-01-14;"domingo";"04:45:00";"PE";316;54;"TRINDADE";"Animais na Pista";"Atropelamento de Animal";"Com Vatimas Fatais";"Amanhecer";"Crescente";"Ceu Claro";"Simples";"Reta";"Nao";2;1;0;0;0;1;0;2;-7,73669808;-40,29450303;"SPRF-PE";"DEL05-PE";"UOP02-DEL05-PE"
574589;2024-01-14;"domingo";"02:00:00";"MS";163;283,8;"DOURADOS";"Ingestao de alcool pelo condutor";"Colisao traseira";"Sem Vatimas";"Plena Noite";"Crescente";"Ceu Claro";"Simples";"Reta";"Sim";2;0;0;0;2;0;0;2;-22,12044992;-54,59725206;"SPRF-MS";"DEL04-MS";"UOP01-DEL04-MS"