"id";"data_inversa";"dia_semana";"horario";"uf";"br";"km";"municipio";"causa_acidente";"tipo_acidente";"classificacao_acidente";"fase_dia";"sentido_via";"condicao_metereologica";"tipo_pista";"tracado_via";"uso_solo";"pessoas";"mortos";"feridos_leves";"feridos_graves";"ilesos";"ignorados";"feridos";"veiculos";"latitude";"longitude";"regional";"delegacia";"uop"
574590;2024-01-14;"domingo";"04:15:00";"RS";290;69;"GRAVATAI";"Ingestao de alcool pelo condutor";"Saida de leito carrocavel";"Sem Vatimas";"Plena Noite";"Crescente";"Ceu Claro";"Dupla";"Reta";"Nao";1;0;0;0;0;1;0;1;-29,944933;-50,946438;"SPRF-RS";"DEL03-RS";"UOP01-DEL03-RS"
574591;2024-01-14;"domingo";"03:50:00";"MS";163;274;"DOURADOS";"Animais na Pista";"Saida de leito carrocavel";"Sem Vatimas";"Plena Noite";"Decrescente";"Ceu Claro";"Dupla";"Declive;Reta                  ";"Nao";1;0;0;0;1;0;0;1;-22,17241744;-54,66344266;"SPRF-MS";"DEL04-MS";"UOP01-DEL04-MS"
574592;2024-01-14;"domingo";"01:30:00";"SC";280;206,8;"MAFRA";"Ingestao de alcool pelo condutor";"Colisao com objeto";"Com Vatimas Feridas";"Plena Noite";"Crescente";"Ceu Claro";"Simples";"Curva";"Nao";3;0;3;0;0;0;3;1;-26,1612574;-50,13125904;"SPRF-SC";"DEL06-SC";"UOP01-DEL06-SC"
574593;2024-01-14;"domingo";"05:35:00";"PB";101;89;"JOAO PESSOA";"Ausancia de Reacao do condutor";"Colisao com objeto";"Sem Vatimas";"Pleno dia";"Decrescente";"Ceu Claro";"Dupla";"Reta";"Sim";1;0;0;0;0;1;0;1;-7,1710694;-34,89765372;"SPRF-PB";"DEL01-PB";"UOP02-DEL01-PB"
574594;2024-01-13;"sabado";"20:00:00";"RN";304;24;"MOSSORO";"Ausancia de Reacao do condutor";"Saida de leito carrocavel";"Com Vatimas Feridas";"Plena Noite";"Crescente";"Ceu Claro";"Simples";"Curva";"Nao";1;0;0;1;0;0;1;1;-5,06488233;-37,33287055;"SPRF-RN";"DEL04-RN";"UOP02-DEL04-RN"
574596;2024-01-13;"sabado";"22:45:00";"ES";262;162,1;"IBATIBA";"Manobra de mudanaa de faixa";"Colisao frontal";"Com Vatimas Feridas";"Plena Noite";"Crescente";"Nublado";"Simples";"Curva";"Nao";2;0;0;2;0;0;2;2;-20,238419;-41,53684253;"SPRF-ES";"DEL01-ES";"UOP02-DEL01-ES"
574598;2024-01-14;"domingo";"06:00:00";"MG";40;787;"JUIZ DE FORA";"Reacao tardia ou ineficiente do condutor";"Colisao com objeto";"Com Vatimas Feridas";"Pleno dia";"Decrescente";"Ceu Claro";"Dupla";"Curva";"Nao";1;0;1;0;0;0;1;1;-21,73607735;-43,44262787;"SPRF-MG";"DEL05-MG";"UOP01-DEL05-MG"
574600;2024-01-14;"domingo";"05:00:00";"RJ";101;500;"ANGRA DOS REIS";"Condutor Dormindo";"Colisao transversal";"Sem Vatimas";"Amanhecer";"Crescente";"Chuva";"Simples";"Curva";"Sim";2;0;0;0;2;0;0;2;-22,91719505;-44,35485495;"SPRF-RJ";"DEL03-RJ";"UOP03-DEL03-RJ"
574601;2024-01-14;"domingo";"06:15:00";"RS";470;224;"GARIBALDI";"Ingestao de alcool pelo condutor";"Saida de leito carrocavel";"Com Vatimas Feridas";"Pleno dia";"Decrescente";"Ceu Claro";"Simples";"Reta";"Nao";1;0;1;0;0;0;1;1;-29,21351804;-51,51780626;"SPRF-RS";"DEL06-RS";"UOP01-DEL06-RS"
574602;2024-01-14;"domingo";"06:00:00";"SC";101;102,5;"BALNEARIO PICARRAS";"Ausancia de Reacao do condutor";"Saida de leito carrocavel";"Com Vatimas Feridas";"Pleno dia";"Crescente";"Ceu Claro";"Dupla";"Reta";"Nao";1;0;0;1;0;0;1;1;-26,77383397;-48,68594062;"SPRF-SC";"DEL03-SC";"UOP02-DEL03-SC"
574603;2024-01-14;"domingo";"01:30:00";"MG";262;37,3;"MANHUACU";"Acumulo de areia ou detritos sobre o pavimento";"Colisao com objeto";"Com Vatimas Feridas";"Plena Noite";"Decrescente";"Nublado";"Simples";"Curva";"Sim";2;0;1;0;1;0;1;1;-20,25748975;-42,03048732;"SPRF-MG";"DEL06-MG";"UOP03-DEL06-MG"
574604;2024-01-14;"domingo";"06:10:00";"MG";50;156,8;"UBERABA";"Ausancia de Reacao do condutor";"Saida de leito carrocavel";"Com Vatimas Feridas";"Amanhecer";"Decrescente";"Ceu Claro";"Dupla";"Reta;Declive                  ";"Nao";2;0;1;0;1;0;1;1;-19,61676094;-48,01874384;"SPRF-MG";"DEL13-MG";"UOP01-DEL13-MG"
574605;2024-01-14;"domingo";"06:30:00";"RS";470;166;"VILA FLORES";"Ausancia de Reacao do condutor";"Saida de leito carrocavel";"Sem Vatimas";"Amanhecer";"Decrescente";"Ceu Claro";"Simples";"Curva";"Nao";1;0;0;0;0;1;0;1;-28,84766792;-51,57122398;"SPRF-RS";"DEL06-RS";"UOP02-DEL06-RS"
574608;2024-01-14;"domingo";"02:45:00";"MG";262;480;"BOM DESPACHO";"Ingestao de alcool pelo condutor";"Tombamento";"Com Vatimas Feridas";"Plena Noite";"Decrescente";"Chuva";"Simples";"Reta";"Nao";1;0;1;0;0;0;1;1;-19,78696514;-45,24828201;"SPRF-MG";"DEL08-MG";"UOP03-DEL08-MG"
574611;2024-01-14;"domingo";"06:25:00";"MS";163;444;"CAMPO GRANDE";"Demais falhas mecanicas ou elatricas";"Incendio";"Sem Vatimas";"Pleno dia";"Decrescente";"Ceu Claro";"Simples";"Reta";"Nao";2;0;0;0;2;0;0;1;-20,77690106;-54,52577118;"SPRF-MS";"DEL01-MS";"UOP01-DEL01-MS"
574612;2024-01-13;"sabado";"20:40:00";"RS";116;427;"CRISTAL";"Pedestre cruzava a pista fora da faixa";"Atropelamento de Pedestre";"Com Vatimas Feridas";"Plena Noite";"Decrescente";"Ceu Claro";"Simples";"Aclive;Em Obras;Reta          ";"Sim";2;0;1;0;1;0;1;2;-30,99035;-52,038357;"SPRF-RS";"DEL02-RS";"UOP02-DEL02-RS"
574613;2024-01-14;"domingo";"07:10:00";"MG";40;527;"CONTAGEM";"Chuva";"Saida de leito carrocavel";"Sem Vatimas";"Pleno dia";"Crescente";"Chuva";"Dupla";"Reta";"Sim";1;0;0;0;1;0;0;1;-19,90149502;-44,04938939;"SPRF-MG";"DEL01-MG";"UOP02-DEL01-MG"
574614;2024-01-14;"domingo";"06:30:00";"PE";101;49;"ABREU E LIMA";"Reacao tardia ou ineficiente do condutor";"Tombamento";"Com Vatimas Feridas";"Pleno dia";"Decrescente";"Nublado";"Dupla";"Reta";"Sim";2;0;1;0;1;0;1;2;-7,9005152;-34,90180641;"SPRF-PE";"DEL01-PE";"UOP02-DEL01-PE"
574616;2024-01-14;"domingo";"06:00:00";"PR";277;33,5;"MORRETES";"Reacao tardia ou ineficiente do condutor";"Atropelamento de Pedestre";"Com Vatimas Fatais";"Amanhecer";"Crescente";"Sol";"Dupla";"Reta";"Nao";2;1;0;0;1;0;0;2;-25,57062709;-48,81843567;"SPRF-PR";"DEL01-PR";"UOP05-DEL01-PR"
574618;2024-01-13;"sabado";"05:00:00";"PE";101;181;"PALMARES";"Velocidade Incompatavel";"Queda de ocupante de veiculo";"Sem Vatimas";"Pleno dia";"Crescente";"Ceu Claro";"Dupla";"Curva";"Nao";1;0;0;0;0;1;0;1;-8,64421608;-35,5612637;"SPRF-PE";"DEL01-PE";"UOP03-DEL01-PE"
574619;2024-01-14;"domingo";"05:30:00";"RS";392;40,5;"RIO GRANDE";"Condutor Dormindo";"Saida de leito carrocavel";"Sem Vatimas";"Amanhecer";"Crescente";"Ceu Claro";"Dupla";"Reta";"Nao";4;0;0;0;4;0;0;1;-31,96338187;-52,30321871;"SPRF-RS";"DEL07-RS";"UOP02-DEL07-RS"
574620;2024-01-14;"domingo";"07:00:00";"PE";408;89;"SAO LOURENCO DA MATA";"Manobra de mudanaa de faixa";"Colisao transversal";"Com Vatimas Feridas";"Pleno dia";"Crescente";"Ceu Claro";"Dupla";"Retorno Regulamentado;Reta    ";"Nao";3;0;2;1;0;0;3;2;-7,98149086;-35,08112279;"SPRF-PE";"DEL01-PE";"UOP01-DEL01-PE"
574622;2024-01-14;"domingo";"07:00:00";"SP";116;127;"CACAPAVA";"Reacao tardia ou ineficiente do condutor";"Colisao com objeto";"Com Vatimas Feridas";"Pleno dia";"Crescente";"Ceu Claro";"Dupla";"Reta";"Sim";1;0;0;1;0;0;1;1;-23,10991026;-45,70246044;"SPRF-SP";"DEL02-SP";"UOP02-DEL02-SP"
574624;2024-01-14;"domingo";"07:20:00";"PR";469;13;"FOZ DO IGUACU";"Ingestao de alcool pelo condutor";"Colisao com objeto";"Sem Vatimas";"Pleno dia";"Decrescente";"Ceu Claro";"Simples";"Desvio Temporario";"Sim";1;0;0;0;0;1;0;1;-25,5754;-54,5489;"SPRF-PR";"DEL05-PR";"UOP04-DEL05-PR"
574627;2024-01-14;"domingo";"06:30:00";"RJ";101;181;"RIO DAS OSTRAS";"Pista Escorregadia";"Saida de leito carrocavel";"Sem Vatimas";"Pleno dia";"Crescente";"Chuva";"Simples";"Curva";"Sim";4;0;0;0;4;0;0;1;-22,41692381;-42,00103036;"SPRF-RJ";"DEL08-RJ";"UOP04-DEL08-RJ"
574628;2024-01-14;"domingo";"06:30:00";"ES";262;43;"MARECHAL FLORIANO";"Velocidade Incompatavel";"Capotamento";"Com Vatimas Feridas";"Pleno dia";"Crescente";"Ceu Claro";"Simples";"Curva";"Nao";1;0;1;0;0;0;1;1;-20,3844778;-40,66251868;"SPRF-ES";"DEL01-ES";"UOP01-DEL01-ES"
574630;2024-01-06;"sabado";"14:00:00";"MG";381;850;"POUSO ALEGRE";"Velocidade Incompatavel";"Saida de leito carrocavel";"Sem Vatimas";"Pleno dia";"Decrescente";"Ceu Claro";"Dupla";"Interseaao de Vias";"Sim";1;0;0;0;0;1;0;1;-22,24206043;-45,88180488;"SPRF-MG";"DEL16-MG";"UOP01-DEL16-MG"
574631;2024-01-14;"domingo";"09:40:00";"MG";40;735;"SANTOS DUMONT";"Velocidade Incompatavel";"Queda de ocupante de veiculo";"Com Vatimas Feridas";"Pleno dia";"Decrescente";"Garoa/Chuvisco";"Simples";"Curva";"Nao";1;0;0;1;0;0;1;1;-21,37012696;-43,57558994;"SPRF-MG";"DEL05-MG";"UOP01-DEL05-MG"
574634;2024-01-14;"domingo";"08:40:00";"RS";470;155,3;"NOVA PRATA";"Desrespeitar a preferancia no cruzamento";"Colisao transversal";"Com Vatimas Feridas";"Pleno dia";"Crescente";"Ceu Claro";"Simples";"Aclive;Reta;Interseaao de Vias";"Sim";2;0;2;0;0;0;2;2;-28,77420176;-51,61382854;"SPRF-RS";"DEL06-RS";"UOP02-DEL06-RS"
574636;2024-01-14;"domingo";"10:00:00";"SC";101;196;"BIGUACU";"Reacao tardia ou ineficiente do condutor";"Colisao traseira";"Com Vatimas Feridas";"Pleno dia";"Decrescente";"Ceu Claro";"Dupla";"Reta";"Sim";3;0;2;0;1;0;2;2;-27,51101091;-48,64322292;"SPRF-SC";"DEL01-SC";"UOP01-DEL01-SC"
574640;2024-01-14;"domingo";"09:40:00";"GO";60;4,1;"SANTO ANTONIO DO DESCOBERTO";"Velocidade Incompatavel";"Colisao traseira";"Com Vatimas Feridas";"Pleno dia";"Crescente";"Nublado";"Dupla";"Reta";"Nao";2;0;1;0;1;0;1;2;-16,086271;-48,272363;"SPRF-DF";"DEL03-DF";"UOP01-DEL03-DF"
574645;2024-01-14;"domingo";"11:30:00";"PE";101;69;"RECIFE";"Acessar a via sem observar a presenca dos outros veiculos";"Colisao lateral mesmo sentido";"Com Vatimas Feridas";"Pleno dia";"Crescente";"Ceu Claro";"Maltipla";"Interseaao de Vias";"Sim";2;0;0;1;1;0;1;2;-8,05951606;-34,94581024;"SPRF-PE";"DEL01-PE";"UOP01-DEL01-PE"
574646;2024-01-14;"domingo";"09:40:00";"MA";10;296,1;"IMPERATRIZ";"Reacao tardia ou ineficiente do condutor";"Capotamento";"Com Vatimas Feridas";"Pleno dia";"Crescente";"Ceu Claro";"Simples";"Reta";"Nao";3;0;2;0;1;0;2;1;-5,148785;-47,54071;"SPRF-MA";"DEL04-MA";"UOP03-DEL04-MA"
574647;2024-01-14;"domingo";"11:30:00";"SC";101;135,6;"BALNEARIO CAMBORIU";"Trafegar com motocicleta (ou similar) entre as faixas";"Colisao lateral mesmo sentido";"Com Vatimas Feridas";"Pleno dia";"Decrescente";"Sol";"Dupla";"Reta";"Sim";2;0;1;0;1;0;1;2;-27,0050108;-48,62677494;"SPRF-SC";"DEL04-SC";"UOP03-DEL04-SC"
574648;2024-01-14;"domingo";"11:45:00";"MG";381;936,1;"EXTREMA";"Chuva";"Colisao com objeto";"Com Vatimas Feridas";"Pleno dia";"Crescente";"Chuva";"Dupla";"Curva;Declive                 ";"Nao";2;0;1;0;1;0;1;1;-22,8083612;-46,27793681;"SPRF-MG";"DEL16-MG";"UOP03-DEL16-MG"
574649;2024-01-14;"domingo";"11:30:00";"ES";101;52;"CONCEICAO DA BARRA";"Velocidade Incompatavel";"Colisao traseira";"Com Vatimas Feridas";"Pleno dia";"Decrescente";"Sol";"Simples";"Reta";"Nao";2;0;1;0;1;0;1;2;-18,60327989;-39,88710063;"SPRF-ES";"DEL04-ES";"UOP02-DEL04-ES"
574650;2024-01-14;"domingo";"11:30:00";"GO";60;431;"RIO VERDE";"Ausancia de Reacao do condutor";"Saida de leito carrocavel";"Com Vatimas Fatais";"Pleno dia";"Crescente";"Nublado";"Dupla";"Reta";"Nao";4;2;1;0;0;1;1;2;-17,8266;-51,3385;"SPRF-GO";"DEL04-GO";"UOP02-DEL04-GO"
574651;2024-01-14;"domingo";"12:15:00";"PR";116;106;"CURITIBA";"Demais falhas mecanicas ou elatricas";"Incendio";"Sem Vatimas";"Pleno dia";"Crescente";"Ceu Claro";"Dupla";"Reta";"Nao";1;0;0;0;1;0;0;1;-25,56830653;-49,17799791;"SPRF-PR";"DEL01-PR";"UOP07-DEL01-PR"
574652;2024-01-14;"domingo";"08:30:00";"SC";282;246,3;"SAO JOSE DO CERRITO";"Reacao tardia ou ineficiente do condutor";"Colisao com objeto";"Com Vatimas Feridas";"Pleno dia";"Decrescente";"Ceu Claro";"Simples";"Curva";"Nao";2;0;1;0;1;0;1;1;-27,72642471;-50,53047895;"SPRF-SC";"DEL05-SC";"UOP02-DEL05-SC"
574654;2024-01-14;"domingo";"12:00:00";"GO";70;12,5;"AGUAS LINDAS DE GOIAS";"Chuva";"Colisao traseira";"Com Vatimas Feridas";"Pleno dia";"Crescente";"Chuva";"Dupla";"Reta";"Sim";2;0;1;0;1;0;1;2;-15,74037077;-48,3103523;"SPRF-DF";"DEL03-DF";"UOP02-DEL03-DF"
574656;2024-01-14;"domingo";"12:55:00";"MG";40;476,6;"SETE LAGOAS";"Avarias e/ou desgaste excessivo no pneu";"Saida de leito carrocavel";"Com Vatimas Feridas";"Pleno dia";"Decrescente";"Nublado";"Dupla";"Aclive;Reta                   ";"Nao";7;0;3;2;2;0;5;1;-19,51855;-44,26731;"SPRF-MG";"DEL02-MG";"UOP01-DEL02-MG"
574657;2024-01-14;"domingo";"12:40:00";"PR";277;80;"CURITIBA";"Condutor deixou de manter distancia do veiculo da frente";"Colisao traseira";"Com Vatimas Feridas";"Pleno dia";"Crescente";"Sol";"Dupla";"Reta";"Sim";3;0;2;0;1;0;2;2;-25,46772242;-49,21418488;"SPRF-PR";"DEL01-PR";"UOP07-DEL01-PR"
574659;2024-01-14;"domingo";"10:20:00";"MS";163;10,3;"MUNDO NOVO";"Condutor deixou de manter distancia do veiculo da frente";"Colisao traseira";"Com Vatimas Feridas";"Pleno dia";"Crescente";"Ceu Claro";"Simples";"Reta;Aclive                   ";"Nao";2;0;0;1;1;0;1;2;-23,97757201;-54,3310675;"SPRF-MS";"DEL09-MS";"UOP02-DEL09-MS"
574661;2024-01-14;"domingo";"13:12:00";"ES";101;90;"JAGUARE";"Acessar a via sem observar a presenca dos outros veiculos";"Colisao transversal";"Com Vatimas Feridas";"Pleno dia";"Decrescente";"Ceu Claro";"Simples";"Reta";"Nao";3;0;0;1;2;0;1;2;-18,89806708;-39,95602283;"SPRF-ES";"DEL04-ES";"UOP02-DEL04-ES"
574662;2024-01-14;"domingo";"11:46:00";"PR";376;667;"GUARATUBA";"Demais falhas mecanicas ou elatricas";"Incendio";"Sem Vatimas";"Pleno dia";"Decrescente";"Ceu Claro";"Simples";"Aclive;Curva                  ";"Nao";1;0;0;0;1;0;0;1;-25,86649659;-48,94666822;"SPRF-PR";"DEL01-PR";"UOP04-DEL01-PR"
574663;2024-01-14;"domingo";"13:00:00";"SC";280;168;"MAFRA";"Reacao tardia ou ineficiente do condutor";"Colisao traseira";"Com Vatimas Feridas";"Pleno dia";"Crescente";"Ceu Claro";"Simples";"Aclive;Curva                  ";"Nao";3;0;1;0;2;0;1;2;-26,1600847;-49,81588937;"SPRF-SC";"DEL06-SC";"UOP01-DEL06-SC"
574664;2024-01-14;"domingo";"13:20:00";"ES";101;18,5;"JOAO NEIVA";"Ausancia de Reacao do condutor";"Colisao com objeto";"Com Vatimas Feridas";"Pleno dia";"Crescente";"Sol";"Maltipla";"Curva";"Nao";1;0;1;0;0;0;1;1;-19,7579;-40,3788;"SPRF-ES";"DEL02-ES";"UOP01-DEL02-ES"
574665;2024-01-14;"domingo";"13:15:00";"PE";101;43,8;"IGARASSU";"Reacao tardia ou ineficiente do condutor";"Tombamento";"Com Vatimas Feridas";"Pleno dia";"Decrescente";"Ceu Claro";"Maltipla";"Reta";"Sim";2;0;2;0;0;0;2;1;-7,860515;-34,907874;"SPRF-PE";"DEL01-PE";"UOP02-DEL01-PE"
574666;2024-01-14;"domingo";"11:50:00";"MS";163;80,9;"ITAQUIRAI";"Reacao tardia ou ineficiente do condutor";"Tombamento";"Com Vatimas Feridas";"Pleno dia";"Decrescente";"Ceu Claro";"Simples";"Reta";"Nao";2;0;2;0;0;0;2;1;-23,45800218;-54,1957354;"SPRF-MS";"DEL09-MS";"UOP01-DEL09-MS"
574667;2024-01-14;"domingo";"13:30:00";"MG";381;940,5;"EXTREMA";"Velocidade Incompatavel";"Saida de leito carrocavel";"Com Vatimas Feridas";"Pleno dia";"Crescente";"Chuva";"Dupla";"Curva";"Sim";1;0;1;0;0;0;1;1;-22,82526603;-46,31210111;"SPRF-MG";"DEL16-MG";"UOP03-DEL16-MG"
574669;2024-01-14;"domingo";"13:40:00";"MG";381;652;"SANTO ANTONIO DO AMPARO";"Velocidade Incompatavel";"Colisao com objeto";"Com Vatimas Feridas";"Pleno dia";"Crescente";"Chuva";"Dupla";"Curva;Declive                 ";"Nao";4;0;4;0;0;0;4;1;-20,98384831;-44,94479972;"SPRF-MG";"DEL04-MG";"UOP02-DEL04-MG"
574670;2024-01-14;"domingo";"14:05:00";"PB";101;85;"BAYEUX";"Condutor deixou de manter distancia do veiculo da frente";"Colisao traseira";"Com Vatimas Feridas";"Pleno dia";"Crescente";"Ceu Claro";"Dupla";"Reta";"Sim";2;0;0;1;1;0;1;2;-7,14538184;-34,91662887;"SPRF-PB";"DEL01-PB";"UOP01-DEL01-PB"
574671;2024-01-14;"domingo";"12:35:00";"MG";40;705,5;"BARBACENA";"Chuva";"Colisao com objeto";"Com Vatimas Feridas";"Pleno dia";"Decrescente";"Chuva";"Dupla";"Curva";"Sim";1;0;1;0;0;0;1;1;-21,24057651;-43,72321118;"SPRF-MG";"DEL05-MG";"UOP02-DEL05-MG"
574673;2024-01-14;"domingo";"13:33:00";"MG";365;651,8;"UBERLANDIA";"Velocidade Incompatavel";"Saida de leito carrocavel";"Com Vatimas Feridas";"Pleno dia";"Decrescente";"Chuva";"Dupla";"Reta;Declive                  ";"Nao";2;0;2;0;0;0;2;1;-18,866519;-48,574108;"SPRF-MG";"DEL15-MG";"UOP01-DEL15-MG"
574674;2024-01-14;"domingo";"13:00:00";"BA";330;845;"IPIAU";"Demais falhas mecanicas ou elatricas";"Incendio";"Sem Vatimas";"Pleno dia";"Crescente";"Ceu Claro";"Simples";"Reta";"Nao";1;0;0;0;1;0;0;1;-14,15993086;-39,69261383;"SPRF-BA";"DEL03-BA";"UOP01-DEL03-BA"
574676;2024-01-14;"domingo";"15:05:00";"PB";101;85;"JOAO PESSOA";"Reacao tardia ou ineficiente do condutor";"Colisao traseira";"Com Vatimas Feridas";"Pleno dia";"Decrescente";"Ceu Claro";"Dupla";"Aclive;Reta                   ";"Sim";4;0;2;0;2;0;2;2;-7,14538184;-34,91662887;"SPRF-PB";"DEL01-PB";"UOP01-DEL01-PB"
574677;2024-01-14;"domingo";"14:13:00";"RS";116;224;"DOIS IRMAOS";"Manobra de mudanaa de faixa";"Colisao lateral mesmo sentido";"Com Vatimas Feridas";"Pleno dia";"Decrescente";"Ceu Claro";"Dupla";"Declive;Rotataria             ";"Sim";4;0;0;1;0;3;1;3;-29,58913214;-51,10670328;"SPRF-RS";"DEL01-RS";"UOP02-DEL01-RS"
574678;2024-01-14;"domingo";"13:50:00";"SP";116;85;"PINDAMONHANGABA";"Demais falhas mecanicas ou elatricas";"Queda de ocupante de veiculo";"Com Vatimas Feridas";"Pleno dia";"Crescente";"Ceu Claro";"Dupla";"Reta";"Nao";2;0;2;0;0;0;2;1;-22,92211829;-45,34450085;"SPRF-SP";"DEL08-SP";"UOP01-DEL08-SP"
574679;2024-01-14;"domingo";"15:30:00";"MG";381;917,4;"CAMANDUCAIA";"Velocidade Incompatavel";"Colisao com objeto";"Com Vatimas Feridas";"Pleno dia";"Decrescente";"Chuva";"Dupla";"Curva";"Sim";1;0;1;0;0;0;1;1;-22,76700121;-46,17875277;"SPRF-MG";"DEL16-MG";"UOP03-DEL16-MG"
574680;2024-01-14;"domingo";"13:50:00";"SC";101;120,5;"ITAJAI";"Avarias e/ou desgaste excessivo no pneu";"Tombamento";"Com Vatimas Feridas";"Pleno dia";"Crescente";"Ceu Claro";"Dupla";"Reta";"Sim";2;0;2;0;0;0;2;1;-26,912758;-48,711998;"SPRF-SC";"DEL04-SC";"UOP04-DEL04-SC"
574685;2024-01-14;"domingo";"15:00:00";"GO";50;107;"CRISTALINA";"Demais falhas mecanicas ou elatricas";"Saida de leito carrocavel";"Com Vatimas Feridas";"Pleno dia";"Crescente";"Ceu Claro";"Dupla";"Reta";"Nao";5;0;1;0;4;0;1;1;-16,9309;-47,7117;"SPRF-DF";"DEL01-DF";"UOP02-DEL01-DF"
574687;2024-01-14;"domingo";"15:00:00";"SC";282;22,4;"SANTO AMARO DA IMPERATRIZ";"Condutor deixou de manter distancia do veiculo da frente";"Colisao traseira";"Sem Vatimas";"Pleno dia";"Crescente";"Ceu Claro";"Simples";"Reta";"Sim";2;0;0;0;2;0;0;2;-27,688507;-48,72739;"SPRF-SC";"DEL01-SC";"UOP02-DEL01-SC"
574689;2024-01-14;"domingo";"15:50:00";"PE";101;69,2;"RECIFE";"Acessar a via sem observar a presenca dos outros veiculos";"Colisao transversal";"Com Vatimas Feridas";"Pleno dia";"Crescente";"Nublado";"Dupla";"Reta";"Sim";3;0;1;0;0;2;1;3;-8,05951606;-34,94581024;"SPRF-PE";"DEL01-PE";"UOP01-DEL01-PE"
574690;2024-01-14;"domingo";"16:00:00";"RJ";101;416;"MANGARATIBA";"Acumulo de agua sobre o pavimento";"Queda de ocupante de veiculo";"Com Vatimas Feridas";"Pleno dia";"Crescente";"Nublado";"Simples";"Curva";"Nao";2;0;1;1;0;0;2;1;-22,91403619;-43,90122414;"SPRF-RJ";"DEL03-RJ";"UOP02-DEL03-RJ"
574691;2024-01-14;"domingo";"09:00:00";"BA";101;823,5;"PRADO";"Condutor Dormindo";"Colisao frontal";"Com Vatimas Feridas";"Pleno dia";"Crescente";"Ceu Claro";"Simples";"Aclive;Reta                   ";"Nao";3;0;0;1;2;0;1;2;-17,30552601;-39,6329521;"SPRF-BA";"DEL09-BA";"UOP02-DEL09-BA"
574692;2024-01-14;"domingo";"11:20:00";"AP";210;104;"PORTO GRANDE";"Ausancia de Reacao do condutor";"Engavetamento";"Com Vatimas Feridas";"Pleno dia";"Crescente";"Chuva";"Simples";"Reta";"Nao";6;0;1;0;1;4;1;3;0,6985633;-51,39692189;"SPRF-AP";"DEL01-AP";"UOP01-DEL01-AP"
574693;2024-01-14;"domingo";"11:20:00";"MS";267;554,3;"CARACOL";"Ausancia de Reacao do condutor";"Colisao traseira";"Com Vatimas Feridas";"Pleno dia";"Decrescente";"Ceu Claro";"Simples";"Reta";"Nao";5;0;1;0;4;0;1;2;-21,680994;-56,762057;"SPRF-MS";"DEL05-MS";"UOP01-DEL05-MS"
574695;2024-01-14;"domingo";"12:00:00";"AP";156;265;"MACAPA";"Pista Escorregadia";"Saida de leito carrocavel";"Sem Vatimas";"Pleno dia";"Crescente";"Garoa/Chuvisco";"Simples";"Declive;Reta                  ";"Nao";5;0;0;0;5;0;0;1;0,23311551;-51,1530304;"SPRF-AP";"DEL01-AP";"UOP01-DEL01-AP"
574696;2024-01-14;"domingo";"16:15:00";"RN";101;103;"PARNAMIRIM";"Manobra de mudanaa de faixa";"Colisao lateral mesmo sentido";"Com Vatimas Feridas";"Pleno dia";"Decrescente";"Ceu Claro";"Dupla";"Reta";"Sim";4;0;1;0;3;0;1;2;-5,89034022;-35,24894996;"SPRF-RN";"DEL01-RN";"UOP01-DEL01-RN"
574697;2024-01-14;"domingo";"14:30:00";"MG";40;590;"ITABIRITO";"Reacao tardia ou ineficiente do condutor";"Colisao transversal";"Com Vatimas Fatais";"Pleno dia";"Crescente";"Nublado";"Simples";"Curva";"Nao";6;1;0;3;1;1;3;3;-20,36807799;-43,90982881;"SPRF-MG";"DEL01-MG";"UOP02-DEL01-MG"
574698;2024-01-14;"domingo";"17:00:00";"ES";262;161;"IBATIBA";"Animais na Pista";"Atropelamento de Animal";"Com Vatimas Feridas";"Pleno dia";"Crescente";"Ceu Claro";"Simples";"Reta";"Nao";2;0;2;0;0;0;2;1;-20,23640217;-41,52254154;"SPRF-ES";"DEL01-ES";"UOP02-DEL01-ES"
574700;2024-01-14;"domingo";"16:50:00";"BA";101;525;"BUERAREMA";"Animais na Pista";"Atropelamento de Animal";"Com Vatimas Feridas";"Pleno dia";"Crescente";"Ceu Claro";"Simples";"Reta";"Nao";2;0;2;0;0;0;2;1;-14,961086;-39,309188;"SPRF-BA";"DEL05-BA";"UOP01-DEL05-BA"
574701;2024-01-14;"domingo";"17:30:00";"SC";280;30,5;"ARAQUARI";"Ingestao de alcool pelo condutor";"Colisao traseira";"Com Vatimas Feridas";"Pleno dia";"Crescente";"Ceu Claro";"Simples";"Reta";"Sim";2;0;0;1;1;0;1;2;-26,4141523;-48,76209493;"SPRF-SC";"DEL03-SC";"UOP03-DEL03-SC"
574702;2024-01-14;"domingo";"16:20:00";"MS";163;782;"COXIM";"Ausancia de Reacao do condutor";"Saida de leito carrocavel";"Com Vatimas Fatais";"Pleno dia";"Decrescente";"Ceu Claro";"Simples";"Reta";"Nao";1;1;0;0;0;0;0;1;-18,07765703;-54,69252582;"SPRF-MS";"DEL06-MS";"UOP01-DEL06-MS"
574703;2024-01-14;"domingo";"14:30:00";"GO";60;380;"RIO VERDE";"Chuva";"Saida de leito carrocavel";"Com Vatimas Feridas";"Pleno dia";"Decrescente";"Chuva";"Dupla";"Curva;Retorno Regulamentado   ";"Nao";3;0;3;0;0;0;3;1;-17,7646;-50,8822;"SPRF-GO";"DEL04-GO";"UOP02-DEL04-GO"
574704;2024-01-14;"domingo";"17:45:00";"MG";381;491;"BETIM";"Velocidade Incompatavel";"Colisao com objeto";"Com Vatimas Feridas";"Pleno dia";"Decrescente";"Sol";"Dupla";"Declive";"Sim";2;0;1;0;1;0;1;2;-19,97018187;-44,18210416;"SPRF-MG";"DEL01-MG";"UOP03-DEL01-MG"