"id";"data_inversa";"dia_semana";"horario";"uf";"br";"km";"municipio";"causa_acidente";"tipo_acidente";"classificacao_acidente";"fase_dia";"sentido_via";"condicao_metereologica";"tipo_pista";"tracado_via";"uso_solo";"pessoas";"mortos";"feridos_leves";"feridos_graves";"ilesos";"ignorados";"feridos";"veiculos";"latitude";"longitude";"regional";"delegacia";"uop"
575989;2024-01-20;"sabado";"16:20:00";"RS";290;122;"ELDORADO DO SUL";"Acessar a via sem observar a presenca dos outros veiculos";"Colisao transversal";"Com Vatimas Feridas";"Pleno dia";"Decrescente";"Ceu Claro";"Simples";"Interseaao de Vias;Reta       ";"Nao";6;0;1;0;5;0;1;2;-30,052313;-51,428188;"SPRF-RS";"DEL02-RS";"UOP01-DEL02-RS"
575990;2024-01-20;"sabado";"16:25:00";"RS";290;122;"ELDORADO DO SUL";"Reacao tardia ou ineficiente do condutor";"Colisao traseira";"Com Vatimas Feridas";"Pleno dia";"Decrescente";"Ceu Claro";"Simples";"Reta";"Nao";6;0;1;0;5;0;1;2;-30,05267678;-51,43309593;"SPRF-RS";"DEL02-RS";"UOP01-DEL02-RS"
575991;2024-01-20;"sabado";"17:15:00";"RS";290;122;"ELDORADO DO SUL";"Reacao tardia ou ineficiente do condutor";"Colisao traseira";"Sem Vatimas";"Pleno dia";"Decrescente";"Nublado";"Simples";"Reta";"Nao";2;0;0;0;2;0;0;2;-30,052313;-51,428188;"SPRF-RS";"DEL02-RS";"UOP01-DEL02-RS"
575992;2024-01-20;"sabado";"17:05:00";"RS";290;122;"ELDORADO DO SUL";"Reacao tardia ou ineficiente do condutor";"Colisao traseira";"Sem Vatimas";"Pleno dia";"Decrescente";"Nublado";"Simples";"Reta";"Nao";2;0;0;0;2;0;0;2;-30,052313;-51,428188;"SPRF-RS";"DEL02-RS";"UOP01-DEL02-RS"
575993;2024-01-20;"sabado";"17:30:00";"PR";277;7;"PARANAGUA";"Transitar na contramao";"Colisao frontal";"Com Vatimas Feridas";"Anoitecer";"Decrescente";"Garoa/Chuvisco";"Dupla";"Curva;Ponte                   ";"Sim";3;0;1;0;2;0;1;2;-25,568198;-48,615292;"SPRF-PR";"DEL01-PR";"UOP05-DEL01-PR"
575994;2024-01-20;"sabado";"08:30:00";"RJ";356;13;"ITAPERUNA";"Transitar na contramao";"Colisao frontal";"Com Vatimas Feridas";"Pleno dia";"Decrescente";"Ceu Claro";"Simples";"Aclive;Curva                  ";"Nao";2;0;1;0;1;0;1;2;-21,17615652;-42,0721221;"SPRF-RJ";"DEL08-RJ";"UOP03-DEL08-RJ"
575995;2024-01-20;"sabado";"16:15:00";"SC";470;56;"BLUMENAU";"Conversao proibida";"Colisao transversal";"Com Vatimas Feridas";"Pleno dia";"Crescente";"Nublado";"Simples";"Reta";"Sim";2;0;1;0;1;0;1;2;-26,87674;-49,127743;"SPRF-SC";"DEL04-SC";"UOP01-DEL04-SC"
575998;2024-01-20;"sabado";"17:30:00";"SC";101;219,2;"PALHOCA";"Avarias e/ou desgaste excessivo no pneu";"Tombamento";"Com Vatimas Feridas";"Pleno dia";"Decrescente";"Nublado";"Dupla";"Reta";"Nao";2;0;2;0;0;0;2;1;-27,68392194;-48,66710085;"SPRF-SC";"DEL01-SC";"UOP02-DEL01-SC"
576000;2024-01-20;"sabado";"17:15:00";"PB";230;221,9;"SOLEDADE";"Chuva";"Saida de leito carrocavel";"Com Vatimas Feridas";"Anoitecer";"Decrescente";"Chuva";"Simples";"Reta";"Nao";1;0;1;0;0;0;1;1;-7,0409;-36,4063;"SPRF-PB";"DEL02-PB";"UOP02-DEL02-PB"
576001;2024-01-20;"sabado";"16:00:00";"GO";153;345;"JARAGUA";"Ausancia de Reacao do condutor";"Saida de leito carrocavel";"Sem Vatimas";"Pleno dia";"Crescente";"Ceu Claro";"Simples";"Reta";"Nao";2;0;0;0;2;0;0;1;-15,631001;-49,380325;"SPRF-GO";"DEL02-GO";"UOP02-DEL02-GO"
576002;2024-01-20;"sabado";"18:00:00";"RJ";101;438;"MANGARATIBA";"Acessar a via sem observar a presenca dos outros veiculos";"Colisao transversal";"Com Vatimas Feridas";"Anoitecer";"Crescente";"Nublado";"Simples";"Reta";"Sim";6;0;3;0;3;0;3;2;-22,9502606;-44,07417802;"SPRF-RJ";"DEL03-RJ";"UOP02-DEL03-RJ"
576003;2024-01-20;"sabado";"16:20:00";"RN";226;287,1;"AUGUSTO SEVERO";"Ingestao de alcool pelo condutor";"Saida de leito carrocavel";"Com Vatimas Feridas";"Pleno dia";"Decrescente";"Ceu Claro";"Simples";"Reta";"Nao";2;0;2;0;0;0;2;1;-5,86309181;-37,28921889;"SPRF-RN";"DEL03-RN";"UOP01-DEL03-RN"
576004;2024-01-20;"sabado";"18:30:00";"MG";40;697,1;"BARBACENA";"Velocidade Incompatavel";"Colisao frontal";"Com Vatimas Fatais";"Anoitecer";"Crescente";"Ceu Claro";"Simples";"Curva;Declive                 ";"Nao";4;2;0;2;0;0;2;2;-21,15466699;-43,76265769;"SPRF-MG";"DEL05-MG";"UOP02-DEL05-MG"
576005;2024-01-20;"sabado";"18:30:00";"MG";50;6,1;"UBERLANDIA";"Ingestao de alcool pelo condutor";"Saida de leito carrocavel";"Com Vatimas Fatais";"Anoitecer";"Crescente";"Garoa/Chuvisco";"Maltipla";"Declive";"Nao";1;1;0;0;0;0;0;1;-18,9113;-48,2622;"SPRF-MG";"DEL15-MG";"UOP01-DEL15-MG"
576006;2024-01-20;"sabado";"18:00:00";"MG";262;382;"MATEUS LEME";"Velocidade Incompatavel";"Saida de leito carrocavel";"Com Vatimas Feridas";"Anoitecer";"Decrescente";"Nublado";"Dupla";"Reta";"Nao";2;0;1;0;1;0;1;1;-19,93049825;-44,40182;"SPRF-MG";"DEL01-MG";"UOP03-DEL01-MG"
576008;2024-01-20;"sabado";"17:10:00";"MT";364;200;"RONDONOPOLIS";"Ausancia de Reacao do condutor";"Colisao traseira";"Com Vatimas Feridas";"Anoitecer";"Decrescente";"Garoa/Chuvisco";"Dupla";"Rotataria";"Sim";4;0;1;0;3;0;1;2;-16,49612525;-54,63849716;"SPRF-MT";"DEL02-MT";"UOP01-DEL02-MT"
576009;2024-01-16;"terça-feira";"16:30:00";"RJ";101;322;"NITEROI";"Condutor deixou de manter distancia do veiculo da frente";"Engavetamento";"Com Vatimas Feridas";"Pleno dia";"Decrescente";"Ceu Claro";"Dupla";"Reta";"Nao";4;0;1;0;3;0;1;3;-22,878923;-43,110676;"SPRF-RJ";"DEL02-RJ";"UOP01-DEL02-RJ"
576010;2024-01-20;"sabado";"14:30:00";"RJ";465;17;"NOVA IGUACU";"Reacao tardia ou ineficiente do condutor";"Colisao traseira";"Com Vatimas Feridas";"Pleno dia";"Decrescente";"Ceu Claro";"Dupla";"Reta;Em Obras                 ";"Sim";2;0;1;0;1;0;1;2;-22,823448;-43,619843;"SPRF-RJ";"DEL06-RJ";"UOP02-DEL06-RJ"
576011;2024-01-20;"sabado";"18:20:00";"CE";116;3;"FORTALEZA";"Ausancia de Reacao do condutor";"Tombamento";"Com Vatimas Feridas";"Plena Noite";"Crescente";"Ceu Claro";"Maltipla";"Reta";"Sim";2;0;1;1;0;0;2;1;-3,77866493;-38,51490171;"SPRF-CE";"DEL01-CE";"UOP02-DEL01-CE"
576012;2024-01-20;"sabado";"18:20:00";"PE";408;102;"RECIFE";"Ausancia de Reacao do condutor";"Colisao traseira";"Sem Vatimas";"Plena Noite";"Crescente";"Ceu Claro";"Dupla";"Reta";"Nao";2;0;0;0;1;1;0;2;-8,05323195;-35,00247996;"SPRF-PE";"DEL01-PE";"UOP01-DEL01-PE"
576013;2024-01-20;"sabado";"15:00:00";"RS";293;51,5;"CERRITO";"Reacao tardia ou ineficiente do condutor";"Saida de leito carrocavel";"Sem Vatimas";"Pleno dia";"Crescente";"Ceu Claro";"Simples";"Reta";"Nao";1;0;0;0;0;1;0;1;-31,72933964;-52,83680696;"SPRF-RS";"DEL07-RS";"UOP01-DEL07-RS"
576014;2024-01-20;"sabado";"18:27:00";"PE";428;188;"PETROLINA";"Ingestao de alcool pelo condutor";"Colisao com objeto";"Com Vatimas Feridas";"Plena Noite";"Decrescente";"Ceu Claro";"Simples";"Rotataria";"Sim";1;0;1;0;0;0;1;1;-9,37508295;-40,48790082;"SPRF-PE";"DEL06-PE";"UOP01-DEL06-PE"
576016;2024-01-20;"sabado";"17:01:00";"MG";381;529,4;"ITATIAIUCU";"Velocidade Incompatavel";"Capotamento";"Com Vatimas Feridas";"Pleno dia";"Decrescente";"Chuva";"Dupla";"Reta";"Nao";2;0;2;0;0;0;2;1;-20,16619722;-44,36914378;"SPRF-MG";"DEL04-MG";"UOP03-DEL04-MG"
576019;2024-01-20;"sabado";"17:20:00";"SC";282;43,1;"AGUAS MORNAS";"Conversao proibida";"Colisao transversal";"Sem Vatimas";"Pleno dia";"Decrescente";"Nublado";"Simples";"Reta";"Nao";2;0;0;0;2;0;0;2;-27,719458;-48,897526;"SPRF-SC";"DEL01-SC";"UOP03-DEL01-SC"
576021;2024-01-20;"sabado";"19:10:00";"CE";116;20;"ITAITINGA";"Ausancia de sinalizaaao";"Tombamento";"Com Vatimas Feridas";"Plena Noite";"Crescente";"Ceu Claro";"Dupla";"Reta;Em Obras                 ";"Sim";2;0;0;1;1;0;1;1;-3,92277497;-38,50762327;"SPRF-CE";"DEL01-CE";"UOP02-DEL01-CE"
576022;2024-01-20;"sabado";"17:15:00";"SC";282;246;"SAO JOSE DO CERRITO";"Velocidade Incompatavel";"Saida de leito carrocavel";"Com Vatimas Feridas";"Pleno dia";"Decrescente";"Ceu Claro";"Simples";"Curva";"Nao";1;0;0;1;0;0;1;1;-27,72682358;-50,53024292;"SPRF-SC";"DEL05-SC";"UOP02-DEL05-SC"
576023;2024-01-20;"sabado";"14:30:00";"RO";364;383;"OURO PRETO DO OESTE";"Reacao tardia ou ineficiente do condutor";"Colisao traseira";"Sem Vatimas";"Pleno dia";"Crescente";"Garoa/Chuvisco";"Simples";"Declive;Curva                 ";"Sim";3;0;0;0;3;0;0;2;-10,72104014;-62,24385208;"SPRF-RO";"DEL02-RO";"UOP01-DEL02-RO"
576025;2024-01-20;"sabado";"19:10:00";"TO";10;456;"PALMAS";"Iluminaaao deficiente";"Colisao com objeto";"Com Vatimas Feridas";"Plena Noite";"Decrescente";"Ceu Claro";"Dupla";"Declive";"Nao";2;0;1;0;1;0;1;2;-10,20863984;-48,15545194;"SPRF-TO";"DEL01-TO";"UOP03-DEL01-TO"
576026;2024-01-20;"sabado";"19:20:00";"TO";10;456;"PALMAS";"Ingestao de alcool pelo condutor";"Colisao com objeto";"Com Vatimas Feridas";"Pleno dia";"Decrescente";"Sol";"Maltipla";"Curva;Declive                 ";"Nao";3;0;1;0;2;0;1;1;-10,21491133;-48,15620573;"SPRF-TO";"DEL01-TO";"UOP03-DEL01-TO"
576027;2024-01-20;"sabado";"19:30:00";"ES";101;226,6;"FUNDAO";"Transitar na contramao";"Colisao lateral sentido oposto";"Com Vatimas Feridas";"Plena Noite";"Crescente";"Nublado";"Simples";"Reta";"Nao";3;0;1;0;2;0;1;3;-19,90713474;-40,40712141;"SPRF-ES";"DEL02-ES";"UOP01-DEL02-ES"
576028;2024-01-20;"sabado";"16:10:00";"AM";319;696;"HUMAITA";"Condutor deixou de manter distancia do veiculo da frente";"Colisao traseira";"Com Vatimas Feridas";"Pleno dia";"Decrescente";"Ceu Claro";"Simples";"Reta";"Nao";2;0;1;0;1;0;1;2;-7,703932;-63,089821;"SPRF-AM";"DEL01-AM";"UOP05-DEL01-AM"
576029;2024-01-20;"sabado";"19:20:00";"PE";232;408;"SERRA TALHADA";"Acessar a via sem observar a presenca dos outros veiculos";"Colisao transversal";"Com Vatimas Feridas";"Plena Noite";"Decrescente";"Ignorado";"Simples";"Declive;Interseaao de Vias    ";"Sim";2;0;1;0;1;0;1;2;-7,98261841;-38,30039606;"SPRF-PE";"DEL04-PE";"UOP01-DEL04-PE"
576030;2024-01-20;"sabado";"18:45:00";"SC";101;202;"SAO JOSE";"Manobra de mudanaa de faixa";"Colisao lateral mesmo sentido";"Com Vatimas Feridas";"Anoitecer";"Crescente";"Nublado";"Simples";"Reta;Viaduto                  ";"Sim";2;0;1;0;1;0;1;2;-27,55711595;-48,61897889;"SPRF-SC";"DEL01-SC";"UOP01-DEL01-SC"
576031;2024-01-20;"sabado";"19:15:00";"SC";280;58;"GUARAMIRIM";"Retorno proibido";"Colisao transversal";"Com Vatimas Feridas";"Pleno dia";"Crescente";"Chuva";"Simples";"Em Obras;Reta                 ";"Sim";2;0;1;0;1;0;1;2;-26,47415593;-49,021211;"SPRF-SC";"DEL03-SC";"UOP03-DEL03-SC"
576032;2024-01-20;"sabado";"16:45:00";"RJ";116;98;"GUAPIMIRIM";"Demais falhas na via";"Colisao lateral sentido oposto";"Com Vatimas Feridas";"Pleno dia";"Crescente";"Ceu Claro";"Simples";"Curva";"Nao";3;0;1;1;0;1;2;2;-22,48285706;-42,99723936;"SPRF-RJ";"DEL04-RJ";"UOP01-DEL04-RJ"
576033;2024-01-20;"sabado";"19:10:00";"PR";369;154;"LONDRINA";"Mal sabito do condutor";"Queda de ocupante de veiculo";"Com Vatimas Feridas";"Plena Noite";"Crescente";"Garoa/Chuvisco";"Dupla";"Reta";"Sim";1;0;0;1;0;0;1;1;-23,29745;-51,20009;"SPRF-PR";"DEL07-PR";"UOP01-DEL07-PR"
576034;2024-01-20;"sabado";"17:15:00";"SC";282;246,1;"SAO JOSE DO CERRITO";"Velocidade Incompatavel";"Saida de leito carrocavel";"Com Vatimas Feridas";"Pleno dia";"Decrescente";"Ceu Claro";"Simples";"Curva";"Nao";1;0;1;0;0;0;1;1;-27,727213;-50,529724;"SPRF-SC";"DEL05-SC";"UOP02-DEL05-SC"
576035;2024-01-20;"sabado";"20:10:00";"ES";101;291,5;"CARIACICA";"Entrada inopinada do pedestre";"Atropelamento de Pedestre";"Com Vatimas Feridas";"Plena Noite";"Crescente";"Nublado";"Dupla";"Reta";"Sim";3;0;0;2;1;0;2;2;-20,29755744;-40,39445616;"SPRF-ES";"DEL01-ES";"UOP01-DEL01-ES"
576036;2024-01-20;"sabado";"19:55:00";"ES";101;326,3;"GUARAPARI";"Pedestre - Ingestao de alcool/ substancias psicoativas";"Colisao transversal";"Com Vatimas Feridas";"Plena Noite";"Crescente";"Chuva";"Dupla";"Reta;Declive                  ";"Nao";3;0;1;0;2;0;1;2;-20,56370802;-40,48167095;"SPRF-ES";"DEL03-ES";"UOP01-DEL03-ES"
576037;2024-01-20;"sabado";"20:20:00";"BA";116;420;"FEIRA DE SANTANA";"Ausancia de Reacao do condutor";"Saida de leito carrocavel";"Com Vatimas Feridas";"Plena Noite";"Decrescente";"Ceu Claro";"Dupla";"Reta";"Sim";2;0;1;1;0;0;2;1;-12,21023;-38,96547;"SPRF-BA";"DEL02-BA";"UOP01-DEL02-BA"
576038;2024-01-20;"sabado";"18:15:00";"BA";101;422;"MARAU";"Manobra de mudanaa de faixa";"Colisao lateral sentido oposto";"Com Vatimas Feridas";"Anoitecer";"Crescente";"Nublado";"Simples";"Reta";"Nao";2;0;0;1;1;0;1;2;-14,256476;-39,323089;"SPRF-BA";"DEL05-BA";"UOP03-DEL05-BA"
576039;2024-01-20;"sabado";"19:45:00";"DF";70;11;"BRASILIA";"Reacao tardia ou ineficiente do condutor";"Saida de leito carrocavel";"Com Vatimas Feridas";"Plena Noite";"Crescente";"Ceu Claro";"Dupla";"Reta";"Sim";1;0;1;0;0;0;1;1;-15,789762;-48,148727;"SPRF-DF";"DEL03-DF";"UOP02-DEL03-DF"
576041;2024-01-20;"sabado";"19:26:00";"ES";101;420,1;"CACHOEIRO DE ITAPEMIRIM";"Acessar a via sem observar a presenca dos outros veiculos";"Colisao transversal";"Com Vatimas Feridas";"Plena Noite";"Crescente";"Nublado";"Simples";"Reta";"Nao";2;0;1;0;1;0;1;2;-20,9657538;-41,10735825;"SPRF-ES";"DEL03-ES";"UOP02-DEL03-ES"
576042;2024-01-20;"sabado";"20:30:00";"ES";101;150;"LINHARES";"Ausancia de Reacao do condutor";"Tombamento";"Com Vatimas Feridas";"Plena Noite";"Decrescente";"Ceu Claro";"Dupla";"Reta";"Sim";1;0;1;0;0;0;1;1;-19,40436634;-40,06078896;"SPRF-ES";"DEL04-ES";"UOP01-DEL04-ES"
576043;2024-01-20;"sabado";"20:30:00";"MG";381;353;"JOAO MONLEVADE";"Pista esburacada";"Queda de ocupante de veiculo";"Com Vatimas Feridas";"Plena Noite";"Decrescente";"Ceu Claro";"Simples";"Curva";"Nao";2;0;2;0;0;0;2;1;-19,83894801;-43,18248641;"SPRF-MG";"DEL03-MG";"UOP01-DEL03-MG"
576044;2024-01-20;"sabado";"19:20:00";"RJ";40;117;"DUQUE DE CAXIAS";"Ausancia de Reacao do condutor";"Colisao frontal";"Com Vatimas Feridas";"Plena Noite";"Decrescente";"Nublado";"Simples";"Reta";"Sim";1;0;0;1;0;0;1;1;-22,745676;-43,2881;"SPRF-RJ";"DEL01-RJ";"UOP02-DEL01-RJ"
576045;2024-01-20;"sabado";"20:50:00";"RN";101;81,7;"SAO GONCALO DO AMARANTE";"Estacionar ou parar em local proibido";"Colisao traseira";"Com Vatimas Feridas";"Plena Noite";"Crescente";"Ceu Claro";"Dupla";"Reta";"Sim";2;0;0;1;1;0;1;2;-5,7654172;-35,28162718;"SPRF-RN";"DEL02-RN";"UOP01-DEL02-RN"
576046;2024-01-20;"sabado";"18:35:00";"PR";376;165;"MARINGA";"Avarias e/ou desgaste excessivo no pneu";"Queda de ocupante de veiculo";"Com Vatimas Feridas";"Pleno dia";"Crescente";"Ceu Claro";"Dupla";"Declive";"Nao";2;0;1;1;0;0;2;1;-23,39038641;-52,01421918;"SPRF-PR";"DEL09-PR";"UOP01-DEL09-PR"
576047;2024-01-20;"sabado";"20:30:00";"SP";101;52;"UBATUBA";"Manobra de mudanaa de faixa";"Colisao transversal";"Com Vatimas Feridas";"Plena Noite";"Crescente";"Chuva";"Simples";"Reta";"Sim";2;0;1;0;1;0;1;2;-23,4623355;-45,06476561;"SPRF-SP";"DEL06-SP";"UOP01-DEL06-SP"
576048;2024-01-20;"sabado";"15:20:00";"PE";428;190;"PETROLINA";"Ingestao de alcool pelo condutor";"Queda de ocupante de veiculo";"Com Vatimas Feridas";"Pleno dia";"Decrescente";"Ceu Claro";"Dupla";"Reta";"Sim";1;0;1;0;0;0;1;1;-9,38335465;-40,51620483;"SPRF-PE";"DEL06-PE";"UOP01-DEL06-PE"
576050;2024-01-20;"sabado";"21:10:00";"SP";101;44,3;"UBATUBA";"Acessar a via sem observar a presenca dos outros veiculos";"Colisao transversal";"Com Vatimas Feridas";"Plena Noite";"Decrescente";"Nublado";"Simples";"Reta";"Sim";3;0;1;0;2;0;1;2;-23,41014346;-45,06455371;"SPRF-SP";"DEL06-SP";"UOP01-DEL06-SP"
576051;2024-01-20;"sabado";"20:10:00";"PR";153;353,9;"REBOUCAS";"Reacao tardia ou ineficiente do condutor";"Saida de leito carrocavel";"Com Vatimas Feridas";"Plena Noite";"Crescente";"Ceu Claro";"Simples";"Reta";"Nao";1;0;0;1;0;0;1;1;-25,62594193;-50,719173;"SPRF-PR";"DEL08-PR";"UOP02-DEL08-PR"
576052;2024-01-20;"sabado";"21:30:00";"SP";381;70,5;"MAIRIPORA";"Reacao tardia ou ineficiente do condutor";"Colisao com objeto";"Sem Vatimas";"Plena Noite";"Crescente";"Chuva";"Dupla";"Aclive;Curva                  ";"Nao";3;0;0;0;3;0;0;1;-23,34959;-46,55326;"SPRF-SP";"DEL03-SP";"UOP01-DEL03-SP"
576053;2024-01-20;"sabado";"21:10:00";"RS";116;264;"CANOAS";"Ausancia de Reacao do condutor";"Colisao traseira";"Com Vatimas Feridas";"Plena Noite";"Crescente";"Garoa/Chuvisco";"Dupla";"Reta";"Sim";4;0;2;0;2;0;2;2;-29,91331571;-51,17772281;"SPRF-RS";"DEL01-RS";"UOP01-DEL01-RS"
576054;2024-01-20;"sabado";"20:15:00";"PR";163;142;"CAPITAO LEONIDAS MARQUES";"Ingestao de alcool pelo condutor";"Colisao com objeto";"Sem Vatimas";"Plena Noite";"Decrescente";"Ceu Claro";"Dupla";"Reta";"Nao";1;0;0;0;1;0;0;1;-25,48284277;-53,59229524;"SPRF-PR";"DEL05-PR";"UOP05-DEL05-PR"
576055;2024-01-20;"sabado";"20:15:00";"RO";319;63;"PORTO VELHO";"Ingestao de alcool pelo condutor";"Colisao traseira";"Com Vatimas Feridas";"Pleno dia";"Crescente";"Garoa/Chuvisco";"Dupla";"Reta";"Sim";3;0;2;0;1;0;2;2;-8,766685;-63,884052;"SPRF-RO";"DEL01-RO";"UOP01-DEL01-RO"
576056;2024-01-20;"sabado";"21:00:00";"SC";101;336,7;"TUBARAO";"Ingestao de alcool pelo condutor";"Colisao com objeto";"Sem Vatimas";"Plena Noite";"Crescente";"Chuva";"Maltipla";"Curva";"Sim";1;0;0;0;1;0;0;1;-28,49304529;-49,0414238;"SPRF-SC";"DEL02-SC";"UOP01-DEL02-SC"
576058;2024-01-20;"sabado";"19:30:00";"TO";230;91;"SAO BENTO DO TOCANTINS";"Reacao tardia ou ineficiente do condutor";"Colisao frontal";"Com Vatimas Feridas";"Plena Noite";"Crescente";"Ceu Claro";"Simples";"Reta";"Sim";7;0;2;3;2;0;5;2;-6,03546808;-47,92978989;"SPRF-TO";"DEL02-TO";"UOP03-DEL02-TO"
576059;2024-01-20;"sabado";"21:20:00";"GO";153;528,6;"HIDROLANDIA";"Condutor Dormindo";"Saida de leito carrocavel";"Com Vatimas Fatais";"Plena Noite";"Crescente";"Nublado";"Dupla";"Reta";"Nao";1;1;0;0;0;0;0;1;-16,9533;-49,2437;"SPRF-GO";"DEL01-GO";"UOP03-DEL01-GO"
576060;2024-01-20;"sabado";"19:00:00";"CE";20;50,6;"TAUA";"Manobra de mudanaa de faixa";"Colisao frontal";"Com Vatimas Fatais";"Plena Noite";"Decrescente";"Ceu Claro";"Simples";"Reta";"Nao";2;1;1;0;0;0;1;2;-6,19560485;-40,50816524;"SPRF-CE";"DEL02-CE";"UOP02-DEL02-CE"
576061;2024-01-20;"sabado";"21:45:00";"RS";392;660,1;"CERRO LARGO";"Ingestao de alcool pelo condutor";"Saida de leito carrocavel";"Com Vatimas Feridas";"Plena Noite";"Crescente";"Nublado";"Simples";"Curva";"Nao";1;0;1;0;0;0;1;1;-28,12093073;-54,71766472;"SPRF-RS";"DEL10-RS";"UOP01-DEL10-RS"
576062;2024-01-20;"sabado";"14:40:00";"MG";116;639,5;"FERVEDOURO";"Mal sabito do condutor";"Colisao frontal";"Com Vatimas Feridas";"Pleno dia";"Decrescente";"Ceu Claro";"Simples";"Curva";"Nao";5;0;4;1;0;0;5;2;-20,64111391;-42,24462304;"SPRF-MG";"DEL07-MG";"UOP02-DEL07-MG"
576063;2024-01-20;"sabado";"21:40:00";"MG";381;484,1;"BETIM";"Ingestao de alcool pelo condutor";"Colisao com objeto";"Com Vatimas Feridas";"Plena Noite";"Crescente";"Nublado";"Maltipla";"Curva;Declive                 ";"Nao";1;0;1;0;0;0;1;1;-19,9590637;-44,0904276;"SPRF-MG";"DEL01-MG";"UOP03-DEL01-MG"
576064;2024-01-20;"sabado";"20:20:00";"PR";277;655,1;"MATELANDIA";"Reacao tardia ou ineficiente do condutor";"Queda de ocupante de veiculo";"Com Vatimas Feridas";"Plena Noite";"Crescente";"Ceu Claro";"Simples";"Reta";"Nao";1;0;0;1;0;0;1;1;-25,2307921;-53,95278694;"SPRF-PR";"DEL05-PR";"UOP02-DEL05-PR"
576065;2024-01-20;"sabado";"22:25:00";"SE";235;11;"NOSSA SENHORA DO SOCORRO";"Ingestao de alcool pelo condutor";"Colisao traseira";"Sem Vatimas";"Plena Noite";"Crescente";"Ceu Claro";"Simples";"Reta";"Nao";2;0;0;0;2;0;0;2;-10,877883;-37,156052;"SPRF-SE";"DEL01-SE";"UOP01-DEL01-SE"
576066;2024-01-20;"sabado";"22:10:00";"ES";262;80,4;"DOMINGOS MARTINS";"Avarias e/ou desgaste excessivo no pneu";"Colisao frontal";"Com Vatimas Fatais";"Plena Noite";"Crescente";"Chuva";"Simples";"Declive;Curva                 ";"Nao";6;1;3;2;0;0;5;2;-20,40386535;-40,97556717;"SPRF-ES";"DEL01-ES";"UOP02-DEL01-ES"
576068;2024-01-20;"sabado";"21:40:00";"RJ";493;4;"ITABORAI";"Reacao tardia ou ineficiente do condutor";"Queda de ocupante de veiculo";"Com Vatimas Feridas";"Plena Noite";"Crescente";"Ceu Claro";"Dupla";"Reta";"Nao";1;0;1;0;0;0;1;1;-22,74828913;-42,9500441;"SPRF-RJ";"DEL02-RJ";"UOP02-DEL02-RJ"
576069;2024-01-20;"sabado";"21:30:00";"MG";50;109;"UBERABA";"Reacao tardia ou ineficiente do condutor";"Saida de leito carrocavel";"Com Vatimas Feridas";"Plena Noite";"Crescente";"Chuva";"Dupla";"Curva";"Nao";2;0;2;0;0;0;2;1;-19,21477497;-48,1473349;"SPRF-MG";"DEL13-MG";"UOP01-DEL13-MG"
576070;2024-01-20;"sabado";"21:30:00";"RS";287;381;"SANTIAGO";"Demais falhas mecanicas ou elatricas";"Incendio";"Sem Vatimas";"Plena Noite";"Decrescente";"Ceu Claro";"Simples";"Curva";"Nao";1;0;0;0;1;0;0;1;-29,29550312;-54,7706532;"SPRF-RS";"DEL12-RS";"UOP02-DEL12-RS"
576072;2024-01-20;"sabado";"22:50:00";"CE";116;7;"FORTALEZA";"Acessar a via sem observar a presenca dos outros veiculos";"Colisao lateral mesmo sentido";"Com Vatimas Feridas";"Plena Noite";"Crescente";"Ceu Claro";"Dupla";"Reta";"Nao";3;0;2;0;1;0;2;2;-3,81361038;-38,50122213;"SPRF-CE";"DEL01-CE";"UOP02-DEL01-CE"
576073;2024-01-20;"sabado";"20:55:00";"RJ";465;15;"NOVA IGUACU";"Acesso irregular";"Colisao frontal";"Com Vatimas Feridas";"Plena Noite";"Decrescente";"Nublado";"Simples";"Ponte;Curva                   ";"Nao";2;0;1;0;1;0;1;2;-22,810925;-43,631504;"SPRF-RJ";"DEL06-RJ";"UOP02-DEL06-RJ"
576075;2024-01-20;"sabado";"22:00:00";"SC";101;163,1;"TIJUCAS";"Deficiancia do Sistema de Iluminaaao/Sinalizaaao";"Colisao traseira";"Com Vatimas Feridas";"Plena Noite";"Crescente";"Ceu Claro";"Dupla";"Reta";"Sim";2;0;1;1;0;0;2;2;-27,23461699;-48,63039809;"SPRF-SC";"DEL04-SC";"UOP03-DEL04-SC"
576077;2024-01-20;"sabado";"21:30:00";"PR";153;36;"ANDIRA";"Conversao proibida";"Colisao transversal";"Com Vatimas Feridas";"Plena Noite";"Decrescente";"Chuva";"Simples";"Reta";"Sim";3;0;1;0;0;2;1;3;-23,04301892;-50,22946537;"SPRF-PR";"DEL07-PR";"UOP04-DEL07-PR"
576079;2024-01-20;"sabado";"20:45:00";"RR";401;23;"CANTA";"Condutor Dormindo";"Saida de leito carrocavel";"Sem Vatimas";"Plena Noite";"Crescente";"Ceu Claro";"Simples";"Curva";"Nao";1;0;0;0;0;1;0;1;2,87970998;-60,52007675;"SPRF-RR";"DEL01-RR";"UOP01-DEL01-RR"
576080;2024-01-20;"sabado";"23:30:00";"MG";459;89,9;"CONGONHAL";"Velocidade Incompatavel";"Colisao frontal";"Com Vatimas Feridas";"Plena Noite";"Crescente";"Chuva";"Simples";"Declive;Curva                 ";"Nao";6;0;2;4;0;0;6;2;-22,14895359;-46,01900339;"SPRF-MG";"DEL09-MG";"UOP01-DEL09-MG"
576081;2024-01-20;"sabado";"21:15:00";"SC";282;407,7;"CATANDUVAS";"Chuva";"Saida de leito carrocavel";"Com Vatimas Feridas";"Plena Noite";"Crescente";"Nublado";"Simples";"Curva;Declive                 ";"Nao";2;0;2;0;0;0;2;1;-27,083517;-51,662014;"SPRF-SC";"DEL07-SC";"UOP05-DEL07-SC"