"id";"data_inversa";"dia_semana";"horario";"uf";"br";"km";"municipio";"causa_acidente";"tipo_acidente";"classificacao_acidente";"fase_dia";"sentido_via";"condicao_metereologica";"tipo_pista";"tracado_via";"uso_solo";"pessoas";"mortos";"feridos_leves";"feridos_graves";"ilesos";"ignorados";"feridos";"veiculos";"latitude";"longitude";"regional";"delegacia";"uop"
576403;2024-01-22;"segunda-feira";"11:40:00";"TO";NA;NA;"GUARAI";"Acessar a via sem observar a presenca dos outros veiculos";"Colisao lateral mesmo sentido";"Com Vatimas Feridas";"Pleno dia";"Nao Informado";"Ceu Claro";"Simples";"Reta;Interseaao de Vias       ";"Sim";2;0;1;0;1;0;1;2;-8,835718;-48,512123;"SPRF-TO";"DEL02-TO";"UOP02-DEL02-TO"
576405;2024-01-22;"segunda-feira";"11:50:00";"ES";101;280;"SERRA";"Ausancia de Reacao do condutor";"Queda de ocupante de veiculo";"Com Vatimas Feridas";"Pleno dia";"Crescente";"Ceu Claro";"Dupla";"Retorno Regulamentado";"Nao";1;0;1;0;0;0;1;1;-20,21828666;-40,34895595;"SPRF-ES";"DEL02-ES";"UOP01-DEL02-ES"
576407;2024-01-22;"segunda-feira";"12:00:00";"PR";116;40,1;"CAMPINA GRANDE DO SUL";"Pista Escorregadia";"Colisao com objeto";"Com Vatimas Feridas";"Pleno dia";"Decrescente";"Chuva";"Dupla";"Curva";"Nao";1;0;0;1;0;0;1;1;-25,167888;-48,865535;"SPRF-PR";"DEL01-PR";"UOP02-DEL01-PR"
576408;2024-01-02;"terça-feira";"15:15:00";"PB";101;26;"MAMANGUAPE";"Manobra de mudanaa de faixa";"Colisao com objeto";"Sem Vatimas";"Pleno dia";"Crescente";"Sol";"Dupla";"Reta";"Nao";4;0;0;0;4;0;0;1;-6,71699905;-35,11894863;"SPRF-PB";"DEL01-PB";"UOP04-DEL01-PB"
576409;2024-01-01;"segunda-feira";"11:15:00";"SC";101;12;"GARUVA";"Manobra de mudanaa de faixa";"Colisao lateral mesmo sentido";"Com Vatimas Feridas";"Pleno dia";"Decrescente";"Sol";"Dupla";"Reta";"Nao";3;0;1;1;1;0;2;2;-26,08104399;-48,86175612;"SPRF-SC";"DEL03-SC";"UOP01-DEL03-SC"
576410;2024-01-22;"segunda-feira";"10:30:00";"SC";101;106;"PENHA";"Ausancia de Reacao do condutor";"Tombamento";"Com Vatimas Feridas";"Pleno dia";"Decrescente";"Nublado";"Dupla";"Curva";"Nao";1;0;1;0;0;0;1;1;-26,81031601;-48,68293896;"SPRF-SC";"DEL03-SC";"UOP02-DEL03-SC"
576412;2024-01-22;"segunda-feira";"09:40:00";"MG";356;286,2;"PATROCINIO DO MURIAE";"Transitar na contramao";"Colisao frontal";"Com Vatimas Feridas";"Pleno dia";"Crescente";"Ceu Claro";"Simples";"Reta";"Nao";4;0;2;0;1;1;2;3;-21,13150637;-42,19367509;"SPRF-MG";"DEL07-MG";"UOP02-DEL07-MG"
576413;2024-01-22;"segunda-feira";"10:15:00";"MG";116;410;"GOVERNADOR VALADARES";"Acessar a via sem observar a presenca dos outros veiculos";"Tombamento";"Com Vatimas Feridas";"Pleno dia";"Decrescente";"Nublado";"Dupla";"Reta;Interseaao de Vias       ";"Sim";2;0;1;0;1;0;1;2;-18,85790153;-41,97480267;"SPRF-MG";"DEL06-MG";"UOP01-DEL06-MG"
576414;2024-01-22;"segunda-feira";"11:20:00";"RJ";40;84;"PETROPOLIS";"Reacao tardia ou ineficiente do condutor";"Colisao traseira";"Sem Vatimas";"Pleno dia";"Decrescente";"Chuva";"Simples";"Curva";"Nao";2;0;0;0;2;0;0;2;-22,55123221;-43,22560608;"SPRF-RJ";"DEL01-RJ";"UOP01-DEL01-RJ"
576415;2024-01-22;"segunda-feira";"07:30:00";"MS";262;753,4;"CORUMBA";"Reacao tardia ou ineficiente do condutor";"Saida de leito carrocavel";"Com Vatimas Fatais";"Pleno dia";"Crescente";"Nublado";"Simples";"Curva";"Nao";1;1;0;0;0;0;0;1;-19,2009458;-57,6456278;"SPRF-MS";"DEL03-MS";"UOP03-DEL03-MS"
576416;2024-01-22;"segunda-feira";"10:00:00";"ES";101;166;"LINHARES";"Acessar a via sem observar a presenca dos outros veiculos";"Colisao transversal";"Com Vatimas Feridas";"Pleno dia";"Decrescente";"Ceu Claro";"Simples";"Interseaao de Vias";"Sim";2;0;1;0;1;0;1;2;-19,52077663;-40,14566638;"SPRF-ES";"DEL04-ES";"UOP01-DEL04-ES"
576418;2024-01-22;"segunda-feira";"12:15:00";"GO";50;265;"CATALAO";"Acesso irregular";"Saida de leito carrocavel";"Com Vatimas Feridas";"Pleno dia";"Crescente";"Ceu Claro";"Dupla";"Reta;Viaduto                  ";"Nao";1;0;1;0;0;0;1;1;-18,0702;-47,8644;"SPRF-GO";"DEL06-GO";"UOP01-DEL06-GO"
576420;2024-01-22;"segunda-feira";"12:45:00";"PR";277;70,9;"SAO JOSE DOS PINHAIS";"Velocidade Incompatavel";"Saida de leito carrocavel";"Com Vatimas Feridas";"Pleno dia";"Crescente";"Nublado";"Dupla";"Reta";"Sim";2;0;1;0;1;0;1;1;-25,50965674;-49,13213074;"SPRF-PR";"DEL01-PR";"UOP07-DEL01-PR"
576421;2024-01-22;"segunda-feira";"11:45:00";"RS";285;425,1;"PANAMBI";"Manobra de mudanaa de faixa";"Tombamento";"Com Vatimas Feridas";"Pleno dia";"Crescente";"Ceu Claro";"Simples";"Reta";"Nao";4;0;2;0;2;0;2;1;-28,323975;-53,598091;"SPRF-RS";"DEL10-RS";"UOP01-DEL10-RS"
576424;2024-01-22;"segunda-feira";"13:20:00";"MG";153;30;"CANAPOLIS";"Velocidade Incompatavel";"Capotamento";"Com Vatimas Feridas";"Pleno dia";"Decrescente";"Nublado";"Dupla";"Reta";"Nao";1;0;1;0;0;0;1;1;-18,67926678;-49,15604759;"SPRF-MG";"DEL15-MG";"UOP03-DEL15-MG"
576425;2024-01-22;"segunda-feira";"10:20:00";"PR";163;221,1;"CASCAVEL";"Velocidade Incompatavel";"Saida de leito carrocavel";"Com Vatimas Feridas";"Pleno dia";"Crescente";"Garoa/Chuvisco";"Dupla";"Curva";"Nao";4;0;3;0;1;0;3;1;-24,85528826;-53,60160828;"SPRF-PR";"DEL04-PR";"UOP01-DEL04-PR"
576426;2024-01-22;"segunda-feira";"13:15:00";"ES";101;259;"SERRA";"Ausancia de Reacao do condutor";"Tombamento";"Com Vatimas Feridas";"Pleno dia";"Crescente";"Nublado";"Dupla";"Curva";"Sim";2;0;2;0;0;0;2;1;-20,138397;-40,292213;"SPRF-ES";"DEL02-ES";"UOP01-DEL02-ES"
576427;2024-01-22;"segunda-feira";"13:40:00";"MG";262;810;"UBERABA";"Ausancia de Reacao do condutor";"Capotamento";"Com Vatimas Feridas";"Pleno dia";"Decrescente";"Ceu Claro";"Dupla";"Reta";"Sim";4;0;3;0;0;1;3;2;-19,76051836;-48,04440502;"SPRF-MG";"DEL13-MG";"UOP01-DEL13-MG"
576430;2024-01-21;"domingo";"03:30:00";"MG";381;565;"ITAGUARA";"Condutor Dormindo";"Saida de leito carrocavel";"Com Vatimas Feridas";"Plena Noite";"Crescente";"Nublado";"Dupla";"Curva";"Nao";3;0;1;0;2;0;1;1;-20,40868701;-44,52561498;"SPRF-MG";"DEL04-MG";"UOP03-DEL04-MG"
576431;2024-01-22;"segunda-feira";"14:00:00";"SC";101;210;"SAO JOSE";"Trafegar com motocicleta (ou similar) entre as faixas";"Colisao lateral mesmo sentido";"Com Vatimas Feridas";"Pleno dia";"Crescente";"Nublado";"Dupla";"Reta";"Sim";3;0;1;0;2;0;1;3;-27,6167305;-48,6457265;"SPRF-SC";"DEL01-SC";"UOP01-DEL01-SC"
576433;2024-01-22;"segunda-feira";"11:00:00";"RJ";116;135;"MAGE";"Condutor deixou de manter distancia do veiculo da frente";"Colisao traseira";"Com Vatimas Feridas";"Pleno dia";"Decrescente";"Ceu Claro";"Dupla";"Reta";"Sim";3;0;1;0;2;0;1;2;-22,65225773;-43,16309893;"SPRF-RJ";"DEL04-RJ";"UOP02-DEL04-RJ"
576434;2024-01-22;"segunda-feira";"13:00:00";"SC";101;135,4;"BALNEARIO CAMBORIU";"Transitar na contramao";"Colisao frontal";"Com Vatimas Feridas";"Pleno dia";"Crescente";"Nublado";"Simples";"Declive;Curva                 ";"Sim";2;0;1;0;1;0;1;2;-27,0050108;-48,62677494;"SPRF-SC";"DEL04-SC";"UOP03-DEL04-SC"
576435;2024-01-22;"segunda-feira";"10:00:00";"PR";153;508,9;"GENERAL CARNEIRO";"Acumulo de agua sobre o pavimento";"Saida de leito carrocavel";"Com Vatimas Feridas";"Pleno dia";"Decrescente";"Chuva";"Simples";"Reta";"Nao";5;0;4;0;1;0;4;1;-26,45213175;-51,32125854;"SPRF-PR";"DEL02-PR";"UOP03-DEL02-PR"
576438;2024-01-22;"segunda-feira";"14:25:00";"AL";NA;NA;"MACEIO";"Reacao tardia ou ineficiente do condutor";"Colisao traseira";"Sem Vatimas";"Pleno dia";"Nao Informado";"Ceu Claro";"Dupla";"Reta";"Sim";3;0;0;0;3;0;0;2;-9,55941414;-35,74706035;"SPRF-AL";"N/A";"N/A"
576439;2024-01-22;"segunda-feira";"14:49:00";"SP";116;279;"EMBU DAS ARTES";"Demais falhas mecanicas ou elatricas";"Incendio";"Sem Vatimas";"Pleno dia";"Crescente";"Ceu Claro";"Dupla";"Reta";"Sim";1;0;0;0;1;0;0;1;-23,66233697;-46,85292907;"SPRF-SP";"DEL04-SP";"UOP01-DEL04-SP"
576443;2024-01-22;"segunda-feira";"12:20:00";"PA";230;116;"MARABA";"Ausancia de Reacao do condutor";"Colisao traseira";"Com Vatimas Feridas";"Pleno dia";"Crescente";"Ceu Claro";"Dupla";"Reta";"Sim";3;0;1;0;0;2;1;3;-5,35947454;-49,08301084;"SPRF-PA";"DEL03-PA";"UOP01-DEL03-PA"
576445;2024-01-22;"segunda-feira";"14:20:00";"MG";40;606,5;"CONGONHAS";"Acessar a via sem observar a presenca dos outros veiculos";"Colisao transversal";"Com Vatimas Feridas";"Pleno dia";"Crescente";"Sol";"Simples";"Reta;Retorno Regulamentado    ";"Sim";10;0;1;0;9;0;1;2;-20,46834617;-43,84095284;"SPRF-MG";"DEL05-MG";"UOP02-DEL05-MG"
576446;2024-01-22;"segunda-feira";"15:00:00";"SP";153;37;"ONDA VERDE";"Ausancia de Reacao do condutor";"Colisao traseira";"Com Vatimas Feridas";"Pleno dia";"Crescente";"Nublado";"Simples";"Reta";"Nao";2;0;1;0;1;0;1;2;-20,59800483;-49,31715452;"SPRF-SP";"DEL09-SP";"UOP01-DEL09-SP"
576447;2024-01-22;"segunda-feira";"15:00:00";"RN";101;106;"PARNAMIRIM";"Acessar a via sem observar a presenca dos outros veiculos";"Colisao transversal";"Com Vatimas Feridas";"Pleno dia";"Crescente";"Ceu Claro";"Simples";"Reta";"Sim";2;0;0;1;0;1;1;2;-5,91056401;-35,26130795;"SPRF-RN";"DEL01-RN";"UOP01-DEL01-RN"
576449;2024-01-22;"segunda-feira";"13:32:00";"RO";364;347;"JI-PARANA";"Reacao tardia ou ineficiente do condutor";"Tombamento";"Com Vatimas Feridas";"Pleno dia";"Crescente";"Nublado";"Simples";"Reta";"Sim";1;0;0;1;0;0;1;1;-10,86070186;-61,9761549;"SPRF-RO";"DEL02-RO";"UOP01-DEL02-RO"
576450;2024-01-22;"segunda-feira";"16:00:00";"PE";232;480;"VERDEJANTE";"Ausancia de Reacao do condutor";"Saida de leito carrocavel";"Com Vatimas Fatais";"Pleno dia";"Decrescente";"Sol";"Simples";"Reta";"Nao";1;1;0;0;0;0;0;1;-8,01645412;-38,88929504;"SPRF-PE";"DEL05-PE";"UOP01-DEL05-PE"
576454;2024-01-22;"segunda-feira";"14:45:00";"PR";277;4,3;"PARANAGUA";"Demais falhas mecanicas ou elatricas";"Engavetamento";"Com Vatimas Feridas";"Pleno dia";"Crescente";"Chuva";"Dupla";"Reta";"Sim";5;0;1;0;4;0;1;4;-25,52819808;-48,52794707;"SPRF-PR";"DEL01-PR";"UOP05-DEL01-PR"
576455;2024-01-22;"segunda-feira";"13:05:00";"PE";101;82,3;"JABOATAO DOS GUARARAPES";"Condutor deixou de manter distancia do veiculo da frente";"Colisao traseira";"Sem Vatimas";"Pleno dia";"Crescente";"Ceu Claro";"Dupla";"Reta";"Nao";3;0;0;0;3;0;0;2;-8,168383;-34,9376;"SPRF-PE";"DEL01-PE";"UOP01-DEL01-PE"
576457;2024-01-22;"segunda-feira";"12:45:00";"RJ";116;205;"SEROPEDICA";"Ultrapassagem Indevida";"Capotamento";"Com Vatimas Feridas";"Pleno dia";"Decrescente";"Ceu Claro";"Dupla";"Reta";"Nao";2;0;1;0;1;0;1;2;-22,72746688;-43,64167998;"SPRF-RJ";"DEL06-RJ";"UOP02-DEL06-RJ"
576458;2024-01-22;"segunda-feira";"16:30:00";"SP";116;227;"GUARULHOS";"Demais falhas mecanicas ou elatricas";"Incendio";"Sem Vatimas";"Anoitecer";"Decrescente";"Ceu Claro";"Maltipla";"Declive";"Sim";1;0;0;0;1;0;0;1;-23,49659264;-46,55648754;"SPRF-SP";"DEL01-SP";"UOP01-DEL01-SP"
576459;2024-01-22;"segunda-feira";"16:20:00";"PR";369;186,7;"ARAPONGAS";"Ultrapassagem Indevida";"Colisao transversal";"Com Vatimas Feridas";"Pleno dia";"Decrescente";"Nublado";"Simples";"Reta";"Sim";2;0;1;0;1;0;1;2;-23,42194;-51,42427;"SPRF-PR";"DEL07-PR";"UOP03-DEL07-PR"
576461;2024-01-22;"segunda-feira";"15:00:00";"MG";381;726,7;"CARMO DA CACHOEIRA";"Velocidade Incompatavel";"Saida de leito carrocavel";"Sem Vatimas";"Pleno dia";"Decrescente";"Chuva";"Dupla";"Aclive;Curva                  ";"Nao";1;0;0;0;1;0;0;1;-21,50846497;-45,21540331;"SPRF-MG";"DEL04-MG";"UOP02-DEL04-MG"
576462;2024-01-22;"segunda-feira";"17:25:00";"BA";324;612;"SALVADOR";"Condutor deixou de manter distancia do veiculo da frente";"Colisao traseira";"Com Vatimas Feridas";"Pleno dia";"Crescente";"Ceu Claro";"Dupla";"Reta";"Nao";2;0;1;0;1;0;1;2;-12,84664721;-38,41741648;"SPRF-BA";"DEL01-BA";"UOP01-DEL01-BA"
576463;2024-01-22;"segunda-feira";"17:40:00";"PB";230;18;"JOAO PESSOA";"Ausancia de Reacao do condutor";"Colisao traseira";"Sem Vatimas";"Anoitecer";"Decrescente";"Ceu Claro";"Dupla";"Reta";"Nao";2;0;0;0;2;0;0;2;-7,1198;-34,8453;"SPRF-PB";"DEL01-PB";"UOP01-DEL01-PB"
576464;2024-01-22;"segunda-feira";"17:10:00";"RS";470;214;"BENTO GONCALVES";"Ausancia de Reacao do condutor";"Colisao transversal";"Com Vatimas Feridas";"Pleno dia";"Decrescente";"Ceu Claro";"Simples";"Reta;Retorno Regulamentado    ";"Sim";2;0;0;1;1;0;1;2;-29,14408811;-51,53555411;"SPRF-RS";"DEL06-RS";"UOP01-DEL06-RS"
576465;2024-01-22;"segunda-feira";"17:10:00";"SP";116;227;"SAO PAULO";"Reacao tardia ou ineficiente do condutor";"Colisao lateral mesmo sentido";"Sem Vatimas";"Pleno dia";"Crescente";"Nublado";"Maltipla";"Declive";"Sim";2;0;0;0;2;0;0;2;-23,49659264;-46,55648754;"SPRF-SP";"DEL01-SP";"UOP01-DEL01-SP"
576467;2024-01-22;"segunda-feira";"17:30:00";"PR";116;122;"CURITIBA";"Condutor deixou de manter distancia do veiculo da frente";"Colisao traseira";"Com Vatimas Feridas";"Pleno dia";"Crescente";"Chuva";"Dupla";"Reta";"Nao";2;0;1;0;1;0;1;2;-25,56857207;-49,31023179;"SPRF-PR";"DEL01-PR";"UOP03-DEL01-PR"
576468;2024-01-22;"segunda-feira";"16:50:00";"MG";381;430;"SABARA";"Velocidade Incompatavel";"Colisao frontal";"Com Vatimas Feridas";"Pleno dia";"Crescente";"Chuva";"Simples";"Declive;Curva                 ";"Nao";2;0;2;0;0;0;2;2;-19,787473;-43,691451;"SPRF-MG";"DEL01-MG";"UOP01-DEL01-MG"
576469;2024-01-22;"segunda-feira";"17:00:00";"PE";423;95,7;"GARANHUNS";"Ingestao de alcool pelo condutor";"Colisao lateral mesmo sentido";"Com Vatimas Feridas";"Pleno dia";"Crescente";"Ceu Claro";"Simples";"Reta";"Sim";2;0;1;0;1;0;1;2;-8,87891989;-36,47796305;"SPRF-PE";"DEL03-PE";"UOP01-DEL03-PE"
576471;2024-01-22;"segunda-feira";"17:30:00";"RJ";354;13,9;"RESENDE";"Pista Escorregadia";"Colisao transversal";"Com Vatimas Feridas";"Anoitecer";"Decrescente";"Chuva";"Simples";"Curva";"Nao";4;0;0;2;2;0;2;2;-22,436623;-44,735523;"SPRF-RJ";"DEL07-RJ";"UOP02-DEL07-RJ"
576473;2024-01-22;"segunda-feira";"16:45:00";"SP";116;227;"GUARULHOS";"Avarias e/ou desgaste excessivo no pneu";"Queda de ocupante de veiculo";"Com Vatimas Feridas";"Pleno dia";"Crescente";"Nublado";"Dupla";"Reta";"Sim";2;0;2;0;0;0;2;1;-23,49659264;-46,55648754;"SPRF-SP";"DEL01-SP";"UOP01-DEL01-SP"
576474;2024-01-22;"segunda-feira";"17:00:00";"PA";155;273;"ELDORADO DO CARAJAS";"Animais na Pista";"Saida de leito carrocavel";"Com Vatimas Feridas";"Pleno dia";"Crescente";"Ceu Claro";"Simples";"Reta";"Nao";1;0;1;0;0;0;1;1;-5,95626497;-49,2223761;"SPRF-PA";"DEL03-PA";"UOP01-DEL03-PA"
576475;2024-01-22;"segunda-feira";"15:30:00";"BA";101;504;"ILHEUS";"Ausancia de Reacao do condutor";"Colisao transversal";"Com Vatimas Feridas";"Pleno dia";"Crescente";"Ceu Claro";"Simples";"Reta";"Nao";3;0;2;0;1;0;2;2;-14,779986;-39,289263;"SPRF-BA";"DEL05-BA";"UOP01-DEL05-BA"
576478;2024-01-22;"segunda-feira";"16:40:00";"SC";101;146;"ITAPEMA";"Reacao tardia ou ineficiente do condutor";"Colisao traseira";"Com Vatimas Feridas";"Pleno dia";"Decrescente";"Chuva";"Maltipla";"Reta";"Sim";2;0;1;0;1;0;1;2;-27,08666525;-48,60955587;"SPRF-SC";"DEL04-SC";"UOP03-DEL04-SC"
576480;2024-01-22;"segunda-feira";"16:30:00";"MG";251;375,8;"GRAO MOGOL";"Acessar a via sem observar a presenca dos outros veiculos";"Colisao transversal";"Com Vatimas Feridas";"Pleno dia";"Decrescente";"Ceu Claro";"Simples";"Curva";"Nao";3;0;1;0;2;0;1;2;-16,29923091;-42,728431;"SPRF-MG";"DEL12-MG";"UOP01-DEL12-MG"
576481;2024-01-22;"segunda-feira";"18:00:00";"PB";230;286,6;"SANTA LUZIA";"Acessar a via sem observar a presenca dos outros veiculos";"Colisao transversal";"Com Vatimas Feridas";"Anoitecer";"Crescente";"Ceu Claro";"Simples";"Reta";"Nao";2;0;1;0;1;0;1;2;-6,8978;-36,8794;"SPRF-PB";"DEL03-PB";"UOP01-DEL03-PB"
576482;2024-01-22;"segunda-feira";"17:00:00";"PR";277;307;"GUARAPUAVA";"Reacao tardia ou ineficiente do condutor";"Saida de leito carrocavel";"Com Vatimas Feridas";"Pleno dia";"Crescente";"Chuva";"Simples";"Aclive;Curva                  ";"Nao";2;0;2;0;0;0;2;1;-25,30334725;-51,15427693;"SPRF-PR";"DEL08-PR";"UOP01-DEL08-PR"
576486;2024-01-22;"segunda-feira";"15:30:00";"SC";101;50;"JOINVILLE";"Condutor deixou de manter distancia do veiculo da frente";"Colisao traseira";"Com Vatimas Feridas";"Pleno dia";"Decrescente";"Garoa/Chuvisco";"Dupla";"Reta";"Nao";4;0;1;0;3;0;1;3;-26,37546719;-48,85479619;"SPRF-SC";"DEL03-SC";"UOP01-DEL03-SC"
576487;2024-01-22;"segunda-feira";"17:46:00";"SC";101;36;"JOINVILLE";"Reacao tardia ou ineficiente do condutor";"Engavetamento";"Com Vatimas Feridas";"Anoitecer";"Decrescente";"Chuva";"Dupla";"Reta";"Nao";5;0;2;0;3;0;2;3;-26,2764665;-48,8928359;"SPRF-SC";"DEL03-SC";"UOP01-DEL03-SC"
576488;2024-01-22;"segunda-feira";"18:30:00";"SC";101;217;"PALHOCA";"Avarias e/ou desgaste excessivo no pneu";"Tombamento";"Com Vatimas Feridas";"Anoitecer";"Crescente";"Chuva";"Maltipla";"Declive;Reta                  ";"Sim";2;0;1;0;1;0;1;1;-27,66779034;-48,67393586;"SPRF-SC";"DEL01-SC";"UOP02-DEL01-SC"
576489;2024-01-22;"segunda-feira";"17:30:00";"RJ";116;51,5;"TERESOPOLIS";"Ausancia de Reacao do condutor";"Queda de ocupante de veiculo";"Com Vatimas Feridas";"Pleno dia";"Crescente";"Garoa/Chuvisco";"Simples";"Reta;Declive                  ";"Nao";2;0;1;0;1;0;1;1;-22,18834141;-42,86207381;"SPRF-RJ";"DEL04-RJ";"UOP01-DEL04-RJ"
576494;2024-01-22;"segunda-feira";"17:10:00";"PR";376;437;"TIBAGI";"Chuva";"Saida de leito carrocavel";"Com Vatimas Feridas";"Pleno dia";"Decrescente";"Chuva";"Dupla";"Curva";"Nao";6;0;1;0;5;0;1;3;-24,78699753;-50,50734758;"SPRF-PR";"DEL03-PR";"UOP02-DEL03-PR"
576495;2024-01-22;"segunda-feira";"17:15:00";"PR";376;437;"TIBAGI";"Chuva";"Colisao com objeto";"Com Vatimas Feridas";"Pleno dia";"Decrescente";"Chuva";"Dupla";"Curva";"Nao";5;0;1;2;2;0;3;2;-24,84593393;-50,47413272;"SPRF-PR";"DEL03-PR";"UOP02-DEL03-PR"
576497;2024-01-22;"segunda-feira";"18:10:00";"RJ";101;556,7;"PARATY";"Pista Escorregadia";"Tombamento";"Com Vatimas Feridas";"Anoitecer";"Crescente";"Chuva";"Simples";"Curva";"Nao";2;0;2;0;0;0;2;1;-23,08433215;-44,69666524;"SPRF-RJ";"DEL03-RJ";"UOP04-DEL03-RJ"
576498;2024-01-22;"segunda-feira";"17:50:00";"AP";210;104;"PORTO GRANDE";"Ultrapassagem Indevida";"Colisao lateral mesmo sentido";"Com Vatimas Feridas";"Pleno dia";"Crescente";"Ceu Claro";"Simples";"Interseaao de Vias";"Sim";3;0;2;0;1;0;2;2;0,6985633;-51,39692189;"SPRF-AP";"DEL01-AP";"UOP01-DEL01-AP"
576500;2024-01-22;"segunda-feira";"14:00:00";"PR";376;470,1;"PONTA GROSSA";"Velocidade Incompatavel";"Colisao com objeto";"Com Vatimas Feridas";"Pleno dia";"Crescente";"Chuva";"Dupla";"Curva";"Nao";3;0;0;1;2;0;1;1;-25,018;-50,336;"SPRF-PR";"DEL03-PR";"UOP01-DEL03-PR"
576501;2024-01-22;"segunda-feira";"19:21:00";"PI";316;9,1;"TERESINA";"Ausancia de Reacao do condutor";"Colisao traseira";"Com Vatimas Feridas";"Plena Noite";"Decrescente";"Ceu Claro";"Maltipla";"Reta";"Sim";3;0;1;0;0;2;1;3;-5,17381686;-42,76624952;"SPRF-PI";"DEL01-PI";"UOP02-DEL01-PI"
576503;2024-01-22;"segunda-feira";"20:00:00";"SC";101;199,8;"BIGUACU";"Demais falhas mecanicas ou elatricas";"Queda de ocupante de veiculo";"Com Vatimas Feridas";"Plena Noite";"Decrescente";"Ceu Claro";"Maltipla";"Reta";"Sim";2;0;2;0;0;0;2;1;-27,53413705;-48,63003205;"SPRF-SC";"DEL01-SC";"UOP01-DEL01-SC"
576504;2024-01-22;"segunda-feira";"20:00:00";"SE";235;16,3;"NOSSA SENHORA DO SOCORRO";"Velocidade Incompatavel";"Saida de leito carrocavel";"Sem Vatimas";"Plena Noite";"Crescente";"Nublado";"Dupla";"Curva;Declive                 ";"Nao";1;0;0;0;0;1;0;1;-10,85292015;-37,19632745;"SPRF-SE";"DEL01-SE";"UOP02-DEL01-SE"
576505;2024-01-22;"segunda-feira";"19:00:00";"SC";101;130,8;"CAMBORIU";"Demais falhas na via";"Tombamento";"Com Vatimas Feridas";"Plena Noite";"Crescente";"Chuva";"Maltipla";"Reta";"Sim";1;0;1;0;0;0;1;1;-26,98407618;-48,66977107;"SPRF-SC";"DEL04-SC";"UOP03-DEL04-SC"
576506;2024-01-22;"segunda-feira";"20:15:00";"MG";381;481;"BETIM";"Ausancia de Reacao do condutor";"Colisao traseira";"Com Vatimas Feridas";"Plena Noite";"Crescente";"Ceu Claro";"Dupla";"Reta";"Nao";3;0;2;0;1;0;2;2;-19,95931561;-44,08825597;"SPRF-MG";"DEL01-MG";"UOP03-DEL01-MG"
576508;2024-01-22;"segunda-feira";"20:30:00";"SP";116;220;"GUARULHOS";"Condutor deixou de manter distancia do veiculo da frente";"Colisao traseira";"Com Vatimas Feridas";"Plena Noite";"Decrescente";"Ceu Claro";"Maltipla";"Reta";"Sim";5;0;3;0;1;1;3;3;-23,46472809;-46,49793962;"SPRF-SP";"DEL01-SP";"UOP01-DEL01-SP"
576509;2024-01-22;"segunda-feira";"20:20:00";"PR";376;167,2;"MARINGA";"Avarias e/ou desgaste excessivo no pneu";"Saida de leito carrocavel";"Com Vatimas Feridas";"Plena Noite";"Crescente";"Chuva";"Dupla";"Declive";"Nao";1;0;1;0;0;0;1;1;-23,36838484;-52,06572891;"SPRF-PR";"DEL09-PR";"UOP01-DEL09-PR"
576512;2024-01-20;"sabado";"07:30:00";"MS";262;696;"CORUMBA";"Condutor Dormindo";"Saida de leito carrocavel";"Com Vatimas Feridas";"Pleno dia";"Decrescente";"Ceu Claro";"Simples";"Reta";"Nao";2;0;1;0;1;0;1;1;-19,56100781;-57,34202404;"SPRF-MS";"DEL03-MS";"UOP03-DEL03-MS"
576513;2024-01-22;"segunda-feira";"21:20:00";"DF";40;5;"BRASILIA";"Ausancia de Reacao do condutor";"Colisao traseira";"Sem Vatimas";"Plena Noite";"Crescente";"Nublado";"Dupla";"Reta";"Sim";2;0;0;0;1;1;0;2;-16,020903;-47,980541;"SPRF-DF";"DEL01-DF";"UOP01-DEL01-DF"
576515;2024-01-22;"segunda-feira";"17:05:00";"RJ";101;423,6;"MANGARATIBA";"Avarias e/ou desgaste excessivo no pneu";"Colisao frontal";"Com Vatimas Fatais";"Pleno dia";"Crescente";"Chuva";"Simples";"Declive;Curva                 ";"Nao";6;1;1;1;3;0;2;4;-22,91801286;-43,94820686;"SPRF-RJ";"DEL03-RJ";"UOP02-DEL03-RJ"
576516;2024-01-22;"segunda-feira";"20:50:00";"MS";163;548;"BANDEIRANTES";"Acessar a via sem observar a presenca dos outros veiculos";"Colisao transversal";"Com Vatimas Feridas";"Plena Noite";"Crescente";"Ceu Claro";"Simples";"Rotataria;Reta;Interseaao de V";"Sim";3;0;1;0;2;0;1;2;-19,91869106;-54,36860922;"SPRF-MS";"DEL01-MS";"UOP02-DEL01-MS"
576518;2024-01-22;"segunda-feira";"20:45:00";"RS";290;48,8;"GLORINHA";"Avarias e/ou desgaste excessivo no pneu";"Tombamento";"Com Vatimas Feridas";"Plena Noite";"Crescente";"Ceu Claro";"Dupla";"Reta";"Nao";2;0;2;0;0;0;2;1;-29,8986;-50,739178;"SPRF-RS";"DEL03-RS";"UOP01-DEL03-RS"
576519;2024-01-21;"domingo";"23:30:00";"AL";423;105;"DELMIRO GOUVEIA";"Manobra de mudanaa de faixa";"Colisao frontal";"Com Vatimas Fatais";"Plena Noite";"Decrescente";"Ceu Claro";"Simples";"Reta";"Nao";3;1;2;0;0;0;2;2;-9,41357611;-38,19565166;"SPRF-BA";"DEL07-BA";"UOP01-DEL07-BA"
576520;2024-01-22;"segunda-feira";"19:30:00";"BA";324;622;"SALVADOR";"Reacao tardia ou ineficiente do condutor";"Tombamento";"Com Vatimas Feridas";"Plena Noite";"Decrescente";"Ceu Claro";"Dupla";"Reta";"Sim";2;0;2;0;0;0;2;1;-12,91888605;-38,46502095;"SPRF-BA";"DEL01-BA";"UOP01-DEL01-BA"