"id";"data_inversa";"dia_semana";"horario";"uf";"br";"km";"municipio";"causa_acidente";"tipo_acidente";"classificacao_acidente";"fase_dia";"sentido_via";"condicao_metereologica";"tipo_pista";"tracado_via";"uso_solo";"pessoas";"mortos";"feridos_leves";"feridos_graves";"ilesos";"ignorados";"feridos";"veiculos";"latitude";"longitude";"regional";"delegacia";"uop"
576521;2024-01-22;"segunda-feira";"21:40:00";"RS";116;265;"CANOAS";"Conversao proibida";"Colisao transversal";"Com Vatimas Feridas";"Plena Noite";"Decrescente";"Ceu Claro";"Dupla";"Reta";"Sim";3;0;1;0;1;1;1;3;-29,93028974;-51,17738069;"SPRF-RS";"DEL01-RS";"UOP01-DEL01-RS"
576522;2024-01-22;"segunda-feira";"14:30:00";"PA";155;250;"ELDORADO DO CARAJAS";"Ingestao de alcool pelo condutor";"Colisao lateral mesmo sentido";"Com Vatimas Feridas";"Pleno dia";"Decrescente";"Ceu Claro";"Simples";"Interseaao de Vias";"Sim";3;0;1;0;2;0;1;2;-6,105512;-49,355614;"SPRF-PA";"DEL03-PA";"UOP01-DEL03-PA"
576525;2024-01-22;"segunda-feira";"22:03:00";"SP";116;229;"SAO PAULO";"Reacao tardia ou ineficiente do condutor";"Colisao lateral mesmo sentido";"Com Vatimas Feridas";"Plena Noite";"Decrescente";"Nublado";"Maltipla";"Reta";"Sim";2;0;0;1;0;1;1;2;-23,51291902;-46,57604698;"SPRF-SP";"DEL01-SP";"UOP01-DEL01-SP"
576526;2024-01-22;"segunda-feira";"11:30:00";"MG";251;365,3;"PADRE CARVALHO";"Reacao tardia ou ineficiente do condutor";"Capotamento";"Com Vatimas Feridas";"Pleno dia";"Decrescente";"Ceu Claro";"Simples";"Reta";"Nao";1;0;1;0;0;0;1;1;-16,2666249;-42,64514704;"SPRF-MG";"DEL12-MG";"UOP02-DEL12-MG"
576527;2024-01-22;"segunda-feira";"21:15:00";"SC";101;436,6;"SOMBRIO";"Ausancia de Reacao do condutor";"Colisao traseira";"Com Vatimas Feridas";"Plena Noite";"Decrescente";"Nublado";"Maltipla";"Declive;Reta                  ";"Sim";3;0;2;0;0;1;2;2;-29,09949414;-49,63480552;"SPRF-SC";"DEL02-SC";"UOP02-DEL02-SC"
576528;2024-01-22;"segunda-feira";"22:10:00";"RS";290;574;"ALEGRETE";"Ausancia de Reacao do condutor";"Saida de leito carrocavel";"Com Vatimas Feridas";"Plena Noite";"Crescente";"Ceu Claro";"Simples";"Reta;Interseaao de Vias;Rotata";"Sim";2;0;2;0;0;0;2;1;-29,822521;-55,719505;"SPRF-RS";"DEL13-RS";"UOP02-DEL13-RS"
576530;2024-01-22;"segunda-feira";"22:35:00";"RJ";40;106;"DUQUE DE CAXIAS";"Chuva";"Saida de leito carrocavel";"Com Vatimas Feridas";"Plena Noite";"Crescente";"Chuva";"Dupla";"Reta";"Sim";1;0;1;0;0;0;1;1;-22,64679;-43,283726;"SPRF-RJ";"DEL01-RJ";"UOP02-DEL01-RJ"
576533;2024-01-22;"segunda-feira";"23:25:00";"SC";101;142;"ITAPEMA";"Velocidade Incompatavel";"Colisao traseira";"Com Vatimas Feridas";"Plena Noite";"Crescente";"Chuva";"Dupla";"Reta";"Sim";3;0;1;0;2;0;1;2;-27,056089;-48,599449;"SPRF-SC";"DEL04-SC";"UOP03-DEL04-SC"
576534;2024-01-22;"segunda-feira";"23:30:00";"AL";316;269;"SATUBA";"Retorno proibido";"Colisao transversal";"Com Vatimas Feridas";"Plena Noite";"Crescente";"Ceu Claro";"Simples";"Reta";"Sim";2;0;0;1;1;0;1;2;-9,57589005;-35,83163597;"SPRF-AL";"DEL02-AL";"UOP01-DEL02-AL"
576535;2024-01-23;"terça-feira";"00:30:00";"PE";232;5;"RECIFE";"Condutor Dormindo";"Saida de leito carrocavel";"Com Vatimas Fatais";"Plena Noite";"Decrescente";"Nublado";"Maltipla";"Reta";"Nao";5;1;0;4;0;0;4;1;-8,069611;-34,949186;"SPRF-PE";"DEL01-PE";"UOP01-DEL01-PE"
576536;2024-01-22;"segunda-feira";"23:30:00";"SC";101;87;"BARRA VELHA";"Reacao tardia ou ineficiente do condutor";"Atropelamento de Pedestre";"Com Vatimas Feridas";"Plena Noite";"Crescente";"Ceu Claro";"Dupla";"Interseaao de Vias;Aclive     ";"Sim";2;0;1;0;1;0;1;2;-26,63713377;-48,69651057;"SPRF-SC";"DEL03-SC";"UOP02-DEL03-SC"
576537;2024-01-22;"segunda-feira";"18:30:00";"SC";101;461,8;"PASSO DE TORRES";"Reacao tardia ou ineficiente do condutor";"Saida de leito carrocavel";"Sem Vatimas";"Pleno dia";"Decrescente";"Ceu Claro";"Dupla";"Reta";"Nao";1;0;0;0;1;0;0;1;-29,26681993;-49,75517865;"SPRF-RS";"DEL03-RS";"UOP02-DEL03-RS"
576539;2024-01-23;"terça-feira";"00:10:00";"SC";101;202,8;"SAO JOSE";"Reacao tardia ou ineficiente do condutor";"Saida de leito carrocavel";"Sem Vatimas";"Plena Noite";"Crescente";"Chuva";"Dupla";"Reta";"Sim";5;0;0;0;1;4;0;2;-27,56329607;-48,61553997;"SPRF-SC";"DEL01-SC";"UOP01-DEL01-SC"
576540;2024-01-23;"terça-feira";"02:20:00";"GO";40;89;"CRISTALINA";"Condutor Dormindo";"Saida de leito carrocavel";"Com Vatimas Feridas";"Plena Noite";"Decrescente";"Ceu Claro";"Simples";"Reta";"Nao";1;0;1;0;0;0;1;1;-16,720475;-47,652061;"SPRF-DF";"DEL01-DF";"UOP02-DEL01-DF"
576542;2024-01-23;"terça-feira";"00:10:00";"SC";101;112;"NAVEGANTES";"Avarias e/ou desgaste excessivo no pneu";"Tombamento";"Com Vatimas Feridas";"Plena Noite";"Decrescente";"Chuva";"Dupla";"Interseaao de Vias";"Nao";2;0;1;0;1;0;1;1;-26,84589005;-48,72131295;"SPRF-SC";"DEL04-SC";"UOP04-DEL04-SC"
576543;2024-01-23;"terça-feira";"04:00:00";"RJ";101;68;"CAMPOS DOS GOYTACAZES";"Ausancia de Reacao do condutor";"Colisao traseira";"Com Vatimas Feridas";"Plena Noite";"Decrescente";"Ceu Claro";"Simples";"Reta";"Sim";6;0;0;4;2;0;4;2;-21,76751094;-41,34876249;"SPRF-RJ";"DEL08-RJ";"UOP02-DEL08-RJ"
576546;2024-01-23;"terça-feira";"05:30:00";"RJ";101;69,5;"CAMPOS DOS GOYTACAZES";"Demais falhas mecanicas ou elatricas";"Tombamento";"Com Vatimas Feridas";"Amanhecer";"Crescente";"Ceu Claro";"Simples";"Reta";"Sim";2;0;0;1;1;0;1;1;-21,77624383;-41,3653321;"SPRF-RJ";"DEL08-RJ";"UOP02-DEL08-RJ"
576549;2024-01-22;"segunda-feira";"23:30:00";"GO";153;516;"APARECIDA DE GOIANIA";"Condutor Dormindo";"Saida de leito carrocavel";"Com Vatimas Feridas";"Plena Noite";"Decrescente";"Nublado";"Dupla";"Aclive";"Nao";1;0;0;1;0;0;1;1;-16,8504;-49,2473;"SPRF-GO";"DEL01-GO";"UOP03-DEL01-GO"
576551;2024-01-23;"terça-feira";"06:45:00";"PR";376;164,6;"MARINGA";"Demais falhas mecanicas ou elatricas";"Queda de ocupante de veiculo";"Com Vatimas Feridas";"Pleno dia";"Crescente";"Nublado";"Dupla";"Reta";"Nao";1;0;1;0;0;0;1;1;-23,37961146;-52,03977406;"SPRF-PR";"DEL09-PR";"UOP01-DEL09-PR"
576552;2024-01-23;"terça-feira";"06:00:00";"BA";116;380;"SANTA BARBARA";"Ausancia de Reacao do condutor";"Saida de leito carrocavel";"Com Vatimas Feridas";"Amanhecer";"Crescente";"Nublado";"Simples";"Declive";"Nao";1;0;1;0;0;0;1;1;-11,88482156;-38,97949219;"SPRF-BA";"DEL02-BA";"UOP01-DEL02-BA"
576553;2024-01-23;"terça-feira";"06:00:00";"RJ";101;498;"ANGRA DOS REIS";"Velocidade Incompatavel";"Colisao com objeto";"Com Vatimas Feridas";"Pleno dia";"Crescente";"Nublado";"Simples";"Curva";"Nao";2;0;0;1;1;0;1;1;-22,916036;-44,342848;"SPRF-RJ";"DEL03-RJ";"UOP03-DEL03-RJ"
576556;2024-01-23;"terça-feira";"05:40:00";"MG";381;681,5;"PERDOES";"Avarias e/ou desgaste excessivo no pneu";"Queda de ocupante de veiculo";"Com Vatimas Feridas";"Pleno dia";"Crescente";"Nublado";"Dupla";"Curva";"Nao";2;0;2;0;0;0;2;1;-21,16168571;-45,12045619;"SPRF-MG";"DEL04-MG";"UOP02-DEL04-MG"
576557;2024-01-22;"segunda-feira";"22:15:00";"PR";376;489;"PONTA GROSSA";"Chuva";"Colisao com objeto";"Sem Vatimas";"Plena Noite";"Decrescente";"Chuva";"Dupla";"Reta";"Sim";1;0;0;0;0;1;0;1;-25,14172584;-50,1586859;"SPRF-PR";"DEL03-PR";"UOP04-DEL03-PR"
576559;2024-01-23;"terça-feira";"06:50:00";"SP";116;219;"GUARULHOS";"Reacao tardia ou ineficiente do condutor";"Colisao lateral mesmo sentido";"Com Vatimas Feridas";"Pleno dia";"Crescente";"Chuva";"Maltipla";"Reta";"Sim";2;0;1;0;1;0;1;2;-23,46143954;-46,48885316;"SPRF-SP";"DEL01-SP";"UOP01-DEL01-SP"
576564;2024-01-23;"terça-feira";"07:00:00";"SP";116;210;"GUARULHOS";"Reacao tardia ou ineficiente do condutor";"Colisao lateral mesmo sentido";"Com Vatimas Feridas";"Pleno dia";"Crescente";"Nublado";"Maltipla";"Aclive";"Sim";2;0;1;0;0;1;1;2;-23,42870023;-46,41085991;"SPRF-SP";"DEL01-SP";"UOP01-DEL01-SP"
576565;2024-01-23;"terça-feira";"07:50:00";"PR";369;149,9;"LONDRINA";"Condutor deixou de manter distancia do veiculo da frente";"Colisao traseira";"Com Vatimas Feridas";"Pleno dia";"Crescente";"Garoa/Chuvisco";"Dupla";"Reta";"Sim";5;0;0;1;4;0;1;2;-23,29284;-51,160454;"SPRF-PR";"DEL07-PR";"UOP01-DEL07-PR"
576567;2024-01-23;"terça-feira";"06:30:00";"PR";116;51;"CAMPINA GRANDE DO SUL";"Reacao tardia ou ineficiente do condutor";"Saida de leito carrocavel";"Com Vatimas Feridas";"Pleno dia";"Decrescente";"Garoa/Chuvisco";"Dupla";"Curva";"Nao";1;0;1;0;0;0;1;1;-25,24249703;-48,90292205;"SPRF-PR";"DEL01-PR";"UOP02-DEL01-PR"
576570;2024-01-23;"terça-feira";"08:30:00";"RJ";101;312;"SAO GONCALO";"Avarias e/ou desgaste excessivo no pneu";"Tombamento";"Com Vatimas Feridas";"Pleno dia";"Crescente";"Nublado";"Dupla";"Reta";"Nao";2;0;1;0;1;0;1;1;-22,80546555;-43,06156967;"SPRF-RJ";"DEL02-RJ";"UOP02-DEL02-RJ"
576571;2024-01-19;"sexta-feira";"12:25:00";"BA";324;621;"SALVADOR";"Chuva";"Tombamento";"Com Vatimas Feridas";"Pleno dia";"Crescente";"Chuva";"Maltipla";"Reta";"Nao";2;0;1;0;0;1;1;2;-12,9254887;-38,4683245;"SPRF-BA";"DEL01-BA";"UOP01-DEL01-BA"
576573;2024-01-23;"terça-feira";"07:00:00";"RO";364;196,5;"PIMENTA BUENO";"Manobra de mudanaa de faixa";"Colisao lateral mesmo sentido";"Com Vatimas Feridas";"Pleno dia";"Crescente";"Ceu Claro";"Simples";"Reta";"Sim";2;0;1;0;1;0;1;2;-11,682385;-61,185785;"SPRF-RO";"DEL02-RO";"UOP02-DEL02-RO"
576574;2024-01-23;"terça-feira";"08:50:00";"GO";60;105;"GOIANAPOLIS";"Velocidade Incompatavel";"Saida de leito carrocavel";"Com Vatimas Feridas";"Pleno dia";"Decrescente";"Nublado";"Dupla";"Declive;Reta                  ";"Nao";2;0;2;0;0;0;2;1;-16,4156;-49,0087;"SPRF-GO";"DEL02-GO";"UOP01-DEL02-GO"
576577;2024-01-23;"terça-feira";"08:00:00";"PE";101;56,7;"PAULISTA";"Reacao tardia ou ineficiente do condutor";"Colisao lateral mesmo sentido";"Com Vatimas Feridas";"Pleno dia";"Crescente";"Ceu Claro";"Dupla";"Reta";"Nao";2;0;1;0;1;0;1;2;-7,9554509;-34,91140727;"SPRF-PE";"DEL01-PE";"UOP02-DEL01-PE"
576579;2024-01-23;"terça-feira";"08:20:00";"RN";101;132,9;"SAO JOSE DE MIPIBU";"Reacao tardia ou ineficiente do condutor";"Saida de leito carrocavel";"Com Vatimas Feridas";"Pleno dia";"Crescente";"Ceu Claro";"Dupla";"Reta";"Nao";1;0;1;0;0;0;1;1;-6,14655198;-35,22722973;"SPRF-RN";"DEL01-RN";"UOP01-DEL01-RN"
576580;2024-01-23;"terça-feira";"09:20:00";"PB";101;108;"ALHANDRA";"Avarias e/ou desgaste excessivo no pneu";"Tombamento";"Com Vatimas Feridas";"Pleno dia";"Decrescente";"Ceu Claro";"Dupla";"Reta";"Sim";2;0;2;0;0;0;2;1;-7,33454898;-34,94758056;"SPRF-PB";"DEL01-PB";"UOP02-DEL01-PB"
576581;2024-01-23;"terça-feira";"07:30:00";"PB";101;89,9;"JOAO PESSOA";"Ausancia de Reacao do condutor";"Tombamento";"Sem Vatimas";"Pleno dia";"Decrescente";"Ceu Claro";"Dupla";"Reta";"Sim";1;0;0;0;0;1;0;1;-7,1710694;-34,89765372;"SPRF-PB";"DEL01-PB";"UOP02-DEL01-PB"
576582;2024-01-23;"terça-feira";"08:02:00";"RJ";101;302;"SAO GONCALO";"Trafegar com motocicleta (ou similar) entre as faixas";"Colisao lateral mesmo sentido";"Com Vatimas Feridas";"Pleno dia";"Crescente";"Chuva";"Dupla";"Reta";"Nao";2;0;1;0;1;0;1;2;-22,78069318;-42,96706396;"SPRF-RJ";"DEL02-RJ";"UOP02-DEL02-RJ"
576583;2024-01-23;"terça-feira";"08:30:00";"RS";448;3;"ESTEIO";"Ausancia de Reacao do condutor";"Colisao traseira";"Com Vatimas Feridas";"Pleno dia";"Crescente";"Sol";"Dupla";"Reta";"Nao";3;0;1;0;2;0;1;3;-29,846483;-51,206802;"SPRF-RS";"DEL01-RS";"UOP02-DEL01-RS"
576584;2024-01-23;"terça-feira";"09:30:00";"RJ";101;57;"CAMPOS DOS GOYTACAZES";"Ausancia de Reacao do condutor";"Engavetamento";"Sem Vatimas";"Pleno dia";"Crescente";"Ceu Claro";"Simples";"Reta";"Nao";4;0;0;0;4;0;0;4;-21,68714199;-41,31063697;"SPRF-RJ";"DEL08-RJ";"UOP01-DEL08-RJ"
576585;2024-01-23;"terça-feira";"08:51:00";"MS";163;224,1;"CAARAPO";"Reacao tardia ou ineficiente do condutor";"Tombamento";"Com Vatimas Feridas";"Pleno dia";"Decrescente";"Nublado";"Simples";"Reta";"Nao";1;0;1;0;0;0;1;1;-22,50919504;-54,86355345;"SPRF-MS";"DEL04-MS";"UOP02-DEL04-MS"
576586;2024-01-23;"terça-feira";"09:56:00";"ES";101;269,4;"SERRA";"Manobra de mudanaa de faixa";"Colisao lateral mesmo sentido";"Com Vatimas Feridas";"Pleno dia";"Crescente";"Nublado";"Maltipla";"Reta";"Sim";2;0;0;1;1;0;1;2;-20,21740496;-40,26990578;"SPRF-ES";"DEL02-ES";"UOP01-DEL02-ES"
576589;2024-01-23;"terça-feira";"07:50:00";"SC";116;15;"MAFRA";"Acesso irregular";"Colisao lateral mesmo sentido";"Com Vatimas Feridas";"Pleno dia";"Decrescente";"Chuva";"Simples";"Reta";"Nao";4;0;3;0;1;0;3;2;-26,20122513;-49,88054366;"SPRF-SC";"DEL06-SC";"UOP01-DEL06-SC"
576598;2024-01-23;"terça-feira";"10:15:00";"PR";163;120;"REALEZA";"Demais falhas mecanicas ou elatricas";"Incendio";"Sem Vatimas";"Pleno dia";"Crescente";"Ceu Claro";"Simples";"Curva";"Nao";1;0;0;0;1;0;0;1;-25,593218;-53,601492;"SPRF-PR";"DEL02-PR";"UOP02-DEL02-PR"
576599;2024-01-23;"terça-feira";"09:40:00";"MA";10;251;"IMPERATRIZ";"Condutor deixou de manter distancia do veiculo da frente";"Colisao traseira";"Sem Vatimas";"Pleno dia";"Decrescente";"Ceu Claro";"Dupla";"Retorno Regulamentado";"Sim";2;0;0;0;2;0;0;2;-5,543249;-47,464447;"SPRF-MA";"DEL04-MA";"UOP01-DEL04-MA"
576602;2024-01-23;"terça-feira";"11:00:00";"MG";381;921;"CAMANDUCAIA";"Ausancia de Reacao do condutor";"Saida de leito carrocavel";"Com Vatimas Feridas";"Pleno dia";"Decrescente";"Chuva";"Dupla";"Curva";"Nao";4;0;1;0;3;0;1;1;-22,7680939;-46,20854399;"SPRF-MG";"DEL16-MG";"UOP03-DEL16-MG"
576607;2024-01-23;"terça-feira";"11:55:00";"RJ";101;330;"RIO DE JANEIRO";"Ausancia de Reacao do condutor";"Colisao traseira";"Com Vatimas Feridas";"Pleno dia";"Crescente";"Chuva";"Dupla";"Reta";"Nao";2;0;1;0;1;0;1;2;-22,8684989;-43,18548699;"SPRF-RJ";"DEL02-RJ";"UOP01-DEL02-RJ"
576609;2024-01-23;"terça-feira";"12:10:00";"PR";116;42;"CAMPINA GRANDE DO SUL";"Chuva";"Saida de leito carrocavel";"Com Vatimas Feridas";"Pleno dia";"Crescente";"Chuva";"Simples";"Curva";"Nao";1;0;1;0;0;0;1;1;-25,17611697;-48,874256;"SPRF-PR";"DEL01-PR";"UOP02-DEL01-PR"
576611;2024-01-23;"terça-feira";"12:30:00";"MG";381;168,1;"GOVERNADOR VALADARES";"Conversao proibida";"Colisao lateral mesmo sentido";"Com Vatimas Feridas";"Pleno dia";"Crescente";"Sol";"Simples";"Reta";"Nao";2;0;0;1;1;0;1;2;-18,98031967;-42,10224929;"SPRF-MG";"DEL06-MG";"UOP01-DEL06-MG"
576612;2024-01-23;"terça-feira";"13:00:00";"RS";285;446,3;"BOZANO";"Ultrapassagem Indevida";"Colisao lateral mesmo sentido";"Sem Vatimas";"Pleno dia";"Decrescente";"Sol";"Simples";"Reta";"Nao";6;0;0;0;6;0;0;2;-28,36455425;-53,79985571;"SPRF-RS";"DEL10-RS";"UOP01-DEL10-RS"
576614;2024-01-20;"sabado";"13:30:00";"PR";369;172,7;"ROLANDIA";"Acessar a via sem observar a presenca dos outros veiculos";"Colisao transversal";"Com Vatimas Feridas";"Pleno dia";"Crescente";"Ceu Claro";"Simples";"Curva";"Sim";2;0;1;0;1;0;1;2;-23,30761031;-51,36665225;"SPRF-PR";"DEL07-PR";"UOP01-DEL07-PR"
576615;2024-01-05;"sexta-feira";"07:20:00";"BA";101;701;"EUNAPOLIS";"Transitar na contramao";"Colisao frontal";"Com Vatimas Feridas";"Pleno dia";"Crescente";"Nublado";"Simples";"Curva";"Nao";3;0;0;1;2;0;1;2;-16,42076704;-39,58420037;"SPRF-BA";"DEL09-BA";"UOP01-DEL09-BA"
576616;2024-01-23;"terça-feira";"12:00:00";"SC";153;97,2;"CONCORDIA";"Acessar a via sem observar a presenca dos outros veiculos";"Colisao transversal";"Com Vatimas Feridas";"Pleno dia";"Decrescente";"Ceu Claro";"Simples";"Reta";"Sim";3;0;2;0;1;0;2;2;-27,220152;-51,948879;"SPRF-SC";"DEL07-SC";"UOP04-DEL07-SC"
576617;2024-01-23;"terça-feira";"12:50:00";"PR";476;118;"COLOMBO";"Reacao tardia ou ineficiente do condutor";"Colisao lateral mesmo sentido";"Com Vatimas Feridas";"Pleno dia";"Decrescente";"Nublado";"Dupla";"Reta;Declive;Interseaao de Via";"Sim";2;0;1;0;1;0;1;2;-25,35634;-49,180828;"SPRF-PR";"DEL01-PR";"UOP01-DEL01-PR"
576619;2024-01-23;"terça-feira";"13:30:00";"GO";60;100;"ANAPOLIS";"Acessar a via sem observar a presenca dos outros veiculos";"Colisao lateral mesmo sentido";"Sem Vatimas";"Pleno dia";"Crescente";"Garoa/Chuvisco";"Dupla";"Retorno Regulamentado";"Sim";2;0;0;0;2;0;0;2;-16,3979;-48,9664;"SPRF-GO";"DEL02-GO";"UOP01-DEL02-GO"
576621;2024-01-23;"terça-feira";"11:30:00";"RS";290;151;"ARROIO DOS RATOS";"Manobra de mudanaa de faixa";"Colisao lateral mesmo sentido";"Com Vatimas Feridas";"Pleno dia";"Decrescente";"Ceu Claro";"Simples";"Interseaao de Vias;Reta       ";"Sim";3;0;2;0;1;0;2;2;-30,10574423;-51,7111659;"SPRF-RS";"DEL02-RS";"UOP01-DEL02-RS"
576622;2024-01-23;"terça-feira";"13:15:00";"PE";424;97;"GARANHUNS";"Conversao proibida";"Colisao lateral mesmo sentido";"Com Vatimas Feridas";"Pleno dia";"Decrescente";"Ceu Claro";"Simples";"Reta";"Nao";2;0;1;0;0;1;1;2;-8,93478014;-36,50438092;"SPRF-PE";"DEL03-PE";"UOP01-DEL03-PE"
576623;2024-01-23;"terça-feira";"12:05:00";"RJ";465;21,5;"NOVA IGUACU";"Acesso irregular";"Colisao frontal";"Com Vatimas Feridas";"Pleno dia";"Crescente";"Chuva";"Simples";"Reta";"Sim";2;0;1;0;1;0;1;2;-22,854782;-43,601933;"SPRF-RJ";"DEL06-RJ";"UOP02-DEL06-RJ"
576624;2024-01-23;"terça-feira";"11:55:00";"MG";381;528;"ITATIAIUCU";"Ausancia de Reacao do condutor";"Saida de leito carrocavel";"Com Vatimas Feridas";"Pleno dia";"Decrescente";"Sol";"Dupla";"Curva";"Nao";1;0;1;0;0;0;1;1;-20,16368096;-44,36025002;"SPRF-MG";"DEL04-MG";"UOP03-DEL04-MG"
576627;2024-01-23;"terça-feira";"14:10:00";"PA";316;21;"BENEVIDES";"Acessar a via sem observar a presenca dos outros veiculos";"Colisao transversal";"Com Vatimas Feridas";"Pleno dia";"Crescente";"Ceu Claro";"Dupla";"Retorno Regulamentado;Reta    ";"Sim";3;0;2;0;1;0;2;2;-1,36097138;-48,26241527;"SPRF-PA";"DEL01-PA";"UOP01-DEL01-PA"
576631;2024-01-23;"terça-feira";"10:30:00";"PR";153;66;"GUAPIRAMA";"Pista Escorregadia";"Capotamento";"Com Vatimas Feridas";"Pleno dia";"Crescente";"Nublado";"Simples";"Reta";"Nao";1;0;1;0;0;0;1;1;-23,49050627;-50,10583214;"SPRF-PR";"DEL07-PR";"UOP04-DEL07-PR"
576633;2024-01-23;"terça-feira";"15:00:00";"MG";40;805,6;"MATIAS BARBOSA";"Velocidade Incompatavel";"Saida de leito carrocavel";"Com Vatimas Feridas";"Pleno dia";"Crescente";"Chuva";"Dupla";"Curva";"Nao";1;0;1;0;0;0;1;1;-21,86534291;-43,36765294;"SPRF-MG";"DEL05-MG";"UOP01-DEL05-MG"
576635;2024-01-23;"terça-feira";"10:20:00";"RJ";116;148;"DUQUE DE CAXIAS";"Pista Escorregadia";"Tombamento";"Com Vatimas Feridas";"Pleno dia";"Crescente";"Nublado";"Dupla";"Curva;Declive                 ";"Sim";3;0;1;1;1;0;2;2;-22,6723488;-43,28215398;"SPRF-RJ";"DEL01-RJ";"UOP02-DEL01-RJ"
576636;2024-01-23;"terça-feira";"14:45:00";"PR";116;38;"CAMPINA GRANDE DO SUL";"Reacao tardia ou ineficiente do condutor";"Colisao com objeto";"Com Vatimas Feridas";"Pleno dia";"Decrescente";"Chuva";"Dupla";"Curva";"Nao";2;0;1;0;1;0;1;1;-25,14802509;-48,85922071;"SPRF-PR";"DEL01-PR";"UOP02-DEL01-PR"
576639;2024-01-23;"terça-feira";"14:50:00";"PR";116;38;"CAMPINA GRANDE DO SUL";"Chuva";"Saida de leito carrocavel";"Com Vatimas Feridas";"Pleno dia";"Decrescente";"Chuva";"Dupla";"Curva";"Nao";2;0;1;0;1;0;1;1;-25,14802509;-48,85922071;"SPRF-PR";"DEL01-PR";"UOP02-DEL01-PR"
576643;2024-01-23;"terça-feira";"15:00:00";"SC";101;212,8;"PALHOCA";"Manobra de mudanaa de faixa";"Colisao lateral mesmo sentido";"Sem Vatimas";"Pleno dia";"Decrescente";"Nublado";"Dupla";"Reta";"Nao";2;0;0;0;1;1;0;2;-27,62996929;-48,65903871;"SPRF-SC";"DEL01-SC";"UOP02-DEL01-SC"
576644;2024-01-23;"terça-feira";"12:05:00";"PR";376;279;"MARILANDIA DO SUL";"Acumulo de agua sobre o pavimento";"Colisao com objeto";"Sem Vatimas";"Pleno dia";"Decrescente";"Chuva";"Dupla";"Reta";"Nao";1;0;0;0;1;0;0;1;-23,81343594;-51,26508236;"SPRF-PR";"DEL07-PR";"UOP02-DEL07-PR"
576646;2024-01-23;"terça-feira";"15:00:00";"PA";230;122;"MARABA";"Reacao tardia ou ineficiente do condutor";"Colisao lateral mesmo sentido";"Sem Vatimas";"Pleno dia";"Crescente";"Ceu Claro";"Dupla";"Reta";"Sim";3;0;0;0;3;0;0;2;-5,36137537;-49,12376139;"SPRF-PA";"DEL03-PA";"UOP01-DEL03-PA"
576647;2024-01-23;"terça-feira";"13:30:00";"RJ";116;293;"BARRA MANSA";"Reacao tardia ou ineficiente do condutor";"Colisao traseira";"Com Vatimas Feridas";"Pleno dia";"Crescente";"Chuva";"Dupla";"Reta";"Nao";2;0;1;0;1;0;1;2;-22,45745983;-44,29161274;"SPRF-RJ";"DEL07-RJ";"UOP02-DEL07-RJ"
576649;2024-01-23;"terça-feira";"15:30:00";"RN";406;169,2;"SAO GONCALO DO AMARANTE";"Entrada inopinada do pedestre";"Atropelamento de Pedestre";"Com Vatimas Feridas";"Pleno dia";"Decrescente";"Ceu Claro";"Dupla";"Reta";"Nao";3;0;1;1;1;0;2;2;-5,75570118;-35,30728507;"SPRF-RN";"DEL02-RN";"UOP01-DEL02-RN"
576650;2024-01-23;"terça-feira";"12:00:00";"AC";317;191;"XAPURI";"Acumulo de areia ou detritos sobre o pavimento";"Capotamento";"Com Vatimas Feridas";"Pleno dia";"Decrescente";"Nublado";"Simples";"Reta";"Nao";4;0;0;4;0;0;4;1;-10,62415795;-68,05025;"SPRF-AC";"DEL01-AC";"UOP02-DEL01-AC"
576651;2024-01-23;"terça-feira";"15:30:00";"PE";407;127,4;"PETROLINA";"Acessar a via sem observar a presenca dos outros veiculos";"Colisao lateral mesmo sentido";"Com Vatimas Feridas";"Pleno dia";"Decrescente";"Ceu Claro";"Simples";"Reta";"Sim";2;0;1;0;0;1;1;2;-9,3908678;-40,52038627;"SPRF-PE";"DEL06-PE";"UOP01-DEL06-PE"
576652;2024-01-23;"terça-feira";"15:30:00";"SC";282;431,2;"VARGEM BONITA";"Acumulo de areia ou detritos sobre o pavimento";"Colisao com objeto";"Sem Vatimas";"Pleno dia";"Decrescente";"Ceu Claro";"Simples";"Reta";"Nao";2;0;0;0;2;0;0;1;-26,97927012;-51,79985046;"SPRF-SC";"DEL07-SC";"UOP05-DEL07-SC"
576653;2024-01-23;"terça-feira";"15:20:00";"MG";459;95,4;"POUSO ALEGRE";"Chuva";"Saida de leito carrocavel";"Com Vatimas Feridas";"Pleno dia";"Crescente";"Chuva";"Simples";"Curva";"Nao";3;0;1;1;1;0;2;1;-22,201531;-45,96510172;"SPRF-MG";"DEL09-MG";"UOP01-DEL09-MG"
576654;2024-01-23;"terça-feira";"09:50:00";"SP";153;257,7;"MARILIA";"Ausancia de Reacao do condutor";"Saida de leito carrocavel";"Com Vatimas Feridas";"Pleno dia";"Decrescente";"Ceu Claro";"Dupla";"Reta";"Sim";1;0;1;0;0;0;1;1;-22,24691225;-49,92049031;"SPRF-SP";"DEL07-SP";"UOP02-DEL07-SP"
576655;2024-01-23;"terça-feira";"13:30:00";"RS";386;160;"ALMIRANTE TAMANDARE DO SUL";"Ausancia de Reacao do condutor";"Saida de leito carrocavel";"Com Vatimas Feridas";"Pleno dia";"Crescente";"Ceu Claro";"Simples";"Aclive;Curva                  ";"Nao";1;0;1;0;0;0;1;1;-28,158697;-52,8442;"SPRF-RS";"DEL08-RS";"UOP01-DEL08-RS"