"id";"data_inversa";"dia_semana";"horario";"uf";"br";"km";"municipio";"causa_acidente";"tipo_acidente";"classificacao_acidente";"fase_dia";"sentido_via";"condicao_metereologica";"tipo_pista";"tracado_via";"uso_solo";"pessoas";"mortos";"feridos_leves";"feridos_graves";"ilesos";"ignorados";"feridos";"veiculos";"latitude";"longitude";"regional";"delegacia";"uop"
576802;2024-01-24;"quarta-feira";"05:25:00";"MG";40;203,8;"JOAO PINHEIRO";"Acumulo de agua sobre o pavimento";"Colisao com objeto";"Com Vatimas Fatais";"Amanhecer";"Decrescente";"Chuva";"Simples";"Reta;Declive                  ";"Nao";5;1;3;0;1;0;3;1;-17,99232915;-45,79149287;"SPRF-MG";"DEL14-MG";"UOP02-DEL14-MG"
576804;2024-01-24;"quarta-feira";"12:20:00";"BA";324;626,2;"SALVADOR";"Avarias e/ou desgaste excessivo no pneu";"Queda de ocupante de veiculo";"Com Vatimas Feridas";"Pleno dia";"Crescente";"Sol";"Dupla";"Reta";"Nao";1;0;1;0;0;0;1;1;-12,95020997;-38,47073108;"SPRF-BA";"DEL01-BA";"UOP01-DEL01-BA"
576805;2024-01-24;"quarta-feira";"12:50:00";"MG";50;78,6;"UBERLANDIA";"Ausancia de Reacao do condutor";"Colisao traseira";"Com Vatimas Feridas";"Pleno dia";"Crescente";"Ceu Claro";"Dupla";"Reta";"Nao";2;0;1;0;1;0;1;2;-18,986906;-48,211853;"SPRF-MG";"DEL15-MG";"UOP01-DEL15-MG"
576806;2024-01-24;"quarta-feira";"09:30:00";"SC";280;139,9;"RIO NEGRINHO";"Velocidade Incompatavel";"Saida de leito carrocavel";"Com Vatimas Feridas";"Pleno dia";"Crescente";"Garoa/Chuvisco";"Simples";"Reta";"Nao";2;0;2;0;0;0;2;1;-26,254826;-49,603124;"SPRF-SC";"DEL06-SC";"UOP03-DEL06-SC"
576807;2024-01-24;"quarta-feira";"12:30:00";"MG";40;525;"CONTAGEM";"Ausancia de Reacao do condutor";"Queda de ocupante de veiculo";"Com Vatimas Feridas";"Pleno dia";"Crescente";"Ceu Claro";"Dupla";"Reta";"Sim";1;0;1;0;0;0;1;1;-19,88361702;-44,05039336;"SPRF-MG";"DEL01-MG";"UOP02-DEL01-MG"
576808;2024-01-24;"quarta-feira";"10:15:00";"GO";60;199,1;"GUAPO";"Acumulo de agua sobre o pavimento";"Saida de leito carrocavel";"Sem Vatimas";"Pleno dia";"Decrescente";"Chuva";"Dupla";"Reta";"Nao";1;0;0;0;0;1;0;1;-16,88309242;-49,6188516;"SPRF-GO";"DEL01-GO";"UOP02-DEL01-GO"
576809;2024-01-24;"quarta-feira";"11:45:00";"MG";251;282;"SALINAS";"Ausancia de Reacao do condutor";"Saida de leito carrocavel";"Com Vatimas Feridas";"Pleno dia";"Crescente";"Nublado";"Simples";"Reta";"Nao";4;0;0;1;3;0;1;1;-16,03732509;-42,12659895;"SPRF-MG";"DEL12-MG";"UOP02-DEL12-MG"
576810;2024-01-24;"quarta-feira";"10:00:00";"MG";262;612,1;"IBIA";"Condutor Dormindo";"Saida de leito carrocavel";"Com Vatimas Feridas";"Pleno dia";"Crescente";"Nublado";"Simples";"Curva";"Nao";1;0;1;0;0;0;1;1;-19,5883;-46,321499;"SPRF-MG";"DEL08-MG";"UOP02-DEL08-MG"
576811;2024-01-24;"quarta-feira";"13:27:00";"ES";101;119;"SOORETAMA";"Ausancia de Reacao do condutor";"Tombamento";"Com Vatimas Feridas";"Pleno dia";"Crescente";"Garoa/Chuvisco";"Simples";"Reta;Declive                  ";"Nao";1;0;1;0;0;0;1;1;-19,13567283;-40,07109336;"SPRF-ES";"DEL04-ES";"UOP01-DEL04-ES"
576812;2024-01-24;"quarta-feira";"13:45:00";"SP";116;214;"GUARULHOS";"Reacao tardia ou ineficiente do condutor";"Colisao traseira";"Com Vatimas Feridas";"Pleno dia";"Crescente";"Nublado";"Maltipla";"Reta";"Sim";2;0;1;0;1;0;1;2;-23,44333014;-46,44531294;"SPRF-SP";"DEL01-SP";"UOP01-DEL01-SP"
576813;2024-01-24;"quarta-feira";"09:40:00";"RS";101;30,5;"TRES CACHOEIRAS";"Ingestao de alcool pelo condutor";"Saida de leito carrocavel";"Sem Vatimas";"Pleno dia";"Decrescente";"Nublado";"Dupla";"Curva";"Nao";1;0;0;0;1;0;0;1;-29,485745;-49,973734;"SPRF-RS";"DEL03-RS";"UOP02-DEL03-RS"
576815;2024-01-24;"quarta-feira";"11:40:00";"RO";364;343;"JI-PARANA";"Reacao tardia ou ineficiente do condutor";"Colisao traseira";"Com Vatimas Feridas";"Pleno dia";"Crescente";"Nublado";"Dupla";"Reta";"Sim";2;0;1;0;1;0;1;2;-10,87878519;-61,94499012;"SPRF-RO";"DEL02-RO";"UOP01-DEL02-RO"
576819;2024-01-24;"quarta-feira";"13:23:00";"RS";392;59;"RIO GRANDE";"Reacao tardia ou ineficiente do condutor";"Colisao com objeto";"Sem Vatimas";"Pleno dia";"Decrescente";"Chuva";"Dupla";"Curva;Ponte                   ";"Nao";1;0;0;0;1;0;0;1;-31,79841635;-52,33697925;"SPRF-RS";"DEL07-RS";"UOP02-DEL07-RS"
576820;2024-01-24;"quarta-feira";"12:00:00";"TO";153;497,5;"PARAISO DO TOCANTINS";"Acessar a via sem observar a presenca dos outros veiculos";"Colisao lateral sentido oposto";"Com Vatimas Feridas";"Pleno dia";"Crescente";"Ceu Claro";"Simples";"Reta;Declive                  ";"Nao";2;0;1;0;1;0;1;2;-10,17907011;-48,88066828;"SPRF-TO";"DEL01-TO";"UOP01-DEL01-TO"
576824;2024-01-24;"quarta-feira";"13:45:00";"PE";428;191;"PETROLINA";"Condutor deixou de manter distancia do veiculo da frente";"Colisao traseira";"Sem Vatimas";"Pleno dia";"Decrescente";"Ceu Claro";"Simples";"Reta";"Sim";2;0;0;0;2;0;0;2;-9,37766429;-40,50269795;"SPRF-PE";"DEL06-PE";"UOP01-DEL06-PE"
576825;2024-01-24;"quarta-feira";"14:15:00";"MG";40;757,1;"EWBANK DA CAMARA";"Velocidade Incompatavel";"Saida de leito carrocavel";"Com Vatimas Feridas";"Pleno dia";"Decrescente";"Chuva";"Simples";"Curva";"Nao";3;0;1;0;2;0;1;1;-21,50323045;-43,53179519;"SPRF-MG";"DEL05-MG";"UOP01-DEL05-MG"
576828;2024-01-24;"quarta-feira";"11:00:00";"PR";376;657;"TIJUCAS DO SUL";"Ausancia de Reacao do condutor";"Saida de leito carrocavel";"Com Vatimas Feridas";"Pleno dia";"Crescente";"Garoa/Chuvisco";"Dupla";"Curva";"Nao";4;0;4;0;0;0;4;1;-25,85232468;-49,03032776;"SPRF-PR";"DEL01-PR";"UOP04-DEL01-PR"
576829;2024-01-24;"quarta-feira";"13:40:00";"PR";153;462,6;"PORTO VITORIA";"Acessar a via sem observar a presenca dos outros veiculos";"Colisao transversal";"Com Vatimas Feridas";"Pleno dia";"Crescente";"Chuva";"Simples";"Aclive;Reta                   ";"Nao";4;0;0;1;2;1;1;3;-26,25100541;-51,16238889;"SPRF-PR";"DEL02-PR";"UOP03-DEL02-PR"
576830;2024-01-24;"quarta-feira";"14:30:00";"PB";230;117,3;"INGA";"Ausancia de Reacao do condutor";"Colisao com objeto";"Com Vatimas Feridas";"Pleno dia";"Decrescente";"Sol";"Dupla";"Retorno Regulamentado;Reta    ";"Nao";2;0;1;0;1;0;1;2;-7,241158;-35,622272;"SPRF-PB";"DEL02-PB";"UOP01-DEL02-PB"
576831;2024-01-24;"quarta-feira";"14:00:00";"SP";116;398;"MIRACATU";"Acumulo de agua sobre o pavimento";"Saida de leito carrocavel";"Com Vatimas Feridas";"Pleno dia";"Decrescente";"Chuva";"Dupla";"Reta";"Nao";2;0;2;0;0;0;2;1;-24,30085222;-47,48456072;"SPRF-SP";"DEL04-SP";"UOP02-DEL04-SP"
576833;2024-01-24;"quarta-feira";"14:15:00";"RJ";101;452,2;"MANGARATIBA";"Ausancia de Reacao do condutor";"Colisao com objeto";"Com Vatimas Fatais";"Pleno dia";"Crescente";"Nublado";"Simples";"Reta;Em Obras                 ";"Nao";1;1;0;0;0;0;0;1;-23,03179764;-44,13196391;"SPRF-RJ";"DEL03-RJ";"UOP02-DEL03-RJ"
576834;2024-01-24;"quarta-feira";"15:00:00";"SP";116;283,5;"EMBU DAS ARTES";"Acessar a via sem observar a presenca dos outros veiculos";"Colisao transversal";"Com Vatimas Feridas";"Pleno dia";"Crescente";"Nublado";"Dupla";"Reta";"Sim";2;0;2;0;0;0;2;2;-23,69297005;-46,86352786;"SPRF-SP";"DEL04-SP";"UOP01-DEL04-SP"
576835;2024-01-24;"quarta-feira";"07:40:00";"MG";116;416;"GOVERNADOR VALADARES";"Acessar a via sem observar a presenca dos outros veiculos";"Colisao transversal";"Com Vatimas Feridas";"Pleno dia";"Crescente";"Nublado";"Simples";"Reta";"Sim";3;0;1;0;1;1;1;3;-18,89215187;-41,94699543;"SPRF-MG";"DEL06-MG";"UOP01-DEL06-MG"
576836;2024-01-24;"quarta-feira";"15:45:00";"SE";235;0;"ARACAJU";"Manobra de mudanaa de faixa";"Colisao lateral mesmo sentido";"Com Vatimas Feridas";"Pleno dia";"Crescente";"Nublado";"Dupla";"Curva";"Sim";2;0;1;0;1;0;1;2;-10,9087;-37,0855;"SPRF-SE";"DEL01-SE";"UOP01-DEL01-SE"
576838;2024-01-24;"quarta-feira";"16:00:00";"SC";101;289;"IMBITUBA";"Reacao tardia ou ineficiente do condutor";"Colisao traseira";"Sem Vatimas";"Pleno dia";"Crescente";"Chuva";"Maltipla";"Reta;Aclive                   ";"Nao";2;0;0;0;2;0;0;2;-28,27974902;-48,70121777;"SPRF-SC";"DEL02-SC";"UOP03-DEL02-SC"
576839;2024-01-24;"quarta-feira";"16:15:00";"SC";101;175;"BIGUACU";"Pista Escorregadia";"Saida de leito carrocavel";"Com Vatimas Feridas";"Pleno dia";"Decrescente";"Ceu Claro";"Dupla";"Curva";"Nao";4;0;2;0;2;0;2;1;-27,33963303;-48,62734885;"SPRF-SC";"DEL01-SC";"UOP01-DEL01-SC"
576842;2024-01-24;"quarta-feira";"15:00:00";"RJ";101;318;"SAO GONCALO";"Manobra de mudanaa de faixa";"Colisao lateral sentido oposto";"Com Vatimas Feridas";"Pleno dia";"Decrescente";"Chuva";"Dupla";"Reta";"Nao";2;0;1;0;1;0;1;2;-22,84562994;-43,09841211;"SPRF-RJ";"DEL02-RJ";"UOP02-DEL02-RJ"
576845;2024-01-24;"quarta-feira";"16:20:00";"RS";290;94,9;"PORTO ALEGRE";"Demais falhas mecanicas ou elatricas";"Colisao traseira";"Com Vatimas Feridas";"Pleno dia";"Crescente";"Nublado";"Maltipla";"Reta";"Nao";4;0;3;1;0;0;4;2;-29,973856;-51,197853;"SPRF-RS";"DEL01-RS";"UOP01-DEL01-RS"
576846;2024-01-24;"quarta-feira";"16:15:00";"SP";116;476,5;"JACUPIRANGA";"Ultrapassagem Indevida";"Colisao lateral mesmo sentido";"Com Vatimas Feridas";"Pleno dia";"Decrescente";"Chuva";"Simples";"Reta";"Sim";2;0;1;0;1;0;1;2;-24,6928255;-47,99567352;"SPRF-SP";"DEL05-SP";"UOP01-DEL05-SP"
576847;2024-01-24;"quarta-feira";"12:30:00";"SC";101;437;"SOMBRIO";"Avarias e/ou desgaste excessivo no pneu";"Saida de leito carrocavel";"Com Vatimas Feridas";"Pleno dia";"Crescente";"Garoa/Chuvisco";"Dupla";"Declive;Curva                 ";"Nao";2;0;2;0;0;0;2;1;-29,122587;-49,64502;"SPRF-SC";"DEL02-SC";"UOP02-DEL02-SC"
576850;2024-01-24;"quarta-feira";"12:30:00";"MG";365;305,7;"JOAO PINHEIRO";"Acumulo de agua sobre o pavimento";"Saida de leito carrocavel";"Com Vatimas Feridas";"Pleno dia";"Decrescente";"Chuva";"Simples";"Reta";"Nao";5;0;3;1;1;0;4;1;-18,17906961;-45,80321109;"SPRF-MG";"DEL10-MG";"UOP01-DEL10-MG"
576851;2024-01-24;"quarta-feira";"15:05:00";"RS";116;150,4;"CAXIAS DO SUL";"Pedestre cruzava a pista fora da faixa";"Atropelamento de Pedestre";"Com Vatimas Feridas";"Pleno dia";"Decrescente";"Chuva";"Maltipla";"Reta";"Sim";3;0;2;0;0;1;2;2;-29,168428;-51,158337;"SPRF-RS";"DEL05-RS";"UOP01-DEL05-RS"
576852;2024-01-24;"quarta-feira";"15:10:00";"BA";101;647;"BELMONTE";"Condutor Dormindo";"Colisao com objeto";"Com Vatimas Feridas";"Pleno dia";"Crescente";"Nublado";"Simples";"Aclive;Reta                   ";"Nao";3;0;3;0;0;0;3;1;-15,847465;-39,521933;"SPRF-BA";"DEL05-BA";"UOP02-DEL05-BA"
576853;2024-01-24;"quarta-feira";"17:00:00";"MG";116;628,5;"ORIZANIA";"Chuva";"Queda de ocupante de veiculo";"Com Vatimas Feridas";"Pleno dia";"Crescente";"Chuva";"Simples";"Reta";"Nao";2;0;2;0;0;0;2;1;-20,56556999;-42,20675484;"SPRF-MG";"DEL07-MG";"UOP02-DEL07-MG"
576855;2024-01-22;"segunda-feira";"06:40:00";"PE";407;124;"PETROLINA";"Entrada inopinada do pedestre";"Colisao traseira";"Com Vatimas Feridas";"Pleno dia";"Decrescente";"Ceu Claro";"Dupla";"Rotataria";"Sim";2;0;1;0;1;0;1;2;-9,36929881;-40,54137139;"SPRF-PE";"DEL06-PE";"UOP01-DEL06-PE"
576856;2024-01-24;"quarta-feira";"17:30:00";"MG";381;874;"POUSO ALEGRE";"Chuva";"Saida de leito carrocavel";"Com Vatimas Feridas";"Pleno dia";"Crescente";"Chuva";"Dupla";"Reta";"Nao";1;0;1;0;0;0;1;1;-22,450796;-46,000139;"SPRF-MG";"DEL16-MG";"UOP01-DEL16-MG"
576858;2024-01-24;"quarta-feira";"17:10:00";"MG";40;532;"BELO HORIZONTE";"Ausancia de Reacao do condutor";"Colisao traseira";"Com Vatimas Feridas";"Pleno dia";"Crescente";"Nublado";"Dupla";"Declive;Reta                  ";"Sim";3;0;2;0;1;0;2;2;-19,92372561;-44,01700789;"SPRF-MG";"DEL01-MG";"UOP02-DEL01-MG"
576859;2024-01-24;"quarta-feira";"17:10:00";"GO";153;345,9;"JARAGUA";"Demais falhas mecanicas ou elatricas";"Queda de ocupante de veiculo";"Com Vatimas Feridas";"Pleno dia";"Decrescente";"Nublado";"Simples";"Reta";"Nao";1;0;1;0;0;0;1;1;-15,631001;-49,380325;"SPRF-GO";"DEL02-GO";"UOP02-DEL02-GO"
576860;2024-01-24;"quarta-feira";"17:50:00";"GO";40;12;"LUZIANIA";"Pedestre cruzava a pista fora da faixa";"Atropelamento de Pedestre";"Com Vatimas Feridas";"Pleno dia";"Decrescente";"Nublado";"Dupla";"Reta";"Sim";2;0;1;1;0;0;2;2;-16,145123;-47,945382;"SPRF-DF";"DEL01-DF";"UOP01-DEL01-DF"
576864;2024-01-24;"quarta-feira";"18:45:00";"SC";101;202;"SAO JOSE";"Acessar a via sem observar a presenca dos outros veiculos";"Colisao lateral mesmo sentido";"Com Vatimas Feridas";"Anoitecer";"Decrescente";"Ceu Claro";"Maltipla";"Reta";"Sim";2;0;1;0;1;0;1;2;-27,55711595;-48,61897889;"SPRF-SC";"DEL01-SC";"UOP01-DEL01-SC"
576866;2024-01-24;"quarta-feira";"18:00:00";"RS";293;31;"MORRO REDONDO";"Desrespeitar a preferancia no cruzamento";"Colisao transversal";"Com Vatimas Feridas";"Pleno dia";"Crescente";"Ceu Claro";"Simples";"Interseaao de Vias";"Nao";6;0;3;0;3;0;3;2;-31,72946105;-52,63335899;"SPRF-RS";"DEL07-RS";"UOP01-DEL07-RS"
576868;2024-01-24;"quarta-feira";"18:00:00";"PE";232;146;"SAO CAITANO";"Ingestao de alcool pelo condutor";"Colisao traseira";"Com Vatimas Feridas";"Plena Noite";"Decrescente";"Nublado";"Dupla";"Reta";"Sim";2;0;0;1;1;0;1;2;-8,33218974;-36,12904312;"SPRF-PE";"DEL03-PE";"UOP02-DEL03-PE"
576871;2024-01-24;"quarta-feira";"19:30:00";"SP";116;215;"GUARULHOS";"Reacao tardia ou ineficiente do condutor";"Colisao traseira";"Com Vatimas Feridas";"Plena Noite";"Decrescente";"Nublado";"Maltipla";"Reta;Declive                  ";"Sim";2;0;1;0;1;0;1;2;-23,44695693;-46,45394103;"SPRF-SP";"DEL01-SP";"UOP01-DEL01-SP"
576872;2024-01-24;"quarta-feira";"18:30:00";"MG";381;482,1;"BETIM";"Velocidade Incompatavel";"Colisao traseira";"Com Vatimas Feridas";"Plena Noite";"Crescente";"Nublado";"Maltipla";"Reta";"Sim";2;0;1;0;1;0;1;2;-19,9589226;-44,0717616;"SPRF-MG";"DEL01-MG";"UOP03-DEL01-MG"
576873;2024-01-24;"quarta-feira";"18:00:00";"PR";277;108;"CAMPO LARGO";"Pedestre cruzava a pista fora da faixa";"Atropelamento de Pedestre";"Com Vatimas Feridas";"Anoitecer";"Crescente";"Ceu Claro";"Dupla";"Reta";"Nao";2;0;0;2;0;0;2;2;-25,435065;-49,440644;"SPRF-PR";"DEL03-PR";"UOP03-DEL03-PR"
576874;2024-01-08;"segunda-feira";"08:30:00";"MA";10;269;"IMPERATRIZ";"Demais falhas na via";"Saida de leito carrocavel";"Com Vatimas Feridas";"Pleno dia";"Decrescente";"Ceu Claro";"Simples";"Reta";"Nao";2;0;2;0;0;0;2;1;-5,382404;-47,476055;"SPRF-MA";"DEL04-MA";"UOP01-DEL04-MA"
576875;2024-01-24;"quarta-feira";"18:55:00";"PR";369;57,7;"BANDEIRANTES";"Reacao tardia ou ineficiente do condutor";"Colisao traseira";"Com Vatimas Feridas";"Anoitecer";"Crescente";"Nublado";"Simples";"Reta";"Sim";2;0;0;1;1;0;1;2;-23,11938105;-50,37727654;"SPRF-PR";"DEL07-PR";"UOP05-DEL07-PR"
576876;2024-01-24;"quarta-feira";"19:00:00";"RS";290;721;"URUGUAIANA";"Ausancia de Reacao do condutor";"Colisao traseira";"Com Vatimas Feridas";"Pleno dia";"Decrescente";"Ceu Claro";"Dupla";"Rotataria;Reta;Interseaao de V";"Sim";4;0;1;0;3;0;1;2;-29,76077922;-57,05978036;"SPRF-RS";"DEL13-RS";"UOP01-DEL13-RS"
576877;2024-01-24;"quarta-feira";"17:50:00";"AC";364;115;"RIO BRANCO";"Animais na Pista";"Queda de ocupante de veiculo";"Com Vatimas Feridas";"Anoitecer";"Decrescente";"Nublado";"Simples";"Reta";"Nao";2;0;2;0;0;0;2;1;-10,01315317;-67,7102;"SPRF-AC";"DEL01-AC";"UOP01-DEL01-AC"
576878;2024-01-24;"quarta-feira";"19:30:00";"PR";376;180;"PONTA GROSSA";"Acessar a via sem observar a presenca dos outros veiculos";"Colisao lateral mesmo sentido";"Com Vatimas Feridas";"Plena Noite";"Crescente";"Ignorado";"Simples";"Reta";"Sim";2;0;1;0;1;0;1;2;-25,04162912;-50,24118125;"SPRF-PR";"DEL09-PR";"UOP01-DEL09-PR"
576882;2024-01-24;"quarta-feira";"16:00:00";"RS";290;143;"ELDORADO DO SUL";"Ausancia de Reacao do condutor";"Saida de leito carrocavel";"Com Vatimas Feridas";"Pleno dia";"Crescente";"Chuva";"Simples";"Reta";"Sim";1;0;1;0;0;0;1;1;-30,093309;-51,637798;"SPRF-RS";"DEL02-RS";"UOP01-DEL02-RS"
576883;2024-01-24;"quarta-feira";"20:10:00";"RS";285;292;"PASSO FUNDO";"Acessar a via sem observar a presenca dos outros veiculos";"Colisao transversal";"Com Vatimas Feridas";"Plena Noite";"Crescente";"Ceu Claro";"Dupla";"Rotataria;Reta;Interseaao de V";"Sim";3;0;1;0;2;0;1;2;-28,239017;-52,365276;"SPRF-RS";"DEL08-RS";"UOP03-DEL08-RS"
576885;2024-01-24;"quarta-feira";"20:00:00";"MA";316;512;"CODO";"Animais na Pista";"Atropelamento de Animal";"Com Vatimas Feridas";"Plena Noite";"Crescente";"Ceu Claro";"Simples";"Reta";"Nao";1;0;1;0;0;0;1;1;-4,75043;-43,664165;"SPRF-MA";"DEL03-MA";"UOP02-DEL03-MA"
576887;2024-01-24;"quarta-feira";"17:50:00";"BA";324;612;"SIMOES FILHO";"Frear bruscamente";"Queda de ocupante de veiculo";"Com Vatimas Feridas";"Anoitecer";"Crescente";"Ceu Claro";"Dupla";"Reta";"Sim";1;0;1;0;0;0;1;1;-12,84664721;-38,41741648;"SPRF-BA";"DEL01-BA";"UOP01-DEL01-BA"
576888;2024-01-24;"quarta-feira";"18:52:00";"RO";364;84;"VILHENA";"Velocidade Incompatavel";"Saida de leito carrocavel";"Com Vatimas Feridas";"Anoitecer";"Crescente";"Chuva";"Simples";"Curva";"Nao";2;0;1;0;1;0;1;1;-12,41146228;-60,60665927;"SPRF-RO";"DEL04-RO";"UOP01-DEL04-RO"
576890;2024-01-24;"quarta-feira";"21:45:00";"RN";101;99;"NATAL";"Manobra de mudanaa de faixa";"Colisao lateral mesmo sentido";"Com Vatimas Feridas";"Plena Noite";"Crescente";"Ceu Claro";"Simples";"Reta";"Sim";2;0;1;0;1;0;1;2;-5,87359183;-35,22063023;"SPRF-RN";"DEL01-RN";"UOP01-DEL01-RN"
576892;2024-01-24;"quarta-feira";"21:50:00";"GO";60;388;"RIO VERDE";"Conversao proibida";"Queda de ocupante de veiculo";"Com Vatimas Feridas";"Plena Noite";"Crescente";"Nublado";"Simples";"Reta";"Sim";2;0;1;0;0;1;1;2;-17,8151;-50,9343;"SPRF-GO";"DEL04-GO";"UOP02-DEL04-GO"
576893;2024-01-24;"quarta-feira";"20:00:00";"AL";101;188,5;"JUNQUEIRO";"Ingestao de alcool pelo condutor";"Colisao lateral sentido oposto";"Com Vatimas Feridas";"Plena Noite";"Crescente";"Ceu Claro";"Simples";"Reta";"Sim";2;0;0;1;1;0;1;2;-9,90809784;-36,46933335;"SPRF-AL";"DEL02-AL";"UOP02-DEL02-AL"
576894;2024-01-24;"quarta-feira";"20:00:00";"DF";20;24;"BRASILIA";"Velocidade Incompatavel";"Saida de leito carrocavel";"Com Vatimas Feridas";"Plena Noite";"Crescente";"Chuva";"Dupla";"Reta";"Sim";3;0;1;1;1;0;2;1;-15,59459995;-47,65838027;"SPRF-DF";"DEL02-DF";"UOP01-DEL02-DF"
576895;2024-01-24;"quarta-feira";"20:00:00";"PR";369;110,8;"URAI";"Sistema de drenagem ineficiente";"Saida de leito carrocavel";"Com Vatimas Fatais";"Plena Noite";"Crescente";"Chuva";"Dupla";"Curva";"Nao";3;1;0;2;0;0;2;1;-23,272251;-50,813965;"SPRF-PR";"DEL07-PR";"UOP05-DEL07-PR"
576899;2024-01-24;"quarta-feira";"19:00:00";"GO";70;5;"AGUAS LINDAS DE GOIAS";"Reacao tardia ou ineficiente do condutor";"Colisao traseira";"Com Vatimas Feridas";"Plena Noite";"Crescente";"Chuva";"Maltipla";"Reta";"Sim";3;0;1;1;1;0;2;2;-15,75683677;-48,25464732;"SPRF-DF";"DEL03-DF";"UOP02-DEL03-DF"
576901;2024-01-24;"quarta-feira";"18:20:00";"MT";364;270,8;"JACIARA";"Ausancia de Reacao do condutor";"Colisao traseira";"Com Vatimas Feridas";"Plena Noite";"Decrescente";"Ceu Claro";"Dupla";"Reta;Declive                  ";"Sim";2;0;0;1;0;1;1;2;-15,9689785;-54,94463002;"SPRF-MT";"DEL05-MT";"UOP02-DEL05-MT"
576903;2024-01-24;"quarta-feira";"23:30:00";"MA";316;514;"CAXIAS";"Animais na Pista";"Atropelamento de Animal";"Com Vatimas Feridas";"Plena Noite";"Crescente";"Nublado";"Simples";"Reta";"Sim";2;0;1;1;0;0;2;1;-4,759171;-43,648354;"SPRF-MA";"DEL03-MA";"UOP02-DEL03-MA"
576904;2024-01-24;"quarta-feira";"20:00:00";"PE";232;182,7;"BELO JARDIM";"Ultrapassagem Indevida";"Colisao frontal";"Com Vatimas Feridas";"Plena Noite";"Crescente";"Ceu Claro";"Simples";"Reta";"Nao";4;0;1;3;0;0;4;2;-8,34804728;-36,44664994;"SPRF-PE";"DEL03-PE";"UOP02-DEL03-PE"
576906;2024-01-24;"quarta-feira";"23:45:00";"SP";381;0,5;"VARGEM";"Objeto estatico sobre o leito carroaavel";"Colisao traseira";"Com Vatimas Feridas";"Plena Noite";"Decrescente";"Nublado";"Maltipla";"Curva";"Sim";7;0;2;0;5;0;2;2;-22,878674;-46,372143;"SPRF-SP";"DEL03-SP";"UOP02-DEL03-SP"
576912;2024-01-25;"quinta-feira";"02:10:00";"PB";101;48,3;"RIO TINTO";"Condutor Dormindo";"Colisao traseira";"Com Vatimas Feridas";"Plena Noite";"Decrescente";"Ceu Claro";"Dupla";"Reta";"Nao";2;0;1;0;1;0;1;2;-6,90679485;-35,11705672;"SPRF-PB";"DEL01-PB";"UOP04-DEL01-PB"
576913;2024-01-25;"quinta-feira";"01:20:00";"MA";316;602,2;"TIMON";"Animais na Pista";"Atropelamento de Animal";"Com Vatimas Feridas";"Plena Noite";"Decrescente";"Nublado";"Simples";"Reta";"Sim";2;0;1;1;0;0;2;1;-5,034047;-42,939167;"SPRF-MA";"DEL03-MA";"UOP02-DEL03-MA"
576914;2024-01-25;"quinta-feira";"00:44:00";"MT";364;286;"JACIARA";"Reacao tardia ou ineficiente do condutor";"Saida de leito carrocavel";"Sem Vatimas";"Plena Noite";"Decrescente";"Nublado";"Dupla";"Reta";"Nao";1;0;0;0;0;1;0;1;-15,90151807;-55,056197;"SPRF-MT";"DEL05-MT";"UOP02-DEL05-MT"
576916;2024-01-25;"quinta-feira";"01:35:00";"MG";365;515,1;"MONTE CARMELO";"Ingestao de alcool pelo condutor";"Queda de ocupante de veiculo";"Com Vatimas Feridas";"Plena Noite";"Crescente";"Nevoeiro/Neblina";"Simples";"Reta";"Nao";1;0;0;1;0;0;1;1;-18,9145672;-47,35877801;"SPRF-MG";"DEL10-MG";"UOP01-DEL10-MG"
576917;2024-01-25;"quinta-feira";"04:20:00";"PR";369;352;"CAMPO MOURAO";"Demais falhas mecanicas ou elatricas";"Incendio";"Sem Vatimas";"Plena Noite";"Crescente";"Ceu Claro";"Simples";"Reta";"Nao";2;0;0;0;2;0;0;1;-24,14142769;-52,45147705;"SPRF-PR";"DEL09-PR";"UOP03-DEL09-PR"
576918;2024-01-25;"quinta-feira";"05:07:00";"SP";116;282;"EMBU DAS ARTES";"Reacao tardia ou ineficiente do condutor";"Colisao com objeto";"Com Vatimas Feridas";"Amanhecer";"Crescente";"Ceu Claro";"Simples";"Curva";"Sim";2;0;2;0;0;0;2;1;-23,68570216;-46,85970975;"SPRF-SP";"DEL04-SP";"UOP01-DEL04-SP"
576919;2024-01-25;"quinta-feira";"05:45:00";"MG";40;511;"RIBEIRAO DAS NEVES";"Acessar a via sem observar a presenca dos outros veiculos";"Colisao lateral mesmo sentido";"Com Vatimas Feridas";"Amanhecer";"Crescente";"Ceu Claro";"Dupla";"Reta";"Sim";2;0;1;0;1;0;1;2;-19,78164295;-44,11733194;"SPRF-MG";"DEL01-MG";"UOP02-DEL01-MG"
576920;2024-01-24;"quarta-feira";"11:40:00";"PI";230;286;"FLORIANO";"Reacao tardia ou ineficiente do condutor";"Saida de leito carrocavel";"Sem Vatimas";"Pleno dia";"Crescente";"Nublado";"Simples";"Reta";"Nao";1;0;0;0;0;1;0;1;-6,88885835;-42,83426629;"SPRF-PI";"DEL03-PI";"UOP01-DEL03-PI"
576921;2024-01-25;"quinta-feira";"05:20:00";"PE";232;405,6;"SERRA TALHADA";"Ausancia de Reacao do condutor";"Colisao traseira";"Com Vatimas Feridas";"Amanhecer";"Crescente";"Ceu Claro";"Simples";"Reta";"Nao";2;0;1;1;0;0;2;2;-7,98895584;-38,25355016;"SPRF-PE";"DEL04-PE";"UOP01-DEL04-PE"
576923;2024-01-25;"quinta-feira";"03:30:00";"GO";80;44;"PADRE BERNARDO";"Animais na Pista";"Atropelamento de Animal";"Com Vatimas Feridas";"Amanhecer";"Crescente";"Ceu Claro";"Simples";"Reta";"Sim";2;0;0;1;1;0;1;1;-15,18501;-48,284472;"SPRF-DF";"DEL03-DF";"UOP02-DEL03-DF"