"id";"data_inversa";"dia_semana";"horario";"uf";"br";"km";"municipio";"causa_acidente";"tipo_acidente";"classificacao_acidente";"fase_dia";"sentido_via";"condicao_metereologica";"tipo_pista";"tracado_via";"uso_solo";"pessoas";"mortos";"feridos_leves";"feridos_graves";"ilesos";"ignorados";"feridos";"veiculos";"latitude";"longitude";"regional";"delegacia";"uop"
576925;2024-01-24;"quarta-feira";"20:30:00";"CE";20;172;"BOA VIAGEM";"Ausancia de Reacao do condutor";"Colisao com objeto";"Com Vatimas Feridas";"Plena Noite";"Decrescente";"Ceu Claro";"Simples";"Reta;Aclive                   ";"Nao";2;0;2;0;0;0;2;1;-5,32044231;-39,9240477;"SPRF-CE";"DEL02-CE";"UOP02-DEL02-CE"
576928;2024-01-25;"quinta-feira";"06:40:00";"BA";101;267;"SANTO ANTONIO DE JESUS";"Ausancia de Reacao do condutor";"Saida de leito carrocavel";"Com Vatimas Feridas";"Amanhecer";"Decrescente";"Chuva";"Simples";"Reta;Declive                  ";"Nao";3;0;2;0;0;1;2;2;-13,10710514;-39,28471362;"SPRF-BA";"DEL01-BA";"UOP02-DEL01-BA"
576930;2024-01-13;"sabado";"19:40:00";"PR";277;722;"FOZ DO IGUACU";"Velocidade Incompatavel";"Colisao traseira";"Com Vatimas Feridas";"Anoitecer";"Crescente";"Ceu Claro";"Dupla";"Reta";"Sim";3;0;1;0;0;2;1;3;-25,49494908;-54,52095097;"SPRF-PR";"DEL05-PR";"UOP03-DEL05-PR"
576931;2024-01-25;"quinta-feira";"07:05:00";"SC";101;133,8;"BALNEARIO CAMBORIU";"Desrespeitar a preferancia no cruzamento";"Colisao transversal";"Com Vatimas Feridas";"Pleno dia";"Crescente";"Ceu Claro";"Maltipla";"Interseaao de Vias";"Sim";2;0;1;0;1;0;1;2;-26,99982308;-48,64615202;"SPRF-SC";"DEL04-SC";"UOP03-DEL04-SC"
576932;2024-01-25;"quinta-feira";"07:55:00";"RN";101;78,9;"SAO GONCALO DO AMARANTE";"Acumulo de agua sobre o pavimento";"Saida de leito carrocavel";"Com Vatimas Feridas";"Pleno dia";"Crescente";"Chuva";"Dupla";"Em Obras;Reta                 ";"Sim";3;0;1;0;2;0;1;1;-5,74460142;-35,28990984;"SPRF-RN";"DEL02-RN";"UOP01-DEL02-RN"
576934;2024-01-25;"quinta-feira";"06:10:00";"PE";101;62,1;"RECIFE";"Pista Escorregadia";"Tombamento";"Com Vatimas Feridas";"Pleno dia";"Crescente";"Chuva";"Maltipla";"Reta";"Sim";2;0;1;1;0;0;2;1;-7,99905898;-34,93899295;"SPRF-PE";"DEL01-PE";"UOP02-DEL01-PE"
576935;2024-01-25;"quinta-feira";"08:20:00";"RS";392;117,1;"CANGUCU";"Desrespeitar a preferancia no cruzamento";"Colisao transversal";"Com Vatimas Feridas";"Pleno dia";"Crescente";"Nublado";"Simples";"Interseaao de Vias";"Sim";3;0;1;1;1;0;2;2;-31,41369338;-52,67628308;"SPRF-RS";"DEL07-RS";"UOP01-DEL07-RS"
576936;2024-01-25;"quinta-feira";"05:00:00";"GO";364;73;"CACHOEIRA ALTA";"Ausancia de Reacao do condutor";"Colisao traseira";"Sem Vatimas";"Amanhecer";"Decrescente";"Ceu Claro";"Simples";"Reta;Declive;Em Obras         ";"Nao";18;0;0;0;18;0;0;2;-18,63662;-51,017155;"SPRF-GO";"DEL05-GO";"UOP02-DEL05-GO"
576937;2024-01-25;"quinta-feira";"08:05:00";"PB";230;157,7;"CAMPINA GRANDE";"Desrespeitar a preferancia no cruzamento";"Colisao transversal";"Com Vatimas Feridas";"Pleno dia";"Decrescente";"Ceu Claro";"Simples";"Retorno Regulamentado;Reta;Int";"Sim";3;0;2;0;1;0;2;2;-7,264;-35,9199;"SPRF-PB";"DEL02-PB";"UOP01-DEL02-PB"
576938;2024-01-25;"quinta-feira";"08:15:00";"PB";230;187,3;"POCINHOS";"Manobra de mudanaa de faixa";"Colisao transversal";"Com Vatimas Feridas";"Pleno dia";"Crescente";"Ceu Claro";"Simples";"Reta";"Nao";3;0;1;0;1;1;1;2;-7,1463;-36,1293;"SPRF-PB";"DEL02-PB";"UOP02-DEL02-PB"
576939;2024-01-25;"quinta-feira";"06:30:00";"SC";282;63,8;"RANCHO QUEIMADO";"Velocidade Incompatavel";"Saida de leito carrocavel";"Com Vatimas Feridas";"Pleno dia";"Decrescente";"Garoa/Chuvisco";"Simples";"Curva";"Nao";4;0;2;1;0;1;3;2;-27,695372;-49,042824;"SPRF-SC";"DEL01-SC";"UOP03-DEL01-SC"
576941;2024-01-25;"quinta-feira";"07:50:00";"PR";116;67;"CAMPINA GRANDE DO SUL";"Reacao tardia ou ineficiente do condutor";"Saida de leito carrocavel";"Com Vatimas Feridas";"Pleno dia";"Crescente";"Chuva";"Dupla";"Declive;Curva                 ";"Nao";1;0;1;0;0;0;1;1;-25,31910128;-49,02100146;"SPRF-PR";"DEL01-PR";"UOP02-DEL01-PR"
576942;2024-01-25;"quinta-feira";"06:20:00";"SP";116;126;"CACAPAVA";"Velocidade Incompatavel";"Colisao com objeto";"Sem Vatimas";"Pleno dia";"Crescente";"Ceu Claro";"Dupla";"Aclive;Reta                   ";"Sim";1;0;0;0;0;1;0;1;-23,10433057;-45,69425762;"SPRF-SP";"DEL02-SP";"UOP02-DEL02-SP"
576943;2024-01-01;"segunda-feira";"10:50:00";"MG";262;380;"MATEUS LEME";"Velocidade Incompatavel";"Saida de leito carrocavel";"Com Vatimas Feridas";"Pleno dia";"Decrescente";"Chuva";"Dupla";"Curva;Declive                 ";"Nao";1;0;1;0;0;0;1;1;-19,940622;-44,386969;"SPRF-MG";"DEL01-MG";"UOP03-DEL01-MG"
576944;2024-01-25;"quinta-feira";"08:50:00";"RS";290;92;"PORTO ALEGRE";"Acessar a via sem observar a presenca dos outros veiculos";"Colisao transversal";"Sem Vatimas";"Pleno dia";"Decrescente";"Ceu Claro";"Maltipla";"Reta";"Sim";2;0;0;0;2;0;0;2;-29,96965779;-51,16972446;"SPRF-RS";"DEL01-RS";"UOP01-DEL01-RS"
576946;2024-01-24;"quarta-feira";"18:15:00";"RJ";40;77;"PETROPOLIS";"Chuva";"Capotamento";"Com Vatimas Feridas";"Anoitecer";"Crescente";"Chuva";"Simples";"Curva;Declive                 ";"Nao";1;0;1;0;0;0;1;1;-22,48005592;-43,23543994;"SPRF-RJ";"DEL01-RJ";"UOP01-DEL01-RJ"
576948;2024-01-25;"quinta-feira";"09:41:00";"PE";428;189;"PETROLINA";"Semaforo com defeito";"Colisao transversal";"Com Vatimas Feridas";"Pleno dia";"Decrescente";"Chuva";"Maltipla";"Interseaao de Vias";"Sim";2;0;1;0;1;0;1;2;-9,37197508;-40,48679585;"SPRF-PE";"DEL06-PE";"UOP01-DEL06-PE"
576949;2024-01-25;"quinta-feira";"08:45:00";"PR";116;119;"CURITIBA";"Pista Escorregadia";"Queda de ocupante de veiculo";"Com Vatimas Feridas";"Pleno dia";"Decrescente";"Garoa/Chuvisco";"Dupla";"Reta";"Sim";2;0;2;0;0;0;2;1;-25,54456009;-49,30146002;"SPRF-PR";"DEL01-PR";"UOP03-DEL01-PR"
576950;2024-01-25;"quinta-feira";"07:20:00";"MT";70;2,8;"BARRA DO GARCAS";"Ausancia de Reacao do condutor";"Colisao com objeto";"Sem Vatimas";"Pleno dia";"Decrescente";"Nublado";"Dupla";"Declive";"Nao";1;0;0;0;1;0;0;1;-15,88749699;-52,26810568;"SPRF-MT";"DEL07-MT";"UOP01-DEL07-MT"
576951;2024-01-25;"quinta-feira";"09:50:00";"PR";116;46;"CAMPINA GRANDE DO SUL";"Chuva";"Saida de leito carrocavel";"Com Vatimas Feridas";"Pleno dia";"Decrescente";"Chuva";"Dupla";"Curva";"Nao";3;0;1;0;2;0;1;1;-25,20185401;-48,8962139;"SPRF-PR";"DEL01-PR";"UOP02-DEL01-PR"
576953;2024-01-25;"quinta-feira";"10:12:00";"SC";280;20;"ARAQUARI";"Acessar a via sem observar a presenca dos outros veiculos";"Colisao transversal";"Com Vatimas Feridas";"Pleno dia";"Decrescente";"Nublado";"Simples";"Reta";"Sim";2;0;1;0;1;0;1;2;-26,36990477;-48,68224301;"SPRF-SC";"DEL03-SC";"UOP03-DEL03-SC"
576954;2024-01-25;"quinta-feira";"07:20:00";"RS";116;128,9;"SAO MARCOS";"Transitar na contramao";"Colisao frontal";"Com Vatimas Feridas";"Amanhecer";"Crescente";"Ceu Claro";"Simples";"Curva";"Nao";3;0;1;1;0;1;2;3;-29,03715763;-51,10426784;"SPRF-RS";"DEL05-RS";"UOP01-DEL05-RS"
576959;2024-01-25;"quinta-feira";"10:20:00";"SP";116;269;"TABOAO DA SERRA";"Reacao tardia ou ineficiente do condutor";"Tombamento";"Com Vatimas Feridas";"Pleno dia";"Crescente";"Chuva";"Dupla";"Retorno Regulamentado";"Sim";2;0;1;0;1;0;1;2;-23,61593059;-46,78826044;"SPRF-SP";"DEL04-SP";"UOP01-DEL04-SP"
576960;2024-01-25;"quinta-feira";"09:55:00";"GO";153;502;"GOIANIA";"Estacionar ou parar em local proibido";"Colisao traseira";"Com Vatimas Feridas";"Pleno dia";"Crescente";"Ceu Claro";"Dupla";"Reta";"Sim";2;0;1;0;1;0;1;2;-16,7287;-49,2424;"SPRF-GO";"DEL01-GO";"UOP01-DEL01-GO"
576962;2024-01-25;"quinta-feira";"09:00:00";"PA";316;31;"SANTA IZABEL DO PARA";"Ausancia de Reacao do condutor";"Saida de leito carrocavel";"Com Vatimas Feridas";"Pleno dia";"Crescente";"Sol";"Dupla";"Reta";"Nao";2;0;1;1;0;0;2;1;-1,3025866;-48,1965672;"SPRF-PA";"DEL01-PA";"UOP01-DEL01-PA"
576964;2024-01-25;"quinta-feira";"08:00:00";"RJ";101;332;"RIO DE JANEIRO";"Ausancia de Reacao do condutor";"Colisao traseira";"Com Vatimas Feridas";"Pleno dia";"Crescente";"Nublado";"Maltipla";"Reta";"Nao";3;0;2;0;1;0;2;2;-22,87133305;-43,20407695;"SPRF-RJ";"DEL02-RJ";"UOP01-DEL02-RJ"
576972;2024-01-25;"quinta-feira";"11:20:00";"SP";116;509;"CAJATI";"Reacao tardia ou ineficiente do condutor";"Saida de leito carrocavel";"Com Vatimas Feridas";"Pleno dia";"Crescente";"Chuva";"Simples";"Curva";"Nao";2;0;1;0;1;0;1;1;-24,82178987;-48,21419034;"SPRF-SP";"DEL05-SP";"UOP02-DEL05-SP"
576974;2024-01-25;"quinta-feira";"11:40:00";"PB";230;71,5;"SOBRADO";"Chuva";"Saida de leito carrocavel";"Com Vatimas Fatais";"Pleno dia";"Crescente";"Chuva";"Dupla";"Reta";"Nao";2;1;0;0;0;1;0;2;-7,19065555;-35,24581432;"SPRF-PB";"DEL01-PB";"UOP03-DEL01-PB"
576975;2024-01-25;"quinta-feira";"11:20:00";"RO";364;340;"JI-PARANA";"Condutor desrespeitou a iluminaaao vermelha do semaforo";"Colisao transversal";"Com Vatimas Feridas";"Pleno dia";"Crescente";"Sol";"Dupla";"Reta";"Nao";2;0;2;0;0;0;2;2;-10,88987987;-61,93126772;"SPRF-RO";"DEL02-RO";"UOP01-DEL02-RO"
576976;2024-01-25;"quinta-feira";"08:15:00";"RJ";116;186;"NOVA IGUACU";"Trafegar com motocicleta (ou similar) entre as faixas";"Colisao lateral mesmo sentido";"Com Vatimas Feridas";"Pleno dia";"Decrescente";"Ceu Claro";"Dupla";"Reta";"Sim";3;0;2;0;0;1;2;3;-22,73942686;-43,46778274;"SPRF-RJ";"DEL06-RJ";"UOP01-DEL06-RJ"
576979;2024-01-25;"quinta-feira";"12:15:00";"PR";163;283;"MARECHAL CANDIDO RONDON";"Condutor deixou de manter distancia do veiculo da frente";"Queda de ocupante de veiculo";"Com Vatimas Feridas";"Pleno dia";"Crescente";"Nublado";"Simples";"Reta;Declive                  ";"Sim";2;0;2;0;0;0;2;2;-24,57864514;-53,99236214;"SPRF-PR";"DEL06-PR";"UOP02-DEL06-PR"
576980;2024-01-11;"quinta-feira";"17:25:00";"MG";50;176;"UBERABA";"Entrada inopinada do pedestre";"Atropelamento de Pedestre";"Com Vatimas Feridas";"Pleno dia";"Crescente";"Ceu Claro";"Dupla";"Aclive";"Sim";3;0;0;1;1;1;1;2;-19,779273;-47,957921;"SPRF-MG";"DEL13-MG";"UOP01-DEL13-MG"
576985;2024-01-25;"quinta-feira";"12:45:00";"SC";282;363,9;"ERVAL VELHO";"Mal sabito do condutor";"Saida de leito carrocavel";"Com Vatimas Feridas";"Pleno dia";"Crescente";"Garoa/Chuvisco";"Simples";"Aclive;Reta                   ";"Nao";2;0;2;0;0;0;2;1;-27,302458;-51,390484;"SPRF-SC";"DEL07-SC";"UOP05-DEL07-SC"
576986;2024-01-25;"quinta-feira";"12:05:00";"SP";116;117,1;"TAUBATE";"Reacao tardia ou ineficiente do condutor";"Colisao lateral mesmo sentido";"Com Vatimas Feridas";"Pleno dia";"Decrescente";"Nublado";"Dupla";"Reta";"Sim";2;0;1;0;1;0;1;2;-23,0582298;-45,6176951;"SPRF-SP";"DEL02-SP";"UOP02-DEL02-SP"
576987;2024-01-25;"quinta-feira";"11:50:00";"MG";40;264;"SAO GONCALO DO ABAETE";"Chuva";"Saida de leito carrocavel";"Com Vatimas Feridas";"Pleno dia";"Decrescente";"Chuva";"Simples";"Reta";"Nao";6;0;4;1;1;0;5;1;-18,14870194;-45,31944594;"SPRF-MG";"DEL14-MG";"UOP02-DEL14-MG"
576989;2024-01-25;"quinta-feira";"13:00:00";"SP";116;95,2;"PINDAMONHANGABA";"Ausancia de Reacao do condutor";"Tombamento";"Com Vatimas Feridas";"Pleno dia";"Decrescente";"Ceu Claro";"Dupla";"Reta";"Nao";2;0;2;0;0;0;2;1;-22,96514512;-45,43013094;"SPRF-SP";"DEL08-SP";"UOP01-DEL08-SP"
576992;2024-01-25;"quinta-feira";"13:30:00";"SP";116;394;"MIRACATU";"Avarias e/ou desgaste excessivo no pneu";"Saida de leito carrocavel";"Com Vatimas Feridas";"Pleno dia";"Crescente";"Garoa/Chuvisco";"Dupla";"Reta";"Sim";1;0;1;0;0;0;1;1;-24,28717454;-47,45143994;"SPRF-SP";"DEL04-SP";"UOP02-DEL04-SP"
576994;2024-01-25;"quinta-feira";"12:55:00";"SP";116;6,7;"QUELUZ";"Reacao tardia ou ineficiente do condutor";"Colisao traseira";"Com Vatimas Feridas";"Pleno dia";"Crescente";"Ceu Claro";"Dupla";"Curva";"Nao";3;0;2;0;1;0;2;2;-22,53158181;-44,75374706;"SPRF-SP";"DEL08-SP";"UOP02-DEL08-SP"
576997;2024-01-25;"quinta-feira";"13:00:00";"RS";116;257;"ESTEIO";"Retorno proibido";"Colisao transversal";"Com Vatimas Feridas";"Pleno dia";"Decrescente";"Ceu Claro";"Dupla";"Reta";"Sim";4;0;2;1;1;0;3;2;-29,85262195;-51,17968329;"SPRF-RS";"DEL01-RS";"UOP02-DEL01-RS"
576998;2024-01-25;"quinta-feira";"13:57:00";"DF";60;27;"BRASILIA";"Acumulo de agua sobre o pavimento";"Saida de leito carrocavel";"Com Vatimas Feridas";"Pleno dia";"Crescente";"Chuva";"Dupla";"Curva";"Sim";4;0;3;0;1;0;3;1;-16,017551;-48,249252;"SPRF-DF";"DEL03-DF";"UOP01-DEL03-DF"
577002;2024-01-25;"quinta-feira";"14:05:00";"SC";101;275,6;"IMBITUBA";"Animais na Pista";"Tombamento";"Com Vatimas Feridas";"Pleno dia";"Crescente";"Ceu Claro";"Simples";"Reta";"Sim";1;0;1;0;0;0;1;1;-28,138086;-48,69218292;"SPRF-SC";"DEL02-SC";"UOP03-DEL02-SC"
577003;2024-01-25;"quinta-feira";"09:30:00";"RJ";101;517;"ANGRA DOS REIS";"Manobra de mudanaa de faixa";"Colisao lateral mesmo sentido";"Com Vatimas Feridas";"Pleno dia";"Crescente";"Nublado";"Simples";"Curva";"Nao";3;0;2;0;1;0;2;2;-22,99712334;-44,44431803;"SPRF-RJ";"DEL03-RJ";"UOP03-DEL03-RJ"
577005;2024-01-25;"quinta-feira";"13:30:00";"SP";116;561;"BARRA DO TURVO";"Reacao tardia ou ineficiente do condutor";"Saida de leito carrocavel";"Com Vatimas Fatais";"Pleno dia";"Decrescente";"Chuva";"Dupla";"Curva;Aclive                  ";"Nao";7;1;4;0;1;1;4;2;-25,02045097;-48,51586004;"SPRF-SP";"DEL05-SP";"UOP02-DEL05-SP"
577007;2024-01-25;"quinta-feira";"14:30:00";"PR";376;249;"APUCARANA";"Acumulo de agua sobre o pavimento";"Saida de leito carrocavel";"Com Vatimas Feridas";"Pleno dia";"Crescente";"Chuva";"Dupla";"Reta";"Nao";2;0;1;0;1;0;1;1;-23,62524965;-51,37962593;"SPRF-PR";"DEL07-PR";"UOP03-DEL07-PR"
577009;2024-01-25;"quinta-feira";"14:20:00";"PE";101;88;"JABOATAO DOS GUARARAPES";"Condutor deixou de manter distancia do veiculo da frente";"Colisao traseira";"Com Vatimas Feridas";"Pleno dia";"Crescente";"Nublado";"Dupla";"Reta";"Nao";2;0;1;0;1;0;1;2;-8,19971387;-34,9785382;"SPRF-PE";"DEL01-PE";"UOP01-DEL01-PE"
577012;2024-01-25;"quinta-feira";"15:00:00";"RS";290;129;"ELDORADO DO SUL";"Reacao tardia ou ineficiente do condutor";"Engavetamento";"Com Vatimas Feridas";"Pleno dia";"Decrescente";"Ceu Claro";"Simples";"Reta";"Nao";4;0;1;1;2;0;2;3;-30,057785;-51,500351;"SPRF-RS";"DEL02-RS";"UOP01-DEL02-RS"
577014;2024-01-25;"quinta-feira";"14:10:00";"PA";316;38,4;"SANTA IZABEL DO PARA";"Ausancia de Reacao do condutor";"Saida de leito carrocavel";"Com Vatimas Feridas";"Pleno dia";"Crescente";"Chuva";"Dupla";"Reta";"Nao";2;0;2;0;0;0;2;1;-1,28327779;-48,13995604;"SPRF-PA";"DEL01-PA";"UOP01-DEL01-PA"
577016;2024-01-25;"quinta-feira";"15:10:00";"PR";376;676;"GUARATUBA";"Avarias e/ou desgaste excessivo no pneu";"Tombamento";"Com Vatimas Feridas";"Pleno dia";"Crescente";"Nublado";"Dupla";"Reta";"Nao";2;0;2;0;0;0;2;1;-25,9253011;-48,91465313;"SPRF-PR";"DEL01-PR";"UOP04-DEL01-PR"
577018;2024-01-25;"quinta-feira";"15:00:00";"PE";316;78;"OURICURI";"Reacao tardia ou ineficiente do condutor";"Saida de leito carrocavel";"Com Vatimas Feridas";"Pleno dia";"Decrescente";"Ceu Claro";"Simples";"Reta;Declive                  ";"Nao";3;0;1;0;2;0;1;1;-7,85014392;-40,12241694;"SPRF-PE";"DEL05-PE";"UOP02-DEL05-PE"
577021;2024-01-25;"quinta-feira";"15:30:00";"MG";116;786;"LEOPOLDINA";"Reacao tardia ou ineficiente do condutor";"Saida de leito carrocavel";"Com Vatimas Feridas";"Pleno dia";"Decrescente";"Ceu Claro";"Simples";"Curva";"Nao";1;0;1;0;0;0;1;1;-21,6472779;-42,71645409;"SPRF-MG";"DEL07-MG";"UOP01-DEL07-MG"
577022;2024-01-25;"quinta-feira";"14:40:00";"PR";369;159,9;"CAMBE";"Condutor deixou de manter distancia do veiculo da frente";"Colisao traseira";"Sem Vatimas";"Pleno dia";"Crescente";"Chuva";"Dupla";"Reta";"Nao";2;0;0;0;2;0;0;2;-23,282958;-51,24849021;"SPRF-PR";"DEL07-PR";"UOP01-DEL07-PR"
577023;2024-01-25;"quinta-feira";"16:00:00";"SP";116;282;"EMBU DAS ARTES";"Trafegar com motocicleta (ou similar) entre as faixas";"Colisao lateral mesmo sentido";"Com Vatimas Feridas";"Pleno dia";"Decrescente";"Chuva";"Dupla";"Reta";"Nao";2;0;2;0;0;0;2;2;-23,68570216;-46,85970975;"SPRF-SP";"DEL04-SP";"UOP01-DEL04-SP"
577025;2024-01-25;"quinta-feira";"14:00:00";"CE";116;372,9;"ICO";"Acessar a via sem observar a presenca dos outros veiculos";"Colisao transversal";"Com Vatimas Feridas";"Pleno dia";"Crescente";"Sol";"Simples";"Reta";"Sim";2;0;1;0;1;0;1;2;-6,37861604;-38,80975697;"SPRF-CE";"DEL05-CE";"UOP01-DEL05-CE"
577027;2024-01-25;"quinta-feira";"16:00:00";"ES";101;270,8;"SERRA";"Reacao tardia ou ineficiente do condutor";"Tombamento";"Com Vatimas Feridas";"Pleno dia";"Crescente";"Nublado";"Maltipla";"Curva;Aclive;Viaduto          ";"Sim";1;0;1;0;0;0;1;1;-20,22662056;-40,27075088;"SPRF-ES";"DEL02-ES";"UOP01-DEL02-ES"
577028;2024-01-25;"quinta-feira";"16:40:00";"SC";101;199;"SAO JOSE";"Problema com o freio";"Colisao traseira";"Com Vatimas Feridas";"Pleno dia";"Crescente";"Nublado";"Maltipla";"Reta";"Sim";2;0;0;1;1;0;1;2;-27,53413705;-48,63003205;"SPRF-SC";"DEL01-SC";"UOP01-DEL01-SC"
577030;2024-01-20;"sabado";"01:50:00";"RS";158;326;"SANTA MARIA";"Reacao tardia ou ineficiente do condutor";"Saida de leito carrocavel";"Com Vatimas Feridas";"Plena Noite";"Crescente";"Ceu Claro";"Dupla";"Viaduto;Declive;Reta          ";"Sim";2;0;2;0;0;0;2;1;-29,714945;-53,81083;"SPRF-RS";"DEL09-RS";"UOP01-DEL09-RS"
577031;2024-01-25;"quinta-feira";"15:20:00";"RJ";116;247;"PIRAI";"Ausancia de Reacao do condutor";"Colisao lateral mesmo sentido";"Sem Vatimas";"Pleno dia";"Decrescente";"Nublado";"Dupla";"Reta";"Sim";2;0;0;0;2;0;0;2;-22,60655103;-43,93505207;"SPRF-RJ";"DEL07-RJ";"UOP01-DEL07-RJ"
577032;2024-01-25;"quinta-feira";"16:10:00";"AL";101;202;"SAO SEBASTIAO";"Objeto estatico sobre o leito carroaavel";"Colisao com objeto";"Com Vatimas Feridas";"Pleno dia";"Crescente";"Chuva";"Simples";"Reta";"Nao";2;0;0;2;0;0;2;1;-9,96642507;-36,55066388;"SPRF-AL";"DEL02-AL";"UOP02-DEL02-AL"
577034;2024-01-25;"quinta-feira";"16:40:00";"SC";101;206;"SAO JOSE";"Demais falhas mecanicas ou elatricas";"Tombamento";"Com Vatimas Feridas";"Pleno dia";"Decrescente";"Nublado";"Maltipla";"Reta";"Sim";2;0;0;1;1;0;1;1;-27,59193546;-48,61824557;"SPRF-SC";"DEL01-SC";"UOP01-DEL01-SC"
577039;2024-01-25;"quinta-feira";"17:10:00";"SC";101;346,5;"JAGUARUNA";"Ausancia de Reacao do condutor";"Tombamento";"Com Vatimas Feridas";"Pleno dia";"Decrescente";"Ceu Claro";"Dupla";"Reta";"Nao";2;0;2;0;0;0;2;1;-28,55485199;-49,0540891;"SPRF-SC";"DEL02-SC";"UOP01-DEL02-SC"
577041;2024-01-25;"quinta-feira";"12:15:00";"MT";163;596;"NOVA MUTUM";"Retorno proibido";"Colisao transversal";"Com Vatimas Feridas";"Pleno dia";"Decrescente";"Ceu Claro";"Dupla";"Reta";"Sim";3;0;1;0;2;0;1;2;-13,94323505;-56,09610157;"SPRF-MT";"DEL01-MT";"UOP01-DEL01-MT"
577042;2024-01-25;"quinta-feira";"16:30:00";"MA";135;6;"SAO LUIS";"Reacao tardia ou ineficiente do condutor";"Colisao traseira";"Com Vatimas Feridas";"Pleno dia";"Decrescente";"Ceu Claro";"Dupla";"Aclive;Reta                   ";"Sim";2;0;1;0;1;0;1;2;-2,62877986;-44,26321818;"SPRF-MA";"DEL01-MA";"UOP01-DEL01-MA"
577043;2024-01-25;"quinta-feira";"18:10:00";"RS";116;151;"CAXIAS DO SUL";"Pedestre cruzava a pista fora da faixa";"Atropelamento de Pedestre";"Com Vatimas Feridas";"Anoitecer";"Decrescente";"Ceu Claro";"Dupla";"Reta";"Sim";3;0;1;0;1;1;1;2;-29,17694502;-51,16173896;"SPRF-RS";"DEL05-RS";"UOP01-DEL05-RS"
577044;2024-01-25;"quinta-feira";"17:00:00";"CE";222;19;"CAUCAIA";"Acesso irregular";"Colisao lateral sentido oposto";"Com Vatimas Feridas";"Pleno dia";"Decrescente";"Ceu Claro";"Simples";"Reta;Em Obras                 ";"Nao";2;0;1;0;0;1;1;2;-3,74520337;-38,72713719;"SPRF-CE";"DEL01-CE";"UOP01-DEL01-CE"
577045;2024-01-25;"quinta-feira";"15:18:00";"PI";316;68;"MONSENHOR GIL";"Ausancia de Reacao do condutor";"Colisao transversal";"Com Vatimas Feridas";"Pleno dia";"Decrescente";"Nublado";"Simples";"Reta;Em Obras                 ";"Sim";2;0;0;1;1;0;1;2;-5,64018999;-42,59199582;"SPRF-PI";"DEL01-PI";"UOP02-DEL01-PI"
577046;2024-01-25;"quinta-feira";"17:35:00";"RN";101;79,7;"SAO GONCALO DO AMARANTE";"Acessar a via sem observar a presenca dos outros veiculos";"Colisao transversal";"Com Vatimas Feridas";"Anoitecer";"Decrescente";"Nublado";"Dupla";"Reta";"Nao";2;0;1;1;0;0;2;2;-5,74962896;-35,28918369;"SPRF-RN";"DEL02-RN";"UOP01-DEL02-RN"
577047;2024-01-25;"quinta-feira";"16:40:00";"CE";222;59,3;"SAO GONCALO DO AMARANTE";"Acessar a via sem observar a presenca dos outros veiculos";"Colisao transversal";"Com Vatimas Feridas";"Pleno dia";"Crescente";"Ceu Claro";"Simples";"Reta";"Sim";3;0;2;0;0;1;2;2;-3,67053434;-39,07182499;"SPRF-CE";"DEL01-CE";"UOP03-DEL01-CE"
577050;2024-01-25;"quinta-feira";"16:30:00";"BA";242;395;"SEABRA";"Acumulo de agua sobre o pavimento";"Saida de leito carrocavel";"Com Vatimas Feridas";"Pleno dia";"Crescente";"Chuva";"Simples";"Curva;Declive                 ";"Nao";2;0;0;1;1;0;1;1;-12,47311803;-41,67208672;"SPRF-BA";"DEL06-BA";"UOP01-DEL06-BA"
577058;2024-01-25;"quinta-feira";"17:00:00";"SP";116;564;"BARRA DO TURVO";"Reacao tardia ou ineficiente do condutor";"Colisao com objeto";"Com Vatimas Feridas";"Pleno dia";"Crescente";"Garoa/Chuvisco";"Simples";"Curva;Aclive                  ";"Nao";3;0;3;0;0;0;3;1;-25,03458919;-48,53543877;"SPRF-SP";"DEL05-SP";"UOP02-DEL05-SP"
577059;2024-01-25;"quinta-feira";"15:30:00";"PR";376;281;"MARILANDIA DO SUL";"Acumulo de agua sobre o pavimento";"Colisao com objeto";"Com Vatimas Fatais";"Pleno dia";"Decrescente";"Chuva";"Dupla";"Declive;Reta                  ";"Nao";3;1;1;0;1;0;1;1;-23,83713192;-51,26177788;"SPRF-PR";"DEL07-PR";"UOP02-DEL07-PR"
577060;2024-01-25;"quinta-feira";"12:35:00";"RS";290;471,9;"ROSARIO DO SUL";"Frear bruscamente";"Capotamento";"Com Vatimas Feridas";"Pleno dia";"Crescente";"Ceu Claro";"Simples";"Reta";"Nao";1;0;1;0;0;0;1;1;-30,245808;-54,827522;"SPRF-RS";"DEL11-RS";"UOP02-DEL11-RS"
577061;2024-01-25;"quinta-feira";"17:30:00";"PI";230;309,8;"FLORIANO";"Transitar na contramao";"Colisao frontal";"Com Vatimas Feridas";"Anoitecer";"Decrescente";"Ceu Claro";"Simples";"Reta";"Sim";2;0;0;1;0;1;1;2;-6,77433132;-43,00632318;"SPRF-PI";"DEL03-PI";"UOP01-DEL03-PI"
577062;2024-01-25;"quinta-feira";"19:40:00";"SP";116;153;"SAO JOSE DOS CAMPOS";"Reacao tardia ou ineficiente do condutor";"Tombamento";"Com Vatimas Feridas";"Plena Noite";"Crescente";"Garoa/Chuvisco";"Simples";"Reta";"Sim";1;0;1;0;0;0;1;1;-23,23262274;-45,91372624;"SPRF-SP";"DEL02-SP";"UOP01-DEL02-SP"