"id";"data_inversa";"dia_semana";"horario";"uf";"br";"km";"municipio";"causa_acidente";"tipo_acidente";"classificacao_acidente";"fase_dia";"sentido_via";"condicao_metereologica";"tipo_pista";"tracado_via";"uso_solo";"pessoas";"mortos";"feridos_leves";"feridos_graves";"ilesos";"ignorados";"feridos";"veiculos";"latitude";"longitude";"regional";"delegacia";"uop"
577063;2024-01-25;"quinta-feira";"19:48:00";"PE";101;62,5;"RECIFE";"Pista Escorregadia";"Tombamento";"Com Vatimas Feridas";"Pleno dia";"Decrescente";"Chuva";"Dupla";"Reta";"Sim";2;0;1;0;1;0;1;1;-7,99905898;-34,93899295;"SPRF-PE";"DEL01-PE";"UOP02-DEL01-PE"
577066;2024-01-25;"quinta-feira";"19:15:00";"RN";101;147;"GOIANINHA";"Demais falhas mecanicas ou elatricas";"Incendio";"Sem Vatimas";"Plena Noite";"Crescente";"Nublado";"Dupla";"Reta;Viaduto                  ";"Sim";1;0;0;0;1;0;0;1;-6,27145987;-35,20823975;"SPRF-RN";"DEL01-RN";"UOP01-DEL01-RN"
577069;2024-01-25;"quinta-feira";"18:00:00";"AL";423;7,2;"OURO BRANCO";"Pedestre andava na pista";"Atropelamento de Pedestre";"Com Vatimas Feridas";"Plena Noite";"Decrescente";"Ceu Claro";"Simples";"Reta";"Nao";2;0;0;1;1;0;1;2;-9,14002062;-37,35108913;"SPRF-AL";"DEL03-AL";"UOP02-DEL03-AL"
577070;2024-01-25;"quinta-feira";"16:55:00";"SP";116;455;"REGISTRO";"Ausancia de Reacao do condutor";"Saida de leito carrocavel";"Com Vatimas Fatais";"Pleno dia";"Decrescente";"Nublado";"Dupla";"Curva";"Nao";1;1;0;0;0;0;0;1;-24,57253407;-47,88134891;"SPRF-SP";"DEL05-SP";"UOP01-DEL05-SP"
577071;2024-01-25;"quinta-feira";"18:32:00";"MG";381;938,4;"EXTREMA";"Animais na Pista";"Atropelamento de Animal";"Com Vatimas Feridas";"Plena Noite";"Decrescente";"Ignorado";"Dupla";"Reta";"Nao";2;0;1;0;0;1;1;2;-22,83909203;-46,32850893;"SPRF-MG";"DEL16-MG";"UOP03-DEL16-MG"
577072;2024-01-25;"quinta-feira";"20:30:00";"CE";222;5;"CAUCAIA";"Ingestao de alcool pelo condutor";"Colisao transversal";"Com Vatimas Feridas";"Plena Noite";"Crescente";"Ceu Claro";"Maltipla";"Reta;Interseaao de Vias       ";"Sim";2;0;0;1;1;0;1;2;-3,742972;-38,61417;"SPRF-CE";"DEL01-CE";"UOP01-DEL01-CE"
577073;2024-01-25;"quinta-feira";"18:25:00";"PE";104;84,7;"AGRESTINA";"Condutor deixou de manter distancia do veiculo da frente";"Colisao traseira";"Sem Vatimas";"Plena Noite";"Decrescente";"Ceu Claro";"Simples";"Reta;Declive                  ";"Sim";7;0;0;0;7;0;0;2;-8,430662;-35,959164;"SPRF-PE";"DEL02-PE";"UOP01-DEL02-PE"
577075;2024-01-25;"quinta-feira";"20:40:00";"PR";116;116;"CURITIBA";"Reacao tardia ou ineficiente do condutor";"Colisao traseira";"Com Vatimas Feridas";"Plena Noite";"Crescente";"Garoa/Chuvisco";"Dupla";"Reta";"Nao";2;0;1;0;1;0;1;2;-25,55468195;-49,27402397;"SPRF-PR";"DEL01-PR";"UOP03-DEL01-PR"
577076;2024-01-25;"quinta-feira";"17:30:00";"MG";40;567;"NOVA LIMA";"Acesso irregular";"Queda de ocupante de veiculo";"Com Vatimas Feridas";"Pleno dia";"Decrescente";"Garoa/Chuvisco";"Simples";"Reta";"Sim";1;0;1;0;0;0;1;1;-20,18928994;-43,9697957;"SPRF-MG";"DEL01-MG";"UOP02-DEL01-MG"
577077;2024-01-25;"quinta-feira";"18:10:00";"SE";235;93,8;"CARIRA";"Acumulo de agua sobre o pavimento";"Saida de leito carrocavel";"Com Vatimas Feridas";"Anoitecer";"Crescente";"Chuva";"Simples";"Curva;Declive                 ";"Nao";1;0;1;0;0;0;1;1;-10,478106;-37,659199;"SPRF-SE";"DEL01-SE";"UOP02-DEL01-SE"
577078;2024-01-25;"quinta-feira";"18:20:00";"SC";101;135;"BALNEARIO CAMBORIU";"Suicadio (presumido)";"Saida de leito carrocavel";"Com Vatimas Feridas";"Anoitecer";"Crescente";"Ceu Claro";"Maltipla";"Reta";"Sim";1;0;1;0;0;0;1;1;-27,0050108;-48,62677494;"SPRF-SC";"DEL04-SC";"UOP03-DEL04-SC"
577079;2024-01-25;"quinta-feira";"20:30:00";"SC";470;249,9;"CURITIBANOS";"Transitar na contramao";"Colisao frontal";"Com Vatimas Feridas";"Plena Noite";"Crescente";"Nublado";"Simples";"Rotataria;Reta                ";"Sim";2;0;1;1;0;0;2;2;-27,31237502;-50,57787895;"SPRF-SC";"DEL05-SC";"UOP03-DEL05-SC"
577080;2024-01-25;"quinta-feira";"17:35:00";"MT";163;1032;"PEIXOTO DE AZEVEDO";"Acesso irregular";"Colisao transversal";"Com Vatimas Feridas";"Plena Noite";"Decrescente";"Ceu Claro";"Simples";"Reta";"Sim";4;0;1;1;2;0;2;2;-10,23774958;-54,98311758;"SPRF-MT";"DEL06-MT";"UOP03-DEL06-MT"
577081;2024-01-25;"quinta-feira";"19:00:00";"RS";386;174,7;"CARAZINHO";"Ausancia de Reacao do condutor";"Capotamento";"Com Vatimas Feridas";"Plena Noite";"Crescente";"Ceu Claro";"Simples";"Reta";"Sim";1;0;1;0;0;0;1;1;-28,263548;-52,786312;"SPRF-RS";"DEL08-RS";"UOP01-DEL08-RS"
577083;2024-01-25;"quinta-feira";"19:20:00";"MS";262;290;"CAMPO GRANDE";"Animais na Pista";"Atropelamento de Animal";"Sem Vatimas";"Plena Noite";"Crescente";"Ceu Claro";"Simples";"Reta";"Nao";1;0;0;0;0;1;0;1;-20,49384769;-54,2029271;"SPRF-MS";"DEL01-MS";"UOP01-DEL01-MS"
577084;2024-01-25;"quinta-feira";"21:14:00";"GO";50;100,2;"CRISTALINA";"Velocidade Incompatavel";"Colisao traseira";"Com Vatimas Feridas";"Pleno dia";"Decrescente";"Ceu Claro";"Dupla";"Reta;Em Obras                 ";"Nao";4;0;1;3;0;0;4;2;-16,9309;-47,7117;"SPRF-DF";"DEL01-DF";"UOP02-DEL01-DF"
577085;2024-01-25;"quinta-feira";"19:00:00";"MG";262;439,2;"NOVA SERRANA";"Ausancia de Reacao do condutor";"Queda de ocupante de veiculo";"Com Vatimas Feridas";"Plena Noite";"Crescente";"Chuva";"Dupla";"Reta";"Nao";1;0;1;0;0;0;1;1;-19,89197285;-44,88685183;"SPRF-MG";"DEL08-MG";"UOP03-DEL08-MG"
577088;2024-01-25;"quinta-feira";"22:10:00";"SC";470;76,1;"INDAIAL";"Animais na Pista";"Atropelamento de Animal";"Com Vatimas Feridas";"Plena Noite";"Crescente";"Ceu Claro";"Simples";"Reta";"Nao";3;0;1;0;1;1;1;2;-26,93865615;-49,29114424;"SPRF-SC";"DEL04-SC";"UOP01-DEL04-SC"
577089;2024-01-25;"quinta-feira";"20:50:00";"SC";101;125,7;"ITAJAI";"Mal sabito do condutor";"Eventos atapicos";"Com Vatimas Fatais";"Plena Noite";"Crescente";"Nublado";"Maltipla";"Viaduto;Curva                 ";"Nao";1;1;0;0;0;0;0;1;-26,9526866;-48,6795371;"SPRF-SC";"DEL04-SC";"UOP04-DEL04-SC"
577090;2024-01-25;"quinta-feira";"22:10:00";"SC";101;200;"SAO JOSE";"Transitar na contramao";"Colisao frontal";"Com Vatimas Feridas";"Plena Noite";"Crescente";"Ceu Claro";"Maltipla";"Aclive;Reta                   ";"Sim";2;0;1;0;1;0;1;2;-27,54018513;-48,62287714;"SPRF-SC";"DEL01-SC";"UOP01-DEL01-SC"
577091;2024-01-25;"quinta-feira";"19:20:00";"RJ";393;225,5;"VASSOURAS";"Manobra de mudanaa de faixa";"Colisao lateral mesmo sentido";"Com Vatimas Feridas";"Plena Noite";"Decrescente";"Vento";"Simples";"Reta";"Nao";3;0;0;2;1;0;2;2;-22,34554902;-43,55600299;"SPRF-RJ";"DEL05-RJ";"UOP03-DEL05-RJ"
577092;2024-01-25;"quinta-feira";"20:30:00";"PB";230;142,2;"CAMPINA GRANDE";"Reacao tardia ou ineficiente do condutor";"Saida de leito carrocavel";"Com Vatimas Feridas";"Plena Noite";"Decrescente";"Ceu Claro";"Dupla";"Reta";"Nao";1;0;1;0;0;0;1;1;-7,2573;-35,8131;"SPRF-PB";"DEL02-PB";"UOP01-DEL02-PB"
577094;2024-01-25;"quinta-feira";"22:00:00";"MG";381;759,9;"TRES CORACOES";"Reacao tardia ou ineficiente do condutor";"Saida de leito carrocavel";"Com Vatimas Feridas";"Plena Noite";"Decrescente";"Ceu Claro";"Dupla";"Reta";"Nao";1;0;1;0;0;0;1;1;-21,71597801;-45,37713297;"SPRF-MG";"DEL16-MG";"UOP02-DEL16-MG"
577095;2024-01-25;"quinta-feira";"21:40:00";"BA";116;422;"FEIRA DE SANTANA";"Ausancia de Reacao do condutor";"Colisao traseira";"Com Vatimas Feridas";"Plena Noite";"Crescente";"Nublado";"Dupla";"Declive;Reta;Em Obras;Viaduto ";"Sim";3;0;2;0;1;0;2;2;-12,22064702;-38,96561131;"SPRF-BA";"DEL02-BA";"UOP01-DEL02-BA"
577097;2024-01-25;"quinta-feira";"22:50:00";"BA";324;615;"SALVADOR";"Manobra de mudanaa de faixa";"Colisao traseira";"Com Vatimas Feridas";"Plena Noite";"Decrescente";"Ceu Claro";"Dupla";"Reta";"Sim";2;0;1;0;1;0;1;2;-12,87206398;-38,42746403;"SPRF-BA";"DEL01-BA";"UOP01-DEL01-BA"
577098;2024-01-25;"quinta-feira";"20:04:00";"PI";230;196;"OEIRAS";"Reacao tardia ou ineficiente do condutor";"Colisao traseira";"Com Vatimas Feridas";"Plena Noite";"Crescente";"Ceu Claro";"Simples";"Reta";"Nao";2;0;1;0;1;0;1;2;-7,00554;-42,11866;"SPRF-PI";"DEL04-PI";"UOP01-DEL04-PI"
577099;2024-01-25;"quinta-feira";"21:45:00";"RJ";465;5;"SEROPEDICA";"Transitar na contramao";"Colisao frontal";"Com Vatimas Feridas";"Plena Noite";"Crescente";"Garoa/Chuvisco";"Simples";"Reta;Interseaao de Vias       ";"Sim";2;0;1;0;1;0;1;2;-22,747673;-43,699196;"SPRF-RJ";"DEL06-RJ";"UOP02-DEL06-RJ"
577100;2024-01-25;"quinta-feira";"22:45:00";"PB";230;52,4;"CRUZ DO ESPIRITO SANTO";"Pedestre andava na pista";"Atropelamento de Pedestre";"Com Vatimas Fatais";"Plena Noite";"Decrescente";"Chuva";"Dupla";"Reta";"Nao";3;1;0;0;2;0;0;2;-7,20008644;-35,07722139;"SPRF-PB";"DEL01-PB";"UOP03-DEL01-PB"
577102;2024-01-25;"quinta-feira";"22:00:00";"PE";232;109,7;"BEZERROS";"Reacao tardia ou ineficiente do condutor";"Saida de leito carrocavel";"Com Vatimas Fatais";"Plena Noite";"Crescente";"Ceu Claro";"Dupla";"Retorno Regulamentado";"Nao";4;1;0;3;0;0;3;1;-8,28036785;-35,81085313;"SPRF-PE";"DEL02-PE";"UOP02-DEL02PE"
577103;2024-01-25;"quinta-feira";"22:10:00";"PE";232;468;"MIRANDIBA";"Animais na Pista";"Atropelamento de Animal";"Com Vatimas Fatais";"Plena Noite";"Crescente";"Ceu Claro";"Simples";"Reta";"Nao";1;1;0;0;0;0;0;1;-8,02356278;-38,78442996;"SPRF-PE";"DEL05-PE";"UOP01-DEL05-PE"
577104;2024-01-25;"quinta-feira";"22:15:00";"SP";101;50;"UBATUBA";"Conversao proibida";"Colisao lateral mesmo sentido";"Com Vatimas Feridas";"Plena Noite";"Crescente";"Chuva";"Simples";"Reta";"Nao";2;0;1;0;1;0;1;2;-23,45018939;-45,07743735;"SPRF-SP";"DEL06-SP";"UOP01-DEL06-SP"
577105;2024-01-25;"quinta-feira";"22:30:00";"SP";101;47,1;"UBATUBA";"Entrada inopinada do pedestre";"Atropelamento de Pedestre";"Com Vatimas Feridas";"Plena Noite";"Crescente";"Chuva";"Simples";"Reta";"Sim";2;0;1;0;0;1;1;2;-23,429897;-45,082436;"SPRF-SP";"DEL06-SP";"UOP01-DEL06-SP"
577107;2024-01-26;"sexta-feira";"00:05:00";"SC";470;137,2;"RIO DO SUL";"Velocidade Incompatavel";"Colisao com objeto";"Com Vatimas Feridas";"Plena Noite";"Crescente";"Nublado";"Simples";"Curva;Ponte                   ";"Sim";1;0;1;0;0;0;1;1;-27,203201;-49,635063;"SPRF-SC";"DEL04-SC";"UOP02-DEL04-SC"
577108;2024-01-26;"sexta-feira";"00:35:00";"MS";163;485;"CAMPO GRANDE";"Ingestao de alcool pelo condutor";"Colisao traseira";"Sem Vatimas";"Plena Noite";"Decrescente";"Ceu Claro";"Simples";"Reta;Interseaao de Vias       ";"Sim";2;0;0;0;2;0;0;2;-20,44233707;-54,54201834;"SPRF-MS";"DEL01-MS";"UOP02-DEL01-MS"
577110;2024-01-26;"sexta-feira";"01:20:00";"RJ";116;172,5;"SAO JOAO DE MERITI";"Reacao tardia ou ineficiente do condutor";"Colisao traseira";"Com Vatimas Feridas";"Plena Noite";"Crescente";"Chuva";"Maltipla";"Reta";"Sim";4;0;1;0;3;0;1;2;-22,80188151;-43,35043673;"SPRF-RJ";"DEL06-RJ";"UOP01-DEL06-RJ"
577112;2024-01-26;"sexta-feira";"02:30:00";"RS";470;226,6;"GARIBALDI";"Reacao tardia ou ineficiente do condutor";"Colisao com objeto";"Sem Vatimas";"Plena Noite";"Crescente";"Ceu Claro";"Simples";"Aclive;Curva                  ";"Sim";1;0;0;0;0;1;0;1;-29,254341;-51,511682;"SPRF-RS";"DEL06-RS";"UOP01-DEL06-RS"
577114;2024-01-26;"sexta-feira";"04:40:00";"TO";153;416;"MIRANORTE";"Transitar na contramao";"Atropelamento de Pedestre";"Com Vatimas Feridas";"Amanhecer";"Decrescente";"Garoa/Chuvisco";"Simples";"Aclive";"Sim";2;0;0;2;0;0;2;2;-9,54906574;-48,59904537;"SPRF-TO";"DEL01-TO";"UOP01-DEL01-TO"
577115;2024-01-26;"sexta-feira";"03:42:00";"CE";116;374;"ICO";"Pista esburacada";"Saida de leito carrocavel";"Com Vatimas Feridas";"Plena Noite";"Crescente";"Nublado";"Simples";"Reta";"Sim";1;0;0;1;0;0;1;1;-6,38981779;-38,82378617;"SPRF-CE";"DEL05-CE";"UOP01-DEL05-CE"
577116;2024-01-26;"sexta-feira";"05:40:00";"SP";116;218;"GUARULHOS";"Reacao tardia ou ineficiente do condutor";"Colisao com objeto";"Com Vatimas Feridas";"Amanhecer";"Decrescente";"Ceu Claro";"Maltipla";"Reta;Aclive                   ";"Nao";1;0;0;1;0;0;1;1;-23,457972;-46,479927;"SPRF-SP";"DEL01-SP";"UOP01-DEL01-SP"
577119;2024-01-26;"sexta-feira";"06:30:00";"SC";101;253;"PAULO LOPES";"Ausancia de Reacao do condutor";"Capotamento";"Com Vatimas Feridas";"Pleno dia";"Crescente";"Chuva";"Dupla";"Curva";"Nao";1;0;1;0;0;0;1;1;-27,96492999;-48,67962057;"SPRF-SC";"DEL02-SC";"UOP03-DEL02-SC"
577120;2024-01-25;"quinta-feira";"19:00:00";"MA";230;474;"RIACHAO";"Manobra de mudanaa de faixa";"Colisao frontal";"Com Vatimas Fatais";"Plena Noite";"Decrescente";"Ceu Claro";"Simples";"Reta";"Nao";2;1;0;0;1;0;0;2;-7,372446;-46,634822;"SPRF-MA";"DEL05-MA";"UOP01-DEL05-MA"
577124;2024-01-26;"sexta-feira";"07:00:00";"GO";60;106;"ANAPOLIS";"Demais falhas mecanicas ou elatricas";"Saida de leito carrocavel";"Com Vatimas Feridas";"Pleno dia";"Crescente";"Ceu Claro";"Dupla";"Aclive;Reta                   ";"Nao";1;0;1;0;0;0;1;1;-16,4232;-49,0134;"SPRF-GO";"DEL02-GO";"UOP01-DEL02-GO"
577125;2024-01-26;"sexta-feira";"06:50:00";"PB";230;12;"CABEDELO";"Retorno proibido";"Colisao transversal";"Com Vatimas Feridas";"Pleno dia";"Decrescente";"Sol";"Dupla";"Reta";"Sim";2;0;1;1;0;0;2;2;-7,068;-34,85;"SPRF-PB";"DEL01-PB";"UOP01-DEL01-PB"
577126;2024-01-25;"quinta-feira";"14:50:00";"BA";367;30;"PORTO SEGURO";"Condutor Dormindo";"Colisao frontal";"Com Vatimas Feridas";"Pleno dia";"Crescente";"Nublado";"Simples";"Reta";"Sim";7;0;1;0;6;0;1;3;-16,41558116;-39,12658393;"SPRF-BA";"DEL09-BA";"UOP03-DEL09-BA"
577127;2024-01-06;"sabado";"16:45:00";"RN";110;1;"AREIA BRANCA";"Acessar a via sem observar a presenca dos outros veiculos";"Colisao frontal";"Com Vatimas Feridas";"Pleno dia";"Decrescente";"Ceu Claro";"Simples";"Reta";"Sim";3;0;0;2;1;0;2;2;-4,94784603;-37,12300197;"SPRF-RN";"DEL04-RN";"UOP01-DEL04-RN"
577129;2024-01-26;"sexta-feira";"07:40:00";"RJ";101;308;"SAO GONCALO";"Ausancia de Reacao do condutor";"Colisao com objeto";"Com Vatimas Feridas";"Pleno dia";"Decrescente";"Chuva";"Dupla";"Reta";"Nao";3;0;1;0;2;0;1;1;-22,79309326;-43,02479595;"SPRF-RJ";"DEL02-RJ";"UOP02-DEL02-RJ"
577131;2024-01-26;"sexta-feira";"06:50:00";"MG";116;276,2;"TEOFILO OTONI";"Reacao tardia ou ineficiente do condutor";"Colisao lateral mesmo sentido";"Com Vatimas Feridas";"Pleno dia";"Crescente";"Ceu Claro";"Simples";"Interseaao de Vias;Reta       ";"Sim";2;0;1;0;1;0;1;2;-17,853172;-41,51427;"SPRF-MG";"DEL11-MG";"UOP01-DEL11-MG"
577132;2024-01-26;"sexta-feira";"07:39:00";"CE";116;15;"FORTALEZA";"Condutor deixou de manter distancia do veiculo da frente";"Colisao traseira";"Com Vatimas Feridas";"Pleno dia";"Decrescente";"Ceu Claro";"Dupla";"Reta;Aclive                   ";"Sim";3;0;2;0;1;0;2;2;-3,87839882;-38,50066893;"SPRF-CE";"DEL01-CE";"UOP02-DEL01-CE"
577137;2024-01-26;"sexta-feira";"08:45:00";"SC";101;186,7;"BIGUACU";"Acumulo de agua sobre o pavimento";"Saida de leito carrocavel";"Com Vatimas Feridas";"Pleno dia";"Crescente";"Garoa/Chuvisco";"Dupla";"Curva";"Nao";3;0;2;0;1;0;2;1;-27,4341098;-48,62567129;"SPRF-SC";"DEL01-SC";"UOP01-DEL01-SC"
577140;2024-01-26;"sexta-feira";"08:20:00";"SC";470;40,4;"GASPAR";"Demais falhas mecanicas ou elatricas";"Incendio";"Sem Vatimas";"Pleno dia";"Decrescente";"Garoa/Chuvisco";"Dupla";"Reta";"Nao";1;0;0;0;1;0;0;1;-26,889574;-48,99094;"SPRF-SC";"DEL04-SC";"UOP01-DEL04-SC"
577141;2024-01-26;"sexta-feira";"07:50:00";"MG";262;409,2;"IGARATINGA";"Velocidade Incompatavel";"Saida de leito carrocavel";"Com Vatimas Feridas";"Pleno dia";"Crescente";"Ceu Claro";"Dupla";"Curva";"Nao";1;0;0;1;0;0;1;1;-19,88464192;-44,61618402;"SPRF-MG";"DEL08-MG";"UOP03-DEL08-MG"
577142;2024-01-26;"sexta-feira";"08:20:00";"RJ";101;386;"RIO DE JANEIRO";"Ausancia de Reacao do condutor";"Colisao lateral mesmo sentido";"Com Vatimas Feridas";"Pleno dia";"Decrescente";"Ceu Claro";"Dupla";"Reta";"Sim";2;0;1;0;1;0;1;2;-22,88295192;-43,64094302;"SPRF-RJ";"DEL03-RJ";"UOP01-DEL03-RJ"
577146;2024-01-26;"sexta-feira";"08:45:00";"SC";101;195;"BIGUACU";"Ausancia de Reacao do condutor";"Colisao traseira";"Com Vatimas Feridas";"Pleno dia";"Crescente";"Chuva";"Dupla";"Reta";"Nao";3;0;2;0;1;0;2;2;-27,5047092;-48,65010819;"SPRF-SC";"DEL01-SC";"UOP01-DEL01-SC"
577147;2024-01-26;"sexta-feira";"09:42:00";"RS";158;334;"SANTA MARIA";"Acessar a via sem observar a presenca dos outros veiculos";"Colisao frontal";"Com Vatimas Feridas";"Pleno dia";"Decrescente";"Ceu Claro";"Simples";"Interseaao de Vias;Reta       ";"Sim";3;0;2;0;1;0;2;2;-29,70756801;-53,87385249;"SPRF-RS";"DEL09-RS";"UOP01-DEL09-RS"
577150;2024-01-26;"sexta-feira";"09:00:00";"SP";116;168,3;"JACAREI";"Manobra de mudanaa de faixa";"Colisao lateral mesmo sentido";"Com Vatimas Feridas";"Pleno dia";"Decrescente";"Nublado";"Dupla";"Reta;Declive                  ";"Sim";3;0;0;1;2;0;1;2;-23,30545902;-46,03567599;"SPRF-SP";"DEL02-SP";"UOP01-DEL02-SP"
577152;2024-01-26;"sexta-feira";"09:45:00";"PR";369;158,6;"CAMBE";"Manobra de mudanaa de faixa";"Colisao lateral mesmo sentido";"Com Vatimas Feridas";"Pleno dia";"Crescente";"Ceu Claro";"Dupla";"Reta";"Sim";2;0;1;0;1;0;1;2;-23,28533306;-51,23836219;"SPRF-PR";"DEL07-PR";"UOP01-DEL07-PR"
577154;2024-01-26;"sexta-feira";"10:15:00";"RN";101;107;"PARNAMIRIM";"Manobra de mudanaa de faixa";"Colisao lateral mesmo sentido";"Com Vatimas Feridas";"Pleno dia";"Decrescente";"Ceu Claro";"Maltipla";"Reta";"Sim";2;0;1;0;1;0;1;2;-5,91920796;-35,26412409;"SPRF-RN";"DEL01-RN";"UOP01-DEL01-RN"
577156;2024-01-26;"sexta-feira";"09:30:00";"PB";230;352;"PATOS";"Conversao proibida";"Colisao transversal";"Com Vatimas Feridas";"Pleno dia";"Decrescente";"Sol";"Simples";"Declive";"Nao";2;0;0;1;1;0;1;2;-6,9461;-37,4033;"SPRF-PB";"DEL03-PB";"UOP01-DEL03-PB"
577157;2024-01-26;"sexta-feira";"10:00:00";"RJ";101;481;"ANGRA DOS REIS";"Acessar a via sem observar a presenca dos outros veiculos";"Colisao transversal";"Com Vatimas Feridas";"Pleno dia";"Decrescente";"Chuva";"Dupla";"Interseaao de Vias";"Nao";3;0;1;0;2;0;1;2;-23,00976021;-44,29153237;"SPRF-RJ";"DEL03-RJ";"UOP03-DEL03-RJ"
577159;2024-01-26;"sexta-feira";"10:20:00";"RS";158;222,1;"CRUZ ALTA";"Ingestao de alcool pelo condutor";"Colisao traseira";"Sem Vatimas";"Pleno dia";"Decrescente";"Ceu Claro";"Simples";"Aclive;Em Obras;Reta          ";"Nao";3;0;0;0;3;0;0;3;-28,87881501;-53,6152776;"SPRF-RS";"DEL10-RS";"UOP02-DEL10-RS"
577161;2024-01-26;"sexta-feira";"10:00:00";"PE";101;67,4;"RECIFE";"Condutor deixou de manter distancia do veiculo da frente";"Colisao traseira";"Com Vatimas Feridas";"Pleno dia";"Crescente";"Ceu Claro";"Dupla";"Reta";"Nao";2;0;1;0;1;0;1;2;-8,042334;-34,943096;"SPRF-PE";"DEL01-PE";"UOP01-DEL01-PE"
577164;2024-01-26;"sexta-feira";"10:45:00";"PE";232;69;"GRAVATA";"Ausancia de Reacao do condutor";"Saida de leito carrocavel";"Com Vatimas Feridas";"Pleno dia";"Crescente";"Chuva";"Dupla";"Reta;Aclive                   ";"Nao";3;0;1;0;2;0;1;1;-8,17240309;-35,47993595;"SPRF-PE";"DEL02-PE";"UOP02-DEL02PE"
577165;2024-01-26;"sexta-feira";"09:35:00";"PB";230;132,1;"MASSARANDUBA";"Velocidade Incompatavel";"Saida de leito carrocavel";"Com Vatimas Feridas";"Pleno dia";"Decrescente";"Chuva";"Dupla";"Curva";"Nao";4;0;1;1;2;0;2;1;-7,27725431;-35,74561358;"SPRF-PB";"DEL02-PB";"UOP01-DEL02-PB"
577167;2024-01-26;"sexta-feira";"09:30:00";"PE";232;30;"MORENO";"Velocidade Incompatavel";"Capotamento";"Sem Vatimas";"Pleno dia";"Decrescente";"Chuva";"Dupla";"Reta";"Nao";2;0;0;0;1;1;0;1;-8,11063325;-35,15197001;"SPRF-PE";"DEL01-PE";"UOP01-DEL01-PE"
577168;2024-01-26;"sexta-feira";"11:00:00";"MG";116;764,9;"LEOPOLDINA";"Acesso irregular";"Colisao transversal";"Com Vatimas Feridas";"Pleno dia";"Crescente";"Ceu Claro";"Simples";"Interseaao de Vias";"Sim";2;0;1;0;1;0;1;2;-21,52171912;-42,64030314;"SPRF-MG";"DEL07-MG";"UOP01-DEL07-MG"
577169;2024-01-26;"sexta-feira";"12:10:00";"SE";235;63,9;"ITABAIANA";"Acessar a via sem observar a presenca dos outros veiculos";"Colisao transversal";"Com Vatimas Feridas";"Pleno dia";"Decrescente";"Ceu Claro";"Simples";"Reta";"Nao";5;0;3;0;2;0;3;2;-10,604629;-37,478199;"SPRF-SE";"DEL01-SE";"UOP02-DEL01-SE"
577171;2024-01-26;"sexta-feira";"12:00:00";"SC";101;202;"SAO JOSE";"Trafegar com motocicleta (ou similar) entre as faixas";"Colisao lateral mesmo sentido";"Com Vatimas Feridas";"Pleno dia";"Decrescente";"Garoa/Chuvisco";"Maltipla";"Reta";"Sim";2;0;1;0;1;0;1;2;-27,55711595;-48,61897889;"SPRF-SC";"DEL01-SC";"UOP01-DEL01-SC"
577172;2024-01-26;"sexta-feira";"09:30:00";"PB";230;132;"MASSARANDUBA";"Velocidade Incompatavel";"Saida de leito carrocavel";"Com Vatimas Feridas";"Pleno dia";"Decrescente";"Chuva";"Dupla";"Curva";"Nao";3;0;1;0;2;0;1;1;-7,277307;-35,745328;"SPRF-PB";"DEL02-PB";"UOP01-DEL02-PB"
577173;2024-01-26;"sexta-feira";"12:38:00";"PE";104;73,8;"CARUARU";"Ausancia de Reacao do condutor";"Colisao frontal";"Com Vatimas Feridas";"Pleno dia";"Crescente";"Ceu Claro";"Simples";"Reta";"Nao";6;0;4;0;2;0;4;2;-8,375978;-35,983662;"SPRF-PE";"DEL02-PE";"UOP01-DEL02-PE"
577175;2024-01-26;"sexta-feira";"10:55:00";"RS";287;401,8;"SANTIAGO";"Reacao tardia ou ineficiente do condutor";"Atropelamento de Pedestre";"Com Vatimas Feridas";"Pleno dia";"Decrescente";"Ceu Claro";"Simples";"Reta";"Nao";2;0;0;1;1;0;1;2;-29,15697512;-54,88198218;"SPRF-RS";"DEL12-RS";"UOP02-DEL12-RS"
577177;2024-01-26;"sexta-feira";"12:00:00";"PR";376;621;"SAO JOSE DOS PINHAIS";"Manobra de mudanaa de faixa";"Colisao lateral mesmo sentido";"Com Vatimas Feridas";"Pleno dia";"Decrescente";"Ceu Claro";"Dupla";"Aclive;Reta                   ";"Nao";2;0;1;0;1;0;1;2;-25,61783292;-49,1690968;"SPRF-PR";"DEL01-PR";"UOP04-DEL01-PR"
577178;2024-01-26;"sexta-feira";"13:09:00";"MG";365;54,9;"CLARO DOS POCOES";"Velocidade Incompatavel";"Colisao frontal";"Com Vatimas Fatais";"Pleno dia";"Crescente";"Nublado";"Simples";"Reta";"Nao";6;1;1;4;0;0;5;2;-16,96745151;-44,26305575;"SPRF-MG";"DEL12-MG";"UOP01-DEL12-MG"
577179;2024-01-26;"sexta-feira";"07:00:00";"MG";381;178,9;"GOVERNADOR VALADARES";"Manobra de mudanaa de faixa";"Saida de leito carrocavel";"Com Vatimas Feridas";"Pleno dia";"Crescente";"Nublado";"Simples";"Reta";"Nao";5;0;1;0;4;0;1;1;-19,02403311;-42,14619668;"SPRF-MG";"DEL06-MG";"UOP01-DEL06-MG"
577180;2024-01-26;"sexta-feira";"13:00:00";"BA";101;10;"RIO REAL";"Reacao tardia ou ineficiente do condutor";"Capotamento";"Com Vatimas Feridas";"Pleno dia";"Decrescente";"Ceu Claro";"Dupla";"Reta";"Nao";4;0;2;2;0;0;4;1;-11,62285793;-37,88515125;"SPRF-SE";"DEL02-SE";"UOP03-DEL02-SE"