"id";"data_inversa";"dia_semana";"horario";"uf";"br";"km";"municipio";"causa_acidente";"tipo_acidente";"classificacao_acidente";"fase_dia";"sentido_via";"condicao_metereologica";"tipo_pista";"tracado_via";"uso_solo";"pessoas";"mortos";"feridos_leves";"feridos_graves";"ilesos";"ignorados";"feridos";"veiculos";"latitude";"longitude";"regional";"delegacia";"uop"
577280;2024-01-26;"sexta-feira";"21:26:00";"TO";153;99;"WANDERLANDIA";"Transitar na contramao";"Colisao frontal";"Sem Vatimas";"Plena Noite";"Crescente";"Ceu Claro";"Simples";"Reta";"Nao";2;0;0;0;1;1;0;2;-6,80497646;-48,0510798;"SPRF-TO";"DEL02-TO";"UOP01-DEL02-TO"
577281;2024-01-26;"sexta-feira";"20:30:00";"RJ";40;121;"DUQUE DE CAXIAS";"Reacao tardia ou ineficiente do condutor";"Capotamento";"Sem Vatimas";"Plena Noite";"Decrescente";"Ceu Claro";"Maltipla";"Reta";"Sim";1;0;0;0;1;0;0;1;-22,78185499;-43,28571273;"SPRF-RJ";"DEL01-RJ";"UOP02-DEL01-RJ"
577282;2024-01-26;"sexta-feira";"21:20:00";"PR";277;602;"CASCAVEL";"Condutor deixou de manter distancia do veiculo da frente";"Colisao traseira";"Com Vatimas Feridas";"Plena Noite";"Decrescente";"Ceu Claro";"Dupla";"Reta";"Nao";2;0;1;0;1;0;1;2;-25,00282;-53,523851;"SPRF-PR";"DEL04-PR";"UOP01-DEL04-PR"
577283;2024-01-26;"sexta-feira";"22:15:00";"RJ";116;316;"RESENDE";"Demais falhas mecanicas ou elatricas";"Colisao com objeto";"Com Vatimas Feridas";"Plena Noite";"Crescente";"Nublado";"Dupla";"Reta";"Sim";1;0;1;0;0;0;1;1;-22,46560057;-44,49102813;"SPRF-RJ";"DEL07-RJ";"UOP02-DEL07-RJ"
577284;2024-01-26;"sexta-feira";"20:00:00";"MG";116;307,7;"ITAMBACURI";"Transitar na contramao";"Colisao frontal";"Com Vatimas Feridas";"Plena Noite";"Crescente";"Chuva";"Simples";"Curva";"Nao";6;0;1;1;4;0;2;2;-18,04670104;-41,66254208;"SPRF-MG";"DEL11-MG";"UOP01-DEL11-MG"
577287;2024-01-26;"sexta-feira";"20:10:00";"PR";369;141;"IBIPORA";"Ingestao de alcool pelo condutor";"Colisao com objeto";"Sem Vatimas";"Plena Noite";"Decrescente";"Ceu Claro";"Dupla";"Rotataria";"Sim";1;0;0;0;1;0;0;1;-23,28571741;-51,07445776;"SPRF-PR";"DEL07-PR";"UOP01-DEL07-PR"
577289;2024-01-26;"sexta-feira";"21:03:00";"MS";163;304,9;"DOURADINA";"Ingestao de alcool pelo condutor";"Colisao lateral sentido oposto";"Sem Vatimas";"Plena Noite";"Crescente";"Ceu Claro";"Simples";"Reta";"Nao";2;0;0;0;2;0;0;2;-21,94678716;-54,53348285;"SPRF-MS";"DEL02-MS";"UOP02-DEL02-MS"
577292;2024-01-26;"sexta-feira";"21:20:00";"RS";101;50,5;"TERRA DE AREIA";"Ingestao de alcool pelo condutor";"Saida de leito carrocavel";"Sem Vatimas";"Plena Noite";"Decrescente";"Ceu Claro";"Dupla";"Reta";"Sim";1;0;0;0;1;0;0;1;-29,60955652;-50,08763921;"SPRF-RS";"DEL03-RS";"UOP02-DEL03-RS"
577293;2024-01-26;"sexta-feira";"22:45:00";"PR";277;591;"CASCAVEL";"Ingestao de alcool pelo condutor";"Queda de ocupante de veiculo";"Com Vatimas Feridas";"Plena Noite";"Crescente";"Ceu Claro";"Simples";"Reta";"Sim";1;0;1;0;0;0;1;1;-24,98473242;-53,46501885;"SPRF-PR";"DEL04-PR";"UOP01-DEL04-PR"
577295;2024-01-26;"sexta-feira";"22:10:00";"BA";101;350;"WENCESLAU GUIMARAES";"Transitar na contramao";"Colisao lateral sentido oposto";"Sem Vatimas";"Plena Noite";"Crescente";"Garoa/Chuvisco";"Simples";"Reta;Declive                  ";"Sim";3;0;0;0;3;0;0;2;-13,69218186;-39,48027092;"SPRF-BA";"DEL05-BA";"UOP03-DEL05-BA"
577296;2024-01-26;"sexta-feira";"23:35:00";"MG";50;177,4;"UBERABA";"Reacao tardia ou ineficiente do condutor";"Colisao com objeto";"Sem Vatimas";"Plena Noite";"Crescente";"Nublado";"Dupla";"Reta;Aclive                   ";"Sim";1;0;0;0;1;0;0;1;-19,77914852;-47,95047701;"SPRF-MG";"DEL13-MG";"UOP01-DEL13-MG"
577298;2024-01-26;"sexta-feira";"23:50:00";"ES";101;68;"SAO MATEUS";"Ausancia de Reacao do condutor";"Colisao frontal";"Com Vatimas Feridas";"Plena Noite";"Crescente";"Chuva";"Simples";"Aclive;Interseaao de Vias     ";"Sim";2;0;2;0;0;0;2;2;-18,726597;-39,85975;"SPRF-ES";"DEL04-ES";"UOP02-DEL04-ES"
577300;2024-01-26;"sexta-feira";"20:30:00";"MT";70;516;"CUIABA";"Manobra de mudanaa de faixa";"Colisao lateral sentido oposto";"Com Vatimas Feridas";"Plena Noite";"Decrescente";"Ceu Claro";"Simples";"Reta";"Sim";2;0;0;2;0;0;2;2;-15,65051022;-55,99823809;"SPRF-MT";"DEL01-MT";"UOP02-DEL01-MT"
577301;2024-01-27;"sabado";"00:00:00";"ES";101;176;"ARACRUZ";"Transitar na contramao";"Colisao frontal";"Com Vatimas Feridas";"Plena Noite";"Crescente";"Nublado";"Simples";"Reta";"Sim";2;0;0;1;1;0;1;2;-19,59523801;-40,19835299;"SPRF-ES";"DEL04-ES";"UOP01-DEL04-ES"
577303;2024-01-27;"sabado";"00:30:00";"SP";116;107;"TAUBATE";"Animais na Pista";"Atropelamento de Animal";"Com Vatimas Feridas";"Plena Noite";"Decrescente";"Nublado";"Dupla";"Reta";"Sim";1;0;0;1;0;0;1;1;-23,01791287;-45,53009409;"SPRF-SP";"DEL02-SP";"UOP02-DEL02-SP"
577304;2024-01-26;"sexta-feira";"23:50:00";"MG";40;520;"CONTAGEM";"Ausancia de Reacao do condutor";"Capotamento";"Com Vatimas Feridas";"Plena Noite";"Crescente";"Ceu Claro";"Dupla";"Reta";"Nao";1;0;0;1;0;0;1;1;-19,84761911;-44,07276144;"SPRF-MG";"DEL01-MG";"UOP02-DEL01-MG"
577305;2024-01-27;"sabado";"01:20:00";"MG";146;442;"CABO VERDE";"Velocidade Incompatavel";"Saida de leito carrocavel";"Com Vatimas Feridas";"Plena Noite";"Decrescente";"Ceu Claro";"Simples";"Curva";"Sim";1;0;0;1;0;0;1;1;-21,466259;-46,403891;"SPRF-MG";"DEL09-MG";"UOP01-DEL09-MG"
577306;2024-01-27;"sabado";"00:50:00";"RS";392;67;"PELOTAS";"Desrespeitar a preferancia no cruzamento";"Colisao transversal";"Sem Vatimas";"Plena Noite";"Crescente";"Nublado";"Simples";"Rotataria";"Nao";2;0;0;0;2;0;0;2;-31,75709532;-52,39980728;"SPRF-RS";"DEL07-RS";"UOP01-DEL07-RS"
577309;2024-01-26;"sexta-feira";"19:30:00";"RO";364;956;"PORTO VELHO";"Acumulo de agua sobre o pavimento";"Saida de leito carrocavel";"Com Vatimas Feridas";"Plena Noite";"Decrescente";"Chuva";"Simples";"Reta";"Nao";1;0;1;0;0;0;1;1;-9,64631731;-65,60019099;"SPRF-RO";"DEL01-RO";"UOP03-DEL01-RO"
577310;2024-01-26;"sexta-feira";"20:30:00";"MA";135;2,3;"SAO LUIS";"Manobra de mudanaa de faixa";"Saida de leito carrocavel";"Com Vatimas Fatais";"Plena Noite";"Crescente";"Ceu Claro";"Dupla";"Reta";"Sim";1;1;0;0;0;0;0;1;-2,59806699;-44,24573511;"SPRF-MA";"DEL01-MA";"UOP01-DEL01-MA"
577311;2024-01-27;"sabado";"03:00:00";"ES";259;57,8;"COLATINA";"Ingestao de alcool pelo condutor";"Tombamento";"Com Vatimas Feridas";"Plena Noite";"Crescente";"Nublado";"Simples";"Rotataria";"Sim";1;0;1;0;0;0;1;1;-19,50865703;-40,65581416;"SPRF-ES";"DEL02-ES";"UOP01-DEL02-ES"
577312;2024-01-27;"sabado";"03:20:00";"ES";259;57,7;"COLATINA";"Condutor Dormindo";"Colisao com objeto";"Com Vatimas Feridas";"Plena Noite";"Crescente";"Ceu Claro";"Simples";"Reta";"Nao";1;0;0;1;0;0;1;1;-19,50865703;-40,65581416;"SPRF-ES";"DEL02-ES";"UOP01-DEL02-ES"
577313;2024-01-27;"sabado";"03:10:00";"RS";116;67,6;"CAMPESTRE DA SERRA";"Reacao tardia ou ineficiente do condutor";"Capotamento";"Com Vatimas Feridas";"Plena Noite";"Decrescente";"Nublado";"Simples";"Curva";"Nao";1;0;1;0;0;0;1;1;-28,70037526;-51,0755682;"SPRF-RS";"DEL05-RS";"UOP03-DEL05-RS"
577314;2024-01-27;"sabado";"03:10:00";"PR";277;664;"MEDIANEIRA";"Velocidade Incompatavel";"Colisao traseira";"Sem Vatimas";"Plena Noite";"Crescente";"Ceu Claro";"Dupla";"Reta";"Nao";2;0;0;0;1;1;0;2;-25,25301037;-54,02857196;"SPRF-PR";"DEL05-PR";"UOP02-DEL05-PR"
577315;2024-01-27;"sabado";"03:30:00";"MS";262;486,1;"ANASTACIO";"Ausancia de Reacao do condutor";"Colisao com objeto";"Com Vatimas Feridas";"Plena Noite";"Crescente";"Ceu Claro";"Simples";"Reta";"Nao";2;0;1;0;1;0;1;1;-20,50015885;-55,77788898;"SPRF-MS";"DEL03-MS";"UOP01-DEL03-MS"
577316;2024-01-27;"sabado";"03:50:00";"PR";277;672;"MEDIANEIRA";"Velocidade Incompatavel";"Colisao traseira";"Com Vatimas Feridas";"Plena Noite";"Crescente";"Ceu Claro";"Dupla";"Reta";"Sim";2;0;1;0;1;0;1;2;-25,28740438;-54,09701091;"SPRF-PR";"DEL05-PR";"UOP02-DEL05-PR"
577319;2024-01-27;"sabado";"04:36:00";"TO";153;671;"GURUPI";"Chuva";"Saida de leito carrocavel";"Sem Vatimas";"Plena Noite";"Decrescente";"Chuva";"Dupla";"Reta";"Sim";1;0;0;0;1;0;0;1;-11,72075725;-49,07713594;"SPRF-TO";"DEL01-TO";"UOP02-DEL01-TO"
577321;2024-01-27;"sabado";"04:20:00";"RJ";101;521;"ANGRA DOS REIS";"Condutor Dormindo";"Saida de leito carrocavel";"Com Vatimas Feridas";"Plena Noite";"Crescente";"Nublado";"Simples";"Reta";"Sim";1;0;0;1;0;0;1;1;-23,003503;-44,46175;"SPRF-RJ";"DEL03-RJ";"UOP03-DEL03-RJ"
577322;2024-01-27;"sabado";"05:30:00";"RJ";116;144;"DUQUE DE CAXIAS";"Condutor Dormindo";"Queda de ocupante de veiculo";"Com Vatimas Feridas";"Amanhecer";"Crescente";"Nublado";"Dupla";"Interseaao de Vias";"Nao";1;0;0;1;0;0;1;1;-22,65737709;-43,24724694;"SPRF-RJ";"DEL01-RJ";"UOP02-DEL01-RJ"
577323;2024-01-26;"sexta-feira";"23:30:00";"RJ";40;107,9;"DUQUE DE CAXIAS";"Condutor deixou de manter distancia do veiculo da frente";"Colisao lateral mesmo sentido";"Com Vatimas Feridas";"Plena Noite";"Crescente";"Ceu Claro";"Maltipla";"Reta";"Sim";4;0;0;1;1;2;1;3;-22,65581497;-43,28378546;"SPRF-RJ";"DEL01-RJ";"UOP02-DEL01-RJ"
577324;2024-01-26;"sexta-feira";"22:30:00";"SC";280;25,3;"ARAQUARI";"Acesso irregular";"Colisao frontal";"Com Vatimas Feridas";"Plena Noite";"Crescente";"Garoa/Chuvisco";"Simples";"Interseaao de Vias";"Nao";2;0;1;0;1;0;1;2;-26,38352781;-48,72677516;"SPRF-SC";"DEL03-SC";"UOP03-DEL03-SC"
577325;2024-01-26;"sexta-feira";"17:40:00";"GO";60;93;"ANAPOLIS";"Reacao tardia ou ineficiente do condutor";"Tombamento";"Com Vatimas Feridas";"Pleno dia";"Decrescente";"Ceu Claro";"Dupla";"Reta;Declive                  ";"Sim";1;0;1;0;0;0;1;1;-16,3538;-48,9268;"SPRF-GO";"DEL02-GO";"UOP01-DEL02-GO"
577326;2024-01-27;"sabado";"05:40:00";"MG";116;410,4;"GOVERNADOR VALADARES";"Ausancia de Reacao do condutor";"Colisao com objeto";"Com Vatimas Feridas";"Pleno dia";"Crescente";"Nublado";"Dupla";"Aclive;Reta                   ";"Sim";1;0;1;0;0;0;1;1;-18,855625;-41,975623;"SPRF-MG";"DEL06-MG";"UOP01-DEL06-MG"
577327;2024-01-27;"sabado";"06:50:00";"SP";116;210;"GUARULHOS";"Trafegar com motocicleta (ou similar) entre as faixas";"Colisao lateral mesmo sentido";"Com Vatimas Feridas";"Pleno dia";"Crescente";"Ceu Claro";"Maltipla";"Reta";"Sim";2;0;1;0;0;1;1;2;-23,42870023;-46,41085991;"SPRF-SP";"DEL01-SP";"UOP01-DEL01-SP"
577328;2024-01-27;"sabado";"07:00:00";"SP";116;207;"GUARULHOS";"Manobra de mudanaa de faixa";"Colisao lateral mesmo sentido";"Com Vatimas Feridas";"Pleno dia";"Crescente";"Nublado";"Dupla";"Reta";"Sim";3;0;2;0;1;0;2;2;-23,41722629;-46,37510292;"SPRF-SP";"DEL01-SP";"UOP01-DEL01-SP"
577329;2024-01-27;"sabado";"06:20:00";"MG";40;522;"CONTAGEM";"Reacao tardia ou ineficiente do condutor";"Saida de leito carrocavel";"Com Vatimas Feridas";"Amanhecer";"Decrescente";"Chuva";"Dupla";"Reta";"Nao";1;0;1;0;0;0;1;1;-19,8638731;-44,06749809;"SPRF-MG";"DEL01-MG";"UOP02-DEL01-MG"
577330;2024-01-27;"sabado";"01:46:00";"SC";116;7,5;"MAFRA";"Ausancia de Reacao do condutor";"Saida de leito carrocavel";"Com Vatimas Feridas";"Plena Noite";"Decrescente";"Ceu Claro";"Simples";"Reta";"Nao";1;0;1;0;0;0;1;1;-26,15196176;-49,83102416;"SPRF-SC";"DEL06-SC";"UOP01-DEL06-SC"
577331;2024-01-27;"sabado";"07:10:00";"RS";290;240;"RIO PARDO";"Transitar na contramao";"Colisao lateral sentido oposto";"Sem Vatimas";"Pleno dia";"Crescente";"Ceu Claro";"Simples";"Aclive";"Nao";7;0;0;0;7;0;0;2;-30,2216155;-52,63366342;"SPRF-RS";"DEL02-RS";"UOP03-DEL02-RS"
577332;2024-01-27;"sabado";"03:00:00";"SC";470;176,6;"POUSO REDONDO";"Ausancia de Reacao do condutor";"Saida de leito carrocavel";"Com Vatimas Feridas";"Plena Noite";"Crescente";"Nevoeiro/Neblina";"Simples";"Declive;Reta                  ";"Sim";2;0;2;0;0;0;2;1;-27,25213067;-49,95578885;"SPRF-SC";"DEL04-SC";"UOP02-DEL04-SC"
577333;2024-01-27;"sabado";"03:00:00";"TO";153;471;"MIRACEMA DO TOCANTINS";"Condutor Dormindo";"Colisao frontal";"Sem Vatimas";"Plena Noite";"Crescente";"Nublado";"Simples";"Declive";"Nao";2;0;0;0;2;0;0;2;-10,011625;-48,770067;"SPRF-TO";"DEL01-TO";"UOP01-DEL01-TO"
577334;2024-01-27;"sabado";"07:45:00";"MG";459;87,3;"CONGONHAL";"Acesso irregular";"Colisao transversal";"Com Vatimas Feridas";"Pleno dia";"Crescente";"Ceu Claro";"Simples";"Reta";"Sim";3;0;0;1;2;0;1;2;-22,150578;-46,043282;"SPRF-MG";"DEL09-MG";"UOP01-DEL09-MG"
577335;2024-01-27;"sabado";"07:35:00";"MG";381;494;"BETIM";"Velocidade Incompatavel";"Colisao com objeto";"Com Vatimas Feridas";"Pleno dia";"Crescente";"Nublado";"Dupla";"Curva;Declive                 ";"Sim";1;0;1;0;0;0;1;1;-19,985563;-44,20318;"SPRF-MG";"DEL01-MG";"UOP03-DEL01-MG"
577336;2024-01-23;"terça-feira";"12:00:00";"RS";116;523;"PELOTAS";"Curva acentuada";"Tombamento";"Com Vatimas Feridas";"Pleno dia";"Decrescente";"Nublado";"Simples";"Curva";"Nao";2;0;2;0;0;0;2;1;-31,72136584;-52,38140629;"SPRF-RS";"DEL07-RS";"UOP01-DEL07-RS"
577337;2024-01-27;"sabado";"08:25:00";"SP";116;141,7;"SAO JOSE DOS CAMPOS";"Condutor deixou de manter distancia do veiculo da frente";"Colisao traseira";"Com Vatimas Feridas";"Pleno dia";"Decrescente";"Ceu Claro";"Dupla";"Reta";"Sim";3;0;1;1;0;1;2;2;-23,17004717;-45,82091491;"SPRF-SP";"DEL02-SP";"UOP01-DEL02-SP"
577338;2024-01-27;"sabado";"07:15:00";"SP";381;2;"VARGEM";"Transitar no Acostamento";"Colisao lateral mesmo sentido";"Com Vatimas Feridas";"Pleno dia";"Crescente";"Sol";"Dupla";"Curva";"Nao";3;0;2;0;1;0;2;2;-22,88187369;-46,39059388;"SPRF-SP";"DEL03-SP";"UOP02-DEL03-SP"
577343;2024-01-27;"sabado";"09:00:00";"RS";290;76;"GRAVATAI";"Avarias e/ou desgaste excessivo no pneu";"Queda de ocupante de veiculo";"Com Vatimas Feridas";"Pleno dia";"Decrescente";"Ceu Claro";"Dupla";"Reta";"Nao";2;0;2;0;0;0;2;1;-29,956612;-51,017124;"SPRF-RS";"DEL01-RS";"UOP01-DEL01-RS"
577344;2024-01-27;"sabado";"09:15:00";"SP";116;226,1;"GUARULHOS";"Avarias e/ou desgaste excessivo no pneu";"Tombamento";"Com Vatimas Feridas";"Pleno dia";"Decrescente";"Nublado";"Maltipla";"Reta;Aclive                   ";"Sim";2;0;2;0;0;0;2;1;-23,49102507;-46,54878195;"SPRF-SP";"DEL01-SP";"UOP01-DEL01-SP"
577345;2024-01-27;"sabado";"07:40:00";"PB";361;1;"PATOS";"Reacao tardia ou ineficiente do condutor";"Colisao traseira";"Com Vatimas Feridas";"Pleno dia";"Crescente";"Ceu Claro";"Simples";"Reta";"Sim";2;0;1;0;1;0;1;2;-7,02239904;-37,26888498;"SPRF-PB";"DEL03-PB";"UOP01-DEL03-PB"
577347;2024-01-27;"sabado";"09:25:00";"RN";101;99,8;"NATAL";"Trafegar com motocicleta (ou similar) entre as faixas";"Colisao lateral mesmo sentido";"Com Vatimas Feridas";"Pleno dia";"Crescente";"Ceu Claro";"Maltipla";"Viaduto";"Sim";3;0;2;0;1;0;2;2;-5,87359183;-35,22063023;"SPRF-RN";"DEL01-RN";"UOP01-DEL01-RN"
577348;2024-01-27;"sabado";"09:40:00";"CE";116;3;"FORTALEZA";"Acumulo de aleo sobre o pavimento";"Queda de ocupante de veiculo";"Com Vatimas Feridas";"Pleno dia";"Crescente";"Ceu Claro";"Maltipla";"Viaduto;Curva;Retorno Regulame";"Sim";1;0;1;0;0;0;1;1;-3,77866493;-38,51490171;"SPRF-CE";"DEL01-CE";"UOP02-DEL01-CE"
577349;2024-01-27;"sabado";"09:50:00";"ES";101;262,4;"SERRA";"Demais falhas mecanicas ou elatricas";"Incendio";"Sem Vatimas";"Pleno dia";"Decrescente";"Ceu Claro";"Dupla";"Reta";"Sim";1;0;0;0;1;0;0;1;-20,1572331;-40,27678329;"SPRF-ES";"DEL02-ES";"UOP01-DEL02-ES"
577350;2024-01-27;"sabado";"09:40:00";"GO";40;2;"VALPARAISO DE GOIAS";"Condutor deixou de manter distancia do veiculo da frente";"Colisao traseira";"Com Vatimas Feridas";"Pleno dia";"Crescente";"Ceu Claro";"Dupla";"Reta";"Sim";2;0;1;0;1;0;1;2;-16,067129;-47,984235;"SPRF-DF";"DEL01-DF";"UOP01-DEL01-DF"
577351;2024-01-27;"sabado";"07:45:00";"GO";40;11;"LUZIANIA";"Ausancia de Reacao do condutor";"Queda de ocupante de veiculo";"Com Vatimas Feridas";"Pleno dia";"Decrescente";"Nublado";"Dupla";"Reta";"Sim";1;0;1;0;0;0;1;1;-16,138336;-47,951644;"SPRF-DF";"DEL01-DF";"UOP01-DEL01-DF"
577353;2024-01-27;"sabado";"09:20:00";"PR";277;128;"BALSA NOVA";"Afundamento ou ondulaaao no pavimento";"Tombamento";"Com Vatimas Feridas";"Pleno dia";"Crescente";"Nublado";"Dupla";"Curva";"Nao";2;0;1;0;1;0;1;1;-25,44935868;-49,6161139;"SPRF-PR";"DEL03-PR";"UOP03-DEL03-PR"
577354;2024-01-27;"sabado";"08:45:00";"RN";427;92;"CAICO";"Avarias e/ou desgaste excessivo no pneu";"Queda de ocupante de veiculo";"Com Vatimas Feridas";"Pleno dia";"Crescente";"Ceu Claro";"Simples";"Curva";"Nao";2;0;2;0;0;0;2;1;-6,48413207;-37,04516103;"SPRF-RN";"DEL03-RN";"UOP01-DEL03-RN"
577355;2024-01-27;"sabado";"10:00:00";"MG";381;685;"RIBEIRAO VERMELHO";"Manobra de mudanaa de faixa";"Colisao transversal";"Com Vatimas Feridas";"Pleno dia";"Decrescente";"Chuva";"Dupla";"Reta";"Nao";2;0;1;0;1;0;1;1;-21,19177791;-45,11670723;"SPRF-MG";"DEL04-MG";"UOP02-DEL04-MG"
577356;2024-01-27;"sabado";"09:00:00";"MG";381;456;"BELO HORIZONTE";"Conversao proibida";"Colisao transversal";"Com Vatimas Feridas";"Pleno dia";"Decrescente";"Nublado";"Simples";"Reta";"Nao";2;0;1;1;0;0;2;2;-19,85862954;-43,91292495;"SPRF-MG";"DEL01-MG";"UOP01-DEL01-MG"
577357;2024-01-27;"sabado";"10:55:00";"PR";376;662,2;"TIJUCAS DO SUL";"Condutor deixou de manter distancia do veiculo da frente";"Colisao traseira";"Sem Vatimas";"Pleno dia";"Decrescente";"Garoa/Chuvisco";"Dupla";"Aclive;Reta                   ";"Nao";2;0;0;0;2;0;0;2;-25,85277415;-48,97649288;"SPRF-PR";"DEL01-PR";"UOP04-DEL01-PR"
577358;2024-01-27;"sabado";"09:23:00";"MT";163;829;"SINOP";"Acessar a via sem observar a presenca dos outros veiculos";"Colisao transversal";"Com Vatimas Feridas";"Pleno dia";"Decrescente";"Ceu Claro";"Dupla";"Retorno Regulamentado;Reta    ";"Sim";2;0;0;1;1;0;1;2;-11,91285942;-55,50876081;"SPRF-MT";"DEL06-MT";"UOP02-DEL06-MT"
577359;2024-01-27;"sabado";"09:00:00";"SC";101;233;"PALHOCA";"Ausancia de Reacao do condutor";"Colisao com objeto";"Sem Vatimas";"Pleno dia";"Crescente";"Ceu Claro";"Dupla";"Curva";"Nao";1;0;0;0;0;1;0;1;-27,80376397;-48,63826211;"SPRF-SC";"DEL01-SC";"UOP02-DEL01-SC"
577360;2024-01-27;"sabado";"10:45:00";"SC";101;243;"PALHOCA";"Condutor deixou de manter distancia do veiculo da frente";"Colisao traseira";"Com Vatimas Feridas";"Pleno dia";"Decrescente";"Nublado";"Maltipla";"Reta";"Nao";3;0;1;0;1;1;1;3;-27,88419902;-48,64750077;"SPRF-SC";"DEL01-SC";"UOP02-DEL01-SC"
577361;2024-01-27;"sabado";"07:57:00";"MT";163;61;"RONDONOPOLIS";"Ausancia de Reacao do condutor";"Saida de leito carrocavel";"Com Vatimas Feridas";"Pleno dia";"Crescente";"Ceu Claro";"Dupla";"Reta";"Nao";1;0;1;0;0;0;1;1;-16,97903791;-54,74750626;"SPRF-MT";"DEL02-MT";"UOP03-DEL02-MT"
577363;2024-01-27;"sabado";"08:45:00";"BA";367;32;"PORTO SEGURO";"Ultrapassagem Indevida";"Colisao lateral mesmo sentido";"Com Vatimas Feridas";"Pleno dia";"Decrescente";"Chuva";"Simples";"Reta";"Nao";2;0;0;1;1;0;1;2;-16,42202306;-39,14457302;"SPRF-BA";"DEL09-BA";"UOP03-DEL09-BA"
577367;2024-01-27;"sabado";"08:00:00";"BA";101;602;"MASCOTE";"Ausancia de Reacao do condutor";"Saida de leito carrocavel";"Com Vatimas Feridas";"Pleno dia";"Crescente";"Garoa/Chuvisco";"Simples";"Reta";"Nao";1;0;1;0;0;0;1;1;-15,67415807;-39,44112937;"SPRF-BA";"DEL05-BA";"UOP02-DEL05-BA"
577368;2024-01-27;"sabado";"09:55:00";"RJ";116;309;"RESENDE";"Reacao tardia ou ineficiente do condutor";"Colisao lateral mesmo sentido";"Com Vatimas Feridas";"Pleno dia";"Crescente";"Sol";"Simples";"Reta";"Nao";2;0;1;0;1;0;1;2;-22,45852838;-44,42672997;"SPRF-RJ";"DEL07-RJ";"UOP02-DEL07-RJ"
577370;2024-01-27;"sabado";"09:00:00";"RN";226;14;"MACAIBA";"Acesso irregular";"Colisao transversal";"Com Vatimas Feridas";"Pleno dia";"Decrescente";"Ceu Claro";"Simples";"Reta";"Sim";2;0;1;0;1;0;1;2;-5,85650342;-35,33513725;"SPRF-RN";"DEL01-RN";"UOP02-DEL01-RN"
577372;2024-01-26;"sexta-feira";"18:00:00";"PR";277;612;"SANTA TEREZA DO OESTE";"Demais falhas mecanicas ou elatricas";"Incendio";"Sem Vatimas";"Pleno dia";"Crescente";"Ceu Claro";"Simples";"Reta;Viaduto                  ";"Nao";1;0;0;0;0;1;0;1;-25,05631922;-53,64042585;"SPRF-PR";"DEL05-PR";"UOP02-DEL05-PR"
577374;2024-01-27;"sabado";"10:00:00";"SP";116;505,5;"CAJATI";"Animais na Pista";"Atropelamento de Animal";"Com Vatimas Feridas";"Pleno dia";"Crescente";"Ceu Claro";"Simples";"Curva;Declive                 ";"Nao";2;0;1;0;1;0;1;1;-24,79028098;-48,21075278;"SPRF-SP";"DEL05-SP";"UOP02-DEL05-SP"
577377;2024-01-27;"sabado";"09:45:00";"SC";282;502,4;"XANXERE";"Acessar a via sem observar a presenca dos outros veiculos";"Colisao traseira";"Com Vatimas Feridas";"Pleno dia";"Decrescente";"Ceu Claro";"Dupla";"Interseaao de Vias;Reta       ";"Sim";3;0;2;0;1;0;2;2;-26,88513881;-52,39339113;"SPRF-SC";"DEL07-SC";"UOP01-DEL07-SC"
577378;2024-01-27;"sabado";"07:30:00";"MG";381;791;"SAO GONCALO DO SAPUCAI";"Reacao tardia ou ineficiente do condutor";"Queda de ocupante de veiculo";"Com Vatimas Feridas";"Pleno dia";"Decrescente";"Ceu Claro";"Dupla";"Reta";"Nao";1;0;0;1;0;0;1;1;-21,88900384;-45,54659986;"SPRF-MG";"DEL16-MG";"UOP02-DEL16-MG"
577380;2024-01-27;"sabado";"12:30:00";"MG";40;502,7;"ESMERALDAS";"Manobra de mudanaa de faixa";"Saida de leito carrocavel";"Com Vatimas Feridas";"Pleno dia";"Crescente";"Sol";"Dupla";"Reta";"Nao";2;0;1;0;1;0;1;1;-19,714002;-44,160929;"SPRF-MG";"DEL02-MG";"UOP01-DEL02-MG"
577381;2024-01-27;"sabado";"00:00:00";"MG";40;257;"SAO GONCALO DO ABAETE";"Falta de elemento de contenaao que evite a saada do leito carroaavel";"Saida de leito carrocavel";"Com Vatimas Feridas";"Plena Noite";"Decrescente";"Chuva";"Simples";"Reta";"Nao";1;0;1;0;0;0;1;1;-18,13557504;-45,38218;"SPRF-MG";"DEL14-MG";"UOP02-DEL14-MG"
577383;2024-01-23;"terça-feira";"23:42:00";"RJ";116;42;"TERESOPOLIS";"Ausancia de Reacao do condutor";"Tombamento";"Com Vatimas Feridas";"Plena Noite";"Crescente";"Chuva";"Simples";"Reta";"Nao";2;0;2;0;0;0;2;1;-22,14560636;-42,79362881;"SPRF-RJ";"DEL04-RJ";"UOP01-DEL04-RJ"
577385;2024-01-27;"sabado";"12:30:00";"GO";364;194;"JATAI";"Ausancia de Reacao do condutor";"Saida de leito carrocavel";"Sem Vatimas";"Pleno dia";"Crescente";"Ceu Claro";"Dupla";"Curva;Declive                 ";"Nao";1;0;0;0;1;0;0;1;-17,922171;-51,704082;"SPRF-GO";"DEL05-GO";"UOP01-DEL05-GO"
577386;2024-01-27;"sabado";"12:44:00";"SC";101;208;"SAO JOSE";"Manobra de mudanaa de faixa";"Colisao lateral mesmo sentido";"Com Vatimas Feridas";"Pleno dia";"Crescente";"Nublado";"Maltipla";"Reta";"Sim";2;0;1;0;1;0;1;2;-27,60327979;-48,63201818;"SPRF-SC";"DEL01-SC";"UOP01-DEL01-SC"