"id";"data_inversa";"dia_semana";"horario";"uf";"br";"km";"municipio";"causa_acidente";"tipo_acidente";"classificacao_acidente";"fase_dia";"sentido_via";"condicao_metereologica";"tipo_pista";"tracado_via";"uso_solo";"pessoas";"mortos";"feridos_leves";"feridos_graves";"ilesos";"ignorados";"feridos";"veiculos";"latitude";"longitude";"regional";"delegacia";"uop"
577592;2024-01-28;"domingo";"14:10:00";"MG";116;409,9;"GOVERNADOR VALADARES";"Ausancia de Reacao do condutor";"Colisao com objeto";"Com Vatimas Feridas";"Pleno dia";"Crescente";"Nublado";"Dupla";"Reta";"Sim";1;0;1;0;0;0;1;1;-18,84936788;-41,97891368;"SPRF-MG";"DEL06-MG";"UOP01-DEL06-MG"
577593;2024-01-28;"domingo";"14:20:00";"MG";116;634,7;"DIVINO";"Acessar a via sem observar a presenca dos outros veiculos";"Colisao transversal";"Com Vatimas Feridas";"Pleno dia";"Decrescente";"Nublado";"Simples";"Reta";"Nao";5;0;3;0;2;0;3;2;-20,61516;-42,217882;"SPRF-MG";"DEL07-MG";"UOP02-DEL07-MG"
577594;2024-01-28;"domingo";"14:25:00";"SC";470;54;"BLUMENAU";"Condutor deixou de manter distancia do veiculo da frente";"Colisao traseira";"Sem Vatimas";"Pleno dia";"Crescente";"Ceu Claro";"Simples";"Interseaao de Vias";"Nao";2;0;0;0;2;0;0;2;-26,871065;-49,110374;"SPRF-SC";"DEL04-SC";"UOP01-DEL04-SC"
577595;2024-01-28;"domingo";"13:40:00";"RS";290;255;"CACHOEIRA DO SUL";"Demais falhas mecanicas ou elatricas";"Tombamento";"Com Vatimas Feridas";"Pleno dia";"Decrescente";"Ceu Claro";"Simples";"Reta";"Nao";2;0;2;0;0;0;2;1;-30,248507;-52,774807;"SPRF-RS";"DEL02-RS";"UOP03-DEL02-RS"
577596;2024-01-28;"domingo";"14:45:00";"MG";381;929;"ITAPEVA";"Ausancia de Reacao do condutor";"Saida de leito carrocavel";"Com Vatimas Feridas";"Pleno dia";"Crescente";"Nublado";"Dupla";"Curva";"Nao";3;0;2;0;1;0;2;1;-22,79911462;-46,26123692;"SPRF-MG";"DEL16-MG";"UOP03-DEL16-MG"
577598;2024-01-28;"domingo";"12:10:00";"MG";354;730,5;"POUSO ALTO";"Conversao proibida";"Colisao transversal";"Com Vatimas Fatais";"Pleno dia";"Crescente";"Ceu Claro";"Simples";"Aclive;Reta                   ";"Nao";8;1;1;1;3;2;2;3;-22,1646781;-44,96415906;"SPRF-MG";"DEL17-MG";"UOP01-DEL17-MG"
577601;2024-01-28;"domingo";"15:00:00";"GO";364;108;"CACHOEIRA ALTA";"Avarias e/ou desgaste excessivo no pneu";"Tombamento";"Com Vatimas Feridas";"Pleno dia";"Crescente";"Ceu Claro";"Simples";"Reta";"Nao";1;0;1;0;0;0;1;1;-18,348637;-51,123611;"SPRF-GO";"DEL05-GO";"UOP02-DEL05-GO"
577602;2024-01-28;"domingo";"10:50:00";"RJ";493;83;"JAPERI";"Conversao proibida";"Saida de leito carrocavel";"Com Vatimas Feridas";"Pleno dia";"Crescente";"Nublado";"Dupla";"Reta";"Nao";2;0;0;1;1;0;1;1;-22,6602744;-43,60267639;"SPRF-RJ";"DEL01-RJ";"UOP03-DEL01-RJ"
577603;2024-01-28;"domingo";"15:25:00";"RS";386;446;"CANOAS";"Ausancia de Reacao do condutor";"Tombamento";"Com Vatimas Feridas";"Pleno dia";"Crescente";"Chuva";"Dupla";"Retorno Regulamentado";"Sim";2;0;1;0;1;0;1;1;-29,893251;-51,182266;"SPRF-RS";"DEL01-RS";"UOP01-DEL01-RS"
577604;2024-01-28;"domingo";"15:50:00";"SC";101;137,8;"BALNEARIO CAMBORIU";"Reacao tardia ou ineficiente do condutor";"Colisao traseira";"Com Vatimas Feridas";"Pleno dia";"Decrescente";"Nublado";"Dupla";"Reta";"Sim";5;0;2;0;2;1;2;3;-27,0157238;-48,61192763;"SPRF-SC";"DEL04-SC";"UOP03-DEL04-SC"
577606;2024-01-28;"domingo";"15:40:00";"RJ";356;172;"SAO JOAO DA BARRA";"Ultrapassagem Indevida";"Colisao lateral sentido oposto";"Com Vatimas Feridas";"Pleno dia";"Decrescente";"Nublado";"Simples";"Reta";"Nao";6;0;1;0;5;0;1;2;-21,718531;-41,078654;"SPRF-RJ";"DEL08-RJ";"UOP02-DEL08-RJ"
577607;2024-01-28;"domingo";"14:10:00";"PE";232;79;"GRAVATA";"Demais falhas mecanicas ou elatricas";"Colisao traseira";"Com Vatimas Feridas";"Pleno dia";"Decrescente";"Ceu Claro";"Dupla";"Aclive;Reta                   ";"Sim";8;0;5;1;2;0;6;2;-8,19460572;-35,56074803;"SPRF-PE";"DEL02-PE";"UOP02-DEL02PE"
577608;2024-01-28;"domingo";"16:00:00";"RJ";101;531;"ANGRA DOS REIS";"Velocidade Incompatavel";"Colisao frontal";"Com Vatimas Feridas";"Pleno dia";"Crescente";"Nublado";"Simples";"Curva";"Nao";3;0;1;2;0;0;3;2;-23,02147898;-44,52344494;"SPRF-RJ";"DEL03-RJ";"UOP03-DEL03-RJ"
577609;2024-01-28;"domingo";"14:30:00";"BA";101;523;"BUERAREMA";"Chuva";"Saida de leito carrocavel";"Com Vatimas Feridas";"Pleno dia";"Crescente";"Chuva";"Simples";"Curva";"Nao";2;0;1;0;1;0;1;1;-14,943116;-39,303957;"SPRF-BA";"DEL05-BA";"UOP01-DEL05-BA"
577610;2024-01-28;"domingo";"16:03:00";"MG";381;490,3;"BETIM";"Manobra de mudanaa de faixa";"Colisao traseira";"Com Vatimas Feridas";"Pleno dia";"Decrescente";"Nublado";"Maltipla";"Reta";"Sim";2;0;1;0;1;0;1;2;-19,95665;-44,14741;"SPRF-MG";"DEL01-MG";"UOP03-DEL01-MG"
577611;2024-01-28;"domingo";"14:40:00";"PE";316;64,2;"TRINDADE";"Ausancia de Reacao do condutor";"Colisao transversal";"Com Vatimas Fatais";"Pleno dia";"Crescente";"Ceu Claro";"Simples";"Reta;Declive                  ";"Nao";3;1;0;0;2;0;0;2;-7,78543662;-40,22695512;"SPRF-PE";"DEL05-PE";"UOP02-DEL05-PE"
577612;2024-01-28;"domingo";"14:30:00";"BA";242;730;"CRISTOPOLIS";"Condutor Dormindo";"Queda de ocupante de veiculo";"Com Vatimas Feridas";"Pleno dia";"Decrescente";"Ceu Claro";"Simples";"Reta";"Nao";1;0;1;0;0;0;1;1;-12,22728634;-44,42768097;"SPRF-BA";"DEL10-BA";"UOP01-DEL10-BA"
577613;2024-01-28;"domingo";"16:10:00";"SC";282;59;"RANCHO QUEIMADO";"Desrespeitar a preferancia no cruzamento";"Colisao transversal";"Com Vatimas Feridas";"Pleno dia";"Decrescente";"Chuva";"Maltipla";"Interseaao de Vias";"Sim";2;0;1;0;1;0;1;2;-27,677965;-49,011559;"SPRF-SC";"DEL01-SC";"UOP03-DEL01-SC"
577614;2024-01-28;"domingo";"15:30:00";"AL";316;230;"ATALAIA";"Demais falhas mecanicas ou elatricas";"Queda de ocupante de veiculo";"Com Vatimas Feridas";"Pleno dia";"Crescente";"Ceu Claro";"Simples";"Reta";"Nao";2;0;2;0;0;0;2;1;-9,49432498;-36,118797;"SPRF-AL";"DEL01-AL";"UOP01-DEL01-AL"
577615;2024-01-28;"domingo";"15:50:00";"RJ";101;531;"ANGRA DOS REIS";"Pista Escorregadia";"Colisao transversal";"Com Vatimas Feridas";"Pleno dia";"Crescente";"Nublado";"Simples";"Curva";"Nao";5;0;2;3;0;0;5;2;-23,02147898;-44,52344494;"SPRF-RJ";"DEL03-RJ";"UOP03-DEL03-RJ"
577616;2024-01-28;"domingo";"15:40:00";"MT";70;16,6;"BARRA DO GARCAS";"Frear bruscamente";"Capotamento";"Com Vatimas Feridas";"Pleno dia";"Decrescente";"Ceu Claro";"Simples";"Declive;Curva                 ";"Nao";4;0;3;0;1;0;3;1;-15,86795112;-52,39570706;"SPRF-MT";"DEL07-MT";"UOP01-DEL07-MT"
577617;2024-01-28;"domingo";"14:42:00";"PR";272;553;"TERRA ROXA";"Condutor usando celular";"Saida de leito carrocavel";"Com Vatimas Feridas";"Pleno dia";"Crescente";"Ceu Claro";"Simples";"Reta";"Nao";1;0;1;0;0;0;1;1;-24,08395803;-54,08657001;"SPRF-PR";"DEL06-PR";"UOP01-DEL06-PR"
577618;2024-01-28;"domingo";"16:35:00";"MG";50;77;"UBERLANDIA";"Ingestao de alcool pelo condutor";"Saida de leito carrocavel";"Com Vatimas Feridas";"Pleno dia";"Crescente";"Ceu Claro";"Simples";"Viaduto";"Sim";1;0;1;0;0;0;1;1;-18,986906;-48,211853;"SPRF-MG";"DEL15-MG";"UOP01-DEL15-MG"
577619;2024-01-28;"domingo";"16:45:00";"PR";277;333,9;"GUARAPUAVA";"Reacao tardia ou ineficiente do condutor";"Colisao com objeto";"Sem Vatimas";"Pleno dia";"Crescente";"Garoa/Chuvisco";"Simples";"Curva";"Nao";5;0;0;0;5;0;0;1;-25,347022;-51,391657;"SPRF-PR";"DEL08-PR";"UOP01-DEL08-PR"
577620;2024-01-28;"domingo";"14:00:00";"GO";70;300;"ITAPIRAPUA";"Reacao tardia ou ineficiente do condutor";"Saida de leito carrocavel";"Com Vatimas Feridas";"Pleno dia";"Decrescente";"Ceu Claro";"Simples";"Reta";"Nao";1;0;1;0;0;0;1;1;-15,82925095;-50,66516876;"SPRF-GO";"DEL04-GO";"UOP02-DEL04-GO"
577621;2024-01-28;"domingo";"14:10:00";"GO";70;296;"ITAPIRAPUA";"Demais falhas mecanicas ou elatricas";"Incendio";"Sem Vatimas";"Pleno dia";"Decrescente";"Ceu Claro";"Simples";"Aclive";"Nao";1;0;0;0;0;1;0;1;-15,8254483;-50,65534973;"SPRF-GO";"DEL04-GO";"UOP02-DEL04-GO"
577622;2024-01-28;"domingo";"16:20:00";"GO";153;436;"ANAPOLIS";"Condutor deixou de manter distancia do veiculo da frente";"Colisao traseira";"Com Vatimas Feridas";"Pleno dia";"Crescente";"Chuva";"Dupla";"Reta";"Sim";4;0;1;0;3;0;1;1;-16,283987;-48,951763;"SPRF-GO";"DEL02-GO";"UOP01-DEL02-GO"
577623;2024-01-28;"domingo";"16:50:00";"MG";381;568,5;"ITAGUARA";"Velocidade Incompatavel";"Saida de leito carrocavel";"Com Vatimas Feridas";"Pleno dia";"Crescente";"Chuva";"Dupla";"Curva";"Nao";3;0;2;0;1;0;2;1;-20,42649228;-44,54458383;"SPRF-MG";"DEL04-MG";"UOP03-DEL04-MG"
577625;2024-01-28;"domingo";"17:10:00";"GO";70;29;"COCALZINHO DE GOIAS";"Velocidade Incompatavel";"Saida de leito carrocavel";"Com Vatimas Feridas";"Anoitecer";"Crescente";"Nublado";"Simples";"Curva";"Nao";2;0;1;0;1;0;1;1;-15,76396108;-48,44290582;"SPRF-DF";"DEL03-DF";"UOP02-DEL03-DF"
577626;2024-01-16;"terça-feira";"11:25:00";"MT";158;730;"BARRA DO GARCAS";"Reacao tardia ou ineficiente do condutor";"Saida de leito carrocavel";"Com Vatimas Feridas";"Pleno dia";"Crescente";"Sol";"Simples";"Reta";"Nao";1;0;1;0;0;0;1;1;-15,31333997;-52,16995088;"SPRF-MT";"DEL07-MT";"UOP01-DEL07-MT"
577627;2024-01-28;"domingo";"17:20:00";"PR";277;99,4;"CURITIBA";"Acumulo de agua sobre o pavimento";"Saida de leito carrocavel";"Com Vatimas Feridas";"Pleno dia";"Crescente";"Chuva";"Dupla";"Reta";"Sim";2;0;2;0;0;0;2;1;-25,53375211;-49,31824405;"SPRF-PR";"DEL01-PR";"UOP06-DEL01-PR"
577628;2024-01-28;"domingo";"17:10:00";"RS";386;386,9;"TABAI";"Reacao tardia ou ineficiente do condutor";"Saida de leito carrocavel";"Sem Vatimas";"Pleno dia";"Decrescente";"Ceu Claro";"Dupla";"Reta";"Sim";1;0;0;0;1;0;0;1;-29,688717;-51,717327;"SPRF-RS";"DEL04-RS";"UOP01-DEL04-RS"
577629;2024-01-28;"domingo";"17:20:00";"AL";316;221;"ATALAIA";"Ingestao de alcool pelo condutor";"Saida de leito carrocavel";"Com Vatimas Feridas";"Anoitecer";"Crescente";"Ceu Claro";"Simples";"Interseaao de Vias";"Nao";1;0;0;1;0;0;1;1;-9,46836516;-36,18278503;"SPRF-AL";"DEL01-AL";"UOP01-DEL01-AL"
577630;2024-01-28;"domingo";"18:01:00";"SP";153;67;"SAO JOSE DO RIO PRETO";"Condutor deixou de manter distancia do veiculo da frente";"Colisao traseira";"Com Vatimas Feridas";"Anoitecer";"Crescente";"Ceu Claro";"Dupla";"Reta";"Sim";2;0;1;0;0;1;1;2;-20,84853593;-49,37585608;"SPRF-SP";"DEL09-SP";"UOP01-DEL09-SP"
577631;2024-01-28;"domingo";"14:15:00";"PR";277;127;"CAMPO LARGO";"Reacao tardia ou ineficiente do condutor";"Saida de leito carrocavel";"Sem Vatimas";"Pleno dia";"Decrescente";"Garoa/Chuvisco";"Simples";"Curva";"Nao";1;0;0;0;1;0;0;1;-25,473;-49,6357;"SPRF-PR";"DEL03-PR";"UOP03-DEL03-PR"
577633;2024-01-28;"domingo";"17:50:00";"SC";101;119;"ITAJAI";"Reacao tardia ou ineficiente do condutor";"Colisao traseira";"Com Vatimas Feridas";"Anoitecer";"Decrescente";"Ceu Claro";"Dupla";"Reta";"Sim";3;0;1;0;2;0;1;2;-26,9043179;-48,71555481;"SPRF-SC";"DEL04-SC";"UOP04-DEL04-SC"
577635;2024-01-28;"domingo";"17:45:00";"RN";406;103;"JOAO CAMARA";"Acessar a via sem observar a presenca dos outros veiculos";"Colisao transversal";"Sem Vatimas";"Anoitecer";"Decrescente";"Ceu Claro";"Simples";"Interseaao de Vias";"Nao";2;0;0;0;2;0;0;2;-5,53714888;-35,81373986;"SPRF-RN";"DEL02-RN";"UOP01-DEL02-RN"
577638;2024-01-28;"domingo";"16:30:00";"PR";369;470,5;"CORBELIA";"Reacao tardia ou ineficiente do condutor";"Saida de leito carrocavel";"Com Vatimas Feridas";"Pleno dia";"Crescente";"Ceu Claro";"Simples";"Curva";"Nao";3;0;0;1;2;0;1;1;-24,690762;-53,236652;"SPRF-PR";"DEL04-PR";"UOP03-DEL04-PR"
577639;2024-01-28;"domingo";"16:00:00";"MS";60;404;"SIDROLANDIA";"Transitar na contramao";"Colisao lateral sentido oposto";"Com Vatimas Feridas";"Pleno dia";"Crescente";"Ceu Claro";"Simples";"Declive;Curva                 ";"Nao";7;0;3;4;0;0;7;2;-20,83451593;-54,80625825;"SPRF-MS";"DEL01-MS";"UOP04-DEL01-MS"
577640;2024-01-28;"domingo";"15:50:00";"PE";407;124;"PETROLINA";"Condutor deixou de manter distancia do veiculo da frente";"Colisao traseira";"Com Vatimas Feridas";"Pleno dia";"Crescente";"Ceu Claro";"Simples";"Interseaao de Vias";"Sim";2;0;1;0;1;0;1;2;-9,36929881;-40,54137139;"SPRF-PE";"DEL06-PE";"UOP01-DEL06-PE"
577641;2024-01-28;"domingo";"18:25:00";"RS";116;0,1;"PORTO ALEGRE";"Acumulo de agua sobre o pavimento";"Capotamento";"Com Vatimas Feridas";"Pleno dia";"Decrescente";"Chuva";"Maltipla";"Curva";"Sim";4;0;4;0;0;0;4;1;-30,033535;-51,230453;"SPRF-RS";"DEL01-RS";"UOP01-DEL01-RS"
577642;2024-01-28;"domingo";"16:50:00";"PR";277;685;"SAO MIGUEL DO IGUACU";"Acumulo de aleo sobre o pavimento";"Queda de ocupante de veiculo";"Com Vatimas Feridas";"Pleno dia";"Decrescente";"Ceu Claro";"Dupla";"Curva;Aclive                  ";"Sim";2;0;1;1;0;0;2;1;-25,3350861;-54,207268;"SPRF-PR";"DEL05-PR";"UOP01-DEL05-PR"
577643;2024-01-28;"domingo";"18:30:00";"PR";467;110,2;"CASCAVEL";"Ingestao de alcool pelo condutor";"Saida de leito carrocavel";"Com Vatimas Feridas";"Pleno dia";"Crescente";"Ceu Claro";"Dupla";"Reta";"Sim";2;0;2;0;0;0;2;1;-24,92755959;-53,45672607;"SPRF-PR";"DEL04-PR";"UOP01-DEL04-PR"
577644;2024-01-28;"domingo";"18:10:00";"GO";60;18,5;"ALEXANIA";"Reacao tardia ou ineficiente do condutor";"Capotamento";"Sem Vatimas";"Anoitecer";"Crescente";"Ceu Claro";"Dupla";"Reta";"Sim";2;0;0;0;2;0;0;1;-16,0963;-48,5202;"SPRF-DF";"DEL03-DF";"UOP01-DEL03-DF"
577645;2024-01-28;"domingo";"18:10:00";"RS";470;212,8;"BENTO GONCALVES";"Ingestao de alcool pelo condutor";"Colisao frontal";"Com Vatimas Feridas";"Pleno dia";"Decrescente";"Nublado";"Simples";"Declive;Reta                  ";"Nao";7;0;1;0;6;0;1;3;-29,14468113;-51,53392017;"SPRF-RS";"DEL06-RS";"UOP01-DEL06-RS"
577646;2024-01-28;"domingo";"17:50:00";"PI";343;336;"TERESINA";"Ingestao de alcool pelo condutor";"Saida de leito carrocavel";"Sem Vatimas";"Pleno dia";"Crescente";"Ceu Claro";"Dupla";"Reta";"Nao";1;0;0;0;1;0;0;1;-5,06176934;-42,70832062;"SPRF-PI";"DEL01-PI";"UOP01-DEL01-PI"
577647;2024-01-28;"domingo";"17:40:00";"SC";101;1;"GARUVA";"Reacao tardia ou ineficiente do condutor";"Tombamento";"Com Vatimas Feridas";"Pleno dia";"Decrescente";"Ceu Claro";"Maltipla";"Reta";"Nao";1;0;1;0;0;0;1;1;-25,98895627;-48,88356133;"SPRF-SC";"DEL03-SC";"UOP01-DEL03-SC"
577648;2024-01-28;"domingo";"18:50:00";"PR";277;97;"CURITIBA";"Condutor deixou de manter distancia do veiculo da frente";"Colisao traseira";"Sem Vatimas";"Anoitecer";"Crescente";"Nublado";"Dupla";"Reta;Declive                  ";"Sim";2;0;0;0;2;0;0;2;-25,4304438;-49,34110701;"SPRF-PR";"DEL01-PR";"UOP06-DEL01-PR"
577649;2024-01-28;"domingo";"18:00:00";"PI";343;593;"FLORIANO";"Ultrapassagem Indevida";"Colisao lateral mesmo sentido";"Com Vatimas Feridas";"Plena Noite";"Crescente";"Ceu Claro";"Simples";"Reta";"Sim";4;0;3;0;0;1;3;2;-6,781913;-43,038273;"SPRF-PI";"DEL03-PI";"UOP01-DEL03-PI"
577650;2024-01-28;"domingo";"17:15:00";"PE";424;10,4;"ARCOVERDE";"Ausancia de Reacao do condutor";"Colisao transversal";"Com Vatimas Fatais";"Pleno dia";"Decrescente";"Ceu Claro";"Simples";"Reta";"Nao";2;1;0;0;1;0;0;2;-8,49698318;-37,010177;"SPRF-PE";"DEL04-PE";"UOP02-DEL04-PE"
577651;2024-01-28;"domingo";"19:40:00";"RJ";101;200;"CASIMIRO DE ABREU";"Transitar na contramao";"Colisao frontal";"Com Vatimas Fatais";"Plena Noite";"Decrescente";"Ceu Claro";"Dupla";"Reta";"Nao";4;1;2;0;1;0;2;2;-22,485435;-42,14117;"SPRF-RJ";"DEL08-RJ";"UOP04-DEL08-RJ"
577652;2024-01-28;"domingo";"13:10:00";"MG";153;17;"CENTRALINA";"Ingestao de alcool pelo condutor";"Queda de ocupante de veiculo";"Com Vatimas Feridas";"Pleno dia";"Decrescente";"Ceu Claro";"Dupla";"Reta";"Nao";1;0;1;0;0;0;1;1;-18,569555;-49,193806;"SPRF-MG";"DEL15-MG";"UOP03-DEL15-MG"
577653;2024-01-28;"domingo";"19:30:00";"MG";116;627,5;"ORIZANIA";"Pedestre andava na pista";"Atropelamento de Pedestre";"Com Vatimas Fatais";"Plena Noite";"Decrescente";"Ceu Claro";"Simples";"Reta";"Nao";8;1;0;0;4;3;0;3;-20,556676;-42,20906;"SPRF-MG";"DEL07-MG";"UOP02-DEL07-MG"
577655;2024-01-28;"domingo";"18:40:00";"PE";232;181,4;"BELO JARDIM";"Transitar na contramao";"Colisao frontal";"Com Vatimas Feridas";"Plena Noite";"Decrescente";"Ceu Claro";"Simples";"Reta";"Sim";2;0;1;0;1;0;1;2;-8,34627974;-36,43776285;"SPRF-PE";"DEL03-PE";"UOP02-DEL03-PE"
577657;2024-01-28;"domingo";"14:30:00";"BA";407;42,7;"JUAZEIRO";"Demais falhas mecanicas ou elatricas";"Saida de leito carrocavel";"Com Vatimas Feridas";"Pleno dia";"Decrescente";"Sol";"Simples";"Reta";"Nao";5;0;5;0;0;0;5;1;-9,74760195;-40,34800581;"SPRF-BA";"DEL04-BA";"UOP01-DEL04-BA"
577658;2024-01-28;"domingo";"20:00:00";"GO";60;388;"RIO VERDE";"Retorno proibido";"Colisao traseira";"Sem Vatimas";"Plena Noite";"Crescente";"Nublado";"Simples";"Em Obras;Reta                 ";"Sim";4;0;0;0;3;1;0;3;-17,8151;-50,9343;"SPRF-GO";"DEL04-GO";"UOP02-DEL04-GO"
577659;2024-01-28;"domingo";"19:20:00";"PB";230;156;"CAMPINA GRANDE";"Transitar na contramao";"Colisao lateral sentido oposto";"Sem Vatimas";"Plena Noite";"Crescente";"Ceu Claro";"Simples";"Desvio Temporario;Reta;Em Obra";"Sim";2;0;0;0;2;0;0;2;-7,2693;-35,9138;"SPRF-PB";"DEL02-PB";"UOP01-DEL02-PB"
577660;2024-01-28;"domingo";"20:10:00";"PE";104;70,5;"CARUARU";"Ingestao de alcool pelo condutor";"Queda de ocupante de veiculo";"Com Vatimas Feridas";"Plena Noite";"Decrescente";"Ceu Claro";"Dupla";"Reta";"Nao";1;0;1;0;0;0;1;1;-8,323266;-35,988803;"SPRF-PE";"DEL02-PE";"UOP01-DEL02-PE"
577662;2024-01-28;"domingo";"19:47:00";"SC";101;331,7;"TUBARAO";"Desrespeitar a preferancia no cruzamento";"Colisao transversal";"Com Vatimas Feridas";"Plena Noite";"Crescente";"Garoa/Chuvisco";"Maltipla";"Interseaao de Vias";"Sim";4;0;1;0;3;0;1;2;-28,46567318;-48,99627686;"SPRF-SC";"DEL02-SC";"UOP01-DEL02-SC"
577663;2024-01-28;"domingo";"19:50:00";"GO";60;8,5;"SANTO ANTONIO DO DESCOBERTO";"Avarias e/ou desgaste excessivo no pneu";"Saida de leito carrocavel";"Com Vatimas Feridas";"Plena Noite";"Crescente";"Ceu Claro";"Dupla";"Aclive;Curva;Em Obras         ";"Nao";1;0;1;0;0;0;1;1;-16,112082;-48,305485;"SPRF-DF";"DEL03-DF";"UOP01-DEL03-DF"
577664;2024-01-28;"domingo";"19:50:00";"PR";469;18,8;"FOZ DO IGUACU";"Ingestao de alcool pelo condutor";"Colisao com objeto";"Sem Vatimas";"Plena Noite";"Decrescente";"Ceu Claro";"Simples";"Em Obras;Reta                 ";"Nao";1;0;0;0;1;0;0;1;-25,5958;-54,5111;"SPRF-PR";"DEL05-PR";"UOP04-DEL05-PR"
577665;2024-01-28;"domingo";"20:15:00";"RS";290;4;"OSORIO";"Manobra de mudanaa de faixa";"Colisao lateral mesmo sentido";"Com Vatimas Feridas";"Plena Noite";"Crescente";"Nublado";"Dupla";"Reta";"Nao";4;0;0;1;3;0;1;2;-29,898134;-50,31419;"SPRF-RS";"DEL03-RS";"UOP01-DEL03-RS"
577666;2024-01-28;"domingo";"17:15:00";"SP";116;108,5;"TAUBATE";"Entrada inopinada do pedestre";"Atropelamento de Pedestre";"Com Vatimas Feridas";"Pleno dia";"Crescente";"Nublado";"Dupla";"Reta;Aclive                   ";"Sim";2;0;1;0;1;0;1;2;-23,0233097;-45,53763622;"SPRF-SP";"DEL02-SP";"UOP02-DEL02-SP"
577668;2024-01-28;"domingo";"19:00:00";"SC";163;73;"SAO MIGUEL DO OESTE";"Conversao proibida";"Colisao traseira";"Com Vatimas Feridas";"Anoitecer";"Decrescente";"Ceu Claro";"Simples";"Reta";"Sim";2;0;1;0;1;0;1;2;-26,71084646;-53,51502434;"SPRF-SC";"DEL07-SC";"UOP03-DEL07-SC"
577670;2024-01-28;"domingo";"19:10:00";"MG";40;772;"JUIZ DE FORA";"Transitar na contramao";"Colisao lateral sentido oposto";"Com Vatimas Feridas";"Plena Noite";"Decrescente";"Chuva";"Simples";"Curva";"Nao";8;0;1;0;7;0;1;3;-21,61781996;-43,45469344;"SPRF-MG";"DEL05-MG";"UOP01-DEL05-MG"
577671;2024-01-28;"domingo";"20:15:00";"MG";50;180;"UBERABA";"Velocidade Incompatavel";"Saida de leito carrocavel";"Sem Vatimas";"Plena Noite";"Decrescente";"Ceu Claro";"Dupla";"Aclive;Interseaao de Vias;Curv";"Sim";1;0;0;0;0;1;0;1;-19,77751671;-47,92331815;"SPRF-MG";"DEL13-MG";"UOP01-DEL13-MG"
577675;2024-01-28;"domingo";"20:40:00";"SP";116;447;"REGISTRO";"Ausancia de Reacao do condutor";"Colisao traseira";"Com Vatimas Feridas";"Plena Noite";"Decrescente";"Ceu Claro";"Dupla";"Reta";"Nao";2;0;0;1;1;0;1;2;-24,51285376;-47,85054871;"SPRF-SP";"DEL05-SP";"UOP01-DEL05-SP"
577676;2024-01-28;"domingo";"19:10:00";"MS";163;29;"MUNDO NOVO";"Reacao tardia ou ineficiente do condutor";"Colisao com objeto";"Sem Vatimas";"Plena Noite";"Crescente";"Ceu Claro";"Simples";"Reta";"Nao";5;0;0;0;5;0;0;1;-23,85899892;-54,33396588;"SPRF-MS";"DEL09-MS";"UOP02-DEL09-MS"
577677;2024-01-28;"domingo";"19:30:00";"RS";290;174;"BUTIA";"Manobra de mudanaa de faixa";"Colisao frontal";"Com Vatimas Fatais";"Anoitecer";"Decrescente";"Ceu Claro";"Simples";"Aclive;Reta                   ";"Nao";3;1;2;0;0;0;2;2;-30,128044;-51,951588;"SPRF-RS";"DEL02-RS";"UOP03-DEL02-RS"
577678;2024-01-28;"domingo";"21:00:00";"MG";381;516;"IGARAPE";"Reacao tardia ou ineficiente do condutor";"Colisao com objeto";"Com Vatimas Feridas";"Plena Noite";"Decrescente";"Chuva";"Dupla";"Curva;Declive                 ";"Nao";1;0;1;0;0;0;1;1;-20,10866993;-44,31488799;"SPRF-MG";"DEL01-MG";"UOP03-DEL01-MG"
577679;2024-01-28;"domingo";"19:30:00";"RO";364;197;"PIMENTA BUENO";"Transitar na contramao";"Colisao frontal";"Com Vatimas Feridas";"Plena Noite";"Crescente";"Ceu Claro";"Simples";"Viaduto;Retorno Regulamentado;";"Sim";3;0;1;0;2;0;1;2;-11,679113;-61,187595;"SPRF-RO";"DEL02-RO";"UOP02-DEL02-RO"
577680;2024-01-28;"domingo";"17:15:00";"SC";470;108;"APIUNA";"Pista esburacada";"Atropelamento de Pedestre";"Com Vatimas Feridas";"Pleno dia";"Decrescente";"Garoa/Chuvisco";"Simples";"Reta";"Nao";3;0;2;1;0;0;3;2;-27,080708;-49,440491;"SPRF-SC";"DEL04-SC";"UOP02-DEL04-SC"
577681;2024-01-28;"domingo";"19:00:00";"SC";470;115,7;"IBIRAMA";"Conversao proibida";"Colisao transversal";"Com Vatimas Feridas";"Pleno dia";"Crescente";"Ceu Claro";"Simples";"Curva;Ponte                   ";"Nao";5;0;2;0;2;1;2;2;-27,080416;-49,485348;"SPRF-SC";"DEL04-SC";"UOP02-DEL04-SC"
577682;2024-01-28;"domingo";"19:20:00";"RJ";101;386;"RIO DE JANEIRO";"Reacao tardia ou ineficiente do condutor";"Saida de leito carrocavel";"Com Vatimas Feridas";"Plena Noite";"Decrescente";"Chuva";"Dupla";"Reta";"Sim";1;0;1;0;0;0;1;1;-22,88295192;-43,64094302;"SPRF-RJ";"DEL03-RJ";"UOP01-DEL03-RJ"
577683;2024-01-28;"domingo";"21:35:00";"PA";163;984;"SANTAREM";"Pedestre andava na pista";"Atropelamento de Pedestre";"Com Vatimas Fatais";"Plena Noite";"Decrescente";"Ceu Claro";"Simples";"Reta;Declive                  ";"Nao";3;1;0;0;2;0;0;2;-2,60947104;-54,72295996;"SPRF-PA";"DEL05-PA";"UOP01-DEL05-PA"