"id";"data_inversa";"dia_semana";"horario";"uf";"br";"km";"municipio";"causa_acidente";"tipo_acidente";"classificacao_acidente";"fase_dia";"sentido_via";"condicao_metereologica";"tipo_pista";"tracado_via";"uso_solo";"pessoas";"mortos";"feridos_leves";"feridos_graves";"ilesos";"ignorados";"feridos";"veiculos";"latitude";"longitude";"regional";"delegacia";"uop"
577931;2024-01-29;"segunda-feira";"13:08:00";"BA";101;504;"ITABUNA";"Acessar a via sem observar a presenca dos outros veiculos";"Colisao transversal";"Com Vatimas Feridas";"Pleno dia";"Decrescente";"Ceu Claro";"Simples";"Declive";"Nao";2;0;1;0;1;0;1;2;-14,94042206;-39,30397277;"SPRF-BA";"DEL05-BA";"UOP01-DEL05-BA"
577937;2024-01-30;"terça-feira";"07:15:00";"PB";230;139,7;"CAMPINA GRANDE";"Demais falhas mecanicas ou elatricas";"Tombamento";"Com Vatimas Feridas";"Pleno dia";"Crescente";"Ceu Claro";"Maltipla";"Curva";"Nao";1;0;1;0;0;0;1;1;-7,2696;-35,7899;"SPRF-PB";"DEL02-PB";"UOP01-DEL02-PB"
577938;2024-01-30;"terça-feira";"06:20:00";"RS";448;2;"ESTEIO";"Demais falhas na via";"Tombamento";"Com Vatimas Feridas";"Pleno dia";"Crescente";"Ceu Claro";"Dupla";"Curva";"Nao";1;0;1;0;0;0;1;1;-29,844086;-51,192482;"SPRF-RS";"DEL01-RS";"UOP02-DEL01-RS"
577939;2024-01-30;"terça-feira";"05:10:00";"RS";470;188;"VERANOPOLIS";"Acumulo de aleo sobre o pavimento";"Capotamento";"Sem Vatimas";"Amanhecer";"Decrescente";"Nevoeiro/Neblina";"Simples";"Curva";"Nao";1;0;0;0;1;0;0;1;-29,0090907;-51,56456778;"SPRF-RS";"DEL06-RS";"UOP02-DEL06-RS"
577940;2024-01-30;"terça-feira";"07:30:00";"RS";116;269;"CANOAS";"Reacao tardia ou ineficiente do condutor";"Colisao lateral mesmo sentido";"Com Vatimas Feridas";"Pleno dia";"Crescente";"Ceu Claro";"Maltipla";"Reta";"Sim";2;0;2;0;0;0;2;1;-29,95942501;-51,17608515;"SPRF-RS";"DEL01-RS";"UOP01-DEL01-RS"
577941;2024-01-30;"terça-feira";"07:30:00";"SP";116;222;"GUARULHOS";"Trafegar com motocicleta (ou similar) entre as faixas";"Tombamento";"Com Vatimas Feridas";"Pleno dia";"Crescente";"Ceu Claro";"Maltipla";"Reta";"Sim";1;0;1;0;0;0;1;1;-23,47093408;-46,51631097;"SPRF-SP";"DEL01-SP";"UOP01-DEL01-SP"
577944;2024-01-30;"terça-feira";"07:07:00";"RS";158;201,3;"CRUZ ALTA";"Transitar na contramao";"Colisao frontal";"Com Vatimas Fatais";"Amanhecer";"Crescente";"Ceu Claro";"Simples";"Declive";"Nao";4;1;0;1;2;0;1;2;-28,69409698;-53,60154374;"SPRF-RS";"DEL10-RS";"UOP02-DEL10-RS"
577945;2024-01-30;"terça-feira";"05:35:00";"SC";280;25,3;"ARAQUARI";"Acessar a via sem observar a presenca dos outros veiculos";"Colisao transversal";"Com Vatimas Feridas";"Pleno dia";"Crescente";"Ceu Claro";"Simples";"Reta";"Nao";2;0;2;0;0;0;2;2;-26,38352781;-48,72677516;"SPRF-SC";"DEL03-SC";"UOP03-DEL03-SC"
577947;2024-01-30;"terça-feira";"06:50:00";"RJ";465;1,4;"SEROPEDICA";"Ausancia de Reacao do condutor";"Atropelamento de Pedestre";"Com Vatimas Feridas";"Pleno dia";"Decrescente";"Ceu Claro";"Simples";"Reta";"Sim";3;0;1;1;1;0;2;3;-22,719835;-43,725739;"SPRF-RJ";"DEL06-RJ";"UOP02-DEL06-RJ"
577949;2024-01-30;"terça-feira";"07:50:00";"SC";101;120,9;"ITAJAI";"Ausancia de Reacao do condutor";"Colisao lateral mesmo sentido";"Com Vatimas Feridas";"Pleno dia";"Decrescente";"Ceu Claro";"Maltipla";"Reta";"Sim";2;0;1;0;1;0;1;2;-26,912758;-48,711998;"SPRF-SC";"DEL04-SC";"UOP04-DEL04-SC"
577951;2024-01-30;"terça-feira";"07:35:00";"BA";324;623;"SALVADOR";"Condutor deixou de manter distancia do veiculo da frente";"Colisao lateral mesmo sentido";"Com Vatimas Feridas";"Pleno dia";"Decrescente";"Sol";"Dupla";"Reta";"Sim";3;0;1;0;2;0;1;3;-12,937406;-38,472284;"SPRF-BA";"DEL01-BA";"UOP01-DEL01-BA"
577954;2024-01-30;"terça-feira";"08:00:00";"PR";376;2,5;"SAO JOSE DOS PINHAIS";"Manobra de mudanaa de faixa";"Colisao lateral mesmo sentido";"Com Vatimas Feridas";"Pleno dia";"Crescente";"Ceu Claro";"Dupla";"Reta";"Sim";2;0;1;0;1;0;1;2;-25,5307;-49,1958;"SPRF-PR";"DEL01-PR";"UOP04-DEL01-PR"
577955;2024-01-30;"terça-feira";"08:41:00";"GO";40;109;"CRISTALINA";"Condutor Dormindo";"Saida de leito carrocavel";"Sem Vatimas";"Pleno dia";"Crescente";"Ceu Claro";"Dupla";"Reta";"Nao";1;0;0;0;1;0;0;1;-16,840532;-47,517647;"SPRF-DF";"DEL01-DF";"UOP02-DEL01-DF"
577962;2024-01-30;"terça-feira";"07:07:00";"PR";369;40;"ANDIRA";"Ultrapassagem Indevida";"Colisao traseira";"Com Vatimas Feridas";"Pleno dia";"Crescente";"Ceu Claro";"Simples";"Reta";"Nao";3;0;1;0;2;0;1;2;-23,07339316;-50,26649594;"SPRF-PR";"DEL07-PR";"UOP05-DEL07-PR"
577963;2024-01-30;"terça-feira";"09:10:00";"PB";230;162;"CAMPINA GRANDE";"Pedestre andava na pista";"Atropelamento de Pedestre";"Com Vatimas Feridas";"Pleno dia";"Crescente";"Ceu Claro";"Simples";"Curva";"Nao";2;0;1;0;1;0;1;2;-7,2277;-35,9439;"SPRF-PB";"DEL02-PB";"UOP01-DEL02-PB"
577965;2024-01-30;"terça-feira";"08:30:00";"PR";376;180,9;"MARINGA";"Ausancia de Reacao do condutor";"Tombamento";"Com Vatimas Feridas";"Pleno dia";"Decrescente";"Ceu Claro";"Dupla";"Reta";"Sim";1;0;1;0;0;0;1;1;-23,42725352;-51,89512271;"SPRF-PR";"DEL09-PR";"UOP01-DEL09-PR"
577967;2024-01-30;"terça-feira";"08:20:00";"BA";324;623,2;"SALVADOR";"Reacao tardia ou ineficiente do condutor";"Colisao traseira";"Com Vatimas Feridas";"Pleno dia";"Crescente";"Ceu Claro";"Dupla";"Reta";"Nao";2;0;1;0;0;1;1;2;-12,92628699;-38,46838679;"SPRF-BA";"DEL01-BA";"UOP01-DEL01-BA"
577972;2024-01-30;"terça-feira";"06:50:00";"MG";116;810;"ALEM PARAIBA";"Condutor deixou de manter distancia do veiculo da frente";"Saida de leito carrocavel";"Com Vatimas Feridas";"Pleno dia";"Crescente";"Nublado";"Simples";"Reta";"Nao";1;0;1;0;0;0;1;1;-21,8327779;-42,67715755;"SPRF-MG";"DEL07-MG";"UOP01-DEL07-MG"
577973;2024-01-30;"terça-feira";"09:40:00";"PR";277;589,4;"CASCAVEL";"Entrada inopinada do pedestre";"Atropelamento de Pedestre";"Com Vatimas Feridas";"Pleno dia";"Decrescente";"Sol";"Simples";"Reta;Declive                  ";"Sim";2;0;0;1;1;0;1;2;-24,97777319;-53,44688591;"SPRF-PR";"DEL04-PR";"UOP01-DEL04-PR"
577974;2024-01-30;"terça-feira";"09:15:00";"AL";316;262;"SATUBA";"Condutor deixou de manter distancia do veiculo da frente";"Colisao traseira";"Sem Vatimas";"Pleno dia";"Crescente";"Ceu Claro";"Simples";"Reta";"Nao";2;0;0;0;2;0;0;2;-9,58877051;-35,88700493;"SPRF-AL";"DEL02-AL";"UOP01-DEL02-AL"
577976;2024-01-30;"terça-feira";"09:50:00";"PE";232;5;"RECIFE";"Estacionar ou parar em local proibido";"Colisao traseira";"Com Vatimas Feridas";"Pleno dia";"Crescente";"Ceu Claro";"Maltipla";"Reta";"Sim";3;0;0;2;0;1;2;3;-8,06795766;-34,94535414;"SPRF-PE";"DEL01-PE";"UOP01-DEL01-PE"
577979;2024-01-30;"terça-feira";"06:30:00";"RJ";493;1;"ITABORAI";"Reacao tardia ou ineficiente do condutor";"Colisao traseira";"Com Vatimas Feridas";"Pleno dia";"Decrescente";"Ceu Claro";"Dupla";"Reta";"Nao";2;0;1;0;1;0;1;2;-22,76398788;-42,92731895;"SPRF-RJ";"DEL02-RJ";"UOP02-DEL02-RJ"
577980;2024-01-30;"terça-feira";"08:40:00";"RO";364;709;"PORTO VELHO";"Acessar a via sem observar a presenca dos outros veiculos";"Tombamento";"Com Vatimas Feridas";"Pleno dia";"Crescente";"Ceu Claro";"Dupla";"Interseaao de Vias";"Sim";2;0;1;0;1;0;1;2;-8,7909383;-63,84895617;"SPRF-RO";"DEL01-RO";"UOP01-DEL01-RO"
577981;2024-01-30;"terça-feira";"08:15:00";"RJ";40;15,7;"TRES RIOS";"Mal sabito do condutor";"Saida de leito carrocavel";"Com Vatimas Feridas";"Pleno dia";"Crescente";"Ceu Claro";"Dupla";"Reta;Declive                  ";"Nao";4;0;1;3;0;0;4;1;-22,07530027;-43,18283558;"SPRF-RJ";"DEL05-RJ";"UOP02-DEL05-RJ"
577986;2024-01-30;"terça-feira";"10:45:00";"SC";282;2;"FLORIANOPOLIS";"Manobra de mudanaa de faixa";"Colisao lateral mesmo sentido";"Com Vatimas Feridas";"Pleno dia";"Decrescente";"Sol";"Maltipla";"Reta";"Sim";2;0;1;0;1;0;1;2;-27,603289;-48,590416;"SPRF-SC";"DEL01-SC";"UOP01-DEL01-SC"
577987;2024-01-30;"terça-feira";"10:00:00";"SP";116;281;"ITAPECERICA DA SERRA";"Ausancia de Reacao do condutor";"Colisao traseira";"Com Vatimas Feridas";"Pleno dia";"Decrescente";"Ceu Claro";"Dupla";"Reta";"Sim";2;0;1;0;1;0;1;2;-23,67784787;-46,85769227;"SPRF-SP";"DEL04-SP";"UOP01-DEL04-SP"
577990;2024-01-30;"terça-feira";"10:50:00";"SC";101;137,5;"BALNEARIO CAMBORIU";"Reacao tardia ou ineficiente do condutor";"Colisao traseira";"Com Vatimas Feridas";"Pleno dia";"Decrescente";"Ceu Claro";"Maltipla";"Reta";"Sim";2;0;1;0;1;0;1;2;-27,0157238;-48,61192763;"SPRF-SC";"DEL04-SC";"UOP03-DEL04-SC"
577993;2024-01-30;"terça-feira";"03:30:00";"PI";407;525;"PATOS DO PIAUI";"Condutor Dormindo";"Saida de leito carrocavel";"Sem Vatimas";"Plena Noite";"Decrescente";"Ceu Claro";"Simples";"Reta;Declive                  ";"Nao";1;0;0;0;1;0;0;1;-7,75438205;-41,27092842;"SPRF-PI";"DEL04-PI";"UOP01-DEL04-PI"
577995;2024-01-30;"terça-feira";"10:30:00";"RS";468;12,4;"PALMEIRA DAS MISSOES";"Acessar a via sem observar a presenca dos outros veiculos";"Colisao transversal";"Com Vatimas Feridas";"Pleno dia";"Decrescente";"Chuva";"Simples";"Curva";"Nao";2;0;0;1;1;0;1;2;-27,83356465;-53,4092468;"SPRF-RS";"DEL08-RS";"UOP01-DEL08-RS"
577997;2024-01-30;"terça-feira";"11:30:00";"PR";376;163,1;"MARINGA";"Ausancia de Reacao do condutor";"Tombamento";"Com Vatimas Feridas";"Pleno dia";"Crescente";"Ceu Claro";"Dupla";"Reta";"Nao";1;0;1;0;0;0;1;1;-23,38150629;-52,03480212;"SPRF-PR";"DEL09-PR";"UOP01-DEL09-PR"
577998;2024-01-30;"terça-feira";"11:30:00";"SP";153;258;"MARILIA";"Reacao tardia ou ineficiente do condutor";"Queda de ocupante de veiculo";"Com Vatimas Feridas";"Pleno dia";"Decrescente";"Ceu Claro";"Simples";"Curva";"Sim";1;0;1;0;0;0;1;1;-22,24864701;-49,92085793;"SPRF-SP";"DEL07-SP";"UOP02-DEL07-SP"
578004;2024-01-30;"terça-feira";"10:35:00";"MG";50;80,2;"UBERLANDIA";"Objeto estatico sobre o leito carroaavel";"Tombamento";"Com Vatimas Feridas";"Pleno dia";"Decrescente";"Nublado";"Dupla";"Aclive;Reta                   ";"Nao";1;0;0;1;0;0;1;1;-18,986906;-48,211853;"SPRF-MG";"DEL15-MG";"UOP01-DEL15-MG"
578006;2024-01-30;"terça-feira";"12:30:00";"PR";277;595;"CASCAVEL";"Acessar a via sem observar a presenca dos outros veiculos";"Colisao transversal";"Com Vatimas Feridas";"Pleno dia";"Crescente";"Ceu Claro";"Simples";"Reta";"Sim";2;0;0;1;1;0;1;2;-24,98154632;-53,50141969;"SPRF-PR";"DEL04-PR";"UOP01-DEL04-PR"
578007;2024-01-30;"terça-feira";"12:20:00";"RS";392;18,1;"RIO GRANDE";"Acessar a via sem observar a presenca dos outros veiculos";"Colisao transversal";"Sem Vatimas";"Pleno dia";"Decrescente";"Ceu Claro";"Dupla";"Reta";"Sim";2;0;0;0;2;0;0;2;-32,09017991;-52,17651198;"SPRF-RS";"DEL07-RS";"UOP02-DEL07-RS"
578009;2024-01-30;"terça-feira";"12:15:00";"MT";70;2,3;"BARRA DO GARCAS";"Acessar a via sem observar a presenca dos outros veiculos";"Atropelamento de Pedestre";"Com Vatimas Feridas";"Pleno dia";"Crescente";"Sol";"Simples";"Reta";"Sim";3;0;1;0;1;1;1;2;-15,88749699;-52,26810568;"SPRF-MT";"DEL07-MT";"UOP01-DEL07-MT"
578010;2024-01-30;"terça-feira";"11:00:00";"RR";432;201;"CANTA";"Ausancia de Reacao do condutor";"Tombamento";"Com Vatimas Feridas";"Pleno dia";"Decrescente";"Nublado";"Simples";"Curva";"Nao";2;0;2;0;0;0;2;1;2,69243392;-60,60561614;"SPRF-RR";"DEL01-RR";"UOP01-DEL01-RR"
578011;2024-01-30;"terça-feira";"13:00:00";"MG";146;488;"POCOS DE CALDAS";"Reacao tardia ou ineficiente do condutor";"Colisao traseira";"Com Vatimas Feridas";"Pleno dia";"Crescente";"Sol";"Simples";"Rotataria";"Sim";2;0;1;0;1;0;1;2;-21,807377;-46,470452;"SPRF-MG";"DEL09-MG";"UOP01-DEL09-MG"
578013;2024-01-13;"sabado";"15:55:00";"RS";116;259;"ESTEIO";"Ausancia de Reacao do condutor";"Atropelamento de Pedestre";"Com Vatimas Feridas";"Pleno dia";"Decrescente";"Ceu Claro";"Dupla";"Reta";"Sim";2;0;1;0;1;0;1;2;-29,86535845;-51,18062496;"SPRF-RS";"DEL01-RS";"UOP02-DEL01-RS"
578014;2024-01-30;"terça-feira";"13:40:00";"SP";116;226,8;"GUARULHOS";"Reacao tardia ou ineficiente do condutor";"Queda de ocupante de veiculo";"Com Vatimas Feridas";"Pleno dia";"Crescente";"Ceu Claro";"Maltipla";"Reta";"Sim";1;0;1;0;0;0;1;1;-23,49102507;-46,54878195;"SPRF-SP";"DEL01-SP";"UOP01-DEL01-SP"
578017;2024-01-22;"segunda-feira";"09:00:00";"PR";158;537;"PATO BRANCO";"Acessar a via sem observar a presenca dos outros veiculos";"Colisao transversal";"Com Vatimas Feridas";"Pleno dia";"Decrescente";"Sol";"Simples";"Reta";"Sim";2;0;0;1;1;0;1;2;-26,24248639;-52,69697646;"SPRF-PR";"DEL02-PR";"UOP01-DEL02-PR"
578018;2024-01-26;"sexta-feira";"19:05:00";"PA";230;121;"MARABA";"Ausancia de Reacao do condutor";"Colisao traseira";"Sem Vatimas";"Plena Noite";"Decrescente";"Chuva";"Simples";"Curva";"Sim";3;0;0;0;3;0;0;2;-5,35297407;-49,12143673;"SPRF-PA";"DEL03-PA";"UOP01-DEL03-PA"
578021;2024-01-30;"terça-feira";"13:55:00";"RS";392;31,3;"RIO GRANDE";"Demais falhas mecanicas ou elatricas";"Saida de leito carrocavel";"Com Vatimas Feridas";"Pleno dia";"Decrescente";"Ceu Claro";"Dupla";"Curva";"Nao";5;0;1;0;4;0;1;1;-32,04179424;-52,28176437;"SPRF-RS";"DEL07-RS";"UOP02-DEL07-RS"
578022;2024-01-30;"terça-feira";"14:40:00";"MG";116;536;"SANTA RITA DE MINAS";"Condutor deixou de manter distancia do veiculo da frente";"Colisao traseira";"Com Vatimas Feridas";"Pleno dia";"Decrescente";"Nublado";"Simples";"Reta";"Nao";5;0;2;0;3;0;2;2;-19,8582936;-42,1353868;"SPRF-MG";"DEL06-MG";"UOP02-DEL06-MG"
578023;2024-01-30;"terça-feira";"13:33:00";"MT";364;307;"JACIARA";"Reacao tardia ou ineficiente do condutor";"Saida de leito carrocavel";"Com Vatimas Feridas";"Pleno dia";"Decrescente";"Chuva";"Dupla";"Reta";"Nao";1;0;1;0;0;0;1;1;-15,82088336;-55,21223409;"SPRF-MT";"DEL05-MT";"UOP02-DEL05-MT"
578024;2024-01-30;"terça-feira";"11:02:00";"SC";280;129;"RIO NEGRINHO";"Acessar a via sem observar a presenca dos outros veiculos";"Colisao transversal";"Com Vatimas Feridas";"Pleno dia";"Crescente";"Ceu Claro";"Simples";"Reta";"Nao";2;0;1;0;1;0;1;2;-26,24586437;-49,52284615;"SPRF-SC";"DEL06-SC";"UOP03-DEL06-SC"
578025;2024-01-30;"terça-feira";"14:30:00";"RJ";40;119;"DUQUE DE CAXIAS";"Manobra de mudanaa de faixa";"Colisao lateral mesmo sentido";"Com Vatimas Feridas";"Pleno dia";"Decrescente";"Sol";"Dupla";"Reta";"Sim";2;0;1;0;1;0;1;2;-22,76375592;-43,28683062;"SPRF-RJ";"DEL01-RJ";"UOP02-DEL01-RJ"
578026;2024-01-30;"terça-feira";"11:10:00";"GO";153;312,1;"RIALMA";"Demais falhas mecanicas ou elatricas";"Saida de leito carrocavel";"Com Vatimas Feridas";"Pleno dia";"Decrescente";"Ceu Claro";"Simples";"Reta";"Nao";1;0;1;0;0;0;1;1;-15,384867;-49,551846;"SPRF-GO";"DEL02-GO";"UOP02-DEL02-GO"
578028;2024-01-30;"terça-feira";"14:00:00";"RJ";116;145;"MAGE";"Avarias e/ou desgaste excessivo no pneu";"Queda de ocupante de veiculo";"Com Vatimas Feridas";"Pleno dia";"Crescente";"Ceu Claro";"Dupla";"Reta";"Nao";2;0;2;0;0;0;2;1;-22,66237951;-43,25529831;"SPRF-RJ";"DEL01-RJ";"UOP02-DEL01-RJ"
578031;2024-01-30;"terça-feira";"14:30:00";"RJ";40;119;"DUQUE DE CAXIAS";"Ausancia de Reacao do condutor";"Atropelamento de Pedestre";"Com Vatimas Feridas";"Pleno dia";"Crescente";"Ceu Claro";"Maltipla";"Reta";"Sim";2;0;1;0;0;1;1;2;-22,76375592;-43,28683062;"SPRF-RJ";"DEL01-RJ";"UOP02-DEL01-RJ"
578032;2024-01-30;"terça-feira";"14:10:00";"SC";280;25,8;"ARAQUARI";"Acessar a via sem observar a presenca dos outros veiculos";"Colisao transversal";"Com Vatimas Feridas";"Pleno dia";"Crescente";"Ceu Claro";"Simples";"Reta";"Nao";2;0;1;0;1;0;1;2;-26,38352781;-48,72677516;"SPRF-SC";"DEL03-SC";"UOP03-DEL03-SC"
578035;2024-01-30;"terça-feira";"15:30:00";"SP";116;111;"TAUBATE";"Acessar a via sem observar a presenca dos outros veiculos";"Colisao lateral mesmo sentido";"Com Vatimas Feridas";"Pleno dia";"Crescente";"Ceu Claro";"Dupla";"Reta";"Sim";2;0;1;0;0;1;1;2;-23,03887149;-45,56097419;"SPRF-SP";"DEL02-SP";"UOP02-DEL02-SP"
578036;2024-01-30;"terça-feira";"13:00:00";"MG";365;670,1;"MONTE ALEGRE DE MINAS";"Mal sabito do condutor";"Saida de leito carrocavel";"Com Vatimas Feridas";"Pleno dia";"Decrescente";"Sol";"Dupla";"Curva;Declive                 ";"Nao";2;0;1;1;0;0;2;1;-18,88405862;-48,73542988;"SPRF-MG";"DEL15-MG";"UOP01-DEL15-MG"
578038;2024-01-30;"terça-feira";"16:20:00";"CE";116;3;"FORTALEZA";"Condutor deixou de manter distancia do veiculo da frente";"Colisao traseira";"Com Vatimas Feridas";"Pleno dia";"Crescente";"Ceu Claro";"Maltipla";"Reta";"Nao";3;0;2;0;1;0;2;2;-3,77866493;-38,51490171;"SPRF-CE";"DEL01-CE";"UOP02-DEL01-CE"
578039;2024-01-30;"terça-feira";"16:40:00";"SP";101;40;"UBATUBA";"Acessar a via sem observar a presenca dos outros veiculos";"Colisao transversal";"Com Vatimas Feridas";"Pleno dia";"Decrescente";"Ceu Claro";"Simples";"Reta";"Nao";5;0;1;0;4;0;1;2;-23,41495528;-45,03516778;"SPRF-SP";"DEL06-SP";"UOP01-DEL06-SP"
578040;2024-01-30;"terça-feira";"16:40:00";"RS";290;71;"GRAVATAI";"Reacao tardia ou ineficiente do condutor";"Capotamento";"Com Vatimas Feridas";"Pleno dia";"Decrescente";"Ceu Claro";"Maltipla";"Reta";"Sim";1;0;1;0;0;0;1;1;-29,951347;-50,965858;"SPRF-RS";"DEL03-RS";"UOP01-DEL03-RS"
578041;2024-01-30;"terça-feira";"13:11:00";"MT";163;687;"LUCAS DO RIO VERDE";"Acessar a via sem observar a presenca dos outros veiculos";"Colisao transversal";"Com Vatimas Feridas";"Pleno dia";"Crescente";"Nublado";"Simples";"Reta";"Sim";4;0;1;0;3;0;1;2;-13,07959013;-55,93724554;"SPRF-MT";"DEL06-MT";"UOP01-DEL06-MT"
578043;2024-01-30;"terça-feira";"16:20:00";"RJ";101;412;"ITAGUAI";"Demais falhas mecanicas ou elatricas";"Incendio";"Sem Vatimas";"Pleno dia";"Crescente";"Ceu Claro";"Dupla";"Reta";"Sim";2;0;0;0;2;0;0;1;-22,89720365;-43,85639217;"SPRF-RJ";"DEL03-RJ";"UOP01-DEL03-RJ"
578048;2024-01-30;"terça-feira";"16:40:00";"ES";259;99,1;"BAIXO GUANDU";"Desrespeitar a preferancia no cruzamento";"Colisao transversal";"Com Vatimas Feridas";"Pleno dia";"Crescente";"Ceu Claro";"Simples";"Curva";"Sim";2;0;0;1;1;0;1;2;-19,51537377;-40,98652397;"SPRF-ES";"DEL02-ES";"UOP01-DEL02-ES"
578049;2024-01-30;"terça-feira";"16:47:00";"PE";232;145;"SAO CAITANO";"Pedestre cruzava a pista fora da faixa";"Atropelamento de Pedestre";"Com Vatimas Fatais";"Pleno dia";"Crescente";"Ceu Claro";"Simples";"Reta";"Sim";3;1;1;1;0;0;2;2;-8,32868;-36,120811;"SPRF-PE";"DEL03-PE";"UOP02-DEL03-PE"
578050;2024-01-30;"terça-feira";"17:30:00";"SC";282;16,2;"PALHOCA";"Estacionar ou parar em local proibido";"Colisao traseira";"Com Vatimas Feridas";"Pleno dia";"Crescente";"Ceu Claro";"Simples";"Reta";"Sim";2;0;1;0;0;1;1;2;-27,66101584;-48,68390143;"SPRF-SC";"DEL01-SC";"UOP02-DEL01-SC"
578052;2024-01-30;"terça-feira";"17:30:00";"MG";116;704,3;"MURIAE";"Manobra de mudanaa de faixa";"Colisao lateral mesmo sentido";"Com Vatimas Feridas";"Pleno dia";"Decrescente";"Nublado";"Simples";"Reta";"Sim";2;0;1;0;0;1;1;2;-21,13416858;-42,38722798;"SPRF-MG";"DEL07-MG";"UOP02-DEL07-MG"
578053;2024-01-30;"terça-feira";"17:35:00";"PR";277;721,9;"FOZ DO IGUACU";"Manobra de mudanaa de faixa";"Colisao lateral mesmo sentido";"Com Vatimas Feridas";"Pleno dia";"Decrescente";"Sol";"Dupla";"Reta";"Sim";2;0;1;0;1;0;1;2;-25,4911505;-54,51185421;"SPRF-PR";"DEL05-PR";"UOP03-DEL05-PR"
578055;2024-01-30;"terça-feira";"17:05:00";"SC";101;157,8;"PORTO BELO";"Manobra de mudanaa de faixa";"Colisao lateral mesmo sentido";"Sem Vatimas";"Pleno dia";"Decrescente";"Ceu Claro";"Dupla";"Reta";"Sim";2;0;0;0;2;0;0;2;-27,181625;-48,6121179;"SPRF-SC";"DEL04-SC";"UOP03-DEL04-SC"
578056;2024-01-30;"terça-feira";"18:00:00";"SC";101;16;"PALHOCA";"Trafegar com motocicleta (ou similar) entre as faixas";"Colisao lateral mesmo sentido";"Com Vatimas Feridas";"Anoitecer";"Crescente";"Nublado";"Simples";"Reta";"Sim";2;0;1;0;1;0;1;2;-27,660612;-48,677251;"SPRF-SC";"DEL03-SC";"UOP01-DEL03-SC"
578057;2024-01-30;"terça-feira";"17:50:00";"ES";101;213;"IBIRACU";"Conversao proibida";"Colisao transversal";"Com Vatimas Feridas";"Anoitecer";"Crescente";"Nublado";"Simples";"Reta";"Sim";2;0;1;0;1;0;1;2;-19,82352998;-40,36981894;"SPRF-ES";"DEL02-ES";"UOP01-DEL02-ES"
578058;2024-01-30;"terça-feira";"11:00:00";"AC";317;280;"EPITACIOLANDIA";"Avarias e/ou desgaste excessivo no pneu";"Saida de leito carrocavel";"Sem Vatimas";"Pleno dia";"Crescente";"Ceu Claro";"Simples";"Aclive;Reta                   ";"Nao";1;0;0;0;1;0;0;1;-10,9954281;-68,64267787;"SPRF-AC";"DEL01-AC";"UOP02-DEL01-AC"
578059;2024-01-30;"terça-feira";"12:40:00";"RJ";101;95;"CAMPOS DOS GOYTACAZES";"Avarias e/ou desgaste excessivo no pneu";"Capotamento";"Com Vatimas Feridas";"Pleno dia";"Crescente";"Ceu Claro";"Dupla";"Curva";"Nao";5;0;5;0;0;0;5;1;-21,86957661;-41,5470863;"SPRF-RJ";"DEL08-RJ";"UOP02-DEL08-RJ"
578061;2024-01-30;"terça-feira";"18:26:00";"PE";407;127;"PETROLINA";"Condutor deixou de manter distancia do veiculo da frente";"Colisao traseira";"Sem Vatimas";"Plena Noite";"Decrescente";"Ceu Claro";"Simples";"Interseaao de Vias;Em Obras   ";"Sim";2;0;0;0;2;0;0;2;-9,3908678;-40,52038627;"SPRF-PE";"DEL06-PE";"UOP01-DEL06-PE"
578062;2024-01-30;"terça-feira";"18:00:00";"ES";101;282,8;"CARIACICA";"Transitar na contramao";"Colisao frontal";"Com Vatimas Feridas";"Anoitecer";"Decrescente";"Nublado";"Simples";"Reta";"Sim";3;0;2;0;1;0;2;2;-20,22694;-40,36458;"SPRF-ES";"DEL01-ES";"UOP01-DEL01-ES"
578063;2024-01-30;"terça-feira";"18:40:00";"BA";101;739;"ITABELA";"Transitar na contramao";"Colisao lateral sentido oposto";"Com Vatimas Feridas";"Plena Noite";"Decrescente";"Ceu Claro";"Dupla";"Aclive;Curva                  ";"Nao";6;0;5;1;0;0;6;2;-16,689233;-39,480426;"SPRF-BA";"DEL09-BA";"UOP01-DEL09-BA"
578064;2024-01-30;"terça-feira";"17:59:00";"DF";70;16;"BRASILIA";"Velocidade Incompatavel";"Colisao transversal";"Sem Vatimas";"Anoitecer";"Crescente";"Nublado";"Dupla";"Interseaao de Vias;Rotataria  ";"Sim";4;0;0;0;4;0;0;2;-15,796144;-48,194225;"SPRF-DF";"DEL03-DF";"UOP02-DEL03-DF"
578066;2024-01-30;"terça-feira";"17:40:00";"SC";280;166,3;"MAFRA";"Acessar a via sem observar a presenca dos outros veiculos";"Colisao transversal";"Com Vatimas Feridas";"Pleno dia";"Decrescente";"Ceu Claro";"Simples";"Curva;Interseaao de Vias      ";"Sim";2;0;1;0;1;0;1;2;-26,17713619;-49,81611416;"SPRF-SC";"DEL06-SC";"UOP01-DEL06-SC"
578067;2024-01-30;"terça-feira";"14:00:00";"MT";70;684;"CACERES";"Acumulo de agua sobre o pavimento";"Saida de leito carrocavel";"Sem Vatimas";"Pleno dia";"Decrescente";"Chuva";"Simples";"Curva";"Nao";3;0;0;0;3;0;0;1;-16,14356887;-57,33928105;"SPRF-MT";"DEL03-MT";"UOP02-DEL03-MT"
578069;2024-01-30;"terça-feira";"17:00:00";"MG";381;487;"BETIM";"Manobra de mudanaa de faixa";"Colisao lateral mesmo sentido";"Com Vatimas Feridas";"Pleno dia";"Decrescente";"Ceu Claro";"Dupla";"Reta;Interseaao de Vias       ";"Nao";2;0;1;0;1;0;1;2;-19,95644414;-44,13611598;"SPRF-MG";"DEL01-MG";"UOP03-DEL01-MG"