"id";"data_inversa";"dia_semana";"horario";"uf";"br";"km";"municipio";"causa_acidente";"tipo_acidente";"classificacao_acidente";"fase_dia";"sentido_via";"condicao_metereologica";"tipo_pista";"tracado_via";"uso_solo";"pessoas";"mortos";"feridos_leves";"feridos_graves";"ilesos";"ignorados";"feridos";"veiculos";"latitude";"longitude";"regional";"delegacia";"uop"
578199;2024-01-31;"quarta-feira";"14:05:00";"ES";101;295,8;"CARIACICA";"Acessar a via sem observar a presenca dos outros veiculos";"Colisao transversal";"Com Vatimas Feridas";"Pleno dia";"Crescente";"Ceu Claro";"Maltipla";"Interseaao de Vias";"Sim";2;0;1;0;1;0;1;2;-20,33223667;-40,40004683;"SPRF-ES";"DEL01-ES";"UOP01-DEL01-ES"
578200;2024-01-28;"domingo";"05:00:00";"RJ";116;135;"MAGE";"Ausancia de Reacao do condutor";"Saida de leito carrocavel";"Sem Vatimas";"Amanhecer";"Decrescente";"Ceu Claro";"Dupla";"Reta";"Nao";1;0;0;0;0;1;0;1;-22,65225773;-43,16309893;"SPRF-RJ";"DEL04-RJ";"UOP02-DEL04-RJ"
578202;2024-01-31;"quarta-feira";"14:30:00";"MG";381;566;"ITAGUARA";"Chuva";"Tombamento";"Com Vatimas Feridas";"Pleno dia";"Decrescente";"Chuva";"Dupla";"Reta";"Nao";1;0;1;0;0;0;1;1;-20,41642409;-44,52998184;"SPRF-MG";"DEL04-MG";"UOP03-DEL04-MG"
578203;2024-01-31;"quarta-feira";"15:50:00";"MG";40;682,6;"RESSAQUINHA";"Afundamento ou ondulaaao no pavimento";"Colisao com objeto";"Sem Vatimas";"Pleno dia";"Crescente";"Ceu Claro";"Simples";"Curva;Ponte                   ";"Nao";2;0;0;0;1;1;0;2;-21,04805781;-43,76292836;"SPRF-MG";"DEL05-MG";"UOP02-DEL05-MG"
578204;2024-01-31;"quarta-feira";"15:30:00";"SC";101;36;"JOINVILLE";"Transitar na contramao";"Colisao frontal";"Com Vatimas Feridas";"Pleno dia";"Crescente";"Chuva";"Maltipla";"Reta;Declive                  ";"Nao";2;0;0;1;1;0;1;2;-26,27494543;-48,89396667;"SPRF-SC";"DEL03-SC";"UOP01-DEL03-SC"
578205;2024-01-31;"quarta-feira";"16:35:00";"RN";406;103;"JOAO CAMARA";"Ausancia de Reacao do condutor";"Colisao com objeto";"Sem Vatimas";"Pleno dia";"Crescente";"Ceu Claro";"Simples";"Reta";"Sim";3;0;0;0;1;2;0;2;-5,53714888;-35,81373986;"SPRF-RN";"DEL02-RN";"UOP01-DEL02-RN"
578206;2024-01-31;"quarta-feira";"13:30:00";"RS";285;569,4;"SAO LUIZ GONZAGA";"Acessar a via sem observar a presenca dos outros veiculos";"Colisao transversal";"Com Vatimas Feridas";"Pleno dia";"Crescente";"Ceu Claro";"Simples";"Reta";"Sim";3;0;1;1;1;0;2;2;-28,41600999;-54,97127831;"SPRF-RS";"DEL12-RS";"UOP01-DEL12-RS"
578207;2024-01-15;"segunda-feira";"10:15:00";"SP";116;219;"GUARULHOS";"Trafegar com motocicleta (ou similar) entre as faixas";"Colisao lateral mesmo sentido";"Com Vatimas Feridas";"Pleno dia";"Crescente";"Ceu Claro";"Maltipla";"Reta";"Sim";3;0;2;0;1;0;2;2;-23,46143954;-46,48885316;"SPRF-SP";"DEL01-SP";"UOP01-DEL01-SP"
578209;2024-01-31;"quarta-feira";"17:00:00";"SE";235;5;"NOSSA SENHORA DO SOCORRO";"Manobra de mudanaa de faixa";"Colisao lateral mesmo sentido";"Sem Vatimas";"Pleno dia";"Decrescente";"Ceu Claro";"Dupla";"Reta;Aclive                   ";"Nao";2;0;0;0;2;0;0;2;-10,9041;-37,1278;"SPRF-SE";"DEL01-SE";"UOP01-DEL01-SE"
578210;2024-01-31;"quarta-feira";"16:50:00";"RJ";101;319;"SAO GONCALO";"Ausancia de Reacao do condutor";"Colisao traseira";"Com Vatimas Feridas";"Pleno dia";"Decrescente";"Ceu Claro";"Dupla";"Reta";"Sim";2;0;1;0;1;0;1;2;-22,85411774;-43,1018014;"SPRF-RJ";"DEL02-RJ";"UOP02-DEL02-RJ"
578212;2024-01-31;"quarta-feira";"07:45:00";"MG";365;393,7;"PATOS DE MINAS";"Retorno proibido";"Colisao transversal";"Sem Vatimas";"Amanhecer";"Crescente";"Nublado";"Simples";"Curva;Declive                 ";"Nao";2;0;0;0;2;0;0;2;-18,63481872;-46,34836686;"SPRF-MG";"DEL10-MG";"UOP01-DEL10-MG"
578214;2024-01-31;"quarta-feira";"17:00:00";"PE";101;55,8;"RECIFE";"Manobra de mudanaa de faixa";"Colisao lateral mesmo sentido";"Sem Vatimas";"Pleno dia";"Crescente";"Ceu Claro";"Dupla";"Reta";"Sim";2;0;0;0;1;1;0;2;-7,94806621;-34,9062148;"SPRF-PE";"DEL01-PE";"UOP02-DEL01-PE"
578215;2024-01-31;"quarta-feira";"17:30:00";"CE";116;19;"EUSEBIO";"Avarias e/ou desgaste excessivo no pneu";"Tombamento";"Com Vatimas Feridas";"Anoitecer";"Decrescente";"Ceu Claro";"Dupla";"Reta";"Nao";1;0;1;0;0;0;1;1;-3,92526559;-38,50771795;"SPRF-CE";"DEL01-CE";"UOP02-DEL01-CE"
578216;2024-01-31;"quarta-feira";"16:50:00";"TO";NA;NA;"PARAISO DO TOCANTINS";"Conversao proibida";"Colisao lateral sentido oposto";"Com Vatimas Feridas";"Pleno dia";"Nao Informado";"Nublado";"Simples";"Interseaao de Vias";"Sim";2;0;0;1;1;0;1;2;-10,16602086;-48,88128519;"SPRF-TO";"DEL01-TO";"UOP01-DEL01-TO"
578217;2024-01-31;"quarta-feira";"17:30:00";"PB";230;150;"CAMPINA GRANDE";"Demais falhas mecanicas ou elatricas";"Tombamento";"Com Vatimas Feridas";"Pleno dia";"Crescente";"Ceu Claro";"Simples";"Reta";"Sim";1;0;0;1;0;0;1;1;-7,2515;-35,8724;"SPRF-PB";"DEL02-PB";"UOP01-DEL02-PB"
578218;2024-01-31;"quarta-feira";"17:35:00";"SC";470;56,3;"BLUMENAU";"Acessar a via sem observar a presenca dos outros veiculos";"Colisao transversal";"Com Vatimas Feridas";"Pleno dia";"Crescente";"Nublado";"Simples";"Reta";"Sim";2;0;1;0;1;0;1;2;-26,87751308;-49,13049897;"SPRF-SC";"DEL04-SC";"UOP01-DEL04-SC"
578219;2024-01-31;"quarta-feira";"17:30:00";"CE";116;40;"HORIZONTE";"Pedestre cruzava a pista fora da faixa";"Atropelamento de Pedestre";"Com Vatimas Feridas";"Anoitecer";"Crescente";"Ceu Claro";"Maltipla";"Reta";"Sim";2;0;0;2;0;0;2;2;-4,09496999;-38,50351984;"SPRF-CE";"DEL01-CE";"UOP02-DEL01-CE"
578220;2024-01-31;"quarta-feira";"17:50:00";"SP";116;219;"GUARULHOS";"Reacao tardia ou ineficiente do condutor";"Colisao traseira";"Com Vatimas Feridas";"Pleno dia";"Crescente";"Chuva";"Maltipla";"Reta";"Sim";3;0;1;0;2;0;1;2;-23,46143954;-46,48885316;"SPRF-SP";"DEL01-SP";"UOP01-DEL01-SP"
578221;2024-01-31;"quarta-feira";"17:57:00";"ES";101;263,3;"SERRA";"Ausancia de Reacao do condutor";"Queda de ocupante de veiculo";"Com Vatimas Feridas";"Anoitecer";"Decrescente";"Nublado";"Dupla";"Reta";"Sim";2;0;1;0;1;0;1;1;-20,16554736;-40,27301648;"SPRF-ES";"DEL02-ES";"UOP01-DEL02-ES"
578222;2024-01-31;"quarta-feira";"17:05:00";"SP";116;209;"GUARULHOS";"Reacao tardia ou ineficiente do condutor";"Colisao traseira";"Com Vatimas Feridas";"Pleno dia";"Decrescente";"Chuva";"Maltipla";"Declive;Reta                  ";"Sim";3;0;2;0;0;1;2;2;-23,427622;-46,408072;"SPRF-SP";"DEL01-SP";"UOP01-DEL01-SP"
578224;2024-01-31;"quarta-feira";"18:39:00";"SP";116;225,9;"GUARULHOS";"Pista Escorregadia";"Tombamento";"Com Vatimas Feridas";"Plena Noite";"Decrescente";"Chuva";"Maltipla";"Em Obras;Reta                 ";"Sim";1;0;1;0;0;0;1;1;-23,49102507;-46,54878195;"SPRF-SP";"DEL01-SP";"UOP01-DEL01-SP"
578226;2024-01-31;"quarta-feira";"18:20:00";"RJ";101;61;"CAMPOS DOS GOYTACAZES";"Acessar a via sem observar a presenca dos outros veiculos";"Colisao traseira";"Com Vatimas Feridas";"Plena Noite";"Decrescente";"Ceu Claro";"Simples";"Interseaao de Vias";"Nao";2;0;1;0;1;0;1;2;-21,72655788;-41,32133519;"SPRF-RJ";"DEL08-RJ";"UOP01-DEL08-RJ"
578227;2024-01-31;"quarta-feira";"18:20:00";"PB";230;12,8;"CABEDELO";"Manobra de mudanaa de faixa";"Colisao lateral mesmo sentido";"Com Vatimas Feridas";"Plena Noite";"Decrescente";"Ceu Claro";"Dupla";"Reta";"Sim";2;0;1;0;1;0;1;2;-7,079903;-34,849098;"SPRF-PB";"DEL01-PB";"UOP01-DEL01-PB"
578229;2024-01-31;"quarta-feira";"18:40:00";"PE";101;68,8;"RECIFE";"Pedestre cruzava a pista fora da faixa";"Atropelamento de Pedestre";"Com Vatimas Feridas";"Plena Noite";"Decrescente";"Ceu Claro";"Maltipla";"Reta";"Nao";5;0;3;2;0;0;5;3;-8,05074296;-34,94580619;"SPRF-PE";"DEL01-PE";"UOP01-DEL01-PE"
578230;2024-01-31;"quarta-feira";"18:05:00";"RS";386;132;"SARANDI";"Desrespeitar a preferancia no cruzamento";"Colisao transversal";"Com Vatimas Feridas";"Pleno dia";"Decrescente";"Ceu Claro";"Simples";"Interseaao de Vias;Reta       ";"Sim";4;0;2;0;2;0;2;2;-27,94116338;-52,94078171;"SPRF-RS";"DEL08-RS";"UOP01-DEL08-RS"
578231;2024-01-31;"quarta-feira";"18:23:00";"SC";101;204;"SAO JOSE";"Trafegar com motocicleta (ou similar) entre as faixas";"Colisao lateral mesmo sentido";"Com Vatimas Feridas";"Anoitecer";"Crescente";"Ceu Claro";"Maltipla";"Reta";"Nao";4;0;2;0;2;0;2;3;-27,57413014;-48,61363083;"SPRF-SC";"DEL01-SC";"UOP01-DEL01-SC"
578232;2024-01-31;"quarta-feira";"18:40:00";"GO";40;5;"VALPARAISO DE GOIAS";"Ausancia de Reacao do condutor";"Tombamento";"Com Vatimas Feridas";"Plena Noite";"Crescente";"Ceu Claro";"Dupla";"Reta";"Sim";1;0;1;0;0;0;1;1;-16,093134;-47,982236;"SPRF-DF";"DEL01-DF";"UOP01-DEL01-DF"
578233;2024-01-31;"quarta-feira";"18:20:00";"RJ";101;423;"MANGARATIBA";"Velocidade Incompatavel";"Colisao lateral sentido oposto";"Com Vatimas Feridas";"Anoitecer";"Crescente";"Chuva";"Simples";"Curva";"Sim";2;0;1;0;1;0;1;2;-22,91801286;-43,94820686;"SPRF-RJ";"DEL03-RJ";"UOP02-DEL03-RJ"
578236;2024-01-31;"quarta-feira";"17:00:00";"RJ";40;17;"TRES RIOS";"Avarias e/ou desgaste excessivo no pneu";"Queda de ocupante de veiculo";"Com Vatimas Feridas";"Pleno dia";"Crescente";"Chuva";"Dupla";"Curva";"Nao";1;0;1;0;0;0;1;1;-22,08639692;-43,17655185;"SPRF-RJ";"DEL05-RJ";"UOP02-DEL05-RJ"
578237;2024-01-31;"quarta-feira";"18:10:00";"PR";373;180,4;"PONTA GROSSA";"Acessar a via sem observar a presenca dos outros veiculos";"Colisao transversal";"Com Vatimas Feridas";"Pleno dia";"Crescente";"Nublado";"Simples";"Reta";"Sim";3;0;2;0;1;0;2;2;-25,04073485;-50,25242507;"SPRF-PR";"DEL03-PR";"UOP01-DEL03-PR"
578239;2024-01-31;"quarta-feira";"19:30:00";"SC";101;143;"ITAPEMA";"Ultrapassagem Indevida";"Colisao lateral mesmo sentido";"Com Vatimas Feridas";"Plena Noite";"Crescente";"Nublado";"Dupla";"Reta";"Sim";2;0;1;0;1;0;1;2;-27,06436;-48,59599405;"SPRF-SC";"DEL04-SC";"UOP03-DEL04-SC"
578240;2024-01-31;"quarta-feira";"18:20:00";"SP";116;217;"GUARULHOS";"Ausancia de Reacao do condutor";"Tombamento";"Com Vatimas Feridas";"Pleno dia";"Decrescente";"Chuva";"Maltipla";"Reta";"Sim";1;0;0;1;0;0;1;1;-23,45423824;-46,47119028;"SPRF-SP";"DEL01-SP";"UOP01-DEL01-SP"
578241;2024-01-31;"quarta-feira";"19:50:00";"RJ";101;323;"NITEROI";"Chuva";"Tombamento";"Com Vatimas Feridas";"Plena Noite";"Decrescente";"Nublado";"Dupla";"Reta";"Sim";2;0;1;0;1;0;1;1;-22,87684786;-43,11728689;"SPRF-RJ";"DEL02-RJ";"UOP01-DEL02-RJ"
578242;2024-01-31;"quarta-feira";"20:00:00";"AL";316;66;"MARAVILHA";"Animais na Pista";"Atropelamento de Animal";"Com Vatimas Feridas";"Plena Noite";"Crescente";"Ceu Claro";"Simples";"Reta";"Nao";1;0;1;0;0;0;1;1;-9,27626582;-37,38455788;"SPRF-AL";"DEL03-AL";"UOP02-DEL03-AL"
578243;2024-01-31;"quarta-feira";"19:30:00";"PA";10;323,1;"SAO MIGUEL DO GUAMA";"Reacao tardia ou ineficiente do condutor";"Colisao traseira";"Com Vatimas Feridas";"Plena Noite";"Decrescente";"Ceu Claro";"Simples";"Reta";"Sim";3;0;1;1;1;0;2;2;-1,61088202;-47,48281005;"SPRF-PA";"DEL01-PA";"UOP02-DEL01-PA"
578246;2024-01-31;"quarta-feira";"18:30:00";"BA";101;588;"CAMACAN";"Pedestre andava na pista";"Atropelamento de Pedestre";"Com Vatimas Fatais";"Plena Noite";"Crescente";"Ceu Claro";"Simples";"Reta";"Sim";2;1;0;0;1;0;0;2;-15,57185184;-39,40626224;"SPRF-BA";"DEL05-BA";"UOP02-DEL05-BA"
578247;2024-01-31;"quarta-feira";"19:19:00";"PE";408;51;"NAZARE DA MATA";"Ingestao de alcool pelo condutor";"Colisao lateral sentido oposto";"Com Vatimas Feridas";"Plena Noite";"Crescente";"Ceu Claro";"Simples";"Reta";"Sim";3;0;1;1;1;0;2;2;-7,73723901;-35,23503603;"SPRF-PE";"DEL01-PE";"UOP02-DEL01-PE"
578248;2024-01-31;"quarta-feira";"20:00:00";"PR";476;118,9;"COLOMBO";"Condutor desrespeitou a iluminaaao vermelha do semaforo";"Colisao transversal";"Com Vatimas Feridas";"Plena Noite";"Decrescente";"Nublado";"Dupla";"Reta;Declive;Interseaao de Via";"Sim";2;0;1;0;0;1;1;2;-25,364657;-49,186103;"SPRF-PR";"DEL01-PR";"UOP01-DEL01-PR"
578250;2024-01-31;"quarta-feira";"16:00:00";"MG";116;213;"CATUJI";"Avarias e/ou desgaste excessivo no pneu";"Colisao traseira";"Com Vatimas Feridas";"Pleno dia";"Decrescente";"Nublado";"Dupla";"Aclive";"Nao";4;0;3;0;0;1;3;2;-17,34977183;-41,53202462;"SPRF-MG";"DEL11-MG";"UOP01-DEL11-MG"
578251;2024-01-31;"quarta-feira";"20:10:00";"RN";226;4;"NATAL";"Acessar a via sem observar a presenca dos outros veiculos";"Colisao transversal";"Com Vatimas Feridas";"Plena Noite";"Crescente";"Ceu Claro";"Simples";"Reta";"Sim";4;0;2;0;2;0;2;2;-5,81958019;-35,25969486;"SPRF-RN";"DEL01-RN";"UOP02-DEL01-RN"
578252;2024-01-31;"quarta-feira";"18:07:00";"RO";364;11,2;"VILHENA";"Acessar a via sem observar a presenca dos outros veiculos";"Colisao transversal";"Com Vatimas Feridas";"Anoitecer";"Crescente";"Ceu Claro";"Simples";"Rotataria";"Nao";3;0;1;0;2;0;1;2;-12,74605898;-60,11270299;"SPRF-RO";"DEL04-RO";"UOP01-DEL04-RO"
578253;2024-01-31;"quarta-feira";"15:50:00";"RO";435;87;"COLORADO DO OESTE";"Conversao proibida";"Colisao transversal";"Com Vatimas Feridas";"Pleno dia";"Crescente";"Ceu Claro";"Simples";"Reta";"Sim";2;0;1;0;1;0;1;2;-13,12694915;-60,54413734;"SPRF-RO";"DEL04-RO";"UOP02-DEL04-RO"
578254;2024-01-31;"quarta-feira";"21:30:00";"SC";101;211,3;"PALHOCA";"Demais falhas mecanicas ou elatricas";"Tombamento";"Com Vatimas Feridas";"Plena Noite";"Decrescente";"Ceu Claro";"Dupla";"Reta";"Nao";2;0;2;0;0;0;2;1;-27,62329313;-48,65245588;"SPRF-SC";"DEL01-SC";"UOP02-DEL01-SC"
578255;2024-01-31;"quarta-feira";"20:50:00";"RJ";116;181;"NOVA IGUACU";"Chuva";"Queda de ocupante de veiculo";"Com Vatimas Feridas";"Plena Noite";"Crescente";"Garoa/Chuvisco";"Maltipla";"Reta";"Nao";1;0;1;0;0;0;1;1;-22,761312;-43,423492;"SPRF-RJ";"DEL06-RJ";"UOP01-DEL06-RJ"
578256;2024-01-31;"quarta-feira";"21:40:00";"SP";116;219;"GUARULHOS";"Trafegar com motocicleta (ou similar) entre as faixas";"Colisao lateral mesmo sentido";"Com Vatimas Feridas";"Plena Noite";"Decrescente";"Nublado";"Maltipla";"Reta;Em Obras                 ";"Sim";3;0;1;0;2;0;1;3;-23,46143954;-46,48885316;"SPRF-SP";"DEL01-SP";"UOP01-DEL01-SP"
578257;2024-01-15;"segunda-feira";"12:10:00";"SP";381;58;"MAIRIPORA";"Reacao tardia ou ineficiente do condutor";"Colisao lateral mesmo sentido";"Com Vatimas Feridas";"Pleno dia";"Decrescente";"Ceu Claro";"Dupla";"Reta";"Nao";2;0;1;0;1;0;1;2;-23,27438497;-46,58530615;"SPRF-SP";"DEL03-SP";"UOP01-DEL03-SP"
578262;2024-01-31;"quarta-feira";"21:15:00";"MG";50;78;"UBERLANDIA";"Ingestao de alcool pelo condutor";"Colisao com objeto";"Sem Vatimas";"Plena Noite";"Decrescente";"Ceu Claro";"Dupla";"Reta";"Nao";1;0;0;0;1;0;0;1;-18,944611;-48,219422;"SPRF-MG";"DEL15-MG";"UOP01-DEL15-MG"
578263;2024-01-31;"quarta-feira";"20:35:00";"RS";471;645;"SANTA VITORIA DO PALMAR";"Demais falhas mecanicas ou elatricas";"Saida de leito carrocavel";"Sem Vatimas";"Plena Noite";"Decrescente";"Ceu Claro";"Simples";"Reta";"Nao";1;0;0;0;1;0;0;1;-33,44207;-53,260151;"SPRF-RS";"DEL07-RS";"UOP04-DEL07-RS"
578265;2024-01-31;"quarta-feira";"22:00:00";"MA";316;260;"SANTA INES";"Acessar a via sem observar a presenca dos outros veiculos";"Colisao transversal";"Com Vatimas Feridas";"Plena Noite";"Crescente";"Chuva";"Simples";"Reta;Interseaao de Vias       ";"Sim";3;0;2;0;1;0;2;2;-3,669811;-45,394978;"SPRF-MA";"DEL02-MA";"UOP01-DEL02-MA"
578266;2024-01-31;"quarta-feira";"22:25:00";"MS";267;32,1;"BATAGUASSU";"Mal sabito do condutor";"Tombamento";"Com Vatimas Feridas";"Plena Noite";"Decrescente";"Ceu Claro";"Simples";"Aclive";"Nao";1;0;1;0;0;0;1;1;-21,73094727;-52,44889984;"SPRF-MS";"DEL02-MS";"UOP04-DEL02-MS"
578271;2024-01-31;"quarta-feira";"21:20:00";"RJ";101;423;"MANGARATIBA";"Demais falhas mecanicas ou elatricas";"Incendio";"Sem Vatimas";"Plena Noite";"Decrescente";"Garoa/Chuvisco";"Simples";"Reta";"Nao";1;0;0;0;1;0;0;1;-22,91801286;-43,94820686;"SPRF-RJ";"DEL03-RJ";"UOP02-DEL03-RJ"
578272;2024-01-31;"quarta-feira";"22:00:00";"SC";101;277,8;"IMBITUBA";"Ingestao de alcool pelo condutor";"Tombamento";"Com Vatimas Feridas";"Plena Noite";"Decrescente";"Nublado";"Maltipla";"Reta";"Sim";1;0;1;0;0;0;1;1;-28,15478103;-48,69265474;"SPRF-SC";"DEL02-SC";"UOP03-DEL02-SC"
578273;2024-02-01;"quinta-feira";"00:20:00";"PR";277;10;"PARANAGUA";"Reacao tardia ou ineficiente do condutor";"Saida de leito carrocavel";"Com Vatimas Feridas";"Plena Noite";"Crescente";"Ceu Claro";"Dupla";"Reta";"Nao";1;0;1;0;0;0;1;1;-25,568198;-48,615292;"SPRF-PR";"DEL01-PR";"UOP05-DEL01-PR"
578276;2024-02-01;"quinta-feira";"01:00:00";"PB";230;511;"CAJAZEIRAS";"Ausancia de Reacao do condutor";"Saida de leito carrocavel";"Com Vatimas Feridas";"Plena Noite";"Decrescente";"Ceu Claro";"Simples";"Reta";"Nao";1;0;1;0;0;0;1;1;-6,8893;-38,5959;"SPRF-PB";"DEL03-PB";"UOP03-DEL03-PB"
578278;2024-02-01;"quinta-feira";"03:10:00";"SC";101;134;"BALNEARIO CAMBORIU";"Ingestao de alcool pelo condutor";"Colisao com objeto";"Sem Vatimas";"Plena Noite";"Crescente";"Ceu Claro";"Dupla";"Interseaao de Vias;Retorno Reg";"Sim";1;0;0;0;1;0;0;1;-27,00218;-48,636433;"SPRF-SC";"DEL04-SC";"UOP03-DEL04-SC"
578281;2024-02-01;"quinta-feira";"04:50:00";"SC";101;218,4;"PALHOCA";"Velocidade Incompatavel";"Colisao com objeto";"Com Vatimas Feridas";"Plena Noite";"Crescente";"Ceu Claro";"Dupla";"Em Obras";"Nao";1;0;0;1;0;0;1;1;-27,6758601;-48,67052525;"SPRF-SC";"DEL01-SC";"UOP02-DEL01-SC"
578282;2024-02-01;"quinta-feira";"05:20:00";"RS";101;0,2;"TORRES";"Condutor Dormindo";"Colisao com objeto";"Sem Vatimas";"Amanhecer";"Crescente";"Ceu Claro";"Dupla";"Reta";"Sim";1;0;0;0;1;0;0;1;-29,299099;-49,769608;"SPRF-RS";"DEL03-RS";"UOP02-DEL03-RS"
578283;2024-02-01;"quinta-feira";"03:45:00";"SE";101;128;"ESTANCIA";"Animais na Pista";"Atropelamento de Animal";"Com Vatimas Feridas";"Plena Noite";"Decrescente";"Ceu Claro";"Dupla";"Reta";"Nao";3;0;1;0;2;0;1;1;-11,08080596;-37,36741006;"SPRF-SE";"DEL02-SE";"UOP01-DEL02-SE"
578287;2024-01-31;"quarta-feira";"18:30:00";"MG";40;635,6;"CONSELHEIRO LAFAIETE";"Ausancia de Reacao do condutor";"Saida de leito carrocavel";"Com Vatimas Feridas";"Plena Noite";"Crescente";"Chuva";"Simples";"Curva";"Nao";1;0;0;1;0;0;1;1;-20,70618091;-43,79271811;"SPRF-MG";"DEL05-MG";"UOP02-DEL05-MG"
578288;2024-01-31;"quarta-feira";"21:40:00";"BA";330;823,5;"JITAUNA";"Animais na Pista";"Atropelamento de Animal";"Com Vatimas Feridas";"Plena Noite";"Crescente";"Ceu Claro";"Simples";"Reta";"Nao";2;0;0;1;1;0;1;2;-14,0400091;-39,82475607;"SPRF-BA";"DEL03-BA";"UOP01-DEL03-BA"
578289;2024-02-01;"quinta-feira";"05:40:00";"PI";343;13;"PARNAIBA";"Reacao tardia ou ineficiente do condutor";"Colisao com objeto";"Sem Vatimas";"Amanhecer";"Crescente";"Chuva";"Dupla";"Interseaao de Vias";"Nao";1;0;0;0;0;1;0;1;-2,919029;-41,754124;"SPRF-PI";"DEL05-PI";"UOP01-DEL05-PI"
578290;2024-02-01;"quinta-feira";"00:00:00";"SC";101;80;"ARAQUARI";"Chuva";"Saida de leito carrocavel";"Com Vatimas Feridas";"Plena Noite";"Decrescente";"Chuva";"Dupla";"Reta";"Nao";1;0;1;0;0;0;1;1;-26,59718753;-48,72324407;"SPRF-SC";"DEL03-SC";"UOP02-DEL03-SC"
578291;2024-01-31;"quarta-feira";"22:05:00";"SP";153;55,8;"SAO JOSE DO RIO PRETO";"Ausancia de Reacao do condutor";"Saida de leito carrocavel";"Sem Vatimas";"Plena Noite";"Decrescente";"Chuva";"Maltipla";"Reta";"Sim";1;0;0;0;0;1;0;1;-20,75321697;-49,34260108;"SPRF-SP";"DEL09-SP";"UOP01-DEL09-SP"
578292;2024-02-01;"quinta-feira";"05:20:00";"PE";428;190,8;"PETROLINA";"Condutor desrespeitou a iluminaaao vermelha do semaforo";"Colisao transversal";"Com Vatimas Feridas";"Amanhecer";"Decrescente";"Ceu Claro";"Dupla";"Interseaao de Vias;Viaduto    ";"Sim";2;0;1;0;1;0;1;2;-9,37605965;-40,49382106;"SPRF-PE";"DEL06-PE";"UOP01-DEL06-PE"
578293;2024-02-01;"quinta-feira";"05:40:00";"SP";116;210;"GUARULHOS";"Reacao tardia ou ineficiente do condutor";"Colisao lateral mesmo sentido";"Com Vatimas Feridas";"Pleno dia";"Crescente";"Nublado";"Maltipla";"Aclive;Reta                   ";"Sim";2;0;1;0;1;0;1;2;-23,42870023;-46,41085991;"SPRF-SP";"DEL01-SP";"UOP01-DEL01-SP"
578294;2024-01-31;"quarta-feira";"04:30:00";"AL";423;94;"DELMIRO GOUVEIA";"Ultrapassagem Indevida";"Colisao frontal";"Com Vatimas Fatais";"Plena Noite";"Crescente";"Ceu Claro";"Simples";"Declive";"Nao";4;1;0;0;3;0;0;2;-9,37261832;-38,10588787;"SPRF-BA";"DEL07-BA";"UOP01-DEL07-BA"
578295;2024-01-31;"quarta-feira";"21:00:00";"RJ";40;68;"PETROPOLIS";"Velocidade Incompatavel";"Capotamento";"Com Vatimas Feridas";"Plena Noite";"Decrescente";"Chuva";"Dupla";"Curva";"Nao";1;0;1;0;0;0;1;1;-22,4381808;-43,18488009;"SPRF-RJ";"DEL05-RJ";"UOP02-DEL05-RJ"
578296;2024-02-01;"quinta-feira";"06:20:00";"SP";116;208,2;"GUARULHOS";"Trafegar com motocicleta (ou similar) entre as faixas";"Colisao traseira";"Com Vatimas Feridas";"Pleno dia";"Crescente";"Sol";"Maltipla";"Reta";"Nao";2;0;1;0;1;0;1;2;-23,42222263;-46,3932771;"SPRF-SP";"DEL01-SP";"UOP01-DEL01-SP"
578297;2024-02-01;"quinta-feira";"06:30:00";"MG";116;588;"MANHUACU";"Ausancia de Reacao do condutor";"Saida de leito carrocavel";"Sem Vatimas";"Pleno dia";"Crescente";"Ceu Claro";"Simples";"Reta;Interseaao de Vias;Rotata";"Sim";1;0;0;0;0;1;0;1;-20,24647197;-42,153177;"SPRF-MG";"DEL06-MG";"UOP03-DEL06-MG"
578298;2024-02-01;"quinta-feira";"06:30:00";"DF";20;3,5;"BRASILIA";"Demais falhas mecanicas ou elatricas";"Colisao com objeto";"Sem Vatimas";"Pleno dia";"Decrescente";"Chuva";"Maltipla";"Declive;Ponte                 ";"Sim";3;0;0;0;3;0;0;1;-15,679851;-47,832211;"SPRF-DF";"DEL02-DF";"UOP01-DEL02-DF"
578299;2024-02-01;"quinta-feira";"06:40:00";"AL";316;257,4;"PILAR";"Reacao tardia ou ineficiente do condutor";"Colisao traseira";"Com Vatimas Fatais";"Pleno dia";"Crescente";"Nublado";"Simples";"Reta";"Nao";3;1;0;0;1;1;0;3;-9,59111036;-35,93216002;"SPRF-AL";"DEL02-AL";"UOP01-DEL02-AL"
578305;2024-02-01;"quinta-feira";"06:50:00";"PR";376;621;"SAO JOSE DOS PINHAIS";"Trafegar com motocicleta (ou similar) entre as faixas";"Tombamento";"Com Vatimas Feridas";"Amanhecer";"Decrescente";"Ceu Claro";"Dupla";"Aclive;Reta                   ";"Nao";1;0;1;0;0;0;1;1;-25,61784348;-49,16884482;"SPRF-PR";"DEL01-PR";"UOP04-DEL01-PR"
578306;2024-02-01;"quinta-feira";"07:40:00";"PE";101;78;"RECIFE";"Manobra de mudanaa de faixa";"Tombamento";"Com Vatimas Feridas";"Pleno dia";"Crescente";"Chuva";"Dupla";"Reta;Aclive                   ";"Sim";3;0;2;0;1;0;2;2;-8,135542;-34,947602;"SPRF-PE";"DEL01-PE";"UOP01-DEL01-PE"