"id";"data_inversa";"dia_semana";"horario";"uf";"br";"km";"municipio";"causa_acidente";"tipo_acidente";"classificacao_acidente";"fase_dia";"sentido_via";"condicao_metereologica";"tipo_pista";"tracado_via";"uso_solo";"pessoas";"mortos";"feridos_leves";"feridos_graves";"ilesos";"ignorados";"feridos";"veiculos";"latitude";"longitude";"regional";"delegacia";"uop"
578307;2024-02-01;"quinta-feira";"07:55:00";"PR";369;155,2;"LONDRINA";"Ausancia de Reacao do condutor";"Colisao traseira";"Com Vatimas Feridas";"Pleno dia";"Decrescente";"Ceu Claro";"Dupla";"Em Obras;Reta                 ";"Sim";2;0;1;0;1;0;1;2;-23,29392;-51,21656;"SPRF-PR";"DEL07-PR";"UOP01-DEL07-PR"
578308;2024-02-01;"quinta-feira";"07:40:00";"MG";50;173,8;"UBERABA";"Reacao tardia ou ineficiente do condutor";"Saida de leito carrocavel";"Com Vatimas Feridas";"Pleno dia";"Crescente";"Ceu Claro";"Dupla";"Reta";"Nao";2;0;2;0;0;0;2;1;-19,7624352;-47,97701547;"SPRF-MG";"DEL13-MG";"UOP01-DEL13-MG"
578310;2024-02-01;"quinta-feira";"06:50:00";"MG";116;531,2;"CARATINGA";"Animais na Pista";"Atropelamento de Animal";"Com Vatimas Feridas";"Pleno dia";"Decrescente";"Ceu Claro";"Simples";"Curva";"Nao";1;0;1;0;0;0;1;1;-19,81937899;-42,13692704;"SPRF-MG";"DEL06-MG";"UOP02-DEL06-MG"
578311;2024-02-01;"quinta-feira";"08:00:00";"PR";376;186,1;"SARANDI";"Condutor deixou de manter distancia do veiculo da frente";"Engavetamento";"Com Vatimas Feridas";"Pleno dia";"Decrescente";"Ceu Claro";"Dupla";"Reta";"Sim";4;0;0;1;3;0;1;4;-23,45147413;-51,85361808;"SPRF-PR";"DEL09-PR";"UOP01-DEL09-PR"
578313;2024-02-01;"quinta-feira";"07:10:00";"RS";470;227;"GARIBALDI";"Acessar a via sem observar a presenca dos outros veiculos";"Colisao transversal";"Com Vatimas Feridas";"Pleno dia";"Decrescente";"Sol";"Simples";"Em Obras;Interseaao de Vias;Cu";"Sim";2;0;1;0;1;0;1;2;-29,21657705;-51,51722624;"SPRF-RS";"DEL06-RS";"UOP01-DEL06-RS"
578314;2024-02-01;"quinta-feira";"06:40:00";"RJ";101;87,3;"CAMPOS DOS GOYTACAZES";"Velocidade Incompatavel";"Capotamento";"Com Vatimas Feridas";"Pleno dia";"Decrescente";"Chuva";"Dupla";"Curva";"Nao";1;0;1;0;0;0;1;1;-21,82626899;-41,49641201;"SPRF-RJ";"DEL08-RJ";"UOP02-DEL08-RJ"
578316;2024-02-01;"quinta-feira";"08:21:00";"CE";116;6;"FORTALEZA";"Acessar a via sem observar a presenca dos outros veiculos";"Colisao traseira";"Com Vatimas Feridas";"Pleno dia";"Crescente";"Ceu Claro";"Dupla";"Reta";"Sim";2;0;1;0;1;0;1;2;-3,802624;-38,50400499;"SPRF-CE";"DEL01-CE";"UOP02-DEL01-CE"
578317;2024-02-01;"quinta-feira";"07:50:00";"SC";101;234,2;"PALHOCA";"Demais falhas mecanicas ou elatricas";"Incendio";"Sem Vatimas";"Pleno dia";"Decrescente";"Ceu Claro";"Dupla";"Curva;Aclive                  ";"Nao";1;0;0;0;1;0;0;1;-27,81043812;-48,63537111;"SPRF-SC";"DEL01-SC";"UOP02-DEL01-SC"
578319;2024-02-01;"quinta-feira";"05:30:00";"RJ";116;124;"RIO DE JANEIRO";"Acesso irregular";"Colisao transversal";"Com Vatimas Feridas";"Amanhecer";"Crescente";"Ceu Claro";"Dupla";"Reta";"Sim";3;0;2;0;1;0;2;2;-22,81052306;-43,288697;"SPRF-RJ";"DEL04-RJ";"UOP02-DEL04-RJ"
578320;2024-02-01;"quinta-feira";"08:40:00";"PE";101;104;"CABO DE SANTO AGOSTINHO";"Condutor Dormindo";"Saida de leito carrocavel";"Com Vatimas Feridas";"Pleno dia";"Crescente";"Garoa/Chuvisco";"Dupla";"Curva";"Sim";1;0;1;0;0;0;1;1;-8,29739778;-35,06293971;"SPRF-PE";"DEL01-PE";"UOP03-DEL01-PE"
578323;2024-02-01;"quinta-feira";"07:50:00";"PR";476;116,4;"COLOMBO";"Ausancia de Reacao do condutor";"Colisao lateral mesmo sentido";"Com Vatimas Feridas";"Pleno dia";"Decrescente";"Ceu Claro";"Dupla";"Reta";"Sim";2;0;1;1;0;0;2;2;-25,34996;-49,16642;"SPRF-PR";"DEL01-PR";"UOP01-DEL01-PR"
578325;2024-02-01;"quinta-feira";"07:30:00";"MA";135;15;"SAO LUIS";"Reacao tardia ou ineficiente do condutor";"Colisao traseira";"Sem Vatimas";"Pleno dia";"Crescente";"Ceu Claro";"Dupla";"Reta";"Sim";2;0;0;0;1;1;0;2;-2,69540095;-44,30511707;"SPRF-MA";"DEL01-MA";"UOP01-DEL01-MA"
578329;2024-02-01;"quinta-feira";"09:00:00";"SC";282;2;"FLORIANOPOLIS";"Trafegar com motocicleta (ou similar) entre as faixas";"Colisao lateral mesmo sentido";"Com Vatimas Feridas";"Pleno dia";"Decrescente";"Ceu Claro";"Maltipla";"Reta";"Nao";2;0;1;0;1;0;1;2;-27,603289;-48,590416;"SPRF-SC";"DEL01-SC";"UOP01-DEL01-SC"
578330;2024-01-05;"sexta-feira";"02:20:00";"MG";365;265,3;"JOAO PINHEIRO";"Acessar a via sem observar a presenca dos outros veiculos";"Colisao frontal";"Com Vatimas Feridas";"Plena Noite";"Crescente";"Ceu Claro";"Simples";"Reta";"Nao";6;0;2;4;0;0;6;2;-17,87662343;-45,53295493;"SPRF-MG";"DEL10-MG";"UOP02-DEL010-MG"
578331;2024-02-01;"quinta-feira";"09:10:00";"SP";153;347;"OURINHOS";"Objeto estatico sobre o leito carroaavel";"Tombamento";"Com Vatimas Feridas";"Pleno dia";"Decrescente";"Ceu Claro";"Dupla";"Reta";"Nao";1;0;1;0;0;0;1;1;-22,99501629;-49,90483342;"SPRF-SP";"DEL07-SP";"UOP03-DEL07-SP"
578332;2024-02-01;"quinta-feira";"09:50:00";"RS";116;242;"SAO LEOPOLDO";"Condutor deixou de manter distancia do veiculo da frente";"Colisao traseira";"Com Vatimas Feridas";"Pleno dia";"Decrescente";"Ceu Claro";"Dupla";"Reta";"Sim";2;0;1;0;1;0;1;2;-29,72297087;-51,14858729;"SPRF-RS";"DEL01-RS";"UOP02-DEL01-RS"
578335;2024-01-28;"domingo";"03:30:00";"RJ";493;0,5;"ITABORAI";"Iluminaaao deficiente";"Atropelamento de Pedestre";"Com Vatimas Feridas";"Plena Noite";"Decrescente";"Ceu Claro";"Simples";"Reta";"Sim";2;0;0;1;1;0;1;2;-22,77062;-42,92223;"SPRF-RJ";"DEL02-RJ";"UOP02-DEL02-RJ"
578337;2024-02-01;"quinta-feira";"09:50:00";"PE";104;20,3;"TAQUARITINGA DO NORTE";"Acessar a via sem observar a presenca dos outros veiculos";"Colisao transversal";"Com Vatimas Feridas";"Pleno dia";"Crescente";"Ceu Claro";"Simples";"Reta";"Sim";2;0;0;1;1;0;1;2;-7,96734432;-36,11676975;"SPRF-PE";"DEL02-PE";"UOP01-DEL02-PE"
578339;2024-02-01;"quinta-feira";"07:10:00";"ES";262;97;"DOMINGOS MARTINS";"Ultrapassagem Indevida";"Colisao traseira";"Sem Vatimas";"Pleno dia";"Crescente";"Ceu Claro";"Simples";"Reta";"Nao";2;0;0;0;0;2;0;2;-20,361035;-41,074649;"SPRF-ES";"DEL01-ES";"UOP02-DEL01-ES"
578340;2024-02-01;"quinta-feira";"10:02:00";"PE";101;61,7;"RECIFE";"Acumulo de aleo sobre o pavimento";"Tombamento";"Com Vatimas Feridas";"Pleno dia";"Crescente";"Sol";"Maltipla";"Curva";"Sim";1;0;0;1;0;0;1;1;-7,99097103;-34,93598295;"SPRF-PE";"DEL01-PE";"UOP02-DEL01-PE"
578342;2024-02-01;"quinta-feira";"10:20:00";"RN";304;296;"MACAIBA";"Mal sabito do condutor";"Colisao frontal";"Com Vatimas Feridas";"Pleno dia";"Decrescente";"Ceu Claro";"Simples";"Declive;Reta                  ";"Sim";7;0;3;0;4;0;3;4;-5,86522;-35,35213;"SPRF-RN";"DEL01-RN";"UOP02-DEL01-RN"
578343;2024-02-01;"quinta-feira";"09:52:00";"PE";101;50,4;"ABREU E LIMA";"Acessar a via sem observar a presenca dos outros veiculos";"Colisao transversal";"Com Vatimas Feridas";"Pleno dia";"Crescente";"Ceu Claro";"Maltipla";"Reta";"Sim";2;0;0;2;0;0;2;2;-7,90938602;-34,90123228;"SPRF-PE";"DEL01-PE";"UOP02-DEL01-PE"
578347;2024-01-30;"terça-feira";"20:00:00";"RJ";116;182;"NOVA IGUACU";"Demais falhas mecanicas ou elatricas";"Colisao traseira";"Com Vatimas Feridas";"Plena Noite";"Decrescente";"Ceu Claro";"Dupla";"Reta";"Sim";4;0;2;1;1;0;3;2;-22,7567755;-43,43107234;"SPRF-RJ";"DEL06-RJ";"UOP01-DEL06-RJ"
578348;2024-02-01;"quinta-feira";"10:00:00";"MG";116;750,9;"LEOPOLDINA";"Acessar a via sem observar a presenca dos outros veiculos";"Colisao transversal";"Com Vatimas Feridas";"Pleno dia";"Crescente";"Ceu Claro";"Simples";"Reta";"Nao";3;0;1;2;0;0;3;2;-21,45435073;-42,55155944;"SPRF-MG";"DEL07-MG";"UOP01-DEL07-MG"
578349;2024-02-01;"quinta-feira";"11:15:00";"GO";70;469;"ARAGARCAS";"Condutor deixou de manter distancia do veiculo da frente";"Colisao traseira";"Com Vatimas Feridas";"Pleno dia";"Decrescente";"Ceu Claro";"Dupla";"Reta;Retorno Regulamentado;Int";"Sim";3;0;1;0;2;0;1;2;-15,89674545;-52,23997951;"SPRF-GO";"DEL04-GO";"UOP02-DEL04-GO"
578350;2024-02-01;"quinta-feira";"10:35:00";"PE";232;94,4;"SAIRE";"Manobra de mudanaa de faixa";"Colisao transversal";"Com Vatimas Feridas";"Pleno dia";"Decrescente";"Ceu Claro";"Dupla";"Aclive;Reta                   ";"Sim";3;0;1;1;1;0;2;2;-8,22473335;-35,69081624;"SPRF-PE";"DEL02-PE";"UOP02-DEL02PE"
578351;2024-02-01;"quinta-feira";"11:21:00";"RS";116;247;"SAO LEOPOLDO";"Ausancia de Reacao do condutor";"Colisao traseira";"Com Vatimas Feridas";"Pleno dia";"Decrescente";"Ceu Claro";"Dupla";"Reta";"Sim";2;0;1;0;1;0;1;2;-29,775109;-51,154712;"SPRF-RS";"DEL01-RS";"UOP02-DEL01-RS"
578354;2024-02-01;"quinta-feira";"11:40:00";"SC";470;54;"BLUMENAU";"Acessar a via sem observar a presenca dos outros veiculos";"Colisao lateral sentido oposto";"Com Vatimas Feridas";"Pleno dia";"Decrescente";"Ceu Claro";"Simples";"Em Obras";"Sim";2;0;1;0;1;0;1;2;-26,871065;-49,110374;"SPRF-SC";"DEL04-SC";"UOP01-DEL04-SC"
578355;2024-02-01;"quinta-feira";"12:50:00";"ES";262;37;"DOMINGOS MARTINS";"Transitar na contramao";"Colisao frontal";"Com Vatimas Feridas";"Pleno dia";"Decrescente";"Ceu Claro";"Simples";"Curva";"Nao";4;0;0;2;2;0;2;2;-20,38127779;-40,61151172;"SPRF-ES";"DEL01-ES";"UOP01-DEL01-ES"
578356;2024-02-01;"quinta-feira";"12:50:00";"ES";101;212,5;"IBIRACU";"Conversao proibida";"Colisao transversal";"Com Vatimas Feridas";"Pleno dia";"Crescente";"Ceu Claro";"Simples";"Reta";"Sim";2;0;0;1;1;0;1;2;-19,81537521;-40,36655964;"SPRF-ES";"DEL02-ES";"UOP01-DEL02-ES"
578360;2024-02-01;"quinta-feira";"13:50:00";"SE";101;148,7;"ESTANCIA";"Acessar a via sem observar a presenca dos outros veiculos";"Colisao transversal";"Com Vatimas Feridas";"Pleno dia";"Crescente";"Nublado";"Simples";"Reta;Interseaao de Vias       ";"Sim";2;0;1;0;1;0;1;2;-11,23058903;-37,42573496;"SPRF-SE";"DEL02-SE";"UOP01-DEL02-SE"
578361;2024-02-01;"quinta-feira";"11:55:00";"RO";435;109,3;"COLORADO DO OESTE";"Acessar a via sem observar a presenca dos outros veiculos";"Colisao transversal";"Com Vatimas Feridas";"Pleno dia";"Crescente";"Nublado";"Simples";"Interseaao de Vias;Reta       ";"Nao";2;0;1;0;1;0;1;2;-13,19258993;-60,68654002;"SPRF-RO";"DEL04-RO";"UOP02-DEL04-RO"
578362;2024-01-28;"domingo";"16:00:00";"CE";304;1;"BEBERIBE";"Ausancia de Reacao do condutor";"Saida de leito carrocavel";"Com Vatimas Feridas";"Pleno dia";"Decrescente";"Ceu Claro";"Simples";"Reta";"Nao";2;0;2;0;0;0;2;1;-4,59046994;-38,202498;"SPRF-CE";"DEL03-CE";"UOP03-DEL03-CE"
578363;2024-02-01;"quinta-feira";"12:10:00";"PE";104;18,6;"TAQUARITINGA DO NORTE";"Reacao tardia ou ineficiente do condutor";"Saida de leito carrocavel";"Com Vatimas Feridas";"Pleno dia";"Crescente";"Ceu Claro";"Simples";"Curva";"Nao";2;0;2;0;0;0;2;1;-7,939486;-36,124489;"SPRF-PE";"DEL02-PE";"UOP01-DEL02-PE"
578364;2024-02-01;"quinta-feira";"13:40:00";"ES";101;48,7;"SAO MATEUS";"Avarias e/ou desgaste excessivo no pneu";"Tombamento";"Com Vatimas Feridas";"Pleno dia";"Decrescente";"Ceu Claro";"Simples";"Reta;Aclive                   ";"Nao";2;0;1;0;1;0;1;1;-18,56864497;-39,8975839;"SPRF-ES";"DEL04-ES";"UOP02-DEL04-ES"
578366;2024-02-01;"quinta-feira";"13:00:00";"SP";116;279,3;"EMBU DAS ARTES";"Reacao tardia ou ineficiente do condutor";"Colisao traseira";"Com Vatimas Feridas";"Pleno dia";"Crescente";"Ceu Claro";"Dupla";"Reta;Viaduto                  ";"Sim";2;0;1;0;1;0;1;2;-23,66233697;-46,85292907;"SPRF-SP";"DEL04-SP";"UOP01-DEL04-SP"
578368;2024-02-01;"quinta-feira";"14:00:00";"CE";116;3;"FORTALEZA";"Demais falhas mecanicas ou elatricas";"Colisao com objeto";"Sem Vatimas";"Pleno dia";"Crescente";"Ceu Claro";"Simples";"Aclive;Curva;Viaduto          ";"Sim";1;0;0;0;1;0;0;1;-3,77866493;-38,51490171;"SPRF-CE";"DEL01-CE";"UOP02-DEL01-CE"
578370;2024-02-01;"quinta-feira";"12:00:00";"RR";432;163,6;"CANTA";"Velocidade Incompatavel";"Saida de leito carrocavel";"Com Vatimas Feridas";"Pleno dia";"Decrescente";"Ceu Claro";"Simples";"Curva";"Nao";2;0;0;1;0;1;1;2;2,4220264;-60,667328;"SPRF-RR";"DEL01-RR";"UOP01-DEL01-RR"
578371;2024-02-01;"quinta-feira";"07:35:00";"DF";20;14;"BRASILIA";"Trafegar com motocicleta (ou similar) entre as faixas";"Colisao lateral mesmo sentido";"Com Vatimas Feridas";"Pleno dia";"Decrescente";"Nublado";"Maltipla";"Aclive;Reta                   ";"Nao";2;0;1;0;1;0;1;2;-15,634938;-47,741241;"SPRF-DF";"DEL02-DF";"UOP01-DEL02-DF"
578372;2024-02-01;"quinta-feira";"14:35:00";"RS";290;80;"GRAVATAI";"Reacao tardia ou ineficiente do condutor";"Saida de leito carrocavel";"Com Vatimas Feridas";"Pleno dia";"Crescente";"Ceu Claro";"Dupla";"Curva";"Nao";1;0;0;1;0;0;1;1;-29,95343;-51,058449;"SPRF-RS";"DEL01-RS";"UOP01-DEL01-RS"
578373;2024-02-01;"quinta-feira";"14:00:00";"RJ";493;0;"ITABORAI";"Condutor deixou de manter distancia do veiculo da frente";"Colisao traseira";"Com Vatimas Feridas";"Pleno dia";"Decrescente";"Nublado";"Simples";"Reta";"Nao";2;0;1;0;1;0;1;2;-22,77062;-42,92223;"SPRF-RJ";"DEL02-RJ";"UOP02-DEL02-RJ"
578374;2024-02-01;"quinta-feira";"13:45:00";"AL";101;31,5;"JOAQUIM GOMES";"Reacao tardia ou ineficiente do condutor";"Colisao transversal";"Com Vatimas Feridas";"Pleno dia";"Crescente";"Garoa/Chuvisco";"Dupla";"Curva";"Nao";5;0;2;0;3;0;2;2;-9,09275579;-35,74995409;"SPRF-AL";"DEL01-AL";"UOP02-DEL01-AL"
578375;2024-02-01;"quinta-feira";"12:15:00";"RJ";101;312;"SAO GONCALO";"Demais falhas mecanicas ou elatricas";"Queda de ocupante de veiculo";"Com Vatimas Feridas";"Pleno dia";"Decrescente";"Ceu Claro";"Maltipla";"Reta";"Sim";2;0;2;0;0;0;2;1;-22,80546555;-43,06156967;"SPRF-RJ";"DEL02-RJ";"UOP02-DEL02-RJ"
578377;2024-02-01;"quinta-feira";"12:45:00";"PE";101;62;"RECIFE";"Manobra de mudanaa de faixa";"Tombamento";"Com Vatimas Feridas";"Pleno dia";"Crescente";"Nublado";"Dupla";"Reta";"Nao";2;0;0;2;0;0;2;1;-7,99905898;-34,93899295;"SPRF-PE";"DEL01-PE";"UOP02-DEL01-PE"
578378;2024-02-01;"quinta-feira";"15:30:00";"SC";101;206;"SAO JOSE";"Reacao tardia ou ineficiente do condutor";"Engavetamento";"Com Vatimas Feridas";"Pleno dia";"Decrescente";"Nublado";"Maltipla";"Reta";"Sim";5;0;3;0;2;0;3;4;-27,59622953;-48,6194694;"SPRF-SC";"DEL01-SC";"UOP01-DEL01-SC"
578382;2024-02-01;"quinta-feira";"07:30:00";"MG";116;614,2;"ORIZANIA";"Ausancia de Reacao do condutor";"Queda de ocupante de veiculo";"Com Vatimas Feridas";"Pleno dia";"Decrescente";"Ceu Claro";"Simples";"Reta";"Nao";1;0;0;1;0;0;1;1;-20,44629501;-42,16775098;"SPRF-MG";"DEL07-MG";"UOP02-DEL07-MG"
578383;2024-02-01;"quinta-feira";"16:10:00";"BA";324;612;"SALVADOR";"Avarias e/ou desgaste excessivo no pneu";"Queda de ocupante de veiculo";"Com Vatimas Feridas";"Pleno dia";"Crescente";"Ceu Claro";"Dupla";"Reta";"Nao";2;0;2;0;0;0;2;1;-12,84664721;-38,41741648;"SPRF-BA";"DEL01-BA";"UOP01-DEL01-BA"
578384;2024-02-01;"quinta-feira";"13:30:00";"PR";369;17;"CAMBARA";"Ausancia de Reacao do condutor";"Tombamento";"Com Vatimas Feridas";"Pleno dia";"Decrescente";"Sol";"Simples";"Reta";"Nao";2;0;0;2;0;0;2;1;-23,030515;-50,050992;"SPRF-PR";"DEL07-PR";"UOP05-DEL07-PR"
578385;2024-02-01;"quinta-feira";"16:05:00";"PR";469;1;"FOZ DO IGUACU";"Acessar a via sem observar a presenca dos outros veiculos";"Colisao transversal";"Com Vatimas Feridas";"Pleno dia";"Crescente";"Ceu Claro";"Simples";"Interseaao de Vias";"Sim";2;0;1;0;1;0;1;2;-25,5469;-54,5882;"SPRF-PR";"DEL05-PR";"UOP04-DEL05-PR"
578387;2024-02-01;"quinta-feira";"14:30:00";"GO";60;56;"ABADIANIA";"Ausancia de Reacao do condutor";"Colisao traseira";"Com Vatimas Feridas";"Pleno dia";"Crescente";"Nublado";"Dupla";"Reta";"Nao";1;0;1;0;0;0;1;1;-16,1894;-48,67;"SPRF-GO";"DEL02-GO";"UOP01-DEL02-GO"
578388;2024-02-01;"quinta-feira";"15:15:00";"PR";277;316;"GUARAPUAVA";"Reacao tardia ou ineficiente do condutor";"Queda de ocupante de veiculo";"Com Vatimas Feridas";"Pleno dia";"Crescente";"Ceu Claro";"Simples";"Reta";"Nao";1;0;0;1;0;0;1;1;-25,35922876;-51,24006271;"SPRF-PR";"DEL08-PR";"UOP01-DEL08-PR"
578390;2024-02-01;"quinta-feira";"15:58:00";"PE";101;50;"ABREU E LIMA";"Reacao tardia ou ineficiente do condutor";"Atropelamento de Pedestre";"Com Vatimas Feridas";"Pleno dia";"Crescente";"Ceu Claro";"Maltipla";"Reta";"Sim";2;0;0;1;0;1;1;2;-7,90938602;-34,90123228;"SPRF-PE";"DEL01-PE";"UOP02-DEL01-PE"
578391;2024-02-01;"quinta-feira";"15:50:00";"BA";330;800;"JEQUIE";"Transitar na contramao";"Colisao frontal";"Com Vatimas Feridas";"Pleno dia";"Crescente";"Ceu Claro";"Simples";"Curva";"Nao";6;0;3;3;0;0;6;2;-13,95289599;-39,97204199;"SPRF-BA";"DEL03-BA";"UOP01-DEL03-BA"
578395;2024-02-01;"quinta-feira";"16:30:00";"BA";101;888;"TEIXEIRA DE FREITAS";"Ultrapassagem Indevida";"Colisao traseira";"Com Vatimas Feridas";"Pleno dia";"Decrescente";"Ceu Claro";"Simples";"Aclive;Reta                   ";"Nao";2;0;1;0;1;0;1;2;-17,624274;-39,767325;"SPRF-BA";"DEL09-BA";"UOP02-DEL09-BA"
578396;2024-02-01;"quinta-feira";"15:00:00";"BA";110;4;"PAULO AFONSO";"Manobra de mudanaa de faixa";"Colisao transversal";"Com Vatimas Feridas";"Pleno dia";"Crescente";"Ceu Claro";"Simples";"Reta";"Nao";5;0;1;1;3;0;2;2;-9,48807313;-38,21260176;"SPRF-BA";"DEL07-BA";"UOP01-DEL07-BA"
578397;2024-02-01;"quinta-feira";"17:25:00";"MG";262;34,2;"MANHUACU";"Entrada inopinada do pedestre";"Atropelamento de Pedestre";"Com Vatimas Feridas";"Pleno dia";"Crescente";"Chuva";"Simples";"Reta";"Sim";2;0;0;1;1;0;1;2;-20,25692664;-42,01099203;"SPRF-MG";"DEL06-MG";"UOP03-DEL06-MG"
578398;2024-01-20;"sabado";"20:00:00";"BA";407;180;"PONTO NOVO";"Ultrapassagem Indevida";"Colisao frontal";"Com Vatimas Feridas";"Plena Noite";"Crescente";"Ceu Claro";"Simples";"Declive";"Nao";3;0;1;1;0;1;2;2;-10,92905202;-40,10645821;"SPRF-BA";"DEL04-BA";"UOP02-DEL04-BA"
578399;2024-02-01;"quinta-feira";"16:10:00";"MG";116;117,1;"ITAOBIM";"Acessar a via sem observar a presenca dos outros veiculos";"Colisao transversal";"Com Vatimas Feridas";"Pleno dia";"Decrescente";"Ceu Claro";"Simples";"Rotataria";"Sim";3;0;1;0;0;2;1;3;-16,57411225;-41,50497449;"SPRF-MG";"DEL11-MG";"UOP02-DEL11-MG"
578400;2024-02-01;"quinta-feira";"17:30:00";"RN";101;108;"PARNAMIRIM";"Ausancia de Reacao do condutor";"Colisao transversal";"Com Vatimas Feridas";"Pleno dia";"Crescente";"Ceu Claro";"Dupla";"Viaduto";"Sim";3;0;2;0;1;0;2;2;-5,92825102;-35,26465683;"SPRF-RN";"DEL01-RN";"UOP01-DEL01-RN"
578401;2024-02-01;"quinta-feira";"15:12:00";"AC";364;131;"RIO BRANCO";"Pista esburacada";"Queda de ocupante de veiculo";"Com Vatimas Feridas";"Pleno dia";"Decrescente";"Ceu Claro";"Dupla";"Curva";"Sim";2;0;2;0;0;0;2;1;-10,01594689;-67,84093848;"SPRF-AC";"DEL01-AC";"UOP01-DEL01-AC"
578403;2024-02-01;"quinta-feira";"16:40:00";"RJ";101;387;"RIO DE JANEIRO";"Manobra de mudanaa de faixa";"Atropelamento de Pedestre";"Com Vatimas Feridas";"Pleno dia";"Crescente";"Ceu Claro";"Maltipla";"Reta";"Nao";2;0;0;1;1;0;1;2;-22,88537839;-43,64965688;"SPRF-RJ";"DEL03-RJ";"UOP01-DEL03-RJ"
578404;2024-02-01;"quinta-feira";"17:33:00";"ES";101;295,9;"CARIACICA";"Acessar a via sem observar a presenca dos outros veiculos";"Colisao transversal";"Com Vatimas Feridas";"Pleno dia";"Crescente";"Ceu Claro";"Simples";"Reta";"Sim";3;0;2;0;1;0;2;2;-20,34152857;-40,40561199;"SPRF-ES";"DEL01-ES";"UOP01-DEL01-ES"
578405;2024-02-01;"quinta-feira";"17:00:00";"BA";101;187;"CONCEICAO DA FEIRA";"Demais falhas mecanicas ou elatricas";"Incendio";"Sem Vatimas";"Pleno dia";"Decrescente";"Ceu Claro";"Simples";"Reta;Aclive;Em Obras          ";"Nao";1;0;0;0;1;0;0;1;-12,56988374;-38,97579924;"SPRF-BA";"DEL01-BA";"UOP03-DEL01-BA"
578406;2024-02-01;"quinta-feira";"08:21:00";"PE";104;29,9;"TORITAMA";"Acessar a via sem observar a presenca dos outros veiculos";"Colisao transversal";"Com Vatimas Feridas";"Pleno dia";"Decrescente";"Sol";"Simples";"Em Obras;Reta                 ";"Sim";3;0;0;1;2;0;1;2;-8,0078;-36,0621;"SPRF-PE";"DEL02-PE";"UOP01-DEL02-PE"
578408;2024-02-01;"quinta-feira";"17:30:00";"RS";287;257;"SANTA MARIA";"Demais falhas mecanicas ou elatricas";"Tombamento";"Com Vatimas Feridas";"Pleno dia";"Crescente";"Ceu Claro";"Simples";"Reta";"Nao";2;0;2;0;0;0;2;1;-29,68138871;-53,94121388;"SPRF-RS";"DEL09-RS";"UOP01-DEL09-RS"
578409;2024-02-01;"quinta-feira";"17:00:00";"PE";101;104;"CABO DE SANTO AGOSTINHO";"Curva acentuada";"Colisao com objeto";"Sem Vatimas";"Pleno dia";"Decrescente";"Garoa/Chuvisco";"Dupla";"Curva";"Nao";1;0;0;0;0;1;0;1;-8,29739778;-35,06293971;"SPRF-PE";"DEL01-PE";"UOP03-DEL01-PE"
578410;2024-02-01;"quinta-feira";"18:15:00";"GO";40;3;"VALPARAISO DE GOIAS";"Acesso irregular";"Colisao transversal";"Com Vatimas Feridas";"Pleno dia";"Crescente";"Nublado";"Dupla";"Reta";"Sim";2;0;1;0;1;0;1;2;-16,076081;-47,985671;"SPRF-DF";"DEL01-DF";"UOP01-DEL01-DF"
578411;2024-02-01;"quinta-feira";"17:50:00";"SC";101;208;"SAO JOSE";"Manobra de mudanaa de faixa";"Colisao lateral mesmo sentido";"Com Vatimas Feridas";"Pleno dia";"Decrescente";"Ceu Claro";"Maltipla";"Reta";"Sim";4;0;1;0;3;0;1;4;-27,60327979;-48,63201818;"SPRF-SC";"DEL01-SC";"UOP01-DEL01-SC"
578413;2024-02-01;"quinta-feira";"17:25:00";"SP";116;99,5;"PINDAMONHANGABA";"Velocidade Incompatavel";"Saida de leito carrocavel";"Com Vatimas Feridas";"Pleno dia";"Decrescente";"Ceu Claro";"Dupla";"Curva";"Nao";1;0;0;1;0;0;1;1;-22,98416709;-45,4675299;"SPRF-SP";"DEL08-SP";"UOP01-DEL08-SP"
578414;2024-02-01;"quinta-feira";"17:55:00";"PE";428;187,5;"PETROLINA";"Ausancia de Reacao do condutor";"Colisao traseira";"Sem Vatimas";"Anoitecer";"Crescente";"Ceu Claro";"Dupla";"Reta";"Nao";2;0;0;0;2;0;0;2;-9,37149;-40,48665;"SPRF-PE";"DEL06-PE";"UOP01-DEL06-PE"
578415;2024-02-01;"quinta-feira";"18:10:00";"ES";101;266,7;"SERRA";"Acessar a via sem observar a presenca dos outros veiculos";"Colisao transversal";"Com Vatimas Feridas";"Anoitecer";"Decrescente";"Ceu Claro";"Maltipla";"Reta";"Sim";3;0;2;0;1;0;2;2;-20,1966221;-40,2687183;"SPRF-ES";"DEL02-ES";"UOP01-DEL02-ES"
578416;2024-01-31;"quarta-feira";"11:30:00";"SP";101;47,9;"UBATUBA";"Pedestre cruzava a pista fora da faixa";"Atropelamento de Pedestre";"Com Vatimas Feridas";"Pleno dia";"Crescente";"Ceu Claro";"Simples";"Curva";"Sim";2;0;1;0;1;0;1;2;-23,429897;-45,082436;"SPRF-SP";"DEL06-SP";"UOP01-DEL06-SP"
578418;2024-02-01;"quinta-feira";"18:40:00";"DF";60;0,6;"BRASILIA";"Reacao tardia ou ineficiente do condutor";"Colisao lateral mesmo sentido";"Com Vatimas Feridas";"Anoitecer";"Crescente";"Chuva";"Dupla";"Reta";"Sim";2;0;1;0;1;0;1;2;-15,883678;-48,066003;"SPRF-DF";"DEL03-DF";"UOP01-DEL03-DF"
578421;2024-02-01;"quinta-feira";"15:56:00";"SP";381;86,3;"SAO PAULO";"Manobra de mudanaa de faixa";"Colisao lateral mesmo sentido";"Com Vatimas Feridas";"Pleno dia";"Decrescente";"Ceu Claro";"Maltipla";"Curva";"Sim";2;0;0;1;1;0;1;2;-23,466594;-46,571284;"SPRF-SP";"DEL03-SP";"UOP01-DEL03-SP"