"id";"data_inversa";"dia_semana";"horario";"uf";"br";"km";"municipio";"causa_acidente";"tipo_acidente";"classificacao_acidente";"fase_dia";"sentido_via";"condicao_metereologica";"tipo_pista";"tracado_via";"uso_solo";"pessoas";"mortos";"feridos_leves";"feridos_graves";"ilesos";"ignorados";"feridos";"veiculos";"latitude";"longitude";"regional";"delegacia";"uop"
578422;2024-02-01;"quinta-feira";"17:50:00";"SP";116;154,2;"SAO JOSE DOS CAMPOS";"Reacao tardia ou ineficiente do condutor";"Colisao traseira";"Com Vatimas Feridas";"Anoitecer";"Crescente";"Nublado";"Dupla";"Reta";"Sim";2;0;1;0;1;0;1;2;-23,24524337;-45,92772774;"SPRF-SP";"DEL02-SP";"UOP01-DEL02-SP"
578423;2024-02-01;"quinta-feira";"18:00:00";"PE";424;88,4;"GARANHUNS";"Animais na Pista";"Colisao lateral mesmo sentido";"Com Vatimas Feridas";"Plena Noite";"Crescente";"Ceu Claro";"Simples";"Reta";"Nao";2;0;0;1;1;0;1;2;-8,88289772;-36,50848532;"SPRF-PE";"DEL03-PE";"UOP01-DEL03-PE"
578424;2024-02-01;"quinta-feira";"17:30:00";"PE";232;196,6;"SANHARO";"Reacao tardia ou ineficiente do condutor";"Colisao traseira";"Com Vatimas Feridas";"Anoitecer";"Crescente";"Nublado";"Simples";"Reta";"Nao";3;0;1;1;1;0;2;2;-8,36842483;-36,57130201;"SPRF-PE";"DEL03-PE";"UOP02-DEL03-PE"
578426;2024-02-01;"quinta-feira";"16:38:00";"PR";116;11;"CAMPINA GRANDE DO SUL";"Ausancia de Reacao do condutor";"Queda de ocupante de veiculo";"Com Vatimas Feridas";"Pleno dia";"Decrescente";"Ceu Claro";"Dupla";"Reta";"Sim";1;0;1;0;0;0;1;1;-25,09123278;-48,6477702;"SPRF-PR";"DEL01-PR";"UOP02-DEL01-PR"
578427;2024-02-01;"quinta-feira";"19:25:00";"DF";60;14;"BRASILIA";"Pedestre - Ingestao de alcool/ substancias psicoativas";"Atropelamento de Pedestre";"Com Vatimas Feridas";"Plena Noite";"Crescente";"Ceu Claro";"Dupla";"Reta";"Nao";2;0;1;0;1;0;1;2;-15,935141;-48,169449;"SPRF-DF";"DEL03-DF";"UOP01-DEL03-DF"
578428;2024-02-01;"quinta-feira";"18:50:00";"MG";356;268,2;"MURIAE";"Conversao proibida";"Colisao transversal";"Com Vatimas Feridas";"Plena Noite";"Crescente";"Chuva";"Simples";"Curva";"Sim";2;0;1;0;1;0;1;2;-21,12690881;-42,34244401;"SPRF-MG";"DEL07-MG";"UOP02-DEL07-MG"
578430;2024-01-20;"sabado";"18:50:00";"PB";230;22;"JOAO PESSOA";"Condutor deixou de manter distancia do veiculo da frente";"Colisao traseira";"Com Vatimas Feridas";"Plena Noite";"Decrescente";"Ceu Claro";"Dupla";"Reta";"Sim";2;0;1;0;1;0;1;2;-7,1495;-34,8517;"SPRF-PB";"DEL01-PB";"UOP01-DEL01-PB"
578431;2024-02-01;"quinta-feira";"19:40:00";"PE";101;50;"ABREU E LIMA";"Manobra de mudanaa de faixa";"Colisao transversal";"Com Vatimas Feridas";"Plena Noite";"Decrescente";"Vento";"Dupla";"Reta";"Sim";2;0;0;1;1;0;1;2;-7,90938602;-34,90123228;"SPRF-PE";"DEL01-PE";"UOP02-DEL01-PE"
578433;2024-02-01;"quinta-feira";"18:45:00";"CE";116;43;"HORIZONTE";"Demais falhas mecanicas ou elatricas";"Capotamento";"Com Vatimas Feridas";"Plena Noite";"Decrescente";"Ceu Claro";"Dupla";"Reta";"Sim";1;0;1;0;0;0;1;1;-4,11528518;-38,48917049;"SPRF-CE";"DEL01-CE";"UOP02-DEL01-CE"
578435;2024-02-01;"quinta-feira";"19:40:00";"RS";116;240;"NOVO HAMBURGO";"Ingestao de alcool pelo condutor";"Colisao traseira";"Sem Vatimas";"Anoitecer";"Decrescente";"Ceu Claro";"Dupla";"Reta";"Nao";2;0;0;0;2;0;0;2;-29,70115483;-51,14603609;"SPRF-RS";"DEL01-RS";"UOP02-DEL01-RS"
578436;2024-02-01;"quinta-feira";"19:38:00";"PE";101;85;"JABOATAO DOS GUARARAPES";"Transitar no Acostamento";"Queda de ocupante de veiculo";"Com Vatimas Feridas";"Plena Noite";"Decrescente";"Ceu Claro";"Dupla";"Reta";"Sim";1;0;1;0;0;0;1;1;-8,183608;-34,965242;"SPRF-PE";"DEL01-PE";"UOP01-DEL01-PE"
578437;2024-02-01;"quinta-feira";"12:00:00";"RJ";101;331;"RIO DE JANEIRO";"Avarias e/ou desgaste excessivo no pneu";"Queda de ocupante de veiculo";"Com Vatimas Feridas";"Pleno dia";"Crescente";"Ceu Claro";"Dupla";"Reta";"Sim";2;0;1;1;0;0;2;1;-22,867662;-43,195337;"SPRF-RJ";"DEL02-RJ";"UOP01-DEL02-RJ"
578440;2024-02-01;"quinta-feira";"20:00:00";"MG";40;554,5;"NOVA LIMA";"Avarias e/ou desgaste excessivo no pneu";"Queda de ocupante de veiculo";"Com Vatimas Feridas";"Plena Noite";"Decrescente";"Nublado";"Dupla";"Reta";"Nao";2;0;2;0;0;0;2;1;-20,08189061;-43,97964478;"SPRF-MG";"DEL01-MG";"UOP02-DEL01-MG"
578441;2024-02-01;"quinta-feira";"19:30:00";"RJ";101;570;"PARATY";"Chuva";"Colisao frontal";"Com Vatimas Feridas";"Plena Noite";"Decrescente";"Chuva";"Simples";"Curva";"Nao";3;0;1;0;1;1;1;2;-23,18216501;-44,71777595;"SPRF-RJ";"DEL03-RJ";"UOP04-DEL03-RJ"
578443;2024-02-01;"quinta-feira";"20:25:00";"RS";290;690;"URUGUAIANA";"Reacao tardia ou ineficiente do condutor";"Saida de leito carrocavel";"Com Vatimas Feridas";"Plena Noite";"Crescente";"Ceu Claro";"Simples";"Reta";"Nao";3;0;2;0;1;0;2;1;-29,87693;-56,7924;"SPRF-RS";"DEL13-RS";"UOP01-DEL13-RS"
578444;2024-02-01;"quinta-feira";"20:50:00";"RN";110;48;"MOSSORO";"Acessar a via sem observar a presenca dos outros veiculos";"Colisao transversal";"Com Vatimas Feridas";"Plena Noite";"Crescente";"Ceu Claro";"Simples";"Reta";"Sim";3;0;3;0;0;0;3;2;-5,20881178;-37,33285083;"SPRF-RN";"DEL04-RN";"UOP01-DEL04-RN"
578445;2024-02-01;"quinta-feira";"17:35:00";"MT";364;286,9;"JACIARA";"Animais na Pista";"Atropelamento de Animal";"Sem Vatimas";"Pleno dia";"Decrescente";"Ceu Claro";"Dupla";"Reta";"Nao";2;0;0;0;0;2;0;1;-15,90151807;-55,056197;"SPRF-MT";"DEL05-MT";"UOP02-DEL05-MT"
578446;2024-02-01;"quinta-feira";"16:30:00";"SC";116;139;"SANTA CECILIA";"Acessar a via sem observar a presenca dos outros veiculos";"Colisao transversal";"Com Vatimas Feridas";"Pleno dia";"Crescente";"Sol";"Simples";"Reta";"Nao";2;0;1;0;1;0;1;2;-26,96007677;-50,41626976;"SPRF-SC";"DEL06-SC";"UOP02-DEL06-SC"
578449;2024-02-01;"quinta-feira";"21:50:00";"PR";116;7;"CAMPINA GRANDE DO SUL";"Velocidade Incompatavel";"Colisao traseira";"Com Vatimas Feridas";"Plena Noite";"Crescente";"Ceu Claro";"Dupla";"Reta";"Sim";2;0;0;1;1;0;1;2;-25,3683;-49,1074;"SPRF-PR";"DEL01-PR";"UOP02-DEL01-PR"
578450;2024-02-01;"quinta-feira";"21:00:00";"SP";116;156;"SAO JOSE DOS CAMPOS";"Ausancia de Reacao do condutor";"Saida de leito carrocavel";"Com Vatimas Feridas";"Plena Noite";"Crescente";"Ceu Claro";"Dupla";"Declive";"Nao";1;0;1;0;0;0;1;1;-23,25044084;-45,93572909;"SPRF-SP";"DEL02-SP";"UOP01-DEL02-SP"
578451;2024-02-01;"quinta-feira";"20:40:00";"GO";70;3;"AGUAS LINDAS DE GOIAS";"Ausancia de Reacao do condutor";"Colisao traseira";"Com Vatimas Feridas";"Plena Noite";"Crescente";"Nublado";"Dupla";"Aclive";"Sim";3;0;1;0;2;0;1;3;-15,761523;-48,237755;"SPRF-DF";"DEL03-DF";"UOP02-DEL03-DF"
578452;2024-02-01;"quinta-feira";"21:45:00";"MT";70;1,6;"BARRA DO GARCAS";"Conversao proibida";"Colisao transversal";"Com Vatimas Feridas";"Plena Noite";"Crescente";"Chuva";"Dupla";"Aclive;Reta                   ";"Sim";2;0;1;0;1;0;1;2;-15,88749699;-52,26810568;"SPRF-MT";"DEL07-MT";"UOP01-DEL07-MT"
578453;2024-02-01;"quinta-feira";"19:55:00";"GO";60;14,4;"SANTO ANTONIO DO DESCOBERTO";"Animais na Pista";"Atropelamento de Animal";"Com Vatimas Feridas";"Pleno dia";"Crescente";"Nublado";"Dupla";"Curva;Aclive                  ";"Nao";2;0;1;0;1;0;1;1;-16,110269;-48,35578;"SPRF-DF";"DEL03-DF";"UOP01-DEL03-DF"
578454;2024-02-01;"quinta-feira";"22:45:00";"TO";153;570;"SANTA RITA DO TOCANTINS";"Pedestre andava na pista";"Atropelamento de Pedestre";"Com Vatimas Feridas";"Plena Noite";"Crescente";"Nublado";"Simples";"Reta";"Nao";2;0;0;1;0;1;1;2;-10,82855598;-48,90383333;"SPRF-TO";"DEL01-TO";"UOP01-DEL01-TO"
578455;2024-02-01;"quinta-feira";"22:35:00";"BA";101;715,4;"EUNAPOLIS";"Transitar na contramao";"Colisao frontal";"Com Vatimas Feridas";"Plena Noite";"Crescente";"Ceu Claro";"Simples";"Reta";"Sim";6;0;4;1;0;1;5;2;-16,357628;-39,579387;"SPRF-BA";"DEL09-BA";"UOP01-DEL09-BA"
578456;2024-02-01;"quinta-feira";"19:20:00";"ES";101;398;"ITAPEMIRIM";"Demais Fenamenos da natureza";"Colisao com objeto";"Com Vatimas Feridas";"Plena Noite";"Decrescente";"Chuva";"Simples";"Reta";"Nao";1;0;1;0;0;0;1;1;-20,87530245;-40,95792915;"SPRF-ES";"DEL03-ES";"UOP02-DEL03-ES"
578457;2024-02-01;"quinta-feira";"18:30:00";"MG";381;510;"SAO JOAQUIM DE BICAS";"Condutor deixou de manter distancia do veiculo da frente";"Engavetamento";"Com Vatimas Feridas";"Anoitecer";"Crescente";"Ceu Claro";"Maltipla";"Reta";"Sim";3;0;1;0;0;2;1;3;-20,05883377;-44,29069519;"SPRF-MG";"DEL01-MG";"UOP03-DEL01-MG"
578458;2024-02-01;"quinta-feira";"19:20:00";"RS";470;227;"GARIBALDI";"Ausancia de Reacao do condutor";"Saida de leito carrocavel";"Com Vatimas Feridas";"Pleno dia";"Decrescente";"Ceu Claro";"Dupla";"Reta";"Sim";1;0;1;0;0;0;1;1;-29,21657705;-51,51722624;"SPRF-RS";"DEL06-RS";"UOP01-DEL06-RS"
578460;2024-02-01;"quinta-feira";"22:30:00";"SC";101;414,9;"ARARANGUA";"Avarias e/ou desgaste excessivo no pneu";"Colisao com objeto";"Com Vatimas Feridas";"Plena Noite";"Decrescente";"Ceu Claro";"Dupla";"Curva";"Sim";1;0;1;0;0;0;1;1;-28,95360392;-49,50985011;"SPRF-SC";"DEL02-SC";"UOP02-DEL02-SC"
578462;2024-02-01;"quinta-feira";"19:00:00";"PA";230;93,9;"SAO JOAO DO ARAGUAIA";"Acessar a via sem observar a presenca dos outros veiculos";"Colisao transversal";"Com Vatimas Feridas";"Plena Noite";"Decrescente";"Nublado";"Simples";"Reta;Aclive                   ";"Nao";2;0;0;1;0;1;1;2;-5,44787864;-48,90256682;"SPRF-PA";"DEL03-PA";"UOP01-DEL03-PA"
578463;2024-02-01;"quinta-feira";"23:30:00";"GO";153;505,6;"APARECIDA DE GOIANIA";"Ausancia de Reacao do condutor";"Saida de leito carrocavel";"Com Vatimas Feridas";"Plena Noite";"Decrescente";"Ceu Claro";"Simples";"Reta";"Sim";1;0;1;0;0;0;1;1;-16,7537;-49,2411;"SPRF-GO";"DEL01-GO";"UOP01-DEL01-GO"
578465;2024-02-02;"sexta-feira";"00:10:00";"SC";101;213,7;"PALHOCA";"Desrespeitar a preferancia no cruzamento";"Colisao transversal";"Com Vatimas Feridas";"Plena Noite";"Decrescente";"Ceu Claro";"Maltipla";"Reta;Interseaao de Vias       ";"Sim";2;0;1;0;0;1;1;2;-27,63697369;-48,66514142;"SPRF-SC";"DEL01-SC";"UOP02-DEL01-SC"
578466;2024-02-01;"quinta-feira";"17:30:00";"SP";116;210;"GUARULHOS";"Frear bruscamente";"Tombamento";"Com Vatimas Feridas";"Pleno dia";"Crescente";"Garoa/Chuvisco";"Maltipla";"Reta";"Sim";2;0;1;0;1;0;1;2;-23,42870023;-46,41085991;"SPRF-SP";"DEL01-SP";"UOP01-DEL01-SP"
578467;2024-02-02;"sexta-feira";"00:45:00";"SP";116;275,4;"TABOAO DA SERRA";"Entrada inopinada do pedestre";"Tombamento";"Com Vatimas Feridas";"Plena Noite";"Decrescente";"Nublado";"Dupla";"Reta";"Sim";2;0;2;0;0;0;2;1;-23,63638826;-46,83251584;"SPRF-SP";"DEL04-SP";"UOP01-DEL04-SP"
578468;2024-02-02;"sexta-feira";"01:15:00";"RJ";116;185;"NOVA IGUACU";"Ausancia de Reacao do condutor";"Tombamento";"Com Vatimas Feridas";"Plena Noite";"Decrescente";"Nublado";"Maltipla";"Reta";"Nao";1;0;1;0;0;0;1;1;-22,74151051;-43,45351823;"SPRF-RJ";"DEL06-RJ";"UOP01-DEL06-RJ"
578472;2024-02-02;"sexta-feira";"03:25:00";"SC";470;52,7;"BLUMENAU";"Chuva";"Tombamento";"Com Vatimas Feridas";"Plena Noite";"Crescente";"Chuva";"Dupla";"Interseaao de Vias;Em Obras   ";"Nao";1;0;1;0;0;0;1;1;-26,86524343;-49,0996711;"SPRF-SC";"DEL04-SC";"UOP01-DEL04-SC"
578473;2024-02-02;"sexta-feira";"03:00:00";"PR";277;727;"FOZ DO IGUACU";"Pedestre andava na pista";"Atropelamento de Pedestre";"Com Vatimas Fatais";"Plena Noite";"Crescente";"Ceu Claro";"Dupla";"Reta";"Sim";2;1;0;0;0;1;0;2;-25,51017487;-54,56454899;"SPRF-PR";"DEL05-PR";"UOP03-DEL05-PR"
578475;2024-02-02;"sexta-feira";"02:00:00";"AL";316;258;"PILAR";"Ingestao de alcool pelo condutor";"Saida de leito carrocavel";"Com Vatimas Feridas";"Plena Noite";"Crescente";"Vento";"Simples";"Rotataria";"Nao";1;0;1;0;0;0;1;1;-9,59138313;-35,923087;"SPRF-AL";"DEL02-AL";"UOP01-DEL02-AL"
578477;2024-02-02;"sexta-feira";"03:50:00";"BA";324;606;"SIMOES FILHO";"Ausancia de Reacao do condutor";"Colisao com objeto";"Com Vatimas Feridas";"Pleno dia";"Decrescente";"Ceu Claro";"Dupla";"Reta";"Sim";1;0;1;0;0;0;1;1;-12,79340512;-38,40485325;"SPRF-BA";"DEL01-BA";"UOP01-DEL01-BA"
578478;2024-02-02;"sexta-feira";"04:00:00";"PI";343;0,9;"TERESINA";"Ingestao de alcool pelo condutor";"Saida de leito carrocavel";"Sem Vatimas";"Plena Noite";"Decrescente";"Ceu Claro";"Dupla";"Reta";"Sim";1;0;0;0;1;0;0;1;-5,089569;-42,802288;"SPRF-PI";"DEL01-PI";"UOP01-DEL01-PI"
578479;2024-02-02;"sexta-feira";"04:00:00";"BA";324;587;"CANDEIAS";"Condutor Dormindo";"Saida de leito carrocavel";"Com Vatimas Feridas";"Amanhecer";"Decrescente";"Nublado";"Dupla";"Reta";"Nao";6;0;4;2;0;0;6;1;-12,64715411;-38,47504041;"SPRF-BA";"DEL01-BA";"UOP01-DEL01-BA"
578480;2024-02-02;"sexta-feira";"05:21:00";"RN";101;163;"CANGUARETAMA";"Manobra de mudanaa de faixa";"Colisao lateral mesmo sentido";"Com Vatimas Feridas";"Pleno dia";"Crescente";"Ceu Claro";"Dupla";"Reta";"Nao";2;0;1;0;1;0;1;2;-6,393516;-35,13976;"SPRF-RN";"DEL01-RN";"UOP01-DEL01-RN"
578481;2024-02-02;"sexta-feira";"06:10:00";"GO";60;171;"GOIANIA";"Condutor deixou de manter distancia do veiculo da frente";"Colisao traseira";"Com Vatimas Feridas";"Pleno dia";"Crescente";"Ceu Claro";"Dupla";"Reta";"Sim";2;0;1;0;1;0;1;2;-16,7333;-49,3996;"SPRF-GO";"DEL01-GO";"UOP02-DEL01-GO"
578482;2024-02-01;"quinta-feira";"17:25:00";"RN";101;107,9;"PARNAMIRIM";"Manobra de mudanaa de faixa";"Colisao lateral mesmo sentido";"Com Vatimas Feridas";"Anoitecer";"Decrescente";"Ceu Claro";"Dupla";"Reta";"Sim";2;0;0;1;1;0;1;2;-5,91920796;-35,26412409;"SPRF-RN";"DEL01-RN";"UOP01-DEL01-RN"
578485;2024-02-02;"sexta-feira";"05:40:00";"GO";60;100;"ANAPOLIS";"Afundamento ou ondulaaao no pavimento";"Queda de ocupante de veiculo";"Com Vatimas Feridas";"Amanhecer";"Decrescente";"Garoa/Chuvisco";"Dupla";"Reta";"Sim";1;0;1;0;0;0;1;1;-16,3979;-48,9664;"SPRF-GO";"DEL02-GO";"UOP01-DEL02-GO"
578486;2024-02-02;"sexta-feira";"06:21:00";"CE";222;1,7;"FORTALEZA";"Condutor deixou de manter distancia do veiculo da frente";"Colisao traseira";"Sem Vatimas";"Pleno dia";"Decrescente";"Ceu Claro";"Maltipla";"Reta";"Sim";2;0;0;0;2;0;0;2;-3,737804;-38,578061;"SPRF-CE";"DEL01-CE";"UOP01-DEL01-CE"
578487;2024-02-02;"sexta-feira";"06:40:00";"SC";101;97;"BALNEARIO PICARRAS";"Ausancia de Reacao do condutor";"Colisao lateral mesmo sentido";"Com Vatimas Feridas";"Pleno dia";"Crescente";"Nublado";"Maltipla";"Curva";"Sim";2;0;1;0;0;1;1;2;-26,72823703;-48,70224928;"SPRF-SC";"DEL03-SC";"UOP02-DEL03-SC"
578490;2024-02-02;"sexta-feira";"07:01:00";"SP";116;515,7;"CAJATI";"Reacao tardia ou ineficiente do condutor";"Capotamento";"Com Vatimas Feridas";"Amanhecer";"Decrescente";"Garoa/Chuvisco";"Dupla";"Curva";"Nao";2;0;1;0;1;0;1;1;-24,86704083;-48,21738184;"SPRF-SP";"DEL05-SP";"UOP02-DEL05-SP"
578491;2024-02-02;"sexta-feira";"05:15:00";"MG";381;799,3;"SAO GONCALO DO SAPUCAI";"Pedestre cruzava a pista fora da faixa";"Atropelamento de Pedestre";"Com Vatimas Fatais";"Amanhecer";"Crescente";"Ceu Claro";"Dupla";"Curva;Declive                 ";"Nao";4;1;0;0;3;0;0;2;-21,97237106;-45,63123585;"SPRF-MG";"DEL16-MG";"UOP02-DEL16-MG"
578493;2024-02-02;"sexta-feira";"01:34:00";"PR";116;17;"COLOMBO";"Reacao tardia ou ineficiente do condutor";"Saida de leito carrocavel";"Sem Vatimas";"Plena Noite";"Decrescente";"Ceu Claro";"Simples";"Reta";"Sim";1;0;0;0;0;1;0;1;-25,389;-49,1867;"SPRF-PR";"DEL01-PR";"UOP02-DEL01-PR"
578494;2024-02-02;"sexta-feira";"05:00:00";"MG";251;264;"SALINAS";"Animais na Pista";"Atropelamento de Animal";"Com Vatimas Feridas";"Amanhecer";"Crescente";"Ceu Claro";"Simples";"Reta";"Nao";1;0;1;0;0;0;1;1;-15,99768863;-41,97955297;"SPRF-MG";"DEL12-MG";"UOP02-DEL12-MG"
578495;2024-02-02;"sexta-feira";"07:50:00";"SC";101;41;"JOINVILLE";"Condutor deixou de manter distancia do veiculo da frente";"Colisao traseira";"Com Vatimas Feridas";"Pleno dia";"Decrescente";"Ceu Claro";"Dupla";"Reta";"Sim";3;0;1;0;2;0;1;3;-26,28215489;-48,88973081;"SPRF-SC";"DEL03-SC";"UOP01-DEL03-SC"
578496;2024-02-01;"quinta-feira";"22:20:00";"CE";304;54;"ARACATI";"Animais na Pista";"Atropelamento de Animal";"Com Vatimas Feridas";"Plena Noite";"Crescente";"Ceu Claro";"Simples";"Reta";"Sim";1;0;1;0;0;0;1;1;-4,58046268;-37,71961988;"SPRF-CE";"DEL03-CE";"UOP03-DEL03-CE"
578498;2024-02-02;"sexta-feira";"07:40:00";"MG";116;525,8;"CARATINGA";"Acessar a via sem observar a presenca dos outros veiculos";"Colisao transversal";"Com Vatimas Feridas";"Pleno dia";"Decrescente";"Ceu Claro";"Dupla";"Reta";"Sim";2;0;1;0;1;0;1;2;-19,76833785;-42,13105238;"SPRF-MG";"DEL06-MG";"UOP02-DEL06-MG"
578501;2024-02-02;"sexta-feira";"07:10:00";"MS";262;6;"TRES LAGOAS";"Acessar a via sem observar a presenca dos outros veiculos";"Colisao transversal";"Com Vatimas Feridas";"Pleno dia";"Crescente";"Sol";"Dupla";"Curva;Interseaao de Vias      ";"Sim";2;0;0;1;1;0;1;2;-20,78237921;-51,67197438;"SPRF-MS";"DEL07-MS";"UOP01-DEL07-MS"
578503;2024-02-02;"sexta-feira";"02:00:00";"RJ";116;146;"DUQUE DE CAXIAS";"Pista Escorregadia";"Queda de ocupante de veiculo";"Com Vatimas Feridas";"Plena Noite";"Crescente";"Ceu Claro";"Dupla";"Reta";"Nao";2;0;1;1;0;0;2;1;-22,66687859;-43,26368215;"SPRF-RJ";"DEL01-RJ";"UOP02-DEL01-RJ"
578504;2024-02-02;"sexta-feira";"07:35:00";"PE";101;2;"GOIANA";"Condutor deixou de manter distancia do veiculo da frente";"Colisao traseira";"Com Vatimas Feridas";"Pleno dia";"Crescente";"Ceu Claro";"Dupla";"Reta";"Nao";2;0;1;0;1;0;1;2;-7,51675334;-34,99198357;"SPRF-PE";"DEL01-PE";"UOP02-DEL01-PE"
578505;2024-02-02;"sexta-feira";"08:10:00";"RN";101;98;"NATAL";"Ingestao de alcool pelo condutor";"Colisao traseira";"Sem Vatimas";"Pleno dia";"Decrescente";"Ceu Claro";"Maltipla";"Viaduto";"Sim";2;0;0;0;2;0;0;2;-5,86567888;-35,21651625;"SPRF-RN";"DEL01-RN";"UOP01-DEL01-RN"
578507;2024-02-02;"sexta-feira";"07:50:00";"PR";116;40;"CAMPINA GRANDE DO SUL";"Reacao tardia ou ineficiente do condutor";"Colisao com objeto";"Com Vatimas Feridas";"Pleno dia";"Decrescente";"Ceu Claro";"Dupla";"Curva";"Nao";4;0;1;0;3;0;1;1;-25,16445203;-48,86237697;"SPRF-PR";"DEL01-PR";"UOP02-DEL01-PR"
578508;2024-02-02;"sexta-feira";"08:00:00";"RS";293;151,6;"CANDIOTA";"Ausancia de Reacao do condutor";"Saida de leito carrocavel";"Com Vatimas Fatais";"Pleno dia";"Decrescente";"Ceu Claro";"Simples";"Curva;Aclive;Desvio Temporario";"Nao";3;1;0;1;0;1;1;2;-31,395278;-53,786991;"SPRF-RS";"DEL11-RS";"UOP03-DEL11-RS"
578509;2024-02-02;"sexta-feira";"05:40:00";"MG";365;364;"PRESIDENTE OLEGARIO";"Acumulo de agua sobre o pavimento";"Tombamento";"Com Vatimas Feridas";"Amanhecer";"Decrescente";"Chuva";"Simples";"Reta";"Nao";3;0;2;0;1;0;2;1;-18,46158508;-46,08350681;"SPRF-MG";"DEL10-MG";"UOP01-DEL10-MG"
578511;2024-02-02;"sexta-feira";"08:25:00";"RS";116;249;"SAO LEOPOLDO";"Objeto estatico sobre o leito carroaavel";"Colisao com objeto";"Com Vatimas Feridas";"Pleno dia";"Crescente";"Ceu Claro";"Dupla";"Reta";"Sim";2;0;1;1;0;0;2;1;-29,7831804;-51,16099063;"SPRF-RS";"DEL01-RS";"UOP02-DEL01-RS"
578512;2024-02-02;"sexta-feira";"08:40:00";"GO";50;262,3;"CATALAO";"Reacao tardia ou ineficiente do condutor";"Colisao traseira";"Com Vatimas Feridas";"Pleno dia";"Crescente";"Nublado";"Dupla";"Reta";"Nao";6;0;4;0;2;0;4;2;-18,0438;-47,8596;"SPRF-GO";"DEL06-GO";"UOP01-DEL06-GO"
578513;2024-02-02;"sexta-feira";"08:20:00";"MG";262;367;"JUATUBA";"Acumulo de aleo sobre o pavimento";"Queda de ocupante de veiculo";"Com Vatimas Feridas";"Pleno dia";"Crescente";"Nublado";"Dupla";"Reta";"Nao";1;0;1;0;0;0;1;1;-19,97391261;-44,27096197;"SPRF-MG";"DEL01-MG";"UOP03-DEL01-MG"
578515;2024-02-02;"sexta-feira";"07:50:00";"RS";285;295,5;"PASSO FUNDO";"Avarias e/ou desgaste excessivo no pneu";"Tombamento";"Com Vatimas Feridas";"Pleno dia";"Decrescente";"Sol";"Simples";"Reta";"Sim";2;0;2;0;0;0;2;1;-28,231071;-52,394299;"SPRF-RS";"DEL08-RS";"UOP03-DEL08-RS"
578518;2024-02-02;"sexta-feira";"08:10:00";"MG";381;774;"CAMPANHA";"Reacao tardia ou ineficiente do condutor";"Colisao lateral mesmo sentido";"Com Vatimas Feridas";"Pleno dia";"Crescente";"Nublado";"Dupla";"Curva";"Nao";3;0;1;0;2;0;1;2;-21,78692906;-45,43686748;"SPRF-MG";"DEL16-MG";"UOP02-DEL16-MG"
578519;2024-01-22;"segunda-feira";"15:20:00";"MS";163;254;"DOURADOS";"Reacao tardia ou ineficiente do condutor";"Colisao traseira";"Com Vatimas Feridas";"Pleno dia";"Crescente";"Ceu Claro";"Dupla";"Reta";"Sim";2;0;1;0;1;0;1;2;-22,27184267;-54,81657129;"SPRF-MS";"DEL04-MS";"UOP01-DEL04-MS"
578520;2024-02-02;"sexta-feira";"08:35:00";"SP";116;229;"SAO PAULO";"Ausancia de Reacao do condutor";"Colisao traseira";"Com Vatimas Feridas";"Pleno dia";"Crescente";"Nublado";"Maltipla";"Reta";"Nao";2;0;1;0;1;0;1;2;-23,51291902;-46,57604698;"SPRF-SP";"DEL01-SP";"UOP01-DEL01-SP"
578523;2024-02-02;"sexta-feira";"08:40:00";"SC";101;428,7;"SOMBRIO";"Acessar a via sem observar a presenca dos outros veiculos";"Colisao transversal";"Com Vatimas Feridas";"Pleno dia";"Decrescente";"Ceu Claro";"Simples";"Interseaao de Vias;Curva;Decli";"Nao";2;0;1;0;0;1;1;2;-29,05078628;-49,62098479;"SPRF-SC";"DEL02-SC";"UOP02-DEL02-SC"
578524;2024-02-02;"sexta-feira";"07:40:00";"SP";116;145;"SAO JOSE DOS CAMPOS";"Trafegar com motocicleta (ou similar) entre as faixas";"Queda de ocupante de veiculo";"Com Vatimas Feridas";"Pleno dia";"Crescente";"Ceu Claro";"Dupla";"Reta";"Nao";2;0;2;0;0;0;2;1;-23,1869844;-45,8548078;"SPRF-SP";"DEL02-SP";"UOP01-DEL02-SP"
578525;2024-01-21;"domingo";"15:45:00";"MG";381;360;"JOAO MONLEVADE";"Velocidade Incompatavel";"Colisao lateral mesmo sentido";"Com Vatimas Feridas";"Pleno dia";"Crescente";"Ceu Claro";"Simples";"Curva;Aclive                  ";"Nao";3;0;2;0;1;0;2;2;-19,83928203;-43,1928134;"SPRF-MG";"DEL03-MG";"UOP01-DEL03-MG"
578526;2024-01-20;"sabado";"20:20:00";"MS";262;346,3;"CAMPO GRANDE";"Ausancia de Reacao do condutor";"Colisao traseira";"Com Vatimas Feridas";"Plena Noite";"Crescente";"Ceu Claro";"Simples";"Reta";"Nao";3;0;0;2;0;1;2;2;-20,57153364;-54,59607361;"SPRF-MS";"DEL01-MS";"UOP03-DEL01-MS"
578527;2024-01-29;"segunda-feira";"09:40:00";"RJ";101;306;"SAO GONCALO";"Ausancia de Reacao do condutor";"Colisao traseira";"Com Vatimas Feridas";"Pleno dia";"Decrescente";"Ceu Claro";"Simples";"Reta";"Sim";2;0;1;0;1;0;1;2;-22,78913759;-43,00550909;"SPRF-RJ";"DEL02-RJ";"UOP02-DEL02-RJ"
578528;2024-02-02;"sexta-feira";"10:17:00";"RS";290;59,5;"GRAVATAI";"Ausancia de Reacao do condutor";"Colisao lateral mesmo sentido";"Com Vatimas Feridas";"Pleno dia";"Decrescente";"Ceu Claro";"Dupla";"Reta";"Nao";7;0;1;1;5;0;2;3;-29,922428;-50,84845;"SPRF-RS";"DEL03-RS";"UOP01-DEL03-RS"