"id";"data_inversa";"dia_semana";"horario";"uf";"br";"km";"municipio";"causa_acidente";"tipo_acidente";"classificacao_acidente";"fase_dia";"sentido_via";"condicao_metereologica";"tipo_pista";"tracado_via";"uso_solo";"pessoas";"mortos";"feridos_leves";"feridos_graves";"ilesos";"ignorados";"feridos";"veiculos";"latitude";"longitude";"regional";"delegacia";"uop"
578653;2024-02-02;"sexta-feira";"22:30:00";"SC";101;216,8;"PALHOCA";"Ausancia de Reacao do condutor";"Colisao traseira";"Com Vatimas Feridas";"Plena Noite";"Crescente";"Ceu Claro";"Dupla";"Reta";"Sim";2;0;1;0;1;0;1;2;-27,65981409;-48,67747798;"SPRF-SC";"DEL01-SC";"UOP02-DEL01-SC"
578654;2024-02-02;"sexta-feira";"21:00:00";"RO";364;436;"JARU";"Velocidade Incompatavel";"Saida de leito carrocavel";"Com Vatimas Feridas";"Plena Noite";"Decrescente";"Garoa/Chuvisco";"Simples";"Declive;Reta                  ";"Nao";1;0;1;0;0;0;1;1;-10,37739925;-62,55303028;"SPRF-RO";"DEL03-RO";"UOP02-DEL03-RO"
578656;2024-02-02;"sexta-feira";"20:50:00";"PI";343;2,5;"TERESINA";"Ausancia de Reacao do condutor";"Colisao traseira";"Com Vatimas Feridas";"Plena Noite";"Crescente";"Ceu Claro";"Dupla";"Reta;Declive                  ";"Sim";2;0;1;0;0;1;1;2;-5,124769;-42,7947;"SPRF-PI";"DEL05-PI";"UOP01-DEL05-PI"
578657;2024-02-02;"sexta-feira";"21:45:00";"MS";163;237;"CAARAPO";"Ingestao de alcool pelo condutor";"Saida de leito carrocavel";"Com Vatimas Feridas";"Plena Noite";"Decrescente";"Ceu Claro";"Simples";"Reta";"Nao";1;0;1;0;0;0;1;1;-22,41422225;-54,80128527;"SPRF-MS";"DEL04-MS";"UOP02-DEL04-MS"
578658;2024-02-02;"sexta-feira";"22:25:00";"SC";282;418;"CATANDUVAS";"Transitar na contramao";"Colisao frontal";"Com Vatimas Feridas";"Plena Noite";"Crescente";"Ceu Claro";"Simples";"Reta";"Nao";2;0;1;0;1;0;1;2;-27,024965;-51,730766;"SPRF-SC";"DEL07-SC";"UOP05-DEL07-SC"
578659;2024-02-02;"sexta-feira";"21:20:00";"SC";116;51,6;"PAPANDUVA";"Ausancia de Reacao do condutor";"Colisao com objeto";"Com Vatimas Feridas";"Plena Noite";"Crescente";"Ceu Claro";"Simples";"Curva;Declive                 ";"Nao";1;0;1;0;0;0;1;1;-26,38519214;-50,13765683;"SPRF-SC";"DEL06-SC";"UOP01-DEL06-SC"
578663;2024-02-02;"sexta-feira";"21:00:00";"RS";468;98,6;"TRES PASSOS";"Ausancia de Reacao do condutor";"Colisao traseira";"Com Vatimas Feridas";"Plena Noite";"Decrescente";"Ceu Claro";"Simples";"Reta";"Nao";2;0;0;1;1;0;1;2;-27,48388229;-53,90197117;"SPRF-RS";"DEL08-RS";"UOP02-DEL08-RS"
578664;2024-02-02;"sexta-feira";"22:50:00";"SC";282;293,9;"VARGEM";"Velocidade Incompatavel";"Saida de leito carrocavel";"Sem Vatimas";"Plena Noite";"Crescente";"Ceu Claro";"Simples";"Aclive;Curva                  ";"Nao";1;0;0;0;0;1;0;1;-27,538227;-50,860825;"SPRF-SC";"DEL07-SC";"UOP06-DEL07-SC"
578665;2024-02-02;"sexta-feira";"21:45:00";"MT";174;4;"PONTES E LACERDA";"Ingestao de alcool pelo condutor";"Tombamento";"Com Vatimas Feridas";"Plena Noite";"Crescente";"Ceu Claro";"Simples";"Reta";"Sim";1;0;1;0;0;0;1;1;-15,234586;-59,343451;"SPRF-MT";"DEL03-MT";"UOP01-DEL03-MT"
578666;2024-02-02;"sexta-feira";"23:20:00";"RS";293;351;"SANTA MARIA";"Acessar a via sem observar a presenca dos outros veiculos";"Saida de leito carrocavel";"Com Vatimas Feridas";"Plena Noite";"Crescente";"Ceu Claro";"Simples";"Reta;Interseaao de Vias       ";"Sim";3;0;0;2;0;1;2;2;-29,73397231;-53,79921847;"SPRF-RS";"DEL11-RS";"UOP01-DEL11-RS"
578668;2024-02-03;"sabado";"00:24:00";"CE";116;23;"AQUIRAZ";"Ausancia de Reacao do condutor";"Colisao com objeto";"Com Vatimas Fatais";"Plena Noite";"Decrescente";"Ceu Claro";"Dupla";"Reta";"Sim";1;1;0;0;0;0;0;1;-3,94905489;-38,51212845;"SPRF-CE";"DEL01-CE";"UOP02-DEL01-CE"
578669;2024-02-02;"sexta-feira";"19:05:00";"MA";316;261,7;"SANTA INES";"Ultrapassagem Indevida";"Colisao frontal";"Com Vatimas Feridas";"Plena Noite";"Crescente";"Nublado";"Simples";"Reta";"Sim";2;0;0;1;1;0;1;2;-3,676243;-45,389366;"SPRF-MA";"DEL02-MA";"UOP01-DEL02-MA"
578670;2024-02-02;"sexta-feira";"23:30:00";"MG";153;210;"FRUTAL";"Velocidade Incompatavel";"Saida de leito carrocavel";"Com Vatimas Feridas";"Plena Noite";"Crescente";"Nublado";"Dupla";"Rotataria";"Nao";1;0;0;1;0;0;1;1;-20,01975;-49,04769;"SPRF-MG";"DEL13-MG";"UOP02-DEL13-MG"
578671;2024-02-03;"sabado";"01:10:00";"RS";290;49,9;"GLORINHA";"Demais falhas mecanicas ou elatricas";"Tombamento";"Com Vatimas Feridas";"Plena Noite";"Crescente";"Ceu Claro";"Maltipla";"Reta";"Nao";2;0;1;1;0;0;2;1;-29,902617;-50,748444;"SPRF-RS";"DEL03-RS";"UOP01-DEL03-RS"
578674;2024-02-03;"sabado";"01:00:00";"PR";476;218;"LAPA";"Condutor Dormindo";"Saida de leito carrocavel";"Com Vatimas Fatais";"Plena Noite";"Decrescente";"Nublado";"Simples";"Curva;Declive                 ";"Nao";1;1;0;0;0;0;0;1;-25,810024;-49,907558;"SPRF-PR";"DEL01-PR";"UOP06-DEL01-PR"
578675;2024-02-03;"sabado";"01:40:00";"PR";277;660;"MATELANDIA";"Reacao tardia ou ineficiente do condutor";"Queda de ocupante de veiculo";"Com Vatimas Feridas";"Plena Noite";"Crescente";"Ceu Claro";"Dupla";"Curva;Declive                 ";"Nao";1;0;0;1;0;0;1;1;-25,25136237;-53,99027796;"SPRF-PR";"DEL05-PR";"UOP02-DEL05-PR"
578676;2024-02-03;"sabado";"01:30:00";"PB";104;118,4;"CAMPINA GRANDE";"Animais na Pista";"Atropelamento de Animal";"Com Vatimas Fatais";"Plena Noite";"Crescente";"Ceu Claro";"Simples";"Reta";"Nao";2;1;0;1;0;0;1;1;-7,19637839;-35,87571339;"SPRF-PB";"DEL02-PB";"UOP04-DEL02-PB"
578677;2024-02-03;"sabado";"02:30:00";"MG";40;511;"RIBEIRAO DAS NEVES";"Acessar a via sem observar a presenca dos outros veiculos";"Colisao lateral mesmo sentido";"Com Vatimas Feridas";"Plena Noite";"Decrescente";"Ceu Claro";"Dupla";"Reta";"Nao";2;0;1;0;1;0;1;2;-19,78164295;-44,11733194;"SPRF-MG";"DEL01-MG";"UOP02-DEL01-MG"
578678;2024-02-03;"sabado";"03:20:00";"SC";101;111;"NAVEGANTES";"Reacao tardia ou ineficiente do condutor";"Colisao com objeto";"Com Vatimas Feridas";"Plena Noite";"Crescente";"Ceu Claro";"Dupla";"Reta";"Nao";3;0;2;0;1;0;2;1;-26,83955734;-48,71418074;"SPRF-SC";"DEL04-SC";"UOP04-DEL04-SC"
578681;2024-02-03;"sabado";"02:30:00";"AL";101;188;"JUNQUEIRO";"Ingestao de alcool pelo condutor";"Saida de leito carrocavel";"Sem Vatimas";"Plena Noite";"Crescente";"Ceu Claro";"Dupla";"Reta";"Nao";1;0;0;0;1;0;0;1;-9,90106897;-36,46390303;"SPRF-AL";"DEL02-AL";"UOP02-DEL02-AL"
578682;2024-02-03;"sabado";"03:45:00";"MG";40;609,3;"CONGONHAS";"Condutor Dormindo";"Saida de leito carrocavel";"Com Vatimas Feridas";"Plena Noite";"Decrescente";"Chuva";"Simples";"Reta";"Nao";4;0;4;0;0;0;4;1;-20,500498;-43,837721;"SPRF-MG";"DEL05-MG";"UOP02-DEL05-MG"
578683;2024-02-03;"sabado";"04:20:00";"ES";262;166,3;"IBATIBA";"Condutor Dormindo";"Colisao frontal";"Com Vatimas Feridas";"Plena Noite";"Crescente";"Chuva";"Simples";"Reta";"Nao";2;0;1;1;0;0;2;2;-20,2468411;-41,56027697;"SPRF-ES";"DEL01-ES";"UOP02-DEL01-ES"
578685;2024-02-03;"sabado";"03:40:00";"SC";101;277,6;"IMBITUBA";"Ingestao de alcool pelo condutor";"Saida de leito carrocavel";"Com Vatimas Feridas";"Plena Noite";"Decrescente";"Ceu Claro";"Dupla";"Reta";"Nao";1;0;1;0;0;0;1;1;-28,172595;-48,694628;"SPRF-SC";"DEL02-SC";"UOP03-DEL02-SC"
578688;2024-02-03;"sabado";"04:00:00";"GO";153;507,4;"APARECIDA DE GOIANIA";"Reacao tardia ou ineficiente do condutor";"Queda de ocupante de veiculo";"Com Vatimas Feridas";"Plena Noite";"Crescente";"Nublado";"Dupla";"Viaduto";"Sim";1;0;1;0;0;0;1;1;-16,7715;-49,2387;"SPRF-GO";"DEL01-GO";"UOP03-DEL01-GO"
578689;2024-02-03;"sabado";"03:58:00";"MS";163;328,3;"RIO BRILHANTE";"Animais na Pista";"Atropelamento de Animal";"Com Vatimas Feridas";"Plena Noite";"Crescente";"Ceu Claro";"Simples";"Reta";"Nao";1;0;1;0;0;0;1;1;-21,74228579;-54,51550554;"SPRF-MS";"DEL02-MS";"UOP02-DEL02-MS"
578690;2024-02-03;"sabado";"04:30:00";"RJ";116;191;"NOVA IGUACU";"Pedestre andava na pista";"Atropelamento de Pedestre";"Com Vatimas Feridas";"Amanhecer";"Decrescente";"Ceu Claro";"Dupla";"Reta";"Sim";2;0;0;1;1;0;1;2;-22,74421443;-43,509822;"SPRF-RJ";"DEL06-RJ";"UOP01-DEL06-RJ"
578691;2024-02-03;"sabado";"02:20:00";"PR";277;590,7;"CASCAVEL";"Ultrapassagem Indevida";"Colisao frontal";"Com Vatimas Fatais";"Plena Noite";"Decrescente";"Ceu Claro";"Simples";"Reta";"Sim";3;2;1;0;0;0;1;2;-24,98120697;-53,45591501;"SPRF-PR";"DEL04-PR";"UOP01-DEL04-PR"
578692;2024-02-03;"sabado";"05:40:00";"RS";116;248;"SAO LEOPOLDO";"Ausancia de Reacao do condutor";"Colisao com objeto";"Sem Vatimas";"Amanhecer";"Crescente";"Ceu Claro";"Dupla";"Reta;Aclive                   ";"Sim";1;0;0;0;0;1;0;1;-29,77605895;-51,15508618;"SPRF-RS";"DEL01-RS";"UOP02-DEL01-RS"
578693;2024-02-03;"sabado";"05:00:00";"MG";381;477;"CONTAGEM";"Pedestre andava na pista";"Atropelamento de Pedestre";"Com Vatimas Fatais";"Amanhecer";"Decrescente";"Ceu Claro";"Dupla";"Aclive;Reta                   ";"Sim";2;1;0;0;1;0;0;2;-19,96179268;-44,05041676;"SPRF-MG";"DEL01-MG";"UOP03-DEL01-MG"
578694;2024-02-03;"sabado";"05:42:00";"RS";290;62,2;"GRAVATAI";"Reacao tardia ou ineficiente do condutor";"Queda de ocupante de veiculo";"Sem Vatimas";"Amanhecer";"Decrescente";"Ceu Claro";"Dupla";"Reta";"Nao";2;0;0;0;2;0;0;1;-29,932089;-50,877304;"SPRF-RS";"DEL03-RS";"UOP01-DEL03-RS"
578699;2024-02-03;"sabado";"04:10:00";"SC";101;45,5;"JOINVILLE";"Avarias e/ou desgaste excessivo no pneu";"Capotamento";"Com Vatimas Feridas";"Amanhecer";"Crescente";"Ceu Claro";"Maltipla";"Reta;Declive                  ";"Sim";2;0;2;0;0;0;2;1;-26,32214492;-48,8689509;"SPRF-SC";"DEL03-SC";"UOP01-DEL03-SC"
578701;2024-02-03;"sabado";"07:00:00";"SC";101;63,4;"ARAQUARI";"Ausancia de Reacao do condutor";"Saida de leito carrocavel";"Sem Vatimas";"Pleno dia";"Crescente";"Nublado";"Dupla";"Curva";"Nao";1;0;0;0;1;0;0;1;-26,461753;-48,755264;"SPRF-SC";"DEL03-SC";"UOP02-DEL03-SC"
578702;2024-02-03;"sabado";"07:15:00";"GO";60;163;"GOIANIA";"Avarias e/ou desgaste excessivo no pneu";"Tombamento";"Com Vatimas Feridas";"Pleno dia";"Crescente";"Nublado";"Maltipla";"Reta;Declive                  ";"Sim";2;0;1;0;1;0;1;1;-16,7002;-49,3335;"SPRF-GO";"DEL01-GO";"UOP02-DEL01-GO"
578703;2024-02-03;"sabado";"07:00:00";"SC";282;17;"PALHOCA";"Conversao proibida";"Colisao traseira";"Com Vatimas Feridas";"Pleno dia";"Decrescente";"Ceu Claro";"Simples";"Reta";"Sim";3;0;2;0;1;0;2;2;-27,665707;-48,688065;"SPRF-SC";"DEL01-SC";"UOP02-DEL01-SC"
578704;2024-02-02;"sexta-feira";"19:50:00";"RO";174;14;"VILHENA";"Manobra de mudanaa de faixa";"Colisao lateral mesmo sentido";"Com Vatimas Feridas";"Plena Noite";"Decrescente";"Ceu Claro";"Dupla";"Reta";"Sim";2;0;1;0;0;1;1;2;-12,73306632;-60,12981255;"SPRF-RO";"DEL04-RO";"UOP01-DEL04-RO"
578707;2024-02-03;"sabado";"05:00:00";"PE";232;141,3;"SAO CAITANO";"Ingestao de alcool pelo condutor";"Saida de leito carrocavel";"Com Vatimas Feridas";"Amanhecer";"Decrescente";"Ceu Claro";"Dupla";"Aclive;Reta                   ";"Nao";1;0;0;1;0;0;1;1;-8,32108263;-36,08591505;"SPRF-PE";"DEL03-PE";"UOP02-DEL03-PE"
578708;2024-02-03;"sabado";"07:00:00";"SP";116;218,5;"GUARULHOS";"Ingestao de alcool pelo condutor";"Colisao traseira";"Sem Vatimas";"Pleno dia";"Decrescente";"Ceu Claro";"Maltipla";"Reta";"Sim";3;0;0;0;3;0;0;3;-23,457972;-46,479927;"SPRF-SP";"DEL01-SP";"UOP01-DEL01-SP"
578710;2024-02-03;"sabado";"07:35:00";"RS";116;231,5;"IVOTI";"Mal sabito do condutor";"Tombamento";"Com Vatimas Feridas";"Pleno dia";"Decrescente";"Ceu Claro";"Simples";"Reta;Aclive                   ";"Sim";1;0;1;0;0;0;1;1;-29,62743221;-51,13858608;"SPRF-RS";"DEL01-RS";"UOP02-DEL01-RS"
578712;2024-02-03;"sabado";"03:15:00";"SC";116;122,9;"SANTA CECILIA";"Ausancia de Reacao do condutor";"Tombamento";"Com Vatimas Feridas";"Plena Noite";"Decrescente";"Ceu Claro";"Simples";"Aclive;Reta                   ";"Nao";1;0;0;1;0;0;1;1;-26,83694681;-50,39216836;"SPRF-SC";"DEL06-SC";"UOP02-DEL06-SC"
578714;2024-02-03;"sabado";"07:50:00";"GO";40;12,7;"LUZIANIA";"Pedestre cruzava a pista fora da faixa";"Atropelamento de Pedestre";"Com Vatimas Feridas";"Pleno dia";"Decrescente";"Ceu Claro";"Dupla";"Reta";"Sim";2;0;1;0;1;0;1;2;-16,145123;-47,945382;"SPRF-DF";"DEL01-DF";"UOP01-DEL01-DF"
578716;2024-02-03;"sabado";"06:00:00";"GO";60;138;"GOIANIA";"Reacao tardia ou ineficiente do condutor";"Colisao com objeto";"Com Vatimas Feridas";"Pleno dia";"Decrescente";"Nublado";"Simples";"Curva";"Sim";1;0;1;0;0;0;1;1;-16,6117;-49,2053;"SPRF-GO";"DEL01-GO";"UOP01-DEL01-GO"
578717;2024-02-03;"sabado";"07:00:00";"SC";282;557,2;"NOVA ITABERABA";"Demais falhas mecanicas ou elatricas";"Incendio";"Sem Vatimas";"Amanhecer";"Decrescente";"Ceu Claro";"Simples";"Reta";"Nao";1;0;0;0;0;1;0;1;-26,93078248;-52,82310247;"SPRF-SC";"DEL07-SC";"UOP01-DEL07-SC"
578718;2024-02-03;"sabado";"07:30:00";"MA";10;319;"ACAILANDIA";"Retorno proibido";"Colisao transversal";"Com Vatimas Feridas";"Pleno dia";"Decrescente";"Nublado";"Simples";"Reta";"Sim";3;0;1;0;1;1;1;3;-4,960145;-47,507481;"SPRF-MA";"DEL04-MA";"UOP03-DEL04-MA"
578719;2024-02-03;"sabado";"07:15:00";"SC";470;4,8;"NAVEGANTES";"Ingestao de alcool pelo condutor";"Colisao com objeto";"Com Vatimas Feridas";"Pleno dia";"Decrescente";"Ceu Claro";"Dupla";"Reta";"Nao";1;0;1;0;0;0;1;1;-26,858473;-48,690788;"SPRF-SC";"DEL04-SC";"UOP04-DEL04-SC"
578720;2024-02-03;"sabado";"08:30:00";"PR";277;83;"CURITIBA";"Condutor deixou de manter distancia do veiculo da frente";"Colisao traseira";"Com Vatimas Feridas";"Pleno dia";"Crescente";"Ceu Claro";"Dupla";"Reta";"Nao";2;0;1;0;1;0;1;2;-25,45849103;-49,22153413;"SPRF-PR";"DEL01-PR";"UOP07-DEL01-PR"
578723;2024-02-03;"sabado";"10:20:00";"SC";101;53,7;"JOINVILLE";"Manobra de mudanaa de faixa";"Colisao transversal";"Com Vatimas Feridas";"Pleno dia";"Decrescente";"Ceu Claro";"Dupla";"Interseaao de Vias";"Nao";3;0;1;0;2;0;1;2;-26,40231201;-48,83969703;"SPRF-SC";"DEL03-SC";"UOP01-DEL03-SC"
578726;2024-02-03;"sabado";"07:20:00";"RS";116;527,9;"PELOTAS";"Ingestao de alcool pelo condutor";"Saida de leito carrocavel";"Sem Vatimas";"Pleno dia";"Decrescente";"Ceu Claro";"Simples";"Reta";"Sim";1;0;0;0;1;0;0;1;-31,7470243;-52,40899728;"SPRF-RS";"DEL07-RS";"UOP01-DEL07-RS"
578727;2024-02-03;"sabado";"08:52:00";"SP";116;280;"EMBU DAS ARTES";"Avarias e/ou desgaste excessivo no pneu";"Colisao com objeto";"Com Vatimas Feridas";"Pleno dia";"Decrescente";"Ceu Claro";"Dupla";"Reta";"Sim";2;0;0;1;1;0;1;2;-23,66996108;-46,85590758;"SPRF-SP";"DEL04-SP";"UOP01-DEL04-SP"
578728;2024-02-03;"sabado";"08:00:00";"RS";386;411;"TRIUNFO";"Acumulo de aleo sobre o pavimento";"Tombamento";"Com Vatimas Feridas";"Pleno dia";"Crescente";"Ceu Claro";"Dupla";"Curva";"Nao";2;0;1;0;1;0;1;1;-29,80394;-51,509174;"SPRF-RS";"DEL04-RS";"UOP02-DEL04-RS"
578729;2024-02-03;"sabado";"08:30:00";"RS";158;225,8;"CRUZ ALTA";"Acessar a via sem observar a presenca dos outros veiculos";"Saida de leito carrocavel";"Com Vatimas Feridas";"Pleno dia";"Crescente";"Ceu Claro";"Simples";"Aclive;Reta                   ";"Nao";6;0;4;0;2;0;4;2;-28,90540278;-53,62804413;"SPRF-RS";"DEL10-RS";"UOP02-DEL10-RS"
578732;2024-02-03;"sabado";"01:00:00";"ES";262;27,3;"VIANA";"Velocidade Incompatavel";"Saida de leito carrocavel";"Com Vatimas Feridas";"Plena Noite";"Decrescente";"Chuva";"Simples";"Curva";"Nao";2;0;0;1;1;0;1;1;-20,38398959;-40,55226465;"SPRF-ES";"DEL01-ES";"UOP01-DEL01-ES"
578733;2024-02-03;"sabado";"09:48:00";"GO";40;18,2;"LUZIANIA";"Transtornos Mentais (exceto suicidio)";"Queda de ocupante de veiculo";"Com Vatimas Feridas";"Pleno dia";"Crescente";"Nublado";"Dupla";"Reta;Aclive                   ";"Sim";6;0;0;1;4;1;1;2;-16,19349;-47,925575;"SPRF-DF";"DEL01-DF";"UOP01-DEL01-DF"
578735;2024-02-03;"sabado";"08:30:00";"RS";386;437,5;"NOVA SANTA RITA";"Ausancia de Reacao do condutor";"Colisao com objeto";"Com Vatimas Feridas";"Pleno dia";"Crescente";"Sol";"Dupla";"Reta";"Nao";1;0;1;0;0;0;1;1;-29,85803;-51,261227;"SPRF-RS";"DEL04-RS";"UOP02-DEL04-RS"
578739;2024-02-03;"sabado";"09:50:00";"PB";104;154,2;"QUEIMADAS";"Acessar a via sem observar a presenca dos outros veiculos";"Saida de leito carrocavel";"Com Vatimas Feridas";"Pleno dia";"Decrescente";"Ceu Claro";"Simples";"Declive;Reta                  ";"Sim";6;0;5;1;0;0;6;2;-7,48615789;-35,94353813;"SPRF-PB";"DEL02-PB";"UOP03-DEL02-PB"
578740;2024-02-03;"sabado";"09:55:00";"MS";163;209;"CAARAPO";"Acessar a via sem observar a presenca dos outros veiculos";"Colisao transversal";"Com Vatimas Feridas";"Pleno dia";"Decrescente";"Ceu Claro";"Simples";"Interseaao de Vias;Reta       ";"Nao";2;0;1;0;1;0;1;2;-22,6316586;-54,81903076;"SPRF-MS";"DEL04-MS";"UOP02-DEL04-MS"
578743;2024-02-03;"sabado";"06:30:00";"SC";101;244;"PAULO LOPES";"Velocidade Incompatavel";"Saida de leito carrocavel";"Com Vatimas Feridas";"Amanhecer";"Crescente";"Ceu Claro";"Dupla";"Reta";"Nao";2;0;0;1;0;1;1;2;-27,89294003;-48,64821868;"SPRF-SC";"DEL01-SC";"UOP02-DEL01-SC"
578744;2024-02-03;"sabado";"11:20:00";"MG";381;415;"NOVA UNIAO";"Reacao tardia ou ineficiente do condutor";"Colisao lateral mesmo sentido";"Com Vatimas Feridas";"Pleno dia";"Decrescente";"Ceu Claro";"Dupla";"Reta";"Sim";3;0;1;0;2;0;1;2;-19,74718476;-43,62369106;"SPRF-MG";"DEL01-MG";"UOP01-DEL01-MG"
578745;2024-02-03;"sabado";"11:40:00";"PI";343;334;"TERESINA";"Manobra de mudanaa de faixa";"Colisao lateral mesmo sentido";"Com Vatimas Feridas";"Pleno dia";"Decrescente";"Ceu Claro";"Dupla";"Reta;Retorno Regulamentado    ";"Nao";2;0;1;0;1;0;1;2;-5,057786;-42,688541;"SPRF-PI";"DEL01-PI";"UOP01-DEL01-PI"
578747;2024-02-03;"sabado";"11:31:00";"MG";50;27;"ARAGUARI";"Objeto estatico sobre o leito carroaavel";"Saida de leito carrocavel";"Com Vatimas Feridas";"Pleno dia";"Crescente";"Ceu Claro";"Dupla";"Declive;Reta                  ";"Nao";2;0;2;0;0;0;2;1;-18,619286;-48,094162;"SPRF-MG";"DEL15-MG";"UOP02-DEL15-MG"
578748;2024-02-03;"sabado";"12:00:00";"ES";101;66;"SAO MATEUS";"Reacao tardia ou ineficiente do condutor";"Colisao transversal";"Sem Vatimas";"Pleno dia";"Crescente";"Sol";"Maltipla";"Interseaao de Vias;Reta       ";"Sim";3;0;0;0;2;1;0;2;-18,719185;-39,869238;"SPRF-ES";"DEL04-ES";"UOP02-DEL04-ES"
578749;2024-02-03;"sabado";"12:00:00";"RS";116;39,3;"VACARIA";"Ingestao de alcool pelo condutor";"Colisao transversal";"Com Vatimas Feridas";"Pleno dia";"Crescente";"Ceu Claro";"Simples";"Rotataria";"Nao";2;0;1;0;1;0;1;2;-28,5120121;-50,93237991;"SPRF-RS";"DEL05-RS";"UOP03-DEL05-RS"
578751;2024-02-03;"sabado";"11:25:00";"PE";101;89;"JABOATAO DOS GUARARAPES";"Acessar a via sem observar a presenca dos outros veiculos";"Colisao traseira";"Com Vatimas Feridas";"Pleno dia";"Crescente";"Ceu Claro";"Dupla";"Reta";"Nao";5;0;0;4;1;0;4;5;-8,214018;-34,987144;"SPRF-PE";"DEL01-PE";"UOP01-DEL01-PE"
578752;2024-02-03;"sabado";"12:15:00";"PR";376;175,7;"MARINGA";"Pedestre andava na pista";"Atropelamento de Pedestre";"Com Vatimas Feridas";"Pleno dia";"Decrescente";"Sol";"Dupla";"Interseaao de Vias;Reta       ";"Sim";3;0;0;1;2;0;1;2;-23,4113569;-51,9407767;"SPRF-PR";"DEL09-PR";"UOP01-DEL09-PR"
578756;2024-02-03;"sabado";"13:30:00";"MG";381;490;"BETIM";"Reacao tardia ou ineficiente do condutor";"Tombamento";"Com Vatimas Feridas";"Pleno dia";"Crescente";"Ceu Claro";"Dupla";"Reta";"Sim";2;0;1;0;0;1;1;1;-19,96502819;-44,17422195;"SPRF-MG";"DEL01-MG";"UOP03-DEL01-MG"
578758;2024-02-03;"sabado";"14:00:00";"MG";40;517,7;"CONTAGEM";"Ausancia de Reacao do condutor";"Colisao transversal";"Com Vatimas Feridas";"Pleno dia";"Crescente";"Ceu Claro";"Dupla";"Retorno Regulamentado";"Sim";3;0;2;0;1;0;2;2;-19,82351202;-44,08438913;"SPRF-MG";"DEL01-MG";"UOP02-DEL01-MG"
578759;2024-02-03;"sabado";"12:55:00";"MT";70;5;"BARRA DO GARCAS";"Reacao tardia ou ineficiente do condutor";"Tombamento";"Com Vatimas Feridas";"Pleno dia";"Crescente";"Nublado";"Simples";"Rotataria";"Sim";2;0;1;0;1;0;1;1;-15,87814789;-52,296134;"SPRF-MT";"DEL07-MT";"UOP01-DEL07-MT"
578760;2024-02-03;"sabado";"12:40:00";"MG";116;497,4;"INHAPIM";"Reacao tardia ou ineficiente do condutor";"Colisao traseira";"Com Vatimas Feridas";"Pleno dia";"Crescente";"Garoa/Chuvisco";"Simples";"Curva";"Nao";3;0;0;2;1;0;2;2;-19,54066144;-42,1262598;"SPRF-MG";"DEL06-MG";"UOP02-DEL06-MG"
578761;2024-01-14;"domingo";"16:00:00";"SP";116;106;"TAUBATE";"Trafegar com motocicleta (ou similar) entre as faixas";"Colisao traseira";"Com Vatimas Feridas";"Pleno dia";"Crescente";"Ceu Claro";"Dupla";"Reta";"Sim";3;0;1;0;0;2;1;3;-23,01250593;-45,52256005;"SPRF-SP";"DEL02-SP";"UOP02-DEL02-SP"
578763;2024-02-03;"sabado";"12:20:00";"GO";153;437,5;"ANAPOLIS";"Avarias e/ou desgaste excessivo no pneu";"Tombamento";"Com Vatimas Feridas";"Pleno dia";"Crescente";"Ceu Claro";"Dupla";"Reta";"Sim";1;0;1;0;0;0;1;1;-16,286884;-48,942978;"SPRF-GO";"DEL02-GO";"UOP01-DEL02-GO"
578765;2024-02-03;"sabado";"14:50:00";"PE";101;68,2;"RECIFE";"Trafegar com motocicleta (ou similar) entre as faixas";"Queda de ocupante de veiculo";"Com Vatimas Feridas";"Pleno dia";"Decrescente";"Sol";"Dupla";"Aclive;Viaduto                ";"Nao";3;0;1;1;0;1;2;2;-8,052343;-34,946155;"SPRF-PE";"DEL01-PE";"UOP01-DEL01-PE"
578766;2024-02-03;"sabado";"12:20:00";"PA";230;124;"MARABA";"Acessar a via sem observar a presenca dos outros veiculos";"Colisao transversal";"Com Vatimas Feridas";"Pleno dia";"Crescente";"Ceu Claro";"Simples";"Reta";"Nao";2;0;0;1;1;0;1;2;-5,37407079;-49,13575802;"SPRF-PA";"DEL03-PA";"UOP01-DEL03-PA"
578767;2024-02-03;"sabado";"14:55:00";"BA";324;609;"SIMOES FILHO";"Ausancia de Reacao do condutor";"Tombamento";"Com Vatimas Feridas";"Pleno dia";"Decrescente";"Ceu Claro";"Dupla";"Reta";"Sim";2;0;2;0;0;0;2;1;-12,82066;-38,40798;"SPRF-BA";"DEL01-BA";"UOP01-DEL01-BA"
578768;2024-02-03;"sabado";"14:15:00";"PE";101;185;"PALMARES";"Acesso irregular";"Colisao transversal";"Com Vatimas Feridas";"Pleno dia";"Crescente";"Ceu Claro";"Dupla";"Reta";"Sim";3;0;0;3;0;0;3;2;-8,680049;-35,577678;"SPRF-PE";"DEL01-PE";"UOP03-DEL01-PE"
578769;2024-02-03;"sabado";"15:15:00";"MG";381;876,7;"ESTIVA";"Velocidade Incompatavel";"Saida de leito carrocavel";"Com Vatimas Feridas";"Pleno dia";"Decrescente";"Chuva";"Dupla";"Curva";"Nao";2;0;1;0;1;0;1;1;-22,472813;-46,01072791;"SPRF-MG";"DEL16-MG";"UOP01-DEL16-MG"
578771;2024-02-03;"sabado";"12:30:00";"PR";476;160;"CONTENDA";"Acessar a via sem observar a presenca dos outros veiculos";"Colisao transversal";"Com Vatimas Feridas";"Pleno dia";"Decrescente";"Ceu Claro";"Dupla";"Reta";"Nao";2;0;0;1;1;0;1;2;-25,619013;-49,440125;"SPRF-PR";"DEL01-PR";"UOP06-DEL01-PR"