"id";"data_inversa";"dia_semana";"horario";"uf";"br";"km";"municipio";"causa_acidente";"tipo_acidente";"classificacao_acidente";"fase_dia";"sentido_via";"condicao_metereologica";"tipo_pista";"tracado_via";"uso_solo";"pessoas";"mortos";"feridos_leves";"feridos_graves";"ilesos";"ignorados";"feridos";"veiculos";"latitude";"longitude";"regional";"delegacia";"uop"
579295;2024-02-06;"terça-feira";"02:30:00";"RS";116;261;"CANOAS";"Ausancia de Reacao do condutor";"Colisao traseira";"Sem Vatimas";"Plena Noite";"Crescente";"Ceu Claro";"Dupla";"Reta";"Sim";2;0;0;0;2;0;0;2;-29,887983;-51,17901;"SPRF-RS";"DEL01-RS";"UOP01-DEL01-RS"
579296;2024-02-06;"terça-feira";"03:30:00";"RJ";116;64,9;"TERESOPOLIS";"Condutor Dormindo";"Colisao com objeto";"Com Vatimas Feridas";"Amanhecer";"Crescente";"Nevoeiro/Neblina";"Simples";"Curva";"Sim";2;0;1;0;1;0;1;1;-22,26893308;-42,92498182;"SPRF-RJ";"DEL04-RJ";"UOP01-DEL04-RJ"
579298;2024-02-06;"terça-feira";"04:15:00";"SP";116;74,5;"APARECIDA";"Ausancia de Reacao do condutor";"Queda de ocupante de veiculo";"Com Vatimas Feridas";"Amanhecer";"Decrescente";"Ceu Claro";"Dupla";"Retorno Regulamentado;Viaduto ";"Sim";1;0;1;0;0;0;1;1;-22,87353809;-45,25320023;"SPRF-SP";"DEL08-SP";"UOP01-DEL08-SP"
579299;2024-02-06;"terça-feira";"04:45:00";"SC";280;126;"RIO NEGRINHO";"Transitar na contramao";"Colisao frontal";"Com Vatimas Feridas";"Plena Noite";"Crescente";"Ceu Claro";"Simples";"Reta";"Sim";3;0;2;0;1;0;2;2;-26,23779604;-49,49427399;"SPRF-SC";"DEL06-SC";"UOP03-DEL06-SC"
579302;2024-02-06;"terça-feira";"04:50:00";"MS";262;424,5;"TERENOS";"Condutor Dormindo";"Saida de leito carrocavel";"Com Vatimas Feridas";"Amanhecer";"Crescente";"Ceu Claro";"Simples";"Reta";"Nao";1;0;0;1;0;0;1;1;-20,45785021;-55,23860114;"SPRF-MS";"DEL01-MS";"UOP03-DEL01-MS"
579303;2024-02-06;"terça-feira";"04:00:00";"MT";364;440,5;"VARZEA GRANDE";"Chuva";"Saida de leito carrocavel";"Sem Vatimas";"Plena Noite";"Crescente";"Chuva";"Simples";"Curva";"Nao";1;0;0;0;1;0;0;1;-15,6009673;-56,2085706;"SPRF-MT";"DEL01-MT";"UOP02-DEL01-MT"
579304;2024-02-06;"terça-feira";"07:00:00";"SP";116;224;"GUARULHOS";"Reacao tardia ou ineficiente do condutor";"Colisao lateral mesmo sentido";"Com Vatimas Feridas";"Pleno dia";"Crescente";"Ceu Claro";"Maltipla";"Reta";"Sim";3;0;2;0;1;0;2;2;-23,48071896;-46,53271603;"SPRF-SP";"DEL01-SP";"UOP01-DEL01-SP"
579305;2024-02-06;"terça-feira";"07:10:00";"SC";282;16,4;"PALHOCA";"Acesso irregular";"Colisao lateral mesmo sentido";"Com Vatimas Feridas";"Pleno dia";"Crescente";"Sol";"Simples";"Reta";"Sim";2;0;1;0;1;0;1;2;-27,658611;-48,681847;"SPRF-SC";"DEL01-SC";"UOP02-DEL01-SC"
579306;2024-02-06;"terça-feira";"06:45:00";"SC";101;331,5;"TUBARAO";"Manobra de mudanaa de faixa";"Colisao traseira";"Com Vatimas Feridas";"Pleno dia";"Crescente";"Ceu Claro";"Dupla";"Curva";"Sim";2;0;1;0;0;1;1;2;-28,46349826;-48,99274707;"SPRF-SC";"DEL02-SC";"UOP01-DEL02-SC"
579308;2024-02-06;"terça-feira";"07:25:00";"PB";230;25,2;"JOAO PESSOA";"Conversao proibida";"Colisao lateral mesmo sentido";"Com Vatimas Feridas";"Pleno dia";"Decrescente";"Ceu Claro";"Simples";"Curva";"Sim";4;0;2;0;2;0;2;2;-7,170636;-34,871235;"SPRF-PB";"DEL01-PB";"UOP01-DEL01-PB"
579309;2024-02-06;"terça-feira";"07:30:00";"SP";116;161;"JACAREI";"Trafegar com motocicleta (ou similar) entre as faixas";"Colisao lateral mesmo sentido";"Com Vatimas Feridas";"Pleno dia";"Decrescente";"Ceu Claro";"Dupla";"Reta";"Sim";2;0;1;0;1;0;1;2;-23,27617003;-45,97592098;"SPRF-SP";"DEL02-SP";"UOP01-DEL02-SP"
579311;2024-02-06;"terça-feira";"07:45:00";"SP";101;47,6;"UBATUBA";"Condutor deixou de manter distancia do veiculo da frente";"Tombamento";"Com Vatimas Feridas";"Pleno dia";"Crescente";"Ceu Claro";"Simples";"Rotataria;Interseaao de Vias  ";"Sim";1;0;1;0;0;0;1;1;-23,43375722;-45,08578777;"SPRF-SP";"DEL06-SP";"UOP01-DEL06-SP"
579313;2024-02-06;"terça-feira";"07:00:00";"GO";153;509;"APARECIDA DE GOIANIA";"Ausancia de Reacao do condutor";"Colisao traseira";"Com Vatimas Feridas";"Pleno dia";"Decrescente";"Garoa/Chuvisco";"Simples";"Reta;Declive                  ";"Sim";2;0;0;1;1;0;1;2;-16,7888;-49,2379;"SPRF-GO";"DEL01-GO";"UOP03-DEL01-GO"
579315;2024-02-06;"terça-feira";"08:00:00";"SP";116;219;"GUARULHOS";"Ausancia de Reacao do condutor";"Colisao lateral mesmo sentido";"Com Vatimas Feridas";"Pleno dia";"Crescente";"Sol";"Maltipla";"Reta";"Sim";2;0;2;0;0;0;2;2;-23,46143954;-46,48885316;"SPRF-SP";"DEL01-SP";"UOP01-DEL01-SP"
579316;2024-02-06;"terça-feira";"07:45:00";"RS";116;262;"CANOAS";"Ausancia de Reacao do condutor";"Colisao lateral mesmo sentido";"Com Vatimas Feridas";"Pleno dia";"Crescente";"Ceu Claro";"Dupla";"Reta";"Nao";2;0;1;0;1;0;1;2;-29,896475;-51,17593;"SPRF-RS";"DEL01-RS";"UOP01-DEL01-RS"
579317;2024-02-06;"terça-feira";"07:25:00";"PR";376;183,5;"SARANDI";"Condutor deixou de manter distancia do veiculo da frente";"Colisao traseira";"Com Vatimas Feridas";"Pleno dia";"Decrescente";"Ceu Claro";"Dupla";"Reta";"Sim";3;0;2;0;1;0;2;3;-23,4398266;-51,87382364;"SPRF-PR";"DEL09-PR";"UOP01-DEL09-PR"
579318;2024-02-06;"terça-feira";"00:45:00";"MG";40;274,3;"TRES MARIAS";"Ausancia de Reacao do condutor";"Saida de leito carrocavel";"Sem Vatimas";"Plena Noite";"Decrescente";"Nublado";"Simples";"Reta";"Nao";1;0;0;0;0;1;0;1;-18,19286003;-45,24415203;"SPRF-MG";"DEL14-MG";"UOP02-DEL14-MG"
579319;2024-02-06;"terça-feira";"08:00:00";"SC";101;328,5;"CAPIVARI DE BAIXO";"Condutor deixou de manter distancia do veiculo da frente";"Colisao traseira";"Com Vatimas Feridas";"Pleno dia";"Crescente";"Ceu Claro";"Dupla";"Aclive;Reta                   ";"Sim";2;0;0;1;1;0;1;2;-28,43648094;-48,95989307;"SPRF-SC";"DEL02-SC";"UOP01-DEL02-SC"
579320;2024-02-03;"sabado";"11:50:00";"SC";101;286;"IMBITUBA";"Ingestao de alcool pelo condutor";"Colisao com objeto";"Com Vatimas Feridas";"Pleno dia";"Crescente";"Ceu Claro";"Dupla";"Reta";"Nao";1;0;1;0;0;0;1;1;-28,22947996;-48,70163526;"SPRF-SC";"DEL02-SC";"UOP03-DEL02-SC"
579323;2024-02-04;"domingo";"02:10:00";"SC";101;292;"IMBITUBA";"Participar de racha";"Queda de ocupante de veiculo";"Com Vatimas Feridas";"Plena Noite";"Crescente";"Ceu Claro";"Dupla";"Reta";"Nao";2;0;1;0;1;0;1;1;-28,278057;-48,700386;"SPRF-SC";"DEL02-SC";"UOP03-DEL02-SC"
579325;2024-02-06;"terça-feira";"08:00:00";"SC";101;207;"PALHOCA";"Trafegar com motocicleta (ou similar) entre as faixas";"Colisao lateral mesmo sentido";"Com Vatimas Feridas";"Pleno dia";"Decrescente";"Ceu Claro";"Maltipla";"Aclive";"Sim";2;0;1;0;1;0;1;2;-27,60001226;-48,6226467;"SPRF-SC";"DEL01-SC";"UOP01-DEL01-SC"
579328;2024-02-06;"terça-feira";"07:05:00";"PR";116;115;"CURITIBA";"Ausancia de Reacao do condutor";"Colisao traseira";"Com Vatimas Feridas";"Pleno dia";"Decrescente";"Ceu Claro";"Dupla";"Reta";"Nao";1;0;1;0;0;0;1;1;-25,55953326;-49,26560414;"SPRF-PR";"DEL01-PR";"UOP07-DEL01-PR"
579329;2024-02-06;"terça-feira";"08:50:00";"MG";381;491;"BETIM";"Demais falhas mecanicas ou elatricas";"Tombamento";"Com Vatimas Feridas";"Pleno dia";"Decrescente";"Nublado";"Dupla";"Reta";"Sim";1;0;1;0;0;0;1;1;-19,97018187;-44,18210416;"SPRF-MG";"DEL01-MG";"UOP03-DEL01-MG"
579331;2024-02-06;"terça-feira";"08:30:00";"MG";381;845,5;"SAO SEBASTIAO DA BELA VISTA";"Ausancia de Reacao do condutor";"Saida de leito carrocavel";"Com Vatimas Feridas";"Pleno dia";"Crescente";"Ceu Claro";"Dupla";"Declive;Curva                 ";"Nao";3;0;2;0;1;0;2;1;-22,23698876;-45,87928703;"SPRF-MG";"DEL16-MG";"UOP01-DEL16-MG"
579332;2024-02-06;"terça-feira";"08:40:00";"GO";60;163;"GOIANIA";"Animais na Pista";"Atropelamento de Animal";"Com Vatimas Feridas";"Pleno dia";"Decrescente";"Ceu Claro";"Dupla";"Aclive";"Nao";1;0;0;1;0;0;1;1;-16,7002;-49,3335;"SPRF-GO";"DEL01-GO";"UOP02-DEL01-GO"
579335;2024-02-06;"terça-feira";"07:00:00";"PI";343;265,6;"CAMPO MAIOR";"Acessar a via sem observar a presenca dos outros veiculos";"Colisao transversal";"Com Vatimas Feridas";"Pleno dia";"Decrescente";"Ceu Claro";"Simples";"Reta";"Sim";2;0;0;1;1;0;1;2;-4,834697;-42,167046;"SPRF-PI";"DEL01-PI";"UOP03-DEL01-PI"
579336;2024-02-06;"terça-feira";"09:40:00";"PE";232;81;"GRAVATA";"Frear bruscamente";"Colisao transversal";"Com Vatimas Feridas";"Pleno dia";"Crescente";"Sol";"Simples";"Reta";"Sim";2;0;1;0;1;0;1;2;-8,19697746;-35,57850408;"SPRF-PE";"DEL02-PE";"UOP02-DEL02PE"
579337;2024-02-06;"terça-feira";"07:45:00";"MG";381;418,2;"CAETE";"Manobra de mudanaa de faixa";"Colisao lateral mesmo sentido";"Com Vatimas Feridas";"Pleno dia";"Decrescente";"Nublado";"Dupla";"Reta;Aclive                   ";"Nao";2;0;2;0;0;0;2;1;-19,76425109;-43,64210754;"SPRF-MG";"DEL01-MG";"UOP01-DEL01-MG"
579339;2024-02-06;"terça-feira";"08:20:00";"PR";369;178;"ROLANDIA";"Acessar a via sem observar a presenca dos outros veiculos";"Colisao lateral mesmo sentido";"Com Vatimas Feridas";"Pleno dia";"Crescente";"Ceu Claro";"Maltipla";"Retorno Regulamentado";"Nao";4;0;1;0;3;0;1;2;-23,35791757;-51,39601707;"SPRF-PR";"DEL07-PR";"UOP01-DEL07-PR"
579340;2024-02-06;"terça-feira";"06:45:00";"TO";153;221;"NOVA OLINDA";"Ausancia de Reacao do condutor";"Saida de leito carrocavel";"Com Vatimas Feridas";"Pleno dia";"Crescente";"Sol";"Simples";"Reta";"Nao";4;0;1;0;3;0;1;1;-7,82751909;-48,45417356;"SPRF-TO";"DEL02-TO";"UOP01-DEL02-TO"
579341;2024-02-06;"terça-feira";"10:00:00";"PB";101;81,7;"BAYEUX";"Reacao tardia ou ineficiente do condutor";"Engavetamento";"Com Vatimas Feridas";"Pleno dia";"Decrescente";"Ceu Claro";"Dupla";"Reta";"Sim";3;0;1;0;2;0;1;3;-7,12508575;-34,94513217;"SPRF-PB";"DEL01-PB";"UOP01-DEL01-PB"
579342;2024-02-06;"terça-feira";"09:15:00";"RJ";101;59;"CAMPOS DOS GOYTACAZES";"Retorno proibido";"Colisao transversal";"Com Vatimas Feridas";"Pleno dia";"Decrescente";"Ceu Claro";"Simples";"Reta";"Sim";2;0;1;0;1;0;1;2;-21,72048414;-41,31448591;"SPRF-RJ";"DEL08-RJ";"UOP01-DEL08-RJ"
579345;2024-02-06;"terça-feira";"09:35:00";"SC";101;74;"BARRA VELHA";"Demais falhas mecanicas ou elatricas";"Queda de ocupante de veiculo";"Com Vatimas Feridas";"Pleno dia";"Decrescente";"Ceu Claro";"Maltipla";"Reta";"Sim";1;0;1;0;0;0;1;1;-26,54446209;-48,71214452;"SPRF-SC";"DEL03-SC";"UOP02-DEL03-SC"
579348;2024-02-06;"terça-feira";"09:40:00";"RO";319;63;"PORTO VELHO";"Condutor deixou de manter distancia do veiculo da frente";"Colisao traseira";"Com Vatimas Feridas";"Pleno dia";"Decrescente";"Ceu Claro";"Dupla";"Reta";"Sim";2;0;1;0;1;0;1;2;-8,766685;-63,884052;"SPRF-RO";"DEL01-RO";"UOP01-DEL01-RO"
579350;2024-02-06;"terça-feira";"07:05:00";"MG";262;438;"NOVA SERRANA";"Manobra de mudanaa de faixa";"Colisao lateral mesmo sentido";"Com Vatimas Feridas";"Pleno dia";"Crescente";"Sol";"Dupla";"Reta";"Nao";2;0;0;1;1;0;1;2;-19,89280962;-44,878453;"SPRF-MG";"DEL08-MG";"UOP03-DEL08-MG"
579352;2024-02-06;"terça-feira";"11:00:00";"SC";470;67;"INDAIAL";"Ausancia de Reacao do condutor";"Colisao lateral mesmo sentido";"Com Vatimas Feridas";"Pleno dia";"Decrescente";"Ceu Claro";"Simples";"Reta";"Nao";2;0;1;0;1;0;1;2;-26,872158;-49,23127;"SPRF-SC";"DEL04-SC";"UOP01-DEL04-SC"
579353;2024-02-06;"terça-feira";"10:15:00";"SC";101;309,7;"LAGUNA";"Acumulo de areia ou detritos sobre o pavimento";"Tombamento";"Com Vatimas Feridas";"Pleno dia";"Decrescente";"Ceu Claro";"Simples";"Reta";"Sim";1;0;1;0;0;0;1;1;-28,40755485;-48,79169438;"SPRF-SC";"DEL02-SC";"UOP01-DEL02-SC"
579357;2024-02-06;"terça-feira";"12:00:00";"RN";101;124;"SAO JOSE DE MIPIBU";"Acumulo de aleo sobre o pavimento";"Queda de ocupante de veiculo";"Com Vatimas Feridas";"Pleno dia";"Decrescente";"Ceu Claro";"Dupla";"Reta";"Sim";1;0;1;0;0;0;1;1;-6,07054896;-35,23785797;"SPRF-RN";"DEL01-RN";"UOP01-DEL01-RN"
579361;2024-02-06;"terça-feira";"12:05:00";"PR";476;122,1;"CURITIBA";"Desvio temporario";"Colisao lateral mesmo sentido";"Sem Vatimas";"Pleno dia";"Crescente";"Ceu Claro";"Simples";"Em Obras;Curva;Desvio Temporar";"Sim";2;0;0;0;2;0;0;2;-25,385775;-49,203377;"SPRF-PR";"DEL01-PR";"UOP01-DEL01-PR"
579362;2024-02-06;"terça-feira";"11:10:00";"MS";163;268,2;"DOURADOS";"Avarias e/ou desgaste excessivo no pneu";"Tombamento";"Com Vatimas Feridas";"Pleno dia";"Crescente";"Ceu Claro";"Dupla";"Reta";"Nao";1;0;1;0;0;0;1;1;-22,20665524;-54,70785282;"SPRF-MS";"DEL04-MS";"UOP01-DEL04-MS"
579363;2024-01-28;"domingo";"20:00:00";"MS";463;106;"PONTA PORA";"Transitar no Acostamento";"Colisao traseira";"Com Vatimas Feridas";"Plena Noite";"Crescente";"Ceu Claro";"Simples";"Reta";"Nao";3;0;0;1;0;2;1;3;-22,62086128;-55,61520288;"SPRF-MS";"DEL04-MS";"UOP03-DEL04-MS"
579367;2024-01-08;"segunda-feira";"13:35:00";"GO";364;243;"JATAI";"Avarias e/ou desgaste excessivo no pneu";"Tombamento";"Com Vatimas Feridas";"Pleno dia";"Decrescente";"Chuva";"Simples";"Declive";"Nao";1;0;1;0;0;0;1;1;-17,768335;-52,106426;"SPRF-GO";"DEL05-GO";"UOP01-DEL05-GO"
579369;2024-02-06;"terça-feira";"10:50:00";"PI";343;307,5;"ALTOS";"Frear bruscamente";"Colisao traseira";"Sem Vatimas";"Pleno dia";"Decrescente";"Ceu Claro";"Simples";"Reta";"Sim";2;0;0;0;2;0;0;2;-5,038669;-42,468166;"SPRF-PI";"DEL01-PI";"UOP01-DEL01-PI"
579371;2024-02-06;"terça-feira";"13:30:00";"BA";324;516;"FEIRA DE SANTANA";"Reacao tardia ou ineficiente do condutor";"Colisao transversal";"Com Vatimas Feridas";"Pleno dia";"Crescente";"Ceu Claro";"Simples";"Reta";"Nao";2;0;1;1;0;0;2;2;-12,2417119;-38,93768485;"SPRF-BA";"DEL02-BA";"UOP01-DEL02-BA"
579373;2024-02-06;"terça-feira";"13:00:00";"PE";101;26;"ITAPISSUMA";"Carga excessiva e/ou mal acondicionada";"Colisao com objeto";"Sem Vatimas";"Pleno dia";"Decrescente";"Ceu Claro";"Dupla";"Reta";"Nao";5;0;0;0;5;0;0;2;-7,70826223;-34,92811677;"SPRF-PE";"DEL01-PE";"UOP02-DEL01-PE"
579374;2024-02-06;"terça-feira";"12:20:00";"MA";316;237;"BOM JARDIM";"Ausancia de Reacao do condutor";"Engavetamento";"Com Vatimas Feridas";"Pleno dia";"Crescente";"Ceu Claro";"Simples";"Em Obras;Reta                 ";"Nao";5;0;1;1;3;0;2;3;-3,578697;-45,565815;"SPRF-MA";"DEL02-MA";"UOP01-DEL02-MA"
579377;2024-02-06;"terça-feira";"13:30:00";"RJ";116;130;"MAGE";"Condutor deixou de manter distancia do veiculo da frente";"Colisao traseira";"Com Vatimas Feridas";"Pleno dia";"Crescente";"Ceu Claro";"Dupla";"Reta";"Nao";3;0;2;0;1;0;2;2;-22,65985857;-43,11645627;"SPRF-RJ";"DEL04-RJ";"UOP02-DEL04-RJ"
579379;2024-02-06;"terça-feira";"13:30:00";"GO";40;12,8;"LUZIANIA";"Acessar a via sem observar a presenca dos outros veiculos";"Colisao transversal";"Com Vatimas Feridas";"Pleno dia";"Crescente";"Ceu Claro";"Dupla";"Retorno Regulamentado";"Sim";3;0;2;0;1;0;2;2;-16,150483;-47,940271;"SPRF-DF";"DEL01-DF";"UOP01-DEL01-DF"
579380;2024-02-06;"terça-feira";"10:20:00";"RO";421;49,5;"MONTE NEGRO";"Acesso irregular";"Colisao transversal";"Com Vatimas Feridas";"Pleno dia";"Crescente";"Ceu Claro";"Simples";"Reta";"Sim";2;0;1;0;1;0;1;2;-10,260859;-63,29063;"SPRF-RO";"DEL03-RO";"UOP01-DEL03-RO"
579381;2024-02-06;"terça-feira";"08:30:00";"SC";470;66,9;"INDAIAL";"Acessar a via sem observar a presenca dos outros veiculos";"Colisao transversal";"Com Vatimas Feridas";"Pleno dia";"Decrescente";"Ceu Claro";"Simples";"Em Obras;Reta                 ";"Sim";2;0;1;0;1;0;1;2;-26,870407;-49,221844;"SPRF-SC";"DEL04-SC";"UOP01-DEL04-SC"
579382;2024-02-06;"terça-feira";"12:35:00";"SC";116;246,1;"LAGES";"Desrespeitar a preferancia no cruzamento";"Colisao transversal";"Com Vatimas Feridas";"Pleno dia";"Crescente";"Ceu Claro";"Simples";"Reta;Interseaao de Vias       ";"Sim";3;0;2;0;1;0;2;2;-27,80419942;-50,36509464;"SPRF-SC";"DEL05-SC";"UOP02-DEL05-SC"
579383;2024-02-06;"terça-feira";"13:20:00";"RJ";101;553;"PARATY";"Demais falhas mecanicas ou elatricas";"Queda de ocupante de veiculo";"Com Vatimas Feridas";"Pleno dia";"Decrescente";"Ceu Claro";"Simples";"Curva;Declive                 ";"Nao";2;0;1;1;0;0;2;1;-23,06494306;-44,68448797;"SPRF-RJ";"DEL03-RJ";"UOP04-DEL03-RJ"
579384;2024-02-06;"terça-feira";"13:10:00";"RO";364;379;"OURO PRETO DO OESTE";"Reacao tardia ou ineficiente do condutor";"Colisao traseira";"Com Vatimas Feridas";"Pleno dia";"Decrescente";"Sol";"Simples";"Reta";"Nao";3;0;1;0;2;0;1;2;-10,74140374;-62,21792696;"SPRF-RO";"DEL02-RO";"UOP01-DEL02-RO"
579387;2024-02-06;"terça-feira";"12:30:00";"RJ";465;14;"SEROPEDICA";"Trafegar com motocicleta (ou similar) entre as faixas";"Colisao transversal";"Com Vatimas Feridas";"Pleno dia";"Decrescente";"Ceu Claro";"Simples";"Reta";"Sim";2;0;1;0;1;0;1;2;-22,804979;-43,638828;"SPRF-RJ";"DEL06-RJ";"UOP02-DEL06-RJ"
579389;2024-02-06;"terça-feira";"12:32:00";"MS";267;204;"NOVA ALVORADA DO SUL";"Ausancia de Reacao do condutor";"Saida de leito carrocavel";"Com Vatimas Feridas";"Pleno dia";"Crescente";"Ceu Claro";"Simples";"Reta";"Nao";7;0;2;0;5;0;2;2;-21,58974453;-53,98737304;"SPRF-MS";"DEL02-MS";"UOP03-DEL02-MS"
579394;2024-02-06;"terça-feira";"14:50:00";"SC";101;215,1;"PALHOCA";"Reacao tardia ou ineficiente do condutor";"Colisao lateral mesmo sentido";"Com Vatimas Feridas";"Pleno dia";"Decrescente";"Nublado";"Maltipla";"Interseaao de Vias";"Sim";2;0;1;0;1;0;1;2;-27,65184843;-48,67604941;"SPRF-SC";"DEL01-SC";"UOP02-DEL01-SC"
579395;2024-02-06;"terça-feira";"14:55:00";"PE";101;70;"RECIFE";"Condutor deixou de manter distancia do veiculo da frente";"Colisao traseira";"Com Vatimas Feridas";"Pleno dia";"Crescente";"Ceu Claro";"Dupla";"Viaduto";"Sim";2;0;0;1;1;0;1;2;-8,06776119;-34,94265074;"SPRF-PE";"DEL01-PE";"UOP01-DEL01-PE"
579396;2024-02-06;"terça-feira";"14:40:00";"SC";282;605;"MARAVILHA";"Acessar a via sem observar a presenca dos outros veiculos";"Queda de ocupante de veiculo";"Com Vatimas Feridas";"Pleno dia";"Decrescente";"Ceu Claro";"Simples";"Reta";"Sim";3;0;2;0;1;0;2;2;-26,786951;-53,195248;"SPRF-SC";"DEL07-SC";"UOP02-DEL07-SC"
579397;2024-02-06;"terça-feira";"14:57:00";"RN";101;69,1;"EXTREMOZ";"Desrespeitar a preferancia no cruzamento";"Colisao transversal";"Com Vatimas Feridas";"Pleno dia";"Crescente";"Ceu Claro";"Simples";"Reta;Interseaao de Vias;Aclive";"Sim";2;0;1;0;1;0;1;2;-5,67171885;-35,25903225;"SPRF-RN";"DEL02-RN";"UOP01-DEL02-RN"
579399;2024-02-06;"terça-feira";"15:40:00";"RJ";116;193;"QUEIMADOS";"Avarias e/ou desgaste excessivo no pneu";"Tombamento";"Com Vatimas Feridas";"Pleno dia";"Crescente";"Ceu Claro";"Dupla";"Reta";"Sim";2;0;2;0;0;0;2;1;-22,73960178;-43,52859094;"SPRF-RJ";"DEL06-RJ";"UOP01-DEL06-RJ"
579400;2024-02-06;"terça-feira";"15:00:00";"RJ";101;91,5;"CAMPOS DOS GOYTACAZES";"Ausancia de Reacao do condutor";"Queda de ocupante de veiculo";"Com Vatimas Feridas";"Pleno dia";"Crescente";"Garoa/Chuvisco";"Dupla";"Reta";"Nao";1;0;1;0;0;0;1;1;-21,85123688;-41,52047569;"SPRF-RJ";"DEL08-RJ";"UOP02-DEL08-RJ"
579403;2024-01-09;"terça-feira";"12:15:00";"SC";101;137;"BALNEARIO CAMBORIU";"Condutor deixou de manter distancia do veiculo da frente";"Colisao traseira";"Sem Vatimas";"Pleno dia";"Decrescente";"Sol";"Dupla";"Reta";"Sim";3;0;0;0;3;0;0;3;-27,0157238;-48,61192763;"SPRF-SC";"DEL04-SC";"UOP03-DEL04-SC"
579404;2024-02-06;"terça-feira";"13:15:00";"MG";267;63,2;"BICAS";"Acessar a via sem observar a presenca dos outros veiculos";"Colisao transversal";"Com Vatimas Feridas";"Pleno dia";"Crescente";"Chuva";"Simples";"Curva";"Nao";4;0;3;1;0;0;4;2;-21,73014728;-43,07352612;"SPRF-MG";"DEL05-MG";"UOP01-DEL05-MG"
579405;2024-02-06;"terça-feira";"14:30:00";"PB";230;7,1;"CABEDELO";"Manobra de mudanaa de faixa";"Colisao lateral mesmo sentido";"Com Vatimas Feridas";"Pleno dia";"Crescente";"Ceu Claro";"Simples";"Reta";"Sim";3;0;2;0;1;0;2;2;-7,026;-34,8385;"SPRF-PB";"DEL01-PB";"UOP01-DEL01-PB"
579413;2024-02-06;"terça-feira";"14:30:00";"PB";230;156,5;"CAMPINA GRANDE";"Pista Escorregadia";"Tombamento";"Com Vatimas Feridas";"Pleno dia";"Decrescente";"Ceu Claro";"Simples";"Reta;Declive                  ";"Sim";2;0;2;0;0;0;2;1;-7,2693;-35,9138;"SPRF-PB";"DEL02-PB";"UOP01-DEL02-PB"
579414;2024-02-06;"terça-feira";"15:30:00";"RS";290;48,5;"GLORINHA";"Reacao tardia ou ineficiente do condutor";"Saida de leito carrocavel";"Sem Vatimas";"Pleno dia";"Crescente";"Sol";"Dupla";"Reta";"Nao";1;0;0;0;1;0;0;1;-29,90422135;-50,75108159;"SPRF-RS";"DEL03-RS";"UOP01-DEL03-RS"
579418;2024-02-06;"terça-feira";"16:30:00";"SP";116;53,5;"LORENA";"Reacao tardia ou ineficiente do condutor";"Queda de ocupante de veiculo";"Com Vatimas Feridas";"Pleno dia";"Crescente";"Chuva";"Dupla";"Reta";"Nao";1;0;0;1;0;0;1;1;-22,75255433;-45,10741076;"SPRF-SP";"DEL08-SP";"UOP02-DEL08-SP"
579419;2024-02-06;"terça-feira";"13:40:00";"MG";365;710;"MONTE ALEGRE DE MINAS";"Ultrapassagem Indevida";"Saida de leito carrocavel";"Com Vatimas Feridas";"Pleno dia";"Crescente";"Nublado";"Simples";"Reta";"Nao";1;0;1;0;0;0;1;1;-18,87927867;-49,092531;"SPRF-MG";"DEL15-MG";"UOP03-DEL15-MG"
579420;2024-02-06;"terça-feira";"15:40:00";"MG";40;461;"SETE LAGOAS";"Reacao tardia ou ineficiente do condutor";"Colisao com objeto";"Com Vatimas Feridas";"Pleno dia";"Crescente";"Chuva";"Dupla";"Reta";"Nao";2;0;1;1;0;0;2;1;-19,4065509;-44,33367766;"SPRF-MG";"DEL02-MG";"UOP01-DEL02-MG"
579421;2024-02-06;"terça-feira";"17:00:00";"SC";470;53;"BLUMENAU";"Acessar a via sem observar a presenca dos outros veiculos";"Colisao transversal";"Com Vatimas Feridas";"Pleno dia";"Decrescente";"Ceu Claro";"Simples";"Reta";"Sim";2;0;1;0;1;0;1;2;-26,867121;-49,102066;"SPRF-SC";"DEL04-SC";"UOP01-DEL04-SC"
579422;2024-02-06;"terça-feira";"16:40:00";"ES";259;41,3;"COLATINA";"Velocidade Incompatavel";"Colisao traseira";"Com Vatimas Feridas";"Pleno dia";"Crescente";"Nublado";"Simples";"Reta";"Nao";2;0;0;1;0;1;1;2;-19,55497477;-40,55429757;"SPRF-ES";"DEL02-ES";"UOP01-DEL02-ES"
579423;2024-02-06;"terça-feira";"14:10:00";"PB";230;462;"SOUSA";"Ultrapassagem Indevida";"Saida de leito carrocavel";"Com Vatimas Feridas";"Pleno dia";"Decrescente";"Ceu Claro";"Simples";"Reta";"Sim";1;0;1;0;0;0;1;1;-6,77861015;-38,23404908;"SPRF-PB";"DEL03-PB";"UOP03-DEL03-PB"
579424;2024-02-06;"terça-feira";"16:45:00";"RJ";101;454;"MANGARATIBA";"Acessar a via sem observar a presenca dos outros veiculos";"Colisao traseira";"Com Vatimas Feridas";"Pleno dia";"Crescente";"Sol";"Simples";"Reta";"Nao";2;0;0;1;1;0;1;2;-23,0340287;-44,15061917;"SPRF-RJ";"DEL03-RJ";"UOP02-DEL03-RJ"
579426;2024-02-06;"terça-feira";"16:50:00";"PR";376;217;"JANDAIA DO SUL";"Desrespeitar a preferancia no cruzamento";"Colisao transversal";"Com Vatimas Feridas";"Pleno dia";"Crescente";"Ceu Claro";"Simples";"Interseaao de Vias;Em Obras   ";"Sim";2;0;2;0;0;0;2;2;-23,59517752;-51,64132118;"SPRF-PR";"DEL09-PR";"UOP01-DEL09-PR"