"id";"data_inversa";"dia_semana";"horario";"uf";"br";"km";"municipio";"causa_acidente";"tipo_acidente";"classificacao_acidente";"fase_dia";"sentido_via";"condicao_metereologica";"tipo_pista";"tracado_via";"uso_solo";"pessoas";"mortos";"feridos_leves";"feridos_graves";"ilesos";"ignorados";"feridos";"veiculos";"latitude";"longitude";"regional";"delegacia";"uop"
579427;2024-02-06;"terça-feira";"17:30:00";"SP";116;215;"GUARULHOS";"Manobra de mudanaa de faixa";"Colisao traseira";"Com Vatimas Feridas";"Pleno dia";"Decrescente";"Ceu Claro";"Maltipla";"Reta";"Sim";2;0;1;0;1;0;1;2;-23,44695693;-46,45394103;"SPRF-SP";"DEL01-SP";"UOP01-DEL01-SP"
579428;2024-02-06;"terça-feira";"17:30:00";"MG";381;897,2;"CAMBUI";"Pedestre cruzava a pista fora da faixa";"Atropelamento de Pedestre";"Com Vatimas Feridas";"Pleno dia";"Crescente";"Ceu Claro";"Dupla";"Reta";"Nao";2;0;1;0;1;0;1;2;-22,63961103;-46,08077997;"SPRF-MG";"DEL16-MG";"UOP03-DEL16-MG"
579429;2024-02-06;"terça-feira";"18:00:00";"SC";101;206,4;"SAO JOSE";"Trafegar com motocicleta (ou similar) entre as faixas";"Colisao traseira";"Com Vatimas Feridas";"Pleno dia";"Crescente";"Nublado";"Maltipla";"Reta";"Sim";2;0;2;0;0;0;2;2;-27,59193546;-48,61824557;"SPRF-SC";"DEL01-SC";"UOP01-DEL01-SC"
579433;2024-02-06;"terça-feira";"17:50:00";"RJ";493;18;"GUAPIMIRIM";"Ausancia de Reacao do condutor";"Colisao traseira";"Com Vatimas Feridas";"Anoitecer";"Crescente";"Ceu Claro";"Simples";"Reta";"Sim";2;0;1;0;1;0;1;2;-22,6687122;-43,01862696;"SPRF-RJ";"DEL04-RJ";"UOP02-DEL04-RJ"
579434;2024-02-06;"terça-feira";"16:00:00";"RS";290;144;"ELDORADO DO SUL";"Acessar a via sem observar a presenca dos outros veiculos";"Colisao transversal";"Com Vatimas Feridas";"Pleno dia";"Decrescente";"Ceu Claro";"Simples";"Reta";"Sim";3;0;2;0;1;0;2;2;-30,096939;-51,647282;"SPRF-RS";"DEL02-RS";"UOP01-DEL02-RS"
579435;2024-02-06;"terça-feira";"18:20:00";"SE";235;54,6;"ITABAIANA";"Pista esburacada";"Colisao com objeto";"Com Vatimas Feridas";"Plena Noite";"Crescente";"Ceu Claro";"Simples";"Reta";"Sim";1;0;1;0;0;0;1;1;-10,667386;-37,446014;"SPRF-SE";"DEL01-SE";"UOP02-DEL01-SE"
579436;2024-02-06;"terça-feira";"17:25:00";"SC";101;207,7;"SAO JOSE";"Reacao tardia ou ineficiente do condutor";"Tombamento";"Com Vatimas Feridas";"Anoitecer";"Crescente";"Ceu Claro";"Dupla";"Declive;Reta                  ";"Sim";1;0;1;0;0;0;1;1;-27,60184595;-48,62742132;"SPRF-SC";"DEL01-SC";"UOP01-DEL01-SC"
579440;2024-02-06;"terça-feira";"17:50:00";"SC";282;354;"CAMPOS NOVOS";"Ausancia de Reacao do condutor";"Saida de leito carrocavel";"Com Vatimas Feridas";"Pleno dia";"Decrescente";"Ceu Claro";"Simples";"Curva";"Nao";1;0;1;0;0;0;1;1;-27,35796;-51,330452;"SPRF-SC";"DEL07-SC";"UOP06-DEL07-SC"
579444;2024-02-06;"terça-feira";"18:35:00";"TO";153;497,7;"PARAISO DO TOCANTINS";"Ausancia de sinalizaaao";"Colisao frontal";"Com Vatimas Feridas";"Plena Noite";"Crescente";"Chuva";"Simples";"Reta;Interseaao de Vias       ";"Nao";2;0;1;0;1;0;1;2;-10,18390502;-48,88017144;"SPRF-TO";"DEL01-TO";"UOP01-DEL01-TO"
579447;2024-02-06;"terça-feira";"16:30:00";"SC";101;283,1;"IMBITUBA";"Ingestao de alcool pelo condutor";"Colisao com objeto";"Com Vatimas Feridas";"Pleno dia";"Crescente";"Ceu Claro";"Dupla";"Reta";"Nao";1;0;0;1;0;0;1;1;-28,2219;-48,700659;"SPRF-SC";"DEL02-SC";"UOP03-DEL02-SC"
579448;2024-02-06;"terça-feira";"16:50:00";"MA";316;620,8;"TIMON";"Condutor deixou de manter distancia do veiculo da frente";"Colisao traseira";"Com Vatimas Feridas";"Pleno dia";"Decrescente";"Ceu Claro";"Simples";"Reta";"Sim";2;0;0;1;1;0;1;2;-5,12020318;-42,82403111;"SPRF-MA";"DEL03-MA";"UOP02-DEL03-MA"
579449;2024-02-06;"terça-feira";"09:53:00";"BA";101;742;"ITABELA";"Demais falhas mecanicas ou elatricas";"Incendio";"Sem Vatimas";"Pleno dia";"Decrescente";"Nublado";"Maltipla";"Aclive;Curva                  ";"Nao";1;0;0;0;0;1;0;1;-16,55097614;-39,57126618;"SPRF-BA";"DEL09-BA";"UOP01-DEL09-BA"
579450;2024-02-06;"terça-feira";"18:30:00";"SC";101;195,6;"SAO JOSE";"Acessar a via sem observar a presenca dos outros veiculos";"Colisao transversal";"Com Vatimas Feridas";"Anoitecer";"Decrescente";"Garoa/Chuvisco";"Maltipla";"Reta";"Sim";2;0;1;0;1;0;1;2;-27,5047092;-48,65010819;"SPRF-SC";"DEL01-SC";"UOP01-DEL01-SC"
579454;2024-02-06;"terça-feira";"18:10:00";"SP";116;106;"TAUBATE";"Ausancia de Reacao do condutor";"Colisao lateral mesmo sentido";"Com Vatimas Feridas";"Anoitecer";"Decrescente";"Ceu Claro";"Dupla";"Reta";"Nao";2;0;1;0;1;0;1;2;-23,01250593;-45,52256005;"SPRF-SP";"DEL02-SP";"UOP02-DEL02-SP"
579456;2024-02-06;"terça-feira";"18:15:00";"SC";101;425,2;"ARARANGUA";"Desrespeitar a preferancia no cruzamento";"Colisao transversal";"Com Vatimas Feridas";"Anoitecer";"Crescente";"Ceu Claro";"Simples";"Reta;Interseaao de Vias       ";"Sim";6;0;5;0;1;0;5;2;-29,02095789;-49,59124506;"SPRF-SC";"DEL02-SC";"UOP02-DEL02-SC"
579457;2024-02-06;"terça-feira";"19:25:00";"MG";459;82;"CONGONHAL";"Transitar no Acostamento";"Atropelamento de Pedestre";"Com Vatimas Feridas";"Plena Noite";"Decrescente";"Ceu Claro";"Simples";"Reta";"Nao";2;0;0;2;0;0;2;2;-22,155767;-46,081566;"SPRF-MG";"DEL09-MG";"UOP01-DEL09-MG"
579459;2024-02-06;"terça-feira";"18:10:00";"PR";277;577;"CASCAVEL";"Acostamento em desnavel";"Tombamento";"Com Vatimas Feridas";"Pleno dia";"Crescente";"Nublado";"Dupla";"Reta";"Nao";1;0;1;0;0;0;1;1;-24,98510305;-53,33984701;"SPRF-PR";"DEL04-PR";"UOP01-DEL04-PR"
579460;2024-02-06;"terça-feira";"19:20:00";"SC";101;334,9;"TUBARAO";"Avarias e/ou desgaste excessivo no pneu";"Colisao com objeto";"Com Vatimas Feridas";"Plena Noite";"Crescente";"Garoa/Chuvisco";"Simples";"Reta";"Sim";2;0;1;1;0;0;2;1;-28,46927473;-49,01557908;"SPRF-SC";"DEL02-SC";"UOP01-DEL02-SC"
579461;2024-02-06;"terça-feira";"17:30:00";"SC";116;247,9;"LAGES";"Acessar a via sem observar a presenca dos outros veiculos";"Colisao lateral mesmo sentido";"Com Vatimas Feridas";"Pleno dia";"Crescente";"Ceu Claro";"Simples";"Reta;Interseaao de Vias       ";"Sim";2;0;2;0;0;0;2;2;-27,81262488;-50,36859817;"SPRF-SC";"DEL05-SC";"UOP02-DEL05-SC"
579462;2024-02-06;"terça-feira";"20:00:00";"RS";116;269;"CANOAS";"Acumulo de aleo sobre o pavimento";"Queda de ocupante de veiculo";"Com Vatimas Feridas";"Plena Noite";"Decrescente";"Ceu Claro";"Maltipla";"Interseaao de Vias";"Sim";2;0;2;0;0;0;2;1;-29,96284862;-51,17615104;"SPRF-RS";"DEL01-RS";"UOP01-DEL01-RS"
579463;2024-02-06;"terça-feira";"18:55:00";"MG";50;143,8;"UBERABA";"Velocidade Incompatavel";"Saida de leito carrocavel";"Com Vatimas Feridas";"Plena Noite";"Crescente";"Garoa/Chuvisco";"Dupla";"Aclive;Reta                   ";"Nao";1;0;1;0;0;0;1;1;-19,50261301;-48,04531304;"SPRF-MG";"DEL13-MG";"UOP01-DEL13-MG"
579464;2024-01-14;"domingo";"09:00:00";"RS";392;110;"CANGUCU";"Acessar a via sem observar a presenca dos outros veiculos";"Colisao transversal";"Com Vatimas Feridas";"Pleno dia";"Crescente";"Ceu Claro";"Simples";"Curva";"Sim";2;0;1;0;1;0;1;2;-31,46286685;-52,63497175;"SPRF-RS";"DEL07-RS";"UOP01-DEL07-RS"
579465;2024-02-06;"terça-feira";"18:37:00";"PA";230;157;"ITUPIRANGA";"Animais na Pista";"Atropelamento de Animal";"Com Vatimas Feridas";"Plena Noite";"Decrescente";"Ceu Claro";"Simples";"Reta;Declive                  ";"Nao";2;0;1;0;0;1;1;2;-5,193521;-49,361963;"SPRF-PA";"DEL03-PA";"UOP01-DEL03-PA"
579466;2024-02-06;"terça-feira";"20:00:00";"MG";40;532;"BELO HORIZONTE";"Avarias e/ou desgaste excessivo no pneu";"Tombamento";"Com Vatimas Feridas";"Plena Noite";"Decrescente";"Nublado";"Dupla";"Reta";"Sim";2;0;1;0;1;0;1;1;-19,92372561;-44,01700789;"SPRF-MG";"DEL01-MG";"UOP02-DEL01-MG"
579469;2024-02-06;"terça-feira";"19:25:00";"RS";153;1,3;"CACHOEIRA DO SUL";"Manobra de mudanaa de faixa";"Colisao frontal";"Com Vatimas Feridas";"Anoitecer";"Crescente";"Ceu Claro";"Simples";"Reta;Interseaao de Vias       ";"Sim";3;0;2;0;1;0;2;2;-30,00185578;-52,90889476;"SPRF-RS";"DEL08-RS";"UOP04-DEL08-RS"
579470;2024-02-06;"terça-feira";"21:20:00";"RN";101;95;"NATAL";"Manobra de mudanaa de faixa";"Colisao traseira";"Com Vatimas Feridas";"Plena Noite";"Decrescente";"Ceu Claro";"Maltipla";"Reta";"Sim";3;0;1;0;2;0;1;2;-5,84076841;-35,21035949;"SPRF-RN";"DEL01-RN";"UOP01-DEL01-RN"
579471;2024-02-06;"terça-feira";"17:00:00";"MG";365;213;"BURITIZEIRO";"Ausancia de Reacao do condutor";"Saida de leito carrocavel";"Com Vatimas Feridas";"Anoitecer";"Crescente";"Chuva";"Simples";"Reta";"Nao";2;0;1;1;0;0;2;1;-17,56727915;-45,3223819;"SPRF-MG";"DEL10-MG";"UOP02-DEL010-MG"
579472;2024-02-06;"terça-feira";"20:20:00";"SC";101;278,8;"IMBITUBA";"Ingestao de alcool pelo condutor";"Colisao traseira";"Com Vatimas Feridas";"Plena Noite";"Decrescente";"Nublado";"Maltipla";"Declive";"Nao";2;0;2;0;0;0;2;2;-28,16300604;-48,6939345;"SPRF-SC";"DEL02-SC";"UOP03-DEL02-SC"
579473;2024-02-06;"terça-feira";"21:07:00";"MG";459;95,5;"POUSO ALEGRE";"Pista Escorregadia";"Queda de ocupante de veiculo";"Com Vatimas Feridas";"Plena Noite";"Crescente";"Ceu Claro";"Simples";"Reta";"Nao";1;0;0;1;0;0;1;1;-22,189781;-45,983028;"SPRF-MG";"DEL09-MG";"UOP01-DEL09-MG"
579474;2024-02-06;"terça-feira";"22:00:00";"GO";60;96;"ANAPOLIS";"Pedestre cruzava a pista fora da faixa";"Atropelamento de Pedestre";"Com Vatimas Fatais";"Plena Noite";"Decrescente";"Chuva";"Dupla";"Reta";"Sim";3;1;0;0;1;1;0;2;-16,371;-48,9422;"SPRF-GO";"DEL02-GO";"UOP01-DEL02-GO"
579476;2024-02-06;"terça-feira";"21:20:00";"PE";428;186,7;"PETROLINA";"Manobra de mudanaa de faixa";"Colisao transversal";"Com Vatimas Feridas";"Plena Noite";"Decrescente";"Ceu Claro";"Dupla";"Reta;Retorno Regulamentado;Int";"Sim";2;0;0;1;1;0;1;2;-9,34807826;-40,47441248;"SPRF-PE";"DEL06-PE";"UOP01-DEL06-PE"
579478;2024-02-06;"terça-feira";"22:00:00";"SC";101;333,2;"TUBARAO";"Desrespeitar a preferancia no cruzamento";"Colisao transversal";"Com Vatimas Feridas";"Plena Noite";"Decrescente";"Ceu Claro";"Simples";"Interseaao de Vias";"Nao";3;0;1;0;2;0;1;2;-28,46630107;-48,99653096;"SPRF-SC";"DEL02-SC";"UOP01-DEL02-SC"
579479;2024-02-06;"terça-feira";"19:40:00";"MG";116;6;"DIVISA ALEGRE";"Ausancia de Reacao do condutor";"Capotamento";"Com Vatimas Fatais";"Plena Noite";"Crescente";"Ceu Claro";"Simples";"Interseaao de Vias";"Nao";3;1;1;1;0;0;2;1;-15,75408068;-41,33057378;"SPRF-BA";"DEL08-BA";"UOP03-DEL08-BA"
579480;2024-02-06;"terça-feira";"20:30:00";"AL";316;256;"PILAR";"Reacao tardia ou ineficiente do condutor";"Queda de ocupante de veiculo";"Com Vatimas Feridas";"Plena Noite";"Crescente";"Ceu Claro";"Simples";"Reta";"Nao";1;0;1;0;0;0;1;1;-9,59085179;-35,94104899;"SPRF-AL";"DEL02-AL";"UOP01-DEL02-AL"
579481;2024-02-06;"terça-feira";"23:30:00";"RS";386;346;"LAJEADO";"Acumulo de aleo sobre o pavimento";"Tombamento";"Com Vatimas Feridas";"Plena Noite";"Decrescente";"Ceu Claro";"Dupla";"Curva;Em Obras                ";"Nao";1;0;1;0;0;0;1;1;-29,44763263;-51,97258472;"SPRF-RS";"DEL04-RS";"UOP01-DEL04-RS"
579484;2024-02-06;"terça-feira";"23:26:00";"DF";60;0,9;"BRASILIA";"Demais falhas mecanicas ou elatricas";"Incendio";"Sem Vatimas";"Plena Noite";"Crescente";"Nublado";"Dupla";"Reta";"Sim";1;0;0;0;1;0;0;1;-15,882499;-48,060212;"SPRF-DF";"DEL03-DF";"UOP01-DEL03-DF"
579486;2024-02-07;"quarta-feira";"00:15:00";"GO";153;506;"APARECIDA DE GOIANIA";"Velocidade Incompatavel";"Colisao traseira";"Sem Vatimas";"Plena Noite";"Crescente";"Garoa/Chuvisco";"Dupla";"Reta";"Sim";5;0;0;0;5;0;0;2;-16,75468066;-49,24103379;"SPRF-GO";"DEL01-GO";"UOP01-DEL01-GO"
579487;2024-02-07;"quarta-feira";"00:15:00";"PE";232;34;"MORENO";"Falta de elemento de contenaao que evite a saada do leito carroaavel";"Saida de leito carrocavel";"Com Vatimas Feridas";"Plena Noite";"Crescente";"Ceu Claro";"Dupla";"Curva";"Nao";1;0;1;0;0;0;1;1;-8,10702537;-35,18394691;"SPRF-PE";"DEL01-PE";"UOP01-DEL01-PE"
579488;2024-02-07;"quarta-feira";"00:25:00";"SP";116;222,6;"GUARULHOS";"Ausancia de Reacao do condutor";"Colisao traseira";"Com Vatimas Feridas";"Plena Noite";"Decrescente";"Nublado";"Simples";"Reta";"Sim";2;0;1;0;1;0;1;2;-23,47093408;-46,51631097;"SPRF-SP";"DEL01-SP";"UOP01-DEL01-SP"
579489;2024-02-06;"terça-feira";"18:00:00";"RJ";101;316;"SAO GONCALO";"Manobra de mudanaa de faixa";"Colisao traseira";"Com Vatimas Feridas";"Pleno dia";"Decrescente";"Ceu Claro";"Dupla";"Reta";"Nao";2;0;1;0;1;0;1;2;-22,82835879;-43,09208739;"SPRF-RJ";"DEL02-RJ";"UOP02-DEL02-RJ"
579490;2024-02-06;"terça-feira";"22:30:00";"SC";101;202,3;"SAO JOSE";"Frear bruscamente";"Queda de ocupante de veiculo";"Com Vatimas Feridas";"Plena Noite";"Crescente";"Chuva";"Simples";"Reta";"Sim";1;0;0;1;0;0;1;1;-27,55711595;-48,61897889;"SPRF-SC";"DEL01-SC";"UOP01-DEL01-SC"
579491;2024-02-06;"terça-feira";"19:30:00";"BA";242;740;"BARREIRAS";"Animais na Pista";"Atropelamento de Animal";"Com Vatimas Feridas";"Plena Noite";"Crescente";"Ceu Claro";"Simples";"Reta";"Nao";2;0;2;0;0;0;2;1;-12,16733829;-44,55918803;"SPRF-BA";"DEL10-BA";"UOP01-DEL10-BA"
579492;2024-02-07;"quarta-feira";"00:30:00";"MS";262;355;"CAMPO GRANDE";"Ausancia de Reacao do condutor";"Atropelamento de Pedestre";"Com Vatimas Feridas";"Plena Noite";"Crescente";"Ceu Claro";"Simples";"Reta";"Sim";2;0;1;1;0;0;2;2;-20,55085314;-54,67160768;"SPRF-MS";"DEL01-MS";"UOP03-DEL01-MS"
579493;2024-02-07;"quarta-feira";"00:50:00";"SP";381;86;"SAO PAULO";"Reacao tardia ou ineficiente do condutor";"Capotamento";"Com Vatimas Feridas";"Plena Noite";"Decrescente";"Ceu Claro";"Maltipla";"Curva";"Sim";2;0;1;0;1;0;1;1;-23,45930499;-46,57161179;"SPRF-SP";"DEL03-SP";"UOP01-DEL03-SP"
579494;2024-02-06;"terça-feira";"22:20:00";"PI";407;458,5;"JAICOS";"Ausancia de Reacao do condutor";"Colisao traseira";"Com Vatimas Fatais";"Plena Noite";"Crescente";"Ceu Claro";"Simples";"Reta";"Nao";3;1;0;1;1;0;1;2;-7,28660083;-41,19554088;"SPRF-PI";"DEL04-PI";"UOP01-DEL04-PI"
579497;2024-02-07;"quarta-feira";"01:40:00";"SC";101;350,7;"JAGUARUNA";"Condutor Dormindo";"Saida de leito carrocavel";"Com Vatimas Feridas";"Plena Noite";"Decrescente";"Chuva";"Dupla";"Aclive;Reta;Viaduto           ";"Nao";1;0;1;0;0;0;1;1;-28,5977641;-49,04943589;"SPRF-SC";"DEL02-SC";"UOP01-DEL02-SC"
579499;2024-02-07;"quarta-feira";"03:24:00";"PE";101;45,1;"IGARASSU";"Reacao tardia ou ineficiente do condutor";"Colisao com objeto";"Sem Vatimas";"Plena Noite";"Crescente";"Ceu Claro";"Maltipla";"Reta";"Sim";1;0;0;0;1;0;0;1;-7,86521297;-34,90715176;"SPRF-PE";"DEL01-PE";"UOP02-DEL01-PE"
579501;2024-02-07;"quarta-feira";"04:00:00";"GO";70;315;"JUSSARA";"Ingestao de alcool pelo condutor";"Saida de leito carrocavel";"Com Vatimas Feridas";"Plena Noite";"Decrescente";"Ignorado";"Dupla";"Interseaao de Vias";"Sim";1;0;1;0;0;0;1;1;-15,87284632;-50,84953308;"SPRF-GO";"DEL04-GO";"UOP02-DEL04-GO"
579502;2024-02-07;"quarta-feira";"04:40:00";"MG";116;453,8;"ENGENHEIRO CALDAS";"Animais na Pista";"Atropelamento de Animal";"Com Vatimas Feridas";"Amanhecer";"Crescente";"Ceu Claro";"Simples";"Curva";"Nao";1;0;0;1;0;0;1;1;-19,17637694;-42,0358701;"SPRF-MG";"DEL06-MG";"UOP02-DEL06-MG"
579504;2024-02-07;"quarta-feira";"05:30:00";"BA";242;779;"BARREIRAS";"Acumulo de agua sobre o pavimento";"Saida de leito carrocavel";"Sem Vatimas";"Pleno dia";"Crescente";"Chuva";"Simples";"Curva";"Nao";1;0;0;0;1;0;0;1;-12,15048602;-44,70085001;"SPRF-BA";"DEL10-BA";"UOP01-DEL10-BA"
579505;2024-02-07;"quarta-feira";"02:30:00";"PR";376;503;"PONTA GROSSA";"Ingestao de alcool pelo condutor";"Saida de leito carrocavel";"Sem Vatimas";"Plena Noite";"Decrescente";"Ceu Claro";"Dupla";"Reta";"Nao";1;0;0;0;1;0;0;1;-25,22314697;-50,05150696;"SPRF-PR";"DEL03-PR";"UOP04-DEL03-PR"
579506;2024-02-06;"terça-feira";"22:50:00";"SC";116;69;"MONTE CASTELO";"Ausancia de Reacao do condutor";"Saida de leito carrocavel";"Com Vatimas Feridas";"Plena Noite";"Decrescente";"Ceu Claro";"Simples";"Rotataria";"Sim";1;0;1;0;0;0;1;1;-26,46036818;-50,22889671;"SPRF-SC";"DEL06-SC";"UOP02-DEL06-SC"
579507;2024-02-07;"quarta-feira";"06:30:00";"SP";116;105;"TAUBATE";"Reacao tardia ou ineficiente do condutor";"Queda de ocupante de veiculo";"Com Vatimas Feridas";"Amanhecer";"Crescente";"Ceu Claro";"Dupla";"Reta";"Nao";1;0;1;0;0;0;1;1;-23,00757973;-45,51466613;"SPRF-SP";"DEL02-SP";"UOP02-DEL02-SP"
579508;2024-02-07;"quarta-feira";"07:20:00";"RS";293;0;"PELOTAS";"Ausancia de Reacao do condutor";"Colisao frontal";"Sem Vatimas";"Amanhecer";"Crescente";"Ceu Claro";"Simples";"Reta";"Sim";1;0;0;0;0;1;0;1;-31,760326;-52,356205;"SPRF-RS";"DEL07-RS";"UOP01-DEL07-RS"
579509;2024-02-07;"quarta-feira";"06:40:00";"SP";153;61,9;"SAO JOSE DO RIO PRETO";"Trafegar com motocicleta (ou similar) entre as faixas";"Colisao traseira";"Com Vatimas Feridas";"Pleno dia";"Crescente";"Ceu Claro";"Dupla";"Reta";"Sim";2;0;1;0;1;0;1;2;-20,80502876;-49,35574909;"SPRF-SP";"DEL09-SP";"UOP01-DEL09-SP"
579512;2024-02-07;"quarta-feira";"07:10:00";"BA";324;619,9;"SALVADOR";"Condutor deixou de manter distancia do veiculo da frente";"Colisao traseira";"Com Vatimas Feridas";"Pleno dia";"Crescente";"Sol";"Maltipla";"Reta";"Sim";3;0;2;0;1;0;2;2;-12,90482172;-38,45556535;"SPRF-BA";"DEL01-BA";"UOP01-DEL01-BA"
579513;2024-02-07;"quarta-feira";"07:30:00";"CE";116;22;"AQUIRAZ";"Avarias e/ou desgaste excessivo no pneu";"Queda de ocupante de veiculo";"Com Vatimas Feridas";"Pleno dia";"Decrescente";"Garoa/Chuvisco";"Dupla";"Reta";"Nao";1;0;1;0;0;0;1;1;-3,94070798;-38,50918633;"SPRF-CE";"DEL01-CE";"UOP02-DEL01-CE"
579514;2024-02-07;"quarta-feira";"07:24:00";"RN";101;98;"NATAL";"Condutor deixou de manter distancia do veiculo da frente";"Colisao traseira";"Sem Vatimas";"Pleno dia";"Decrescente";"Ceu Claro";"Maltipla";"Reta";"Sim";2;0;0;0;2;0;0;2;-5,86567888;-35,21651625;"SPRF-RN";"DEL01-RN";"UOP01-DEL01-RN"
579515;2024-02-07;"quarta-feira";"07:45:00";"PR";116;121;"CURITIBA";"Ausancia de Reacao do condutor";"Colisao traseira";"Com Vatimas Feridas";"Pleno dia";"Decrescente";"Ceu Claro";"Dupla";"Reta";"Nao";2;0;1;0;1;0;1;2;-25,5599323;-49,30743945;"SPRF-PR";"DEL01-PR";"UOP03-DEL01-PR"
579517;2024-02-05;"segunda-feira";"22:00:00";"PE";NA;NA;"CABROBO";"Acumulo de areia ou detritos sobre o pavimento";"Colisao com objeto";"Sem Vatimas";"Plena Noite";"Nao Informado";"Nublado";"Simples";"Aclive;Interseaao de Vias     ";"Nao";4;0;0;0;4;0;0;1;-8,449298;-39,264414;"SPRF-PE";"DEL05-PE";"UOP03-DEL05-PE"
579518;2024-02-07;"quarta-feira";"07:20:00";"PE";428;189;"PETROLINA";"Reacao tardia ou ineficiente do condutor";"Colisao transversal";"Com Vatimas Feridas";"Pleno dia";"Crescente";"Ceu Claro";"Maltipla";"Reta";"Sim";2;0;0;1;1;0;1;2;-9,37675839;-40,49742308;"SPRF-PE";"DEL06-PE";"UOP01-DEL06-PE"
579519;2024-02-07;"quarta-feira";"07:40:00";"RS";116;264;"CANOAS";"Mal sabito do condutor";"Colisao traseira";"Sem Vatimas";"Pleno dia";"Crescente";"Ceu Claro";"Dupla";"Reta";"Sim";2;0;0;0;2;0;0;2;-29,914435;-51,17754495;"SPRF-RS";"DEL01-RS";"UOP01-DEL01-RS"
579520;2024-02-07;"quarta-feira";"08:00:00";"PR";369;149;"LONDRINA";"Condutor deixou de manter distancia do veiculo da frente";"Colisao traseira";"Com Vatimas Feridas";"Pleno dia";"Crescente";"Ceu Claro";"Dupla";"Interseaao de Vias;Reta       ";"Sim";2;0;1;0;1;0;1;2;-23,29296498;-51,15367144;"SPRF-PR";"DEL07-PR";"UOP01-DEL07-PR"
579521;2024-02-07;"quarta-feira";"08:15:00";"SC";101;212,4;"PALHOCA";"Trafegar com motocicleta (ou similar) entre as faixas";"Colisao lateral mesmo sentido";"Com Vatimas Feridas";"Pleno dia";"Decrescente";"Ceu Claro";"Maltipla";"Reta";"Sim";2;0;1;0;1;0;1;2;-27,62996929;-48,65903871;"SPRF-SC";"DEL01-SC";"UOP02-DEL01-SC"
579522;2024-02-07;"quarta-feira";"05:30:00";"PA";10;351;"SANTA MARIA DO PARA";"Ausancia de Reacao do condutor";"Atropelamento de Animal";"Com Vatimas Feridas";"Pleno dia";"Crescente";"Ceu Claro";"Simples";"Reta";"Nao";3;0;3;0;0;0;3;1;-1,37081;-47,569096;"SPRF-PA";"DEL01-PA";"UOP02-DEL01-PA"
579523;2024-02-07;"quarta-feira";"08:00:00";"SP";381;33,3;"ATIBAIA";"Reacao tardia ou ineficiente do condutor";"Colisao com objeto";"Com Vatimas Feridas";"Pleno dia";"Crescente";"Sol";"Dupla";"Curva";"Nao";1;0;1;0;0;0;1;1;-23,0728028;-46,56673562;"SPRF-SP";"DEL03-SP";"UOP02-DEL03-SP"
579524;2024-02-07;"quarta-feira";"07:15:00";"RJ";101;329;"RIO DE JANEIRO";"Reacao tardia ou ineficiente do condutor";"Tombamento";"Com Vatimas Feridas";"Pleno dia";"Decrescente";"Ceu Claro";"Maltipla";"Reta";"Nao";1;0;1;0;0;0;1;1;-22,86939305;-43,175642;"SPRF-RJ";"DEL02-RJ";"UOP01-DEL02-RJ"
579525;2024-02-07;"quarta-feira";"07:50:00";"DF";40;0,2;"BRASILIA";"Reacao tardia ou ineficiente do condutor";"Saida de leito carrocavel";"Com Vatimas Feridas";"Pleno dia";"Decrescente";"Nublado";"Dupla";"Viaduto";"Nao";1;0;1;0;0;0;1;1;-15,976897;-47,990129;"SPRF-DF";"DEL01-DF";"UOP01-DEL01-DF"
579526;2024-01-19;"sexta-feira";"07:30:00";"PR";476;149;"ARAUCARIA";"Manobra de mudanaa de faixa";"Colisao lateral mesmo sentido";"Com Vatimas Feridas";"Amanhecer";"Crescente";"Nublado";"Dupla";"Reta";"Sim";2;0;1;0;0;1;1;2;-25,55874102;-49,36908782;"SPRF-PR";"DEL01-PR";"UOP06-DEL01-PR"
579527;2024-02-07;"quarta-feira";"08:30:00";"ES";101;265;"SERRA";"Ausancia de Reacao do condutor";"Colisao lateral mesmo sentido";"Sem Vatimas";"Pleno dia";"Decrescente";"Ceu Claro";"Simples";"Curva";"Sim";3;0;0;0;2;1;0;3;-20,1816849;-40,26536036;"SPRF-ES";"DEL02-ES";"UOP01-DEL02-ES"
579528;2024-02-07;"quarta-feira";"08:07:00";"PE";407;124;"PETROLINA";"Reacao tardia ou ineficiente do condutor";"Colisao transversal";"Com Vatimas Feridas";"Pleno dia";"Decrescente";"Sol";"Dupla";"Reta";"Sim";2;0;1;0;1;0;1;2;-9,36929881;-40,54137139;"SPRF-PE";"DEL06-PE";"UOP01-DEL06-PE"
579529;2024-02-07;"quarta-feira";"08:30:00";"GO";60;94;"ANAPOLIS";"Avarias e/ou desgaste excessivo no pneu";"Tombamento";"Com Vatimas Feridas";"Pleno dia";"Crescente";"Ceu Claro";"Maltipla";"Reta;Interseaao de Vias;Aclive";"Sim";2;0;2;0;0;0;2;1;-16,3611;-48,9328;"SPRF-GO";"DEL02-GO";"UOP01-DEL02-GO"
579530;2024-02-07;"quarta-feira";"08:30:00";"CE";20;308;"CANINDE";"Animais na Pista";"Queda de ocupante de veiculo";"Com Vatimas Feridas";"Pleno dia";"Decrescente";"Ceu Claro";"Simples";"Reta";"Sim";1;0;1;0;0;0;1;1;-4,34943993;-39,29934009;"SPRF-CE";"DEL02-CE";"UOP01-DEL02-CE"
579531;2024-02-07;"quarta-feira";"06:40:00";"AC";317;144;"CAPIXABA";"Ausancia de Reacao do condutor";"Colisao com objeto";"Com Vatimas Feridas";"Pleno dia";"Crescente";"Sol";"Dupla";"Rotataria";"Nao";1;0;1;0;0;0;1;1;-10,566394;-67,67609;"SPRF-AC";"DEL01-AC";"UOP01-DEL01-AC"