"id";"data_inversa";"dia_semana";"horario";"uf";"br";"km";"municipio";"causa_acidente";"tipo_acidente";"classificacao_acidente";"fase_dia";"sentido_via";"condicao_metereologica";"tipo_pista";"tracado_via";"uso_solo";"pessoas";"mortos";"feridos_leves";"feridos_graves";"ilesos";"ignorados";"feridos";"veiculos";"latitude";"longitude";"regional";"delegacia";"uop"
579660;2024-02-07;"quarta-feira";"20:00:00";"RJ";101;65,5;"CAMPOS DOS GOYTACAZES";"Demais falhas na via";"Tombamento";"Com Vatimas Feridas";"Plena Noite";"Crescente";"Ceu Claro";"Dupla";"Reta";"Sim";2;0;1;0;1;0;1;1;-21,75371806;-41,344292;"SPRF-RJ";"DEL08-RJ";"UOP02-DEL08-RJ"
579661;2024-02-07;"quarta-feira";"20:00:00";"RS";116;363;"TAPES";"Reacao tardia ou ineficiente do condutor";"Saida de leito carrocavel";"Com Vatimas Feridas";"Plena Noite";"Decrescente";"Ignorado";"Simples";"Reta";"Nao";1;0;1;0;0;0;1;1;-30,64814964;-51,56101323;"SPRF-RS";"DEL02-RS";"UOP02-DEL02-RS"
579662;2024-02-07;"quarta-feira";"20:00:00";"RJ";493;104;"SEROPEDICA";"Demais falhas mecanicas ou elatricas";"Queda de ocupante de veiculo";"Com Vatimas Feridas";"Plena Noite";"Decrescente";"Ceu Claro";"Dupla";"Reta";"Nao";2;0;2;0;0;0;2;1;-22,74167299;-43,72249603;"SPRF-RJ";"DEL01-RJ";"UOP03-DEL01-RJ"
579665;2024-02-07;"quarta-feira";"18:00:00";"BA";110;268;"INHAMBUPE";"Transitar na contramao";"Colisao frontal";"Com Vatimas Feridas";"Plena Noite";"Crescente";"Ceu Claro";"Simples";"Reta";"Nao";2;0;0;1;1;0;1;2;-11,63097099;-38,3021182;"SPRF-BA";"DEL01-BA";"UOP04-DEL01-BA"
579667;2024-02-07;"quarta-feira";"20:07:00";"RO";319;54;"PORTO VELHO";"Velocidade Incompatavel";"Capotamento";"Com Vatimas Feridas";"Plena Noite";"Crescente";"Ceu Claro";"Simples";"Curva;Declive                 ";"Nao";2;0;1;0;1;0;1;1;-8,74350592;-63,94936497;"SPRF-RO";"DEL01-RO";"UOP01-DEL01-RO"
579668;2024-02-07;"quarta-feira";"19:00:00";"MA";402;4,3;"ROSARIO";"Reacao tardia ou ineficiente do condutor";"Colisao lateral sentido oposto";"Sem Vatimas";"Plena Noite";"Crescente";"Ignorado";"Simples";"Reta";"Nao";4;0;0;0;3;1;0;2;-2,953501;-44,290794;"SPRF-MA";"DEL01-MA";"UOP01-DEL01-MA"
579670;2024-02-07;"quarta-feira";"21:30:00";"CE";116;10;"FORTALEZA";"Condutor deixou de manter distancia do veiculo da frente";"Colisao traseira";"Com Vatimas Feridas";"Plena Noite";"Decrescente";"Nublado";"Maltipla";"Reta";"Sim";3;0;2;0;1;0;2;2;-3,8359056;-38,50252569;"SPRF-CE";"DEL01-CE";"UOP02-DEL01-CE"
579671;2024-02-07;"quarta-feira";"18:00:00";"MG";116;543;"SANTA BARBARA DO LESTE";"Ausancia de Reacao do condutor";"Saida de leito carrocavel";"Com Vatimas Feridas";"Pleno dia";"Crescente";"Ceu Claro";"Simples";"Reta";"Nao";3;0;3;0;0;0;3;1;-19,91184896;-42,1350328;"SPRF-MG";"DEL06-MG";"UOP02-DEL06-MG"
579672;2024-02-07;"quarta-feira";"20:20:00";"PE";316;232;"BELEM DE SAO FRANCISCO";"Animais na Pista";"Atropelamento de Animal";"Com Vatimas Feridas";"Plena Noite";"Crescente";"Ceu Claro";"Simples";"Reta";"Nao";1;0;0;1;0;0;1;1;-8,6573448;-39,0107999;"SPRF-PE";"DEL05-PE";"UOP03-DEL05-PE"
579673;2024-02-07;"quarta-feira";"20:20:00";"SC";101;128;"ITAJAI";"Reacao tardia ou ineficiente do condutor";"Colisao traseira";"Com Vatimas Feridas";"Plena Noite";"Decrescente";"Nublado";"Dupla";"Reta";"Nao";3;0;1;0;2;0;1;2;-26,97284292;-48,68299451;"SPRF-SC";"DEL04-SC";"UOP04-DEL04-SC"
579674;2024-02-07;"quarta-feira";"18:00:00";"RJ";116;89,6;"TERESOPOLIS";"Velocidade Incompatavel";"Colisao com objeto";"Com Vatimas Feridas";"Anoitecer";"Crescente";"Chuva";"Simples";"Curva;Declive                 ";"Nao";1;0;1;0;0;0;1;1;-22,45706098;-42,96221791;"SPRF-RJ";"DEL04-RJ";"UOP01-DEL04-RJ"
579675;2024-02-07;"quarta-feira";"22:00:00";"AL";316;253;"PILAR";"Ausancia de Reacao do condutor";"Saida de leito carrocavel";"Com Vatimas Feridas";"Plena Noite";"Decrescente";"Ceu Claro";"Simples";"Reta";"Nao";2;0;2;0;0;0;2;1;-9,57899213;-35,96164121;"SPRF-AL";"DEL02-AL";"UOP01-DEL02-AL"
579676;2024-02-07;"quarta-feira";"17:30:00";"MS";267;631,6;"PORTO MURTINHO";"Ausancia de Reacao do condutor";"Saida de leito carrocavel";"Com Vatimas Feridas";"Pleno dia";"Crescente";"Nublado";"Simples";"Curva;Declive                 ";"Nao";2;0;1;0;1;0;1;1;-21,75308536;-57,39217129;"SPRF-MS";"DEL05-MS";"UOP01-DEL05-MS"
579677;2024-02-07;"quarta-feira";"18:20:00";"RJ";116;45,8;"TERESOPOLIS";"Velocidade Incompatavel";"Colisao frontal";"Com Vatimas Feridas";"Pleno dia";"Decrescente";"Chuva";"Simples";"Curva";"Nao";3;0;2;0;1;0;2;2;-22,16311405;-42,81414095;"SPRF-RJ";"DEL04-RJ";"UOP01-DEL04-RJ"
579679;2024-02-07;"quarta-feira";"22:40:00";"RN";304;299,2;"MACAIBA";"Pedestre andava na pista";"Tombamento";"Com Vatimas Feridas";"Plena Noite";"Crescente";"Ceu Claro";"Dupla";"Reta";"Nao";3;0;2;0;1;0;2;3;-5,87095859;-35,32359587;"SPRF-RN";"DEL01-RN";"UOP02-DEL01-RN"
579680;2024-02-07;"quarta-feira";"20:20:00";"SC";282;225,9;"LAGES";"Demais falhas mecanicas ou elatricas";"Saida de leito carrocavel";"Com Vatimas Feridas";"Plena Noite";"Crescente";"Nublado";"Simples";"Reta";"Nao";1;0;1;0;0;0;1;1;-27,794176;-50,379559;"SPRF-SC";"DEL05-SC";"UOP02-DEL05-SC"
579682;2024-02-07;"quarta-feira";"20:50:00";"PE";408;84,4;"PAUDALHO";"Acumulo de areia ou detritos sobre o pavimento";"Colisao com objeto";"Com Vatimas Feridas";"Plena Noite";"Decrescente";"Ceu Claro";"Maltipla";"Aclive;Em Obras;Curva         ";"Nao";1;0;1;0;0;0;1;1;-7,954063;-35,107303;"SPRF-PE";"DEL01-PE";"UOP01-DEL01-PE"
579683;2024-02-07;"quarta-feira";"21:10:00";"SC";101;106,6;"PENHA";"Condutor deixou de manter distancia do veiculo da frente";"Colisao traseira";"Com Vatimas Feridas";"Plena Noite";"Crescente";"Nublado";"Maltipla";"Reta";"Nao";3;0;2;0;1;0;2;2;-26,81031601;-48,68293896;"SPRF-SC";"DEL03-SC";"UOP02-DEL03-SC"
579684;2024-02-07;"quarta-feira";"22:30:00";"SC";280;129;"RIO NEGRINHO";"Transitar na contramao";"Colisao frontal";"Com Vatimas Feridas";"Plena Noite";"Crescente";"Ceu Claro";"Simples";"Reta";"Nao";6;0;1;0;5;0;1;2;-26,24586437;-49,52284615;"SPRF-SC";"DEL06-SC";"UOP03-DEL06-SC"
579685;2024-02-07;"quarta-feira";"22:14:00";"BA";367;29,5;"PORTO SEGURO";"Transitar na contramao";"Colisao frontal";"Com Vatimas Feridas";"Plena Noite";"Decrescente";"Ceu Claro";"Simples";"Curva";"Sim";2;0;0;1;0;1;1;2;-16,41635076;-39,11793376;"SPRF-BA";"DEL09-BA";"UOP03-DEL09-BA"
579686;2024-02-07;"quarta-feira";"20:50:00";"RO";364;523;"ARIQUEMES";"Ausancia de Reacao do condutor";"Saida de leito carrocavel";"Com Vatimas Feridas";"Plena Noite";"Decrescente";"Nublado";"Simples";"Reta";"Nao";2;0;1;0;1;0;1;1;-9,85234299;-63,05883787;"SPRF-RO";"DEL03-RO";"UOP01-DEL03-RO"
579687;2024-02-07;"quarta-feira";"23:30:00";"SP";101;50,4;"UBATUBA";"Acessar a via sem observar a presenca dos outros veiculos";"Colisao transversal";"Com Vatimas Feridas";"Plena Noite";"Decrescente";"Ceu Claro";"Simples";"Reta";"Sim";3;0;1;0;2;0;1;2;-23,45627795;-45,07111896;"SPRF-SP";"DEL06-SP";"UOP01-DEL06-SP"
579688;2024-02-07;"quarta-feira";"23:30:00";"TO";153;672;"GURUPI";"Reacao tardia ou ineficiente do condutor";"Atropelamento de Animal";"Com Vatimas Feridas";"Plena Noite";"Crescente";"Ceu Claro";"Dupla";"Reta";"Sim";1;0;1;0;0;0;1;1;-11,72948104;-49,07908783;"SPRF-TO";"DEL01-TO";"UOP02-DEL01-TO"
579689;2024-02-07;"quarta-feira";"23:30:00";"BA";20;145;"SAO DESIDERIO";"Velocidade Incompatavel";"Colisao com objeto";"Com Vatimas Fatais";"Plena Noite";"Crescente";"Chuva";"Simples";"Declive;Curva                 ";"Nao";36;1;0;20;15;0;20;1;-12,682075;-45,931477;"SPRF-BA";"DEL10-BA";"UOP01-DEL10-BA"
579690;2024-02-07;"quarta-feira";"23:40:00";"GO";70;6;"AGUAS LINDAS DE GOIAS";"Condutor deixou de manter distancia do veiculo da frente";"Colisao traseira";"Com Vatimas Feridas";"Plena Noite";"Crescente";"Chuva";"Dupla";"Reta";"Sim";2;0;1;0;1;0;1;2;-15,75683677;-48,25464732;"SPRF-DF";"DEL03-DF";"UOP02-DEL03-DF"
579692;2024-02-07;"quarta-feira";"22:55:00";"PR";277;671,5;"MEDIANEIRA";"Demais falhas mecanicas ou elatricas";"Saida de leito carrocavel";"Com Vatimas Feridas";"Plena Noite";"Crescente";"Ceu Claro";"Dupla";"Reta";"Sim";1;0;0;1;0;0;1;1;-25,28490106;-54,08744898;"SPRF-PR";"DEL05-PR";"UOP02-DEL05-PR"
579693;2024-02-07;"quarta-feira";"22:30:00";"MG";153;206;"FRUTAL";"Ingestao de alcool pelo condutor";"Saida de leito carrocavel";"Com Vatimas Feridas";"Plena Noite";"Decrescente";"Chuva";"Simples";"Reta";"Nao";1;0;1;0;0;0;1;1;-20,04426296;-49,05052728;"SPRF-MG";"DEL13-MG";"UOP02-DEL13-MG"
579694;2024-02-08;"quinta-feira";"00:10:00";"RS";116;232;"ESTANCIA VELHA";"Velocidade Incompatavel";"Colisao com objeto";"Com Vatimas Feridas";"Plena Noite";"Decrescente";"Ceu Claro";"Simples";"Curva";"Nao";2;0;1;0;1;0;1;1;-29,63300002;-51,14325106;"SPRF-RS";"DEL01-RS";"UOP02-DEL01-RS"
579697;2024-02-08;"quinta-feira";"02:00:00";"PR";153;335;"IRATI";"Ausancia de Reacao do condutor";"Tombamento";"Com Vatimas Feridas";"Plena Noite";"Decrescente";"Ceu Claro";"Simples";"Reta";"Sim";1;0;1;0;0;0;1;1;-25,48894141;-50,64508883;"SPRF-PR";"DEL08-PR";"UOP02-DEL08-PR"
579698;2024-02-07;"quarta-feira";"20:50:00";"PE";408;84,4;"PAUDALHO";"Acumulo de areia ou detritos sobre o pavimento";"Queda de ocupante de veiculo";"Com Vatimas Feridas";"Plena Noite";"Decrescente";"Ceu Claro";"Dupla";"Aclive;Em Obras;Curva         ";"Nao";1;0;1;0;0;0;1;1;-7,95123498;-35,10915987;"SPRF-PE";"DEL01-PE";"UOP01-DEL01-PE"
579699;2024-02-08;"quinta-feira";"03:45:00";"GO";153;433;"ANAPOLIS";"Ingestao de alcool pelo condutor";"Colisao com objeto";"Sem Vatimas";"Plena Noite";"Crescente";"Chuva";"Dupla";"Reta";"Sim";1;0;0;0;0;1;0;1;-16,270597;-48,975418;"SPRF-GO";"DEL02-GO";"UOP01-DEL02-GO"
579703;2024-02-07;"quarta-feira";"19:00:00";"MT";163;934;"ITAUBA";"Reacao tardia ou ineficiente do condutor";"Saida de leito carrocavel";"Sem Vatimas";"Plena Noite";"Crescente";"Ceu Claro";"Simples";"Reta";"Nao";1;0;0;0;1;0;0;1;-11,13682296;-55,31295921;"SPRF-MT";"DEL06-MT";"UOP02-DEL06-MT"
579706;2024-02-07;"quarta-feira";"17:20:00";"BA";101;497;"ITABUNA";"Demais falhas mecanicas ou elatricas";"Queda de ocupante de veiculo";"Com Vatimas Feridas";"Pleno dia";"Decrescente";"Ceu Claro";"Simples";"Aclive;Reta                   ";"Nao";1;0;1;0;0;0;1;1;-14,740686;-39,329771;"SPRF-BA";"DEL05-BA";"UOP01-DEL05-BA"
579707;2024-02-08;"quinta-feira";"05:21:00";"TO";153;141;"ARAGUAINA";"Ingestao de alcool pelo condutor";"Atropelamento de Pedestre";"Com Vatimas Fatais";"Amanhecer";"Crescente";"Ceu Claro";"Dupla";"Reta";"Sim";4;1;0;0;1;2;0;3;-7,175959;-48,219548;"SPRF-TO";"DEL02-TO";"UOP01-DEL02-TO"
579708;2024-02-07;"quarta-feira";"23:30:00";"PR";163;267;"TOLEDO";"Condutor deixou de manter distancia do veiculo da frente";"Colisao traseira";"Sem Vatimas";"Plena Noite";"Decrescente";"Ceu Claro";"Dupla";"Reta";"Nao";2;0;0;0;2;0;0;2;-24,6318893;-53,87961212;"SPRF-PR";"DEL06-PR";"UOP02-DEL06-PR"
579710;2024-02-08;"quinta-feira";"06:30:00";"PR";277;560,5;"CASCAVEL";"Avarias e/ou desgaste excessivo no pneu";"Tombamento";"Com Vatimas Feridas";"Pleno dia";"Decrescente";"Ceu Claro";"Simples";"Curva";"Nao";2;0;1;0;1;0;1;1;-25,0690669;-53,20791197;"SPRF-PR";"DEL04-PR";"UOP04-DEL04-PR"
579711;2024-02-08;"quinta-feira";"05:00:00";"GO";60;376;"RIO VERDE";"Animais na Pista";"Colisao com objeto";"Com Vatimas Feridas";"Plena Noite";"Crescente";"Nublado";"Dupla";"Declive";"Nao";1;0;0;1;0;0;1;1;-17,7311;-50,8695;"SPRF-GO";"DEL04-GO";"UOP02-DEL04-GO"
579713;2024-02-08;"quinta-feira";"04:35:00";"RJ";101;187,9;"CASIMIRO DE ABREU";"Reacao tardia ou ineficiente do condutor";"Saida de leito carrocavel";"Com Vatimas Feridas";"Amanhecer";"Crescente";"Ceu Claro";"Simples";"Reta";"Nao";2;0;2;0;0;0;2;1;-22,448856;-42,052364;"SPRF-RJ";"DEL08-RJ";"UOP04-DEL08-RJ"
579714;2024-02-07;"quarta-feira";"22:00:00";"RJ";40;119;"DUQUE DE CAXIAS";"Transitar na contramao";"Colisao frontal";"Com Vatimas Feridas";"Plena Noite";"Decrescente";"Ceu Claro";"Simples";"Curva;Retorno Regulamentado;Vi";"Sim";2;0;1;0;1;0;1;2;-22,76375592;-43,28683062;"SPRF-RJ";"DEL01-RJ";"UOP02-DEL01-RJ"
579715;2024-02-08;"quinta-feira";"05:50:00";"RJ";495;31;"PETROPOLIS";"Condutor Dormindo";"Colisao traseira";"Com Vatimas Feridas";"Pleno dia";"Crescente";"Ceu Claro";"Simples";"Curva";"Nao";4;0;1;0;1;2;1;3;-22,3860498;-43,12652349;"SPRF-RJ";"DEL05-RJ";"UOP02-DEL05-RJ"
579716;2024-02-08;"quinta-feira";"01:20:00";"MG";262;821;"UBERABA";"Avarias e/ou desgaste excessivo no pneu";"Capotamento";"Sem Vatimas";"Plena Noite";"Crescente";"Ceu Claro";"Simples";"Reta";"Nao";1;0;0;0;0;1;0;1;-19,762056;-48,138805;"SPRF-MG";"DEL13-MG";"UOP01-DEL13-MG"
579717;2024-02-08;"quinta-feira";"06:30:00";"MS";163;750;"COXIM";"Demais falhas mecanicas ou elatricas";"Tombamento";"Com Vatimas Feridas";"Amanhecer";"Crescente";"Ceu Claro";"Simples";"Reta;Declive                  ";"Nao";2;0;2;0;0;0;2;1;-18,347344;-54,66531613;"SPRF-MS";"DEL06-MS";"UOP01-DEL06-MS"
579720;2024-02-08;"quinta-feira";"07:40:00";"RS";290;91;"PORTO ALEGRE";"Ausancia de Reacao do condutor";"Colisao traseira";"Com Vatimas Feridas";"Pleno dia";"Crescente";"Ceu Claro";"Simples";"Reta";"Nao";2;0;1;0;1;0;1;2;-29,969055;-51,167439;"SPRF-RS";"DEL01-RS";"UOP01-DEL01-RS"
579721;2024-02-08;"quinta-feira";"07:50:00";"SP";116;210;"GUARULHOS";"Trafegar com motocicleta (ou similar) entre as faixas";"Queda de ocupante de veiculo";"Com Vatimas Feridas";"Pleno dia";"Crescente";"Ceu Claro";"Maltipla";"Reta";"Sim";1;0;1;0;0;0;1;1;-23,42222263;-46,3932771;"SPRF-SP";"DEL01-SP";"UOP01-DEL01-SP"
579722;2024-01-07;"domingo";"09:30:00";"MG";381;429;"SABARA";"Ausancia de Reacao do condutor";"Saida de leito carrocavel";"Com Vatimas Feridas";"Pleno dia";"Crescente";"Ceu Claro";"Simples";"Curva";"Nao";3;0;1;2;0;0;3;1;-19,78663743;-43,71433695;"SPRF-MG";"DEL01-MG";"UOP01-DEL01-MG"
579725;2024-02-08;"quinta-feira";"07:50:00";"RS";472;578;"URUGUAIANA";"Acessar a via sem observar a presenca dos outros veiculos";"Colisao lateral mesmo sentido";"Com Vatimas Feridas";"Pleno dia";"Decrescente";"Ceu Claro";"Simples";"Reta;Interseaao de Vias       ";"Nao";4;0;1;0;3;0;1;2;-29,7671399;-57,018372;"SPRF-RS";"DEL13-RS";"UOP01-DEL13-RS"
579726;2024-02-08;"quinta-feira";"08:00:00";"PR";116;116;"CURITIBA";"Manobra de mudanaa de faixa";"Colisao lateral mesmo sentido";"Com Vatimas Feridas";"Pleno dia";"Decrescente";"Ceu Claro";"Dupla";"Reta;Aclive                   ";"Sim";2;0;1;0;1;0;1;2;-25,55468195;-49,27402397;"SPRF-PR";"DEL01-PR";"UOP03-DEL01-PR"
579729;2024-02-08;"quinta-feira";"08:15:00";"SC";101;201;"SAO JOSE";"Reacao tardia ou ineficiente do condutor";"Tombamento";"Com Vatimas Feridas";"Pleno dia";"Crescente";"Ceu Claro";"Maltipla";"Reta";"Sim";1;0;1;0;0;0;1;1;-27,54836599;-48,61977975;"SPRF-SC";"DEL01-SC";"UOP01-DEL01-SC"
579733;2024-02-08;"quinta-feira";"07:50:00";"PE";101;51;"ABREU E LIMA";"Reacao tardia ou ineficiente do condutor";"Colisao traseira";"Com Vatimas Feridas";"Pleno dia";"Crescente";"Ceu Claro";"Dupla";"Reta";"Sim";3;0;2;0;1;0;2;2;-7,92136;-34,893792;"SPRF-PE";"DEL01-PE";"UOP02-DEL01-PE"
579734;2024-02-08;"quinta-feira";"08:20:00";"MG";50;55,8;"UBERLANDIA";"Ausancia de Reacao do condutor";"Saida de leito carrocavel";"Com Vatimas Feridas";"Pleno dia";"Crescente";"Nublado";"Dupla";"Aclive;Curva                  ";"Nao";1;0;1;0;0;0;1;1;-18,77290538;-48,24124319;"SPRF-MG";"DEL15-MG";"UOP02-DEL15-MG"
579735;2024-02-08;"quinta-feira";"00:20:00";"BA";407;196;"PONTO NOVO";"Manobra de mudanaa de faixa";"Colisao frontal";"Com Vatimas Fatais";"Plena Noite";"Decrescente";"Ceu Claro";"Simples";"Reta";"Nao";2;1;0;0;0;1;0;2;-11,07047818;-40,08305351;"SPRF-BA";"DEL04-BA";"UOP02-DEL04-BA"
579736;2024-02-08;"quinta-feira";"04:10:00";"SC";470;348,9;"CAMPOS NOVOS";"Condutor Dormindo";"Saida de leito carrocavel";"Com Vatimas Feridas";"Amanhecer";"Decrescente";"Ceu Claro";"Simples";"Reta;Aclive                   ";"Nao";2;0;2;0;0;0;2;1;-27,549749;-51,453571;"SPRF-SC";"DEL07-SC";"UOP06-DEL07-SC"
579737;2024-02-08;"quinta-feira";"08:40:00";"PB";101;99,2;"CONDE";"Avarias e/ou desgaste excessivo no pneu";"Tombamento";"Com Vatimas Feridas";"Pleno dia";"Crescente";"Ceu Claro";"Dupla";"Reta";"Sim";2;0;2;0;0;0;2;1;-7,2557332;-34,93469152;"SPRF-PB";"DEL01-PB";"UOP02-DEL01-PB"
579739;2024-01-23;"terça-feira";"18:00:00";"PR";116;10;"CAMPINA GRANDE DO SUL";"Chuva";"Saida de leito carrocavel";"Com Vatimas Feridas";"Anoitecer";"Crescente";"Chuva";"Simples";"Curva";"Nao";3;0;3;0;0;0;3;1;-25,08357197;-48,64281407;"SPRF-PR";"DEL01-PR";"UOP02-DEL01-PR"
579741;2024-02-08;"quinta-feira";"07:20:00";"BA";415;52;"ITABUNA";"Condutor deixou de manter distancia do veiculo da frente";"Colisao lateral mesmo sentido";"Com Vatimas Feridas";"Pleno dia";"Crescente";"Nublado";"Simples";"Reta";"Nao";2;0;1;0;1;0;1;2;-14,843331;-39,334614;"SPRF-BA";"DEL05-BA";"UOP01-DEL05-BA"
579742;2024-02-08;"quinta-feira";"08:01:00";"PR";277;616,5;"CEU AZUL";"Transitar no Acostamento";"Colisao lateral mesmo sentido";"Sem Vatimas";"Pleno dia";"Decrescente";"Sol";"Simples";"Reta;Aclive                   ";"Nao";2;0;0;0;2;0;0;2;-25,074211;-53,678792;"SPRF-PR";"DEL05-PR";"UOP02-DEL05-PR"
579743;2024-02-08;"quinta-feira";"08:30:00";"PR";369;152,7;"LONDRINA";"Manobra de mudanaa de faixa";"Colisao lateral mesmo sentido";"Com Vatimas Feridas";"Pleno dia";"Crescente";"Ceu Claro";"Dupla";"Reta";"Sim";2;0;1;0;1;0;1;2;-23,29257625;-51,18330181;"SPRF-PR";"DEL07-PR";"UOP01-DEL07-PR"
579744;2024-02-08;"quinta-feira";"08:25:00";"ES";101;148;"LINHARES";"Condutor desrespeitou a iluminaaao vermelha do semaforo";"Colisao transversal";"Com Vatimas Feridas";"Pleno dia";"Crescente";"Ceu Claro";"Simples";"Interseaao de Vias;Reta       ";"Sim";3;0;2;0;1;0;2;2;-19,38787399;-40,06752766;"SPRF-ES";"DEL04-ES";"UOP01-DEL04-ES"
579745;2024-02-08;"quinta-feira";"09:00:00";"PR";277;573,5;"CASCAVEL";"Desrespeitar a preferancia no cruzamento";"Colisao transversal";"Com Vatimas Feridas";"Pleno dia";"Crescente";"Ceu Claro";"Simples";"Rotataria";"Nao";5;0;1;0;4;0;1;2;-24,99768825;-53,29726338;"SPRF-PR";"DEL04-PR";"UOP01-DEL04-PR"
579746;2024-02-08;"quinta-feira";"09:00:00";"SP";116;225;"GUARULHOS";"Trafegar com motocicleta (ou similar) entre as faixas";"Colisao traseira";"Com Vatimas Feridas";"Pleno dia";"Crescente";"Sol";"Maltipla";"Aclive;Reta                   ";"Sim";2;0;1;0;1;0;1;2;-23,48586772;-46,54075317;"SPRF-SP";"DEL01-SP";"UOP01-DEL01-SP"
579747;2024-02-08;"quinta-feira";"08:20:00";"PE";104;67;"CARUARU";"Pedestre cruzava a pista fora da faixa";"Atropelamento de Pedestre";"Com Vatimas Feridas";"Pleno dia";"Decrescente";"Ceu Claro";"Dupla";"Reta";"Sim";2;0;1;0;1;0;1;2;-8,3016;-35,9882;"SPRF-PE";"DEL02-PE";"UOP01-DEL02-PE"
579748;2024-02-08;"quinta-feira";"08:10:00";"SC";116;246;"LAGES";"Conversao proibida";"Colisao transversal";"Com Vatimas Feridas";"Pleno dia";"Decrescente";"Ceu Claro";"Simples";"Reta";"Sim";2;0;1;0;1;0;1;2;-27,80419942;-50,36509464;"SPRF-SC";"DEL05-SC";"UOP02-DEL05-SC"
579749;2024-01-30;"terça-feira";"16:00:00";"RO";364;696;"CANDEIAS DO JAMARI";"Reacao tardia ou ineficiente do condutor";"Atropelamento de Pedestre";"Com Vatimas Fatais";"Pleno dia";"Decrescente";"Ceu Claro";"Dupla";"Curva";"Nao";2;1;0;0;1;0;0;2;-8,80046614;-63,734779;"SPRF-RO";"DEL01-RO";"UOP01-DEL01-RO"
579753;2024-02-08;"quinta-feira";"09:20:00";"PR";116;117;"CURITIBA";"Trafegar com motocicleta (ou similar) entre as faixas";"Colisao lateral sentido oposto";"Com Vatimas Feridas";"Pleno dia";"Crescente";"Ceu Claro";"Dupla";"Reta";"Sim";2;0;1;0;1;0;1;2;-25,565966;-49,309424;"SPRF-PR";"DEL01-PR";"UOP03-DEL01-PR"
579756;2024-01-23;"terça-feira";"08:15:00";"RS";116;519,2;"PELOTAS";"Acessar a via sem observar a presenca dos outros veiculos";"Colisao transversal";"Com Vatimas Feridas";"Pleno dia";"Crescente";"Ceu Claro";"Dupla";"Reta";"Sim";2;0;1;0;1;0;1;2;-31,69369368;-52,35458934;"SPRF-RS";"DEL07-RS";"UOP01-DEL07-RS"
579761;2024-02-08;"quinta-feira";"10:10:00";"SE";101;150,8;"ESTANCIA";"Condutor deixou de manter distancia do veiculo da frente";"Colisao traseira";"Sem Vatimas";"Pleno dia";"Crescente";"Ceu Claro";"Simples";"Reta";"Sim";5;0;0;0;5;0;0;3;-11,25101095;-37,4365661;"SPRF-SE";"DEL02-SE";"UOP01-DEL02-SE"
579764;2024-02-08;"quinta-feira";"10:30:00";"SC";101;150;"ITAPEMA";"Condutor deixou de manter distancia do veiculo da frente";"Colisao traseira";"Com Vatimas Feridas";"Pleno dia";"Crescente";"Ceu Claro";"Dupla";"Reta";"Sim";4;0;2;1;1;0;3;2;-27,11744799;-48,60940987;"SPRF-SC";"DEL04-SC";"UOP03-DEL04-SC"
579765;2024-02-08;"quinta-feira";"10:35:00";"SP";116;205;"ARUJA";"Manobra de mudanaa de faixa";"Colisao lateral mesmo sentido";"Com Vatimas Feridas";"Pleno dia";"Crescente";"Ceu Claro";"Maltipla";"Reta;Interseaao de Vias;Em Obr";"Sim";2;0;1;0;1;0;1;2;-23,41475243;-46,36600788;"SPRF-SP";"DEL01-SP";"UOP01-DEL01-SP"
579768;2024-01-27;"sabado";"08:20:00";"RO";364;197;"PIMENTA BUENO";"Manobra de mudanaa de faixa";"Colisao transversal";"Com Vatimas Feridas";"Pleno dia";"Decrescente";"Ignorado";"Simples";"Reta;Interseaao de Vias       ";"Sim";2;0;1;0;0;1;1;2;-11,678991;-61,188049;"SPRF-RO";"DEL02-RO";"UOP02-DEL02-RO"
579769;2024-02-08;"quinta-feira";"10:50:00";"PE";232;127;"CARUARU";"Demais falhas mecanicas ou elatricas";"Queda de ocupante de veiculo";"Com Vatimas Feridas";"Pleno dia";"Crescente";"Ceu Claro";"Dupla";"Reta";"Sim";1;0;1;0;0;0;1;1;-8,30610303;-35,96342301;"SPRF-PE";"DEL02-PE";"UOP01-DEL02-PE"
579771;2024-02-08;"quinta-feira";"11:00:00";"CE";116;20;"ITAITINGA";"Condutor deixou de manter distancia do veiculo da frente";"Colisao traseira";"Com Vatimas Feridas";"Pleno dia";"Crescente";"Ceu Claro";"Dupla";"Reta";"Sim";3;0;1;0;2;0;1;2;-3,92277497;-38,50762327;"SPRF-CE";"DEL01-CE";"UOP02-DEL01-CE"
579772;2024-02-08;"quinta-feira";"10:55:00";"RN";110;46,7;"MOSSORO";"Conversao proibida";"Colisao transversal";"Com Vatimas Feridas";"Pleno dia";"Crescente";"Ceu Claro";"Simples";"Reta";"Sim";2;0;0;1;1;0;1;2;-5,19797675;-37,31839819;"SPRF-RN";"DEL04-RN";"UOP01-DEL04-RN"
579773;2024-02-08;"quinta-feira";"09:30:00";"MT";364;403;"CUIABA";"Condutor deixou de manter distancia do veiculo da frente";"Colisao traseira";"Com Vatimas Feridas";"Pleno dia";"Decrescente";"Nublado";"Maltipla";"Reta";"Sim";2;0;1;0;0;1;1;2;-15,66507402;-55,96307764;"SPRF-MT";"DEL01-MT";"UOP02-DEL01-MT"
579774;2024-02-03;"sabado";"12:50:00";"CE";222;2,6;"FORTALEZA";"Condutor deixou de manter distancia do veiculo da frente";"Colisao lateral mesmo sentido";"Com Vatimas Feridas";"Pleno dia";"Crescente";"Ceu Claro";"Maltipla";"Reta";"Sim";3;0;0;1;2;0;1;3;-3,73911117;-38,58687498;"SPRF-CE";"DEL01-CE";"UOP01-DEL01-CE"