"id";"data_inversa";"dia_semana";"horario";"uf";"br";"km";"municipio";"causa_acidente";"tipo_acidente";"classificacao_acidente";"fase_dia";"sentido_via";"condicao_metereologica";"tipo_pista";"tracado_via";"uso_solo";"pessoas";"mortos";"feridos_leves";"feridos_graves";"ilesos";"ignorados";"feridos";"veiculos";"latitude";"longitude";"regional";"delegacia";"uop"
579775;2024-02-08;"quinta-feira";"11:10:00";"MG";40;246,2;"SAO GONCALO DO ABAETE";"Chuva";"Saida de leito carrocavel";"Com Vatimas Feridas";"Pleno dia";"Crescente";"Chuva";"Simples";"Curva;Declive                 ";"Nao";2;0;2;0;0;0;2;1;-18,10077414;-45,46908824;"SPRF-MG";"DEL14-MG";"UOP02-DEL14-MG"
579776;2024-02-08;"quinta-feira";"10:30:00";"PR";277;724,7;"FOZ DO IGUACU";"Reacao tardia ou ineficiente do condutor";"Colisao traseira";"Com Vatimas Feridas";"Pleno dia";"Crescente";"Ceu Claro";"Dupla";"Reta";"Sim";3;0;1;0;2;0;1;2;-25,50257577;-54,53868311;"SPRF-PR";"DEL05-PR";"UOP03-DEL05-PR"
579777;2024-02-08;"quinta-feira";"12:00:00";"SC";101;127,3;"ITAJAI";"Manobra de mudanaa de faixa";"Colisao traseira";"Com Vatimas Feridas";"Pleno dia";"Crescente";"Ceu Claro";"Dupla";"Reta";"Nao";2;0;1;0;1;0;1;2;-26,9639319;-48,68328024;"SPRF-SC";"DEL04-SC";"UOP04-DEL04-SC"
579781;2024-02-08;"quinta-feira";"12:40:00";"MG";40;570,9;"NOVA LIMA";"Manobra de mudanaa de faixa";"Eventos atapicos";"Sem Vatimas";"Pleno dia";"Crescente";"Nublado";"Simples";"Reta;Em Obras                 ";"Nao";3;0;0;0;3;0;0;2;-20,21286706;-43,97263241;"SPRF-MG";"DEL01-MG";"UOP02-DEL01-MG"
579785;2024-02-08;"quinta-feira";"13:15:00";"PE";232;170,6;"BELO JARDIM";"Ultrapassagem Indevida";"Colisao lateral mesmo sentido";"Com Vatimas Feridas";"Pleno dia";"Decrescente";"Ceu Claro";"Simples";"Reta";"Nao";6;0;2;0;4;0;2;3;-8,342068;-36,347474;"SPRF-PE";"DEL03-PE";"UOP02-DEL03-PE"
579787;2024-02-08;"quinta-feira";"12:45:00";"PR";277;331;"GUARAPUAVA";"Acessar a via sem observar a presenca dos outros veiculos";"Colisao transversal";"Com Vatimas Feridas";"Pleno dia";"Decrescente";"Nublado";"Simples";"Declive";"Nao";3;0;2;0;1;0;2;2;-25,35238874;-51,36745691;"SPRF-PR";"DEL08-PR";"UOP01-DEL08-PR"
579788;2024-02-08;"quinta-feira";"10:05:00";"PR";277;729,9;"FOZ DO IGUACU";"Manobra de mudanaa de faixa";"Colisao lateral mesmo sentido";"Com Vatimas Feridas";"Pleno dia";"Decrescente";"Ceu Claro";"Dupla";"Reta";"Sim";2;0;2;0;0;0;2;2;-25,50805905;-54,59205687;"SPRF-PR";"DEL05-PR";"UOP03-DEL05-PR"
579792;2024-02-08;"quinta-feira";"06:30:00";"MG";116;477,4;"DOM CAVATI";"Reacao tardia ou ineficiente do condutor";"Queda de ocupante de veiculo";"Com Vatimas Feridas";"Pleno dia";"Crescente";"Ceu Claro";"Simples";"Reta";"Sim";1;0;1;0;0;0;1;1;-19,37019526;-42,10279969;"SPRF-MG";"DEL06-MG";"UOP02-DEL06-MG"
579794;2024-02-08;"quinta-feira";"14:10:00";"RN";101;85;"NATAL";"Reacao tardia ou ineficiente do condutor";"Colisao traseira";"Sem Vatimas";"Pleno dia";"Crescente";"Ceu Claro";"Maltipla";"Reta;Declive;Viaduto          ";"Sim";2;0;0;0;2;0;0;2;-5,7710445;-35,26616981;"SPRF-RN";"DEL02-RN";"UOP01-DEL02-RN"
579795;2024-02-08;"quinta-feira";"14:20:00";"RS";101;22;"TRES CACHOEIRAS";"Acessar a via sem observar a presenca dos outros veiculos";"Colisao traseira";"Com Vatimas Feridas";"Pleno dia";"Decrescente";"Ceu Claro";"Dupla";"Curva";"Sim";2;0;1;0;1;0;1;2;-29,4398072;-49,90113887;"SPRF-RS";"DEL03-RS";"UOP02-DEL03-RS"
579796;2024-02-08;"quinta-feira";"14:15:00";"BA";324;517;"FEIRA DE SANTANA";"Conversao proibida";"Colisao transversal";"Com Vatimas Feridas";"Pleno dia";"Decrescente";"Ceu Claro";"Simples";"Interseaao de Vias;Reta       ";"Sim";2;0;1;0;1;0;1;2;-12,250596;-38,933081;"SPRF-BA";"DEL02-BA";"UOP01-DEL02-BA"
579797;2024-02-08;"quinta-feira";"14:35:00";"SC";470;55,3;"BLUMENAU";"Reacao tardia ou ineficiente do condutor";"Colisao transversal";"Com Vatimas Feridas";"Pleno dia";"Decrescente";"Ceu Claro";"Simples";"Reta";"Sim";2;0;1;0;1;0;1;2;-26,8764249;-49,1226012;"SPRF-SC";"DEL04-SC";"UOP01-DEL04-SC"
579799;2024-01-06;"sabado";"17:00:00";"BA";324;614;"SALVADOR";"Transitar na contramao";"Colisao frontal";"Com Vatimas Feridas";"Pleno dia";"Decrescente";"Ceu Claro";"Simples";"Reta";"Sim";2;0;0;1;1;0;1;2;-12,8639793;-38,42370126;"SPRF-BA";"DEL01-BA";"UOP01-DEL01-BA"
579804;2024-02-08;"quinta-feira";"15:30:00";"SE";101;13;"CEDRO DE SAO JOAO";"Reacao tardia ou ineficiente do condutor";"Tombamento";"Com Vatimas Feridas";"Pleno dia";"Decrescente";"Ceu Claro";"Dupla";"Reta";"Nao";1;0;0;1;0;0;1;1;-10,30352286;-36,88758029;"SPRF-SE";"DEL02-SE";"UOP02-DEL02-SE"
579805;2024-02-08;"quinta-feira";"15:20:00";"RS";116;268,6;"CANOAS";"Condutor deixou de manter distancia do veiculo da frente";"Colisao traseira";"Com Vatimas Feridas";"Pleno dia";"Crescente";"Ceu Claro";"Dupla";"Reta";"Sim";2;0;0;1;1;0;1;2;-29,95042502;-51,17652939;"SPRF-RS";"DEL01-RS";"UOP01-DEL01-RS"
579806;2024-02-08;"quinta-feira";"15:35:00";"PR";277;662,3;"MEDIANEIRA";"Reacao tardia ou ineficiente do condutor";"Saida de leito carrocavel";"Sem Vatimas";"Pleno dia";"Crescente";"Sol";"Dupla";"Curva";"Nao";1;0;0;0;0;1;0;1;-25,25069298;-54,01200771;"SPRF-PR";"DEL05-PR";"UOP02-DEL05-PR"
579810;2024-02-08;"quinta-feira";"16:00:00";"SP";116;228;"SAO PAULO";"Ausancia de Reacao do condutor";"Colisao com objeto";"Com Vatimas Feridas";"Pleno dia";"Decrescente";"Ceu Claro";"Dupla";"Reta";"Sim";1;0;1;0;0;0;1;1;-23,506536;-46,570156;"SPRF-SP";"DEL01-SP";"UOP01-DEL01-SP"
579815;2024-02-08;"quinta-feira";"16:30:00";"GO";153;497,7;"GOIANIA";"Reacao tardia ou ineficiente do condutor";"Tombamento";"Com Vatimas Feridas";"Pleno dia";"Decrescente";"Nublado";"Dupla";"Declive";"Nao";1;0;0;1;0;0;1;1;-16,6854;-49,2338;"SPRF-GO";"DEL01-GO";"UOP01-DEL01-GO"
579816;2024-02-08;"quinta-feira";"17:00:00";"PR";116;135;"MANDIRITUBA";"Avarias e/ou desgaste excessivo no pneu";"Capotamento";"Com Vatimas Feridas";"Pleno dia";"Crescente";"Ceu Claro";"Dupla";"Reta";"Nao";4;0;2;2;0;0;4;1;-25,73453139;-49,31761622;"SPRF-PR";"DEL01-PR";"UOP03-DEL01-PR"
579817;2024-02-08;"quinta-feira";"15:30:00";"SC";470;61,9;"BLUMENAU";"Reacao tardia ou ineficiente do condutor";"Tombamento";"Com Vatimas Feridas";"Pleno dia";"Crescente";"Ceu Claro";"Simples";"Curva";"Sim";1;0;1;0;0;0;1;1;-26,878952;-49,17421;"SPRF-SC";"DEL04-SC";"UOP01-DEL04-SC"
579818;2024-01-27;"sabado";"22:20:00";"ES";101;67;"SAO MATEUS";"Ingestao de alcool pelo condutor";"Colisao traseira";"Com Vatimas Fatais";"Plena Noite";"Crescente";"Chuva";"Dupla";"Reta";"Sim";2;1;0;0;1;0;0;2;-18,72054021;-39,8658931;"SPRF-ES";"DEL04-ES";"UOP02-DEL04-ES"
579819;2024-02-08;"quinta-feira";"17:15:00";"MG";251;507;"MONTES CLAROS";"Ausancia de Reacao do condutor";"Saida de leito carrocavel";"Com Vatimas Feridas";"Pleno dia";"Crescente";"Chuva";"Simples";"Curva";"Nao";1;0;1;0;0;0;1;1;-16,62566493;-43,69317517;"SPRF-MG";"DEL12-MG";"UOP01-DEL12-MG"
579820;2024-02-08;"quinta-feira";"14:30:00";"RJ";116;294;"BARRA MANSA";"Reacao tardia ou ineficiente do condutor";"Colisao com objeto";"Com Vatimas Feridas";"Pleno dia";"Crescente";"Ceu Claro";"Dupla";"Reta";"Nao";1;0;0;1;0;0;1;1;-22,45429053;-44,30084012;"SPRF-RJ";"DEL07-RJ";"UOP02-DEL07-RJ"
579823;2024-02-08;"quinta-feira";"16:15:00";"PE";428;191,5;"PETROLINA";"Retorno proibido";"Colisao lateral mesmo sentido";"Com Vatimas Feridas";"Pleno dia";"Decrescente";"Sol";"Dupla";"Reta";"Sim";2;0;1;0;0;1;1;2;-9,384295;-40,519215;"SPRF-PE";"DEL06-PE";"UOP01-DEL06-PE"
579824;2024-02-08;"quinta-feira";"16:40:00";"PE";101;66;"RECIFE";"Pedestre - Ingestao de alcool/ substancias psicoativas";"Atropelamento de Pedestre";"Com Vatimas Feridas";"Pleno dia";"Crescente";"Ceu Claro";"Dupla";"Reta";"Sim";2;0;1;0;0;1;1;2;-8,03368534;-34,94184125;"SPRF-PE";"DEL01-PE";"UOP01-DEL01-PE"
579825;2024-02-08;"quinta-feira";"17:35:00";"PE";407;121,8;"PETROLINA";"Acessar a via sem observar a presenca dos outros veiculos";"Colisao transversal";"Com Vatimas Feridas";"Anoitecer";"Decrescente";"Ceu Claro";"Simples";"Reta";"Sim";2;0;0;1;1;0;1;2;-9,314647;-40,57336;"SPRF-PE";"DEL06-PE";"UOP01-DEL06-PE"
579827;2024-02-08;"quinta-feira";"17:05:00";"PR";116;111;"CURITIBA";"Reacao tardia ou ineficiente do condutor";"Tombamento";"Com Vatimas Feridas";"Pleno dia";"Crescente";"Ceu Claro";"Dupla";"Reta";"Sim";2;0;1;0;1;0;1;1;-25,56885181;-49,22724597;"SPRF-PR";"DEL01-PR";"UOP07-DEL01-PR"
579828;2024-02-08;"quinta-feira";"17:20:00";"RJ";116;188;"NOVA IGUACU";"Manobra de mudanaa de faixa";"Queda de ocupante de veiculo";"Com Vatimas Feridas";"Pleno dia";"Crescente";"Ceu Claro";"Dupla";"Reta";"Sim";1;0;1;0;0;0;1;1;-22,7380709;-43,48213999;"SPRF-RJ";"DEL06-RJ";"UOP01-DEL06-RJ"
579831;2024-02-08;"quinta-feira";"17:00:00";"SP";116;285;"ITAPECERICA DA SERRA";"Ausancia de Reacao do condutor";"Colisao com objeto";"Com Vatimas Feridas";"Pleno dia";"Decrescente";"Ceu Claro";"Dupla";"Curva;Viaduto                 ";"Sim";1;0;0;1;0;0;1;1;-23,70407794;-46,87249709;"SPRF-SP";"DEL04-SP";"UOP01-DEL04-SP"
579834;2024-02-08;"quinta-feira";"16:30:00";"RJ";101;407;"ITAGUAI";"Ingestao de alcool pelo condutor";"Colisao com objeto";"Com Vatimas Feridas";"Pleno dia";"Crescente";"Nublado";"Dupla";"Reta";"Sim";1;0;1;0;0;0;1;1;-22,87672058;-43,81631971;"SPRF-RJ";"DEL03-RJ";"UOP01-DEL03-RJ"
579835;2024-02-08;"quinta-feira";"18:10:00";"PR";116;116;"CURITIBA";"Condutor deixou de manter distancia do veiculo da frente";"Colisao traseira";"Com Vatimas Feridas";"Pleno dia";"Crescente";"Ceu Claro";"Maltipla";"Reta";"Sim";2;0;1;0;1;0;1;2;-25,54610055;-49,29471016;"SPRF-PR";"DEL01-PR";"UOP03-DEL01-PR"
579839;2024-02-08;"quinta-feira";"17:15:00";"SC";101;195,3;"BIGUACU";"Reacao tardia ou ineficiente do condutor";"Queda de ocupante de veiculo";"Com Vatimas Feridas";"Pleno dia";"Crescente";"Ceu Claro";"Maltipla";"Reta";"Sim";2;0;1;0;1;0;1;1;-27,5047092;-48,65010819;"SPRF-SC";"DEL01-SC";"UOP01-DEL01-SC"
579843;2024-02-08;"quinta-feira";"16:00:00";"PB";230;351,5;"PATOS";"Mal sabito do condutor";"Tombamento";"Com Vatimas Feridas";"Pleno dia";"Decrescente";"Ceu Claro";"Simples";"Curva";"Nao";1;0;0;1;0;0;1;1;-6,9485;-37,398;"SPRF-PB";"DEL03-PB";"UOP01-DEL03-PB"
579845;2024-02-08;"quinta-feira";"17:28:00";"SP";116;133,6;"CACAPAVA";"Ausancia de Reacao do condutor";"Colisao traseira";"Com Vatimas Feridas";"Pleno dia";"Decrescente";"Ceu Claro";"Dupla";"Aclive;Reta                   ";"Sim";3;0;1;0;2;0;1;2;-23,1359564;-45,7532708;"SPRF-SP";"DEL02-SP";"UOP02-DEL02-SP"
579846;2024-02-08;"quinta-feira";"17:15:00";"SC";470;153,6;"AGRONOMICA";"Acessar a via sem observar a presenca dos outros veiculos";"Colisao transversal";"Com Vatimas Feridas";"Pleno dia";"Decrescente";"Nublado";"Simples";"Reta";"Nao";2;0;1;0;1;0;1;2;-27,27539513;-49,74316478;"SPRF-SC";"DEL04-SC";"UOP02-DEL04-SC"
579847;2024-02-08;"quinta-feira";"18:00:00";"BA";415;51;"ITABUNA";"Animais na Pista";"Atropelamento de Animal";"Com Vatimas Feridas";"Anoitecer";"Crescente";"Chuva";"Simples";"Declive";"Nao";1;0;1;0;0;0;1;1;-14,835485;-39,32356;"SPRF-BA";"DEL05-BA";"UOP01-DEL05-BA"
579849;2024-02-08;"quinta-feira";"14:00:00";"MG";381;627;"OLIVEIRA";"Ausancia de Reacao do condutor";"Saida de leito carrocavel";"Com Vatimas Feridas";"Pleno dia";"Crescente";"Chuva";"Dupla";"Reta";"Nao";1;0;1;0;0;0;1;1;-20,82916917;-44,81714594;"SPRF-MG";"DEL04-MG";"UOP01-DEL04-MG"
579851;2024-02-08;"quinta-feira";"18:30:00";"RJ";101;457,9;"ANGRA DOS REIS";"Conversao proibida";"Colisao transversal";"Com Vatimas Fatais";"Pleno dia";"Decrescente";"Nublado";"Simples";"Reta";"Nao";6;1;0;1;3;1;1;4;-23,0372935;-44,18369651;"SPRF-RJ";"DEL03-RJ";"UOP03-DEL03-RJ"
579852;2024-02-08;"quinta-feira";"19:10:00";"GO";40;0,2;"VALPARAISO DE GOIAS";"Pista Escorregadia";"Queda de ocupante de veiculo";"Com Vatimas Feridas";"Plena Noite";"Crescente";"Nublado";"Dupla";"Reta";"Sim";1;0;0;1;0;0;1;1;-16,058273;-47,982655;"SPRF-DF";"DEL01-DF";"UOP01-DEL01-DF"
579853;2024-02-08;"quinta-feira";"18:40:00";"RS";386;362;"BOM RETIRO DO SUL";"Acessar a via sem observar a presenca dos outros veiculos";"Colisao transversal";"Com Vatimas Feridas";"Pleno dia";"Crescente";"Ceu Claro";"Dupla";"Rotataria;Reta                ";"Nao";8;0;1;0;7;0;1;2;-29,557457;-51,891541;"SPRF-RS";"DEL04-RS";"UOP01-DEL04-RS"
579854;2024-02-08;"quinta-feira";"19:10:00";"PR";376;621;"SAO JOSE DOS PINHAIS";"Reacao tardia ou ineficiente do condutor";"Tombamento";"Com Vatimas Feridas";"Plena Noite";"Crescente";"Ceu Claro";"Maltipla";"Reta";"Sim";2;0;1;0;0;1;1;2;-25,61783292;-49,1690968;"SPRF-PR";"DEL01-PR";"UOP04-DEL01-PR"
579855;2024-02-08;"quinta-feira";"19:00:00";"PI";343;312;"ALTOS";"Transitar no Acostamento";"Colisao lateral sentido oposto";"Com Vatimas Feridas";"Plena Noite";"Decrescente";"Ceu Claro";"Simples";"Reta";"Nao";2;0;2;0;0;0;2;2;-5,041864;-42,502338;"SPRF-PI";"DEL01-PI";"UOP01-DEL01-PI"
579856;2024-02-08;"quinta-feira";"18:00:00";"SC";101;331;"TUBARAO";"Acessar a via sem observar a presenca dos outros veiculos";"Colisao transversal";"Com Vatimas Feridas";"Pleno dia";"Decrescente";"Ceu Claro";"Simples";"Reta";"Sim";2;0;1;0;1;0;1;2;-28,45567521;-48,9812689;"SPRF-SC";"DEL02-SC";"UOP01-DEL02-SC"
579858;2024-02-08;"quinta-feira";"19:11:00";"SP";116;150;"SAO JOSE DOS CAMPOS";"Manobra de mudanaa de faixa";"Colisao lateral mesmo sentido";"Sem Vatimas";"Plena Noite";"Decrescente";"Ceu Claro";"Dupla";"Ponte";"Sim";2;0;0;0;2;0;0;2;-23,21335525;-45,8930588;"SPRF-SP";"DEL02-SP";"UOP01-DEL02-SP"
579860;2024-02-08;"quinta-feira";"19:30:00";"SC";101;166;"TIJUCAS";"Demais falhas mecanicas ou elatricas";"Incendio";"Sem Vatimas";"Plena Noite";"Crescente";"Ceu Claro";"Dupla";"Reta";"Nao";1;0;0;0;1;0;0;1;-27,26147697;-48,63180349;"SPRF-SC";"DEL04-SC";"UOP03-DEL04-SC"
579861;2024-02-08;"quinta-feira";"19:35:00";"SC";101;157;"PORTO BELO";"Ausancia de Reacao do condutor";"Colisao lateral mesmo sentido";"Com Vatimas Feridas";"Plena Noite";"Decrescente";"Ceu Claro";"Dupla";"Reta";"Sim";2;0;1;0;1;0;1;2;-27,181625;-48,6121179;"SPRF-SC";"DEL04-SC";"UOP03-DEL04-SC"
579864;2024-02-08;"quinta-feira";"20:00:00";"SC";101;211;"PALHOCA";"Demais falhas mecanicas ou elatricas";"Incendio";"Sem Vatimas";"Plena Noite";"Crescente";"Nublado";"Maltipla";"Reta";"Nao";1;0;0;0;0;1;0;1;-27,62329313;-48,65245588;"SPRF-SC";"DEL01-SC";"UOP02-DEL01-SC"
579865;2024-02-08;"quinta-feira";"14:48:00";"GO";364;177;"JATAI";"Chuva";"Saida de leito carrocavel";"Com Vatimas Feridas";"Pleno dia";"Crescente";"Chuva";"Simples";"Curva";"Nao";2;0;2;0;0;0;2;1;-17,978823;-51,584515;"SPRF-GO";"DEL05-GO";"UOP01-DEL05-GO"
579866;2024-02-08;"quinta-feira";"13:00:00";"PI";316;316;"PICOS";"Acessar a via sem observar a presenca dos outros veiculos";"Colisao transversal";"Com Vatimas Feridas";"Pleno dia";"Crescente";"Ceu Claro";"Simples";"Interseaao de Vias";"Nao";4;0;1;0;3;0;1;2;-7,08133721;-41,42347604;"SPRF-PI";"DEL04-PI";"UOP01-DEL04-PI"
579869;2024-02-08;"quinta-feira";"18:50:00";"MG";365;75,2;"JEQUITAI";"Animais na Pista";"Atropelamento de Animal";"Com Vatimas Feridas";"Plena Noite";"Crescente";"Nublado";"Simples";"Reta";"Nao";2;0;1;0;1;0;1;1;-17,12484702;-44,35297493;"SPRF-MG";"DEL12-MG";"UOP01-DEL12-MG"
579871;2024-02-08;"quinta-feira";"20:00:00";"PE";423;67,3;"CAETES";"Animais na Pista";"Queda de ocupante de veiculo";"Com Vatimas Fatais";"Plena Noite";"Decrescente";"Ceu Claro";"Simples";"Reta";"Nao";1;1;0;0;0;0;0;1;-8,7678719;-36,636154;"SPRF-PE";"DEL03-PE";"UOP01-DEL03-PE"
579872;2024-02-08;"quinta-feira";"17:30:00";"PI";343;311;"ALTOS";"Animais na Pista";"Atropelamento de Animal";"Com Vatimas Feridas";"Pleno dia";"Crescente";"Ceu Claro";"Simples";"Reta";"Nao";2;0;2;0;0;0;2;1;-5,040052;-42,496544;"SPRF-PI";"DEL01-PI";"UOP01-DEL01-PI"
579873;2024-02-08;"quinta-feira";"21:30:00";"CE";116;4;"FORTALEZA";"Manobra de mudanaa de faixa";"Colisao lateral mesmo sentido";"Sem Vatimas";"Plena Noite";"Crescente";"Ceu Claro";"Dupla";"Reta";"Sim";2;0;0;0;2;0;0;2;-3,78678304;-38,51158619;"SPRF-CE";"DEL01-CE";"UOP02-DEL01-CE"
579876;2024-02-08;"quinta-feira";"21:10:00";"PB";230;73;"SOBRADO";"Velocidade Incompatavel";"Colisao com objeto";"Com Vatimas Fatais";"Plena Noite";"Crescente";"Ceu Claro";"Dupla";"Curva";"Nao";1;1;0;0;0;0;0;1;-7,18958614;-35,26003686;"SPRF-PB";"DEL01-PB";"UOP03-DEL01-PB"
579877;2024-02-08;"quinta-feira";"20:55:00";"SP";153;174;"GUAICARA";"Acesso irregular";"Colisao lateral mesmo sentido";"Com Vatimas Feridas";"Plena Noite";"Crescente";"Ceu Claro";"Simples";"Interseaao de Vias";"Nao";2;0;1;0;1;0;1;2;-21,62412004;-49,7872237;"SPRF-SP";"DEL07-SP";"UOP01-DEL07-SP"
579878;2024-02-08;"quinta-feira";"21:30:00";"GO";60;106;"ANAPOLIS";"Chuva";"Tombamento";"Com Vatimas Feridas";"Plena Noite";"Decrescente";"Chuva";"Dupla";"Reta";"Nao";1;0;1;0;0;0;1;1;-16,4232;-49,0134;"SPRF-GO";"DEL02-GO";"UOP01-DEL02-GO"
579879;2024-02-08;"quinta-feira";"16:30:00";"PI";316;121;"ELESBAO VELOSO";"Chuva";"Colisao traseira";"Com Vatimas Feridas";"Pleno dia";"Crescente";"Chuva";"Simples";"Reta";"Nao";7;0;1;0;6;0;1;2;-5,95778605;-42,35339605;"SPRF-PI";"DEL04-PI";"UOP02-DEL04-PI"
579880;2024-02-08;"quinta-feira";"22:00:00";"RS";290;13,8;"SANTO ANTONIO DA PATRULHA";"Entrada inopinada do pedestre";"Atropelamento de Pedestre";"Com Vatimas Fatais";"Plena Noite";"Decrescente";"Ceu Claro";"Maltipla";"Reta";"Nao";3;1;0;0;2;0;0;2;-29,869283;-50,399584;"SPRF-RS";"DEL03-RS";"UOP01-DEL03-RS"
579881;2024-02-08;"quinta-feira";"20:55:00";"SC";280;127;"RIO NEGRINHO";"Acessar a via sem observar a presenca dos outros veiculos";"Colisao transversal";"Com Vatimas Feridas";"Plena Noite";"Decrescente";"Ceu Claro";"Simples";"Interseaao de Vias";"Sim";2;0;1;0;1;0;1;2;-26,23943953;-49,50420708;"SPRF-SC";"DEL06-SC";"UOP03-DEL06-SC"
579882;2024-02-08;"quinta-feira";"20:55:00";"GO";40;15;"LUZIANIA";"Ausancia de Reacao do condutor";"Queda de ocupante de veiculo";"Com Vatimas Feridas";"Plena Noite";"Decrescente";"Nublado";"Dupla";"Reta";"Sim";1;0;1;0;0;0;1;1;-16,1671;-47,930161;"SPRF-DF";"DEL01-DF";"UOP01-DEL01-DF"
579884;2024-02-08;"quinta-feira";"21:15:00";"GO";50;280;"CATALAO";"Acessar a via sem observar a presenca dos outros veiculos";"Colisao transversal";"Com Vatimas Feridas";"Plena Noite";"Crescente";"Garoa/Chuvisco";"Simples";"Interseaao de Vias";"Sim";3;0;1;0;2;0;1;2;-18,1784;-47,9362;"SPRF-GO";"DEL06-GO";"UOP01-DEL06-GO"
579885;2024-02-08;"quinta-feira";"21:10:00";"GO";60;380;"RIO VERDE";"Ausancia de Reacao do condutor";"Saida de leito carrocavel";"Com Vatimas Feridas";"Plena Noite";"Decrescente";"Chuva";"Dupla";"Retorno Regulamentado";"Nao";1;0;1;0;0;0;1;1;-17,7646;-50,8822;"SPRF-GO";"DEL04-GO";"UOP02-DEL04-GO"
579886;2024-02-08;"quinta-feira";"22:28:00";"RS";116;237,5;"NOVO HAMBURGO";"Reacao tardia ou ineficiente do condutor";"Atropelamento de Pedestre";"Com Vatimas Feridas";"Plena Noite";"Decrescente";"Ceu Claro";"Dupla";"Reta";"Sim";5;0;0;1;3;1;1;2;-29,67839398;-51,1422266;"SPRF-RS";"DEL01-RS";"UOP02-DEL01-RS"
579887;2024-02-08;"quinta-feira";"21:30:00";"SC";116;212;"PONTE ALTA";"Ausancia de Reacao do condutor";"Colisao frontal";"Com Vatimas Feridas";"Plena Noite";"Decrescente";"Chuva";"Simples";"Curva";"Nao";3;0;0;1;2;0;1;2;-27,51778688;-50,36501884;"SPRF-SC";"DEL05-SC";"UOP03-DEL05-SC"
579888;2024-02-08;"quinta-feira";"21:55:00";"MS";262;324;"CAMPO GRANDE";"Condutor desrespeitou a iluminaaao vermelha do semaforo";"Colisao transversal";"Com Vatimas Feridas";"Plena Noite";"Crescente";"Ceu Claro";"Dupla";"Reta";"Sim";5;0;1;0;4;0;1;2;-20,4686491;-54,51559;"SPRF-MS";"DEL01-MS";"UOP01-DEL01-MS"
579891;2024-02-08;"quinta-feira";"22:30:00";"RS";101;7;"TORRES";"Acessar a via sem observar a presenca dos outros veiculos";"Colisao traseira";"Com Vatimas Feridas";"Plena Noite";"Crescente";"Ceu Claro";"Dupla";"Em Obras;Reta;Retorno Regulame";"Nao";2;0;1;0;0;1;1;2;-29,35316509;-49,8000133;"SPRF-RS";"DEL03-RS";"UOP02-DEL03-RS"
579892;2024-02-08;"quinta-feira";"19:20:00";"MG";381;753;"TRES CORACOES";"Avarias e/ou desgaste excessivo no pneu";"Colisao com objeto";"Com Vatimas Feridas";"Plena Noite";"Crescente";"Nublado";"Dupla";"Reta";"Sim";1;0;0;1;0;0;1;1;-21,67856574;-45,34113742;"SPRF-MG";"DEL16-MG";"UOP02-DEL16-MG"
579894;2024-02-08;"quinta-feira";"23:30:00";"MG";50;176,2;"UBERABA";"Entrada inopinada do pedestre";"Atropelamento de Pedestre";"Com Vatimas Fatais";"Plena Noite";"Crescente";"Nublado";"Maltipla";"Reta";"Nao";5;1;0;0;4;0;0;2;-19,77919981;-47,960032;"SPRF-MG";"DEL13-MG";"UOP01-DEL13-MG"
579896;2024-02-08;"quinta-feira";"22:35:00";"RO";364;63;"PORTO VELHO";"Acessar a via sem observar a presenca dos outros veiculos";"Colisao lateral mesmo sentido";"Com Vatimas Feridas";"Plena Noite";"Crescente";"Ceu Claro";"Dupla";"Reta";"Sim";2;0;1;0;1;0;1;2;-8,75772731;-63,88599873;"SPRF-RO";"DEL04-RO";"UOP01-DEL04-RO"
579897;2024-02-08;"quinta-feira";"23:30:00";"RJ";116;177;"NOVA IGUACU";"Avarias e/ou desgaste excessivo no pneu";"Queda de ocupante de veiculo";"Com Vatimas Feridas";"Plena Noite";"Decrescente";"Ceu Claro";"Dupla";"Reta";"Nao";2;0;0;1;1;0;1;1;-22,78055198;-43,39208599;"SPRF-RJ";"DEL06-RJ";"UOP01-DEL06-RJ"
579898;2024-02-09;"sexta-feira";"00:20:00";"SC";101;217;"PALHOCA";"Demais falhas mecanicas ou elatricas";"Tombamento";"Com Vatimas Feridas";"Plena Noite";"Crescente";"Garoa/Chuvisco";"Dupla";"Reta";"Nao";2;0;1;0;1;0;1;1;-27,66779034;-48,67393586;"SPRF-SC";"DEL01-SC";"UOP02-DEL01-SC"
579899;2024-02-08;"quinta-feira";"22:00:00";"MS";60;183,1;"CAMAPUA";"Transitar na contramao";"Colisao lateral sentido oposto";"Com Vatimas Feridas";"Plena Noite";"Decrescente";"Nublado";"Simples";"Reta";"Nao";5;0;1;0;4;0;1;2;-19,5273655;-53,93374297;"SPRF-MS";"DEL06-MS";"UOP02-DEL06-MS"
579901;2024-02-08;"quinta-feira";"23:50:00";"SC";116;84,4;"MONTE CASTELO";"Chuva";"Colisao com objeto";"Sem Vatimas";"Plena Noite";"Decrescente";"Garoa/Chuvisco";"Simples";"Declive;Reta                  ";"Nao";1;0;0;0;0;1;0;1;-26,59235699;-50,22426607;"SPRF-SC";"DEL06-SC";"UOP02-DEL06-SC"
579902;2024-02-09;"sexta-feira";"00:30:00";"SC";101;327;"CAPIVARI DE BAIXO";"Acumulo de areia ou detritos sobre o pavimento";"Tombamento";"Com Vatimas Feridas";"Plena Noite";"Decrescente";"Ceu Claro";"Dupla";"Rotataria;Interseaao de Vias;V";"Sim";2;0;2;0;0;0;2;1;-28,43023306;-48,95205197;"SPRF-SC";"DEL02-SC";"UOP01-DEL02-SC"