"id";"data_inversa";"dia_semana";"horario";"uf";"br";"km";"municipio";"causa_acidente";"tipo_acidente";"classificacao_acidente";"fase_dia";"sentido_via";"condicao_metereologica";"tipo_pista";"tracado_via";"uso_solo";"pessoas";"mortos";"feridos_leves";"feridos_graves";"ilesos";"ignorados";"feridos";"veiculos";"latitude";"longitude";"regional";"delegacia";"uop"
580119;2024-02-09;"sexta-feira";"20:47:00";"PI";316;6;"TERESINA";"Reacao tardia ou ineficiente do condutor";"Colisao traseira";"Sem Vatimas";"Plena Noite";"Crescente";"Chuva";"Dupla";"Reta";"Sim";2;0;0;0;1;1;0;2;-5,14702095;-42,77438982;"SPRF-PI";"DEL01-PI";"UOP02-DEL01-PI"
580120;2024-02-09;"sexta-feira";"22:05:00";"AL";104;9,5;"SAO JOSE DA LAJE";"Condutor deixou de manter distancia do veiculo da frente";"Colisao traseira";"Com Vatimas Feridas";"Plena Noite";"Decrescente";"Ceu Claro";"Simples";"Aclive;Curva                  ";"Nao";4;0;4;0;0;0;4;2;-8,97108463;-36,01804588;"SPRF-AL";"DEL01-AL";"UOP02-DEL01-AL"
580121;2024-02-09;"sexta-feira";"22:15:00";"PR";369;157,1;"LONDRINA";"Velocidade Incompatavel";"Atropelamento de Pedestre";"Com Vatimas Feridas";"Plena Noite";"Decrescente";"Nublado";"Dupla";"Reta";"Sim";3;0;2;0;0;1;2;2;-23,28733;-51,226846;"SPRF-PR";"DEL07-PR";"UOP01-DEL07-PR"
580122;2024-02-09;"sexta-feira";"22:40:00";"SP";116;139,4;"SAO JOSE DOS CAMPOS";"Manobra de mudanaa de faixa";"Queda de ocupante de veiculo";"Com Vatimas Feridas";"Plena Noite";"Decrescente";"Ceu Claro";"Dupla";"Reta";"Sim";3;0;1;1;0;1;2;2;-23,16153216;-45,80400592;"SPRF-SP";"DEL02-SP";"UOP01-DEL02-SP"
580124;2024-02-09;"sexta-feira";"21:00:00";"PI";343;593;"FLORIANO";"Reacao tardia ou ineficiente do condutor";"Tombamento";"Com Vatimas Feridas";"Plena Noite";"Crescente";"Ceu Claro";"Simples";"Reta";"Sim";1;0;1;0;0;0;1;1;-6,781913;-43,038273;"SPRF-PI";"DEL03-PI";"UOP01-DEL03-PI"
580125;2024-02-09;"sexta-feira";"23:45:00";"MG";262;36;"MANHUACU";"Conversao proibida";"Colisao lateral mesmo sentido";"Com Vatimas Feridas";"Pleno dia";"Crescente";"Ceu Claro";"Simples";"Curva";"Sim";2;0;1;0;1;0;1;2;-20,25932046;-42,02298331;"SPRF-MG";"DEL06-MG";"UOP03-DEL06-MG"
580126;2024-02-09;"sexta-feira";"21:30:00";"DF";60;3;"BRASILIA";"Reacao tardia ou ineficiente do condutor";"Tombamento";"Com Vatimas Feridas";"Plena Noite";"Crescente";"Chuva";"Dupla";"Reta;Retorno Regulamentado    ";"Sim";2;0;1;1;0;0;2;1;-15,89034582;-48,08731301;"SPRF-DF";"DEL03-DF";"UOP01-DEL03-DF"
580127;2024-02-09;"sexta-feira";"10:15:00";"RJ";101;295;"ITABORAI";"Condutor deixou de manter distancia do veiculo da frente";"Colisao lateral mesmo sentido";"Com Vatimas Feridas";"Pleno dia";"Decrescente";"Ceu Claro";"Dupla";"Reta";"Sim";2;0;1;0;1;0;1;2;-22,76365068;-42,90223623;"SPRF-RJ";"DEL02-RJ";"UOP02-DEL02-RJ"
580128;2024-02-09;"sexta-feira";"20:10:00";"BA";101;230;"SAPEACU";"Estacionar ou parar em local proibido";"Colisao traseira";"Com Vatimas Fatais";"Plena Noite";"Decrescente";"Nublado";"Simples";"Aclive;Reta                   ";"Nao";5;1;0;1;3;0;1;2;-12,83551106;-39,20129659;"SPRF-BA";"DEL01-BA";"UOP02-DEL01-BA"
580130;2024-02-09;"sexta-feira";"23:50:00";"GO";153;413;"PIRENOPOLIS";"Chuva";"Colisao com objeto";"Com Vatimas Feridas";"Plena Noite";"Crescente";"Chuva";"Simples";"Ponte;Declive                 ";"Nao";3;0;1;1;1;0;2;1;-16,119982;-49,036469;"SPRF-GO";"DEL02-GO";"UOP02-DEL02-GO"
580131;2024-02-09;"sexta-feira";"21:00:00";"MT";163;743;"SORRISO";"Chuva";"Saida de leito carrocavel";"Com Vatimas Feridas";"Plena Noite";"Decrescente";"Chuva";"Simples";"Reta";"Nao";1;0;1;0;0;0;1;1;-12,72348109;-55,82831683;"SPRF-MT";"DEL06-MT";"UOP01-DEL06-MT"
580132;2024-02-09;"sexta-feira";"22:40:00";"SC";101;209,5;"SAO JOSE";"Trafegar com motocicleta (ou similar) entre as faixas";"Colisao lateral mesmo sentido";"Com Vatimas Feridas";"Plena Noite";"Crescente";"Garoa/Chuvisco";"Simples";"Interseaao de Vias";"Sim";2;0;1;0;0;1;1;2;-27,61000542;-48,63895057;"SPRF-SC";"DEL01-SC";"UOP01-DEL01-SC"
580133;2024-02-09;"sexta-feira";"22:40:00";"SC";101;325;"CAPIVARI DE BAIXO";"Avarias e/ou desgaste excessivo no pneu";"Tombamento";"Com Vatimas Feridas";"Plena Noite";"Decrescente";"Ceu Claro";"Dupla";"Reta";"Nao";2;0;2;0;0;0;2;1;-28,42516271;-48,93259193;"SPRF-SC";"DEL02-SC";"UOP01-DEL02-SC"
580134;2024-02-10;"sabado";"00:00:00";"RJ";101;72,1;"CAMPOS DOS GOYTACAZES";"Entrada inopinada do pedestre";"Atropelamento de Pedestre";"Com Vatimas Feridas";"Plena Noite";"Decrescente";"Nublado";"Simples";"Reta";"Nao";2;0;1;0;1;0;1;2;-21,798874;-41,393955;"SPRF-RJ";"DEL08-RJ";"UOP02-DEL08-RJ"
580137;2024-02-09;"sexta-feira";"23:40:00";"BA";101;525;"BUERAREMA";"Reacao tardia ou ineficiente do condutor";"Colisao lateral sentido oposto";"Com Vatimas Feridas";"Plena Noite";"Crescente";"Chuva";"Simples";"Reta";"Nao";11;0;1;0;10;0;1;2;-14,97582686;-39,32690621;"SPRF-BA";"DEL05-BA";"UOP01-DEL05-BA"
580139;2024-02-09;"sexta-feira";"16:00:00";"RJ";393;106,5;"SAPUCAIA";"Condutor deixou de manter distancia do veiculo da frente";"Colisao traseira";"Sem Vatimas";"Pleno dia";"Decrescente";"Ceu Claro";"Simples";"Reta";"Sim";2;0;0;0;2;0;0;2;-21,87764485;-42,67025797;"SPRF-RJ";"DEL05-RJ";"UOP01-DEL05-RJ"
580140;2024-02-09;"sexta-feira";"22:09:00";"AC";364;136;"RIO BRANCO";"Acessar a via sem observar a presenca dos outros veiculos";"Colisao transversal";"Com Vatimas Feridas";"Plena Noite";"Crescente";"Nublado";"Dupla";"Reta";"Sim";2;0;1;0;1;0;1;2;-9,98588117;-67,84523538;"SPRF-AC";"DEL01-AC";"UOP01-DEL01-AC"
580141;2024-02-09;"sexta-feira";"20:10:00";"MT";163;758;"SORRISO";"Ausancia de Reacao do condutor";"Capotamento";"Sem Vatimas";"Plena Noite";"Decrescente";"Garoa/Chuvisco";"Dupla";"Curva";"Nao";1;0;0;0;0;1;0;1;-12,50739195;-55,69229364;"SPRF-MT";"DEL06-MT";"UOP01-DEL06-MT"
580142;2024-02-09;"sexta-feira";"23:50:00";"RS";290;23;"SANTO ANTONIO DA PATRULHA";"Reacao tardia ou ineficiente do condutor";"Colisao lateral mesmo sentido";"Com Vatimas Feridas";"Plena Noite";"Decrescente";"Ceu Claro";"Dupla";"Reta";"Nao";1;0;1;0;0;0;1;1;-29,885357;-50,484364;"SPRF-RS";"DEL03-RS";"UOP01-DEL03-RS"
580145;2024-02-09;"sexta-feira";"22:25:00";"PI";NA;NA;"CRISTINO CASTRO";"Pista Escorregadia";"Saida de leito carrocavel";"Sem Vatimas";"Plena Noite";"Nao Informado";"Nublado";"Simples";"Reta;Interseaao de Vias       ";"Sim";3;0;0;0;3;0;0;1;-8,82244098;-44,22439098;"SPRF-PI";"DEL03-PI";"UOP02-DEL03-PI"
580147;2024-02-09;"sexta-feira";"23:50:00";"PR";277;167;"PALMEIRA";"Reacao tardia ou ineficiente do condutor";"Queda de ocupante de veiculo";"Com Vatimas Feridas";"Plena Noite";"Decrescente";"Ceu Claro";"Simples";"Reta";"Sim";2;0;1;0;0;1;1;2;-25,46815033;-49,9043132;"SPRF-PR";"DEL03-PR";"UOP03-DEL03-PR"
580148;2024-02-10;"sabado";"01:50:00";"SC";101;212;"PALHOCA";"Pedestre cruzava a pista fora da faixa";"Atropelamento de Pedestre";"Sem Vatimas";"Plena Noite";"Decrescente";"Ceu Claro";"Dupla";"Reta";"Sim";2;0;0;0;1;1;0;2;-27,62996929;-48,65903871;"SPRF-SC";"DEL01-SC";"UOP02-DEL01-SC"
580149;2024-02-10;"sabado";"01:23:00";"ES";101;292;"CARIACICA";"Ausancia de Reacao do condutor";"Saida de leito carrocavel";"Sem Vatimas";"Plena Noite";"Decrescente";"Ceu Claro";"Simples";"Reta";"Nao";1;0;0;0;0;1;0;1;-20,30650512;-40,39488717;"SPRF-ES";"DEL01-ES";"UOP01-DEL01-ES"
580150;2024-02-10;"sabado";"01:29:00";"PE";428;187;"PETROLINA";"Ingestao de alcool pelo condutor";"Queda de ocupante de veiculo";"Com Vatimas Feridas";"Plena Noite";"Crescente";"Ceu Claro";"Dupla";"Reta";"Sim";1;0;1;0;0;0;1;1;-9,35604301;-40,47854198;"SPRF-PE";"DEL06-PE";"UOP01-DEL06-PE"
580151;2024-02-10;"sabado";"01:30:00";"RS";116;269;"CANOAS";"Acumulo de aleo sobre o pavimento";"Tombamento";"Com Vatimas Feridas";"Plena Noite";"Decrescente";"Ceu Claro";"Dupla";"Reta";"Sim";2;0;1;0;1;0;1;1;-29,95942501;-51,17608515;"SPRF-RS";"DEL01-RS";"UOP01-DEL01-RS"
580152;2024-02-10;"sabado";"01:30:00";"AL";104;87;"RIO LARGO";"Animais na Pista";"Atropelamento de Animal";"Com Vatimas Fatais";"Plena Noite";"Crescente";"Nublado";"Dupla";"Reta";"Sim";1;1;0;0;0;0;0;1;-9,47532901;-35,82160002;"SPRF-AL";"DEL01-AL";"UOP01-DEL01-AL"
580153;2024-02-10;"sabado";"01:55:00";"RS";290;612;"ALEGRETE";"Reacao tardia ou ineficiente do condutor";"Saida de leito carrocavel";"Com Vatimas Feridas";"Plena Noite";"Crescente";"Ceu Claro";"Simples";"Reta";"Nao";4;0;1;0;3;0;1;1;-29,927664;-56,064651;"SPRF-RS";"DEL13-RS";"UOP02-DEL13-RS"
580154;2024-02-10;"sabado";"02:35:00";"SP";116;418;"JUQUIA";"Trafegar com motocicleta (ou similar) entre as faixas";"Capotamento";"Com Vatimas Feridas";"Plena Noite";"Crescente";"Ceu Claro";"Dupla";"Reta";"Nao";5;0;3;0;2;0;3;1;-24,353607;-47,659347;"SPRF-SP";"DEL05-SP";"UOP01-DEL05-SP"
580155;2024-02-10;"sabado";"02:45:00";"SP";153;64;"SAO JOSE DO RIO PRETO";"Ingestao de alcool pelo condutor";"Colisao com objeto";"Com Vatimas Feridas";"Plena Noite";"Crescente";"Ceu Claro";"Dupla";"Reta";"Sim";1;0;1;0;0;0;1;1;-20,82919401;-49,36046325;"SPRF-SP";"DEL09-SP";"UOP01-DEL09-SP"
580156;2024-02-10;"sabado";"01:40:00";"PR";277;721,8;"FOZ DO IGUACU";"Ingestao de alcool pelo condutor";"Colisao traseira";"Com Vatimas Feridas";"Plena Noite";"Crescente";"Ceu Claro";"Dupla";"Reta";"Sim";3;0;1;0;2;0;1;2;-25,4911505;-54,51185421;"SPRF-PR";"DEL05-PR";"UOP03-DEL05-PR"
580157;2024-02-10;"sabado";"02:30:00";"SP";153;281,8;"OCAUCU";"Ausancia de Reacao do condutor";"Saida de leito carrocavel";"Sem Vatimas";"Plena Noite";"Decrescente";"Nublado";"Simples";"Reta";"Nao";1;0;0;0;1;0;0;1;-22,42209985;-49,86000837;"SPRF-SP";"DEL07-SP";"UOP02-DEL07-SP"
580160;2024-02-10;"sabado";"03:00:00";"PR";277;7,5;"PARANAGUA";"Mal sabito do condutor";"Saida de leito carrocavel";"Com Vatimas Feridas";"Plena Noite";"Decrescente";"Nublado";"Dupla";"Reta";"Nao";1;0;1;0;0;0;1;1;-25,562173;-48,587989;"SPRF-PR";"DEL01-PR";"UOP05-DEL01-PR"
580161;2024-02-10;"sabado";"03:15:00";"RJ";116;84;"TERESOPOLIS";"Reacao tardia ou ineficiente do condutor";"Colisao lateral mesmo sentido";"Com Vatimas Feridas";"Amanhecer";"Crescente";"Nublado";"Simples";"Reta";"Sim";3;0;1;0;1;1;1;2;-22,4226117;-42,95115115;"SPRF-RJ";"DEL04-RJ";"UOP01-DEL04-RJ"
580163;2024-02-10;"sabado";"03:50:00";"RS";290;721;"URUGUAIANA";"Ausancia de Reacao do condutor";"Saida de leito carrocavel";"Com Vatimas Fatais";"Plena Noite";"Crescente";"Ceu Claro";"Dupla";"Rotataria;Curva               ";"Nao";1;1;0;0;0;0;0;1;-29,758587;-57,060295;"SPRF-RS";"DEL13-RS";"UOP01-DEL13-RS"
580164;2024-02-10;"sabado";"03:53:00";"PE";232;247;"ARCOVERDE";"Animais na Pista";"Atropelamento de Animal";"Sem Vatimas";"Plena Noite";"Crescente";"Ceu Claro";"Simples";"Aclive;Reta                   ";"Nao";1;0;0;0;1;0;0;1;-8,42267285;-37,02554205;"SPRF-PE";"DEL04-PE";"UOP02-DEL04-PE"
580165;2024-02-10;"sabado";"04:00:00";"MG";364;10,6;"FRUTAL";"Transitar na contramao";"Colisao frontal";"Com Vatimas Feridas";"Plena Noite";"Decrescente";"Ceu Claro";"Simples";"Reta";"Nao";2;0;0;1;0;1;1;2;-20,025185;-48,94096;"SPRF-MG";"DEL13-MG";"UOP02-DEL13-MG"
580168;2024-02-10;"sabado";"04:10:00";"MA";135;8;"SAO LUIS";"Ingestao de alcool pelo condutor";"Colisao traseira";"Sem Vatimas";"Plena Noite";"Crescente";"Chuva";"Dupla";"Reta";"Sim";2;0;0;0;2;0;0;2;-2,64342093;-44,27374175;"SPRF-MA";"DEL01-MA";"UOP01-DEL01-MA"
580169;2024-02-10;"sabado";"04:00:00";"MG";354;750;"ITANHANDU";"Ingestao de alcool pelo condutor";"Saida de leito carrocavel";"Com Vatimas Feridas";"Plena Noite";"Decrescente";"Nevoeiro/Neblina";"Simples";"Aclive;Curva                  ";"Nao";1;0;1;0;0;0;1;1;-22,28077569;-44,87170669;"SPRF-MG";"DEL17-MG";"UOP01-DEL17-MG"
580170;2024-02-10;"sabado";"02:40:00";"RJ";116;105;"GUAPIMIRIM";"Demais falhas mecanicas ou elatricas";"Incendio";"Sem Vatimas";"Plena Noite";"Decrescente";"Ceu Claro";"Dupla";"Reta";"Nao";1;0;0;0;1;0;0;1;-22,51502902;-43,00052292;"SPRF-RJ";"DEL04-RJ";"UOP01-DEL04-RJ"
580172;2024-02-10;"sabado";"03:45:00";"RS";470;171;"VERANOPOLIS";"Transitar na contramao";"Colisao frontal";"Com Vatimas Feridas";"Plena Noite";"Crescente";"Ceu Claro";"Simples";"Reta";"Nao";4;0;3;0;1;0;3;2;-28,89298552;-51,55086637;"SPRF-RS";"DEL06-RS";"UOP02-DEL06-RS"
580173;2024-02-10;"sabado";"05:55:00";"RS";392;5,6;"RIO GRANDE";"Acumulo de aleo sobre o pavimento";"Colisao frontal";"Com Vatimas Feridas";"Amanhecer";"Decrescente";"Nublado";"Simples";"Reta";"Sim";6;0;5;0;1;0;5;2;-32,07687877;-52,10166627;"SPRF-RS";"DEL07-RS";"UOP02-DEL07-RS"
580175;2024-02-10;"sabado";"06:05:00";"RS";116;231;"ESTANCIA VELHA";"Transitar na contramao";"Colisao transversal";"Com Vatimas Fatais";"Amanhecer";"Decrescente";"Ceu Claro";"Simples";"Declive;Curva                 ";"Nao";4;1;2;1;0;0;3;2;-29,6282532;-51,14263415;"SPRF-RS";"DEL01-RS";"UOP02-DEL01-RS"
580176;2024-02-10;"sabado";"01:05:00";"MG";50;179;"UBERABA";"Pista esburacada";"Colisao lateral mesmo sentido";"Com Vatimas Feridas";"Plena Noite";"Crescente";"Ceu Claro";"Dupla";"Reta";"Sim";5;0;4;0;1;0;4;2;-19,77827047;-47,93140998;"SPRF-MG";"DEL13-MG";"UOP01-DEL13-MG"
580177;2024-02-10;"sabado";"05:45:00";"PR";277;632,5;"CEU AZUL";"Ultrapassagem Indevida";"Tombamento";"Com Vatimas Feridas";"Amanhecer";"Decrescente";"Ceu Claro";"Simples";"Reta;Rotataria                ";"Nao";2;0;2;0;0;0;2;1;-25,12477093;-53,81575584;"SPRF-PR";"DEL05-PR";"UOP02-DEL05-PR"
580178;2024-02-09;"sexta-feira";"22:40:00";"MS";262;5;"TRES LAGOAS";"Desrespeitar a preferancia no cruzamento";"Colisao transversal";"Com Vatimas Feridas";"Plena Noite";"Crescente";"Nublado";"Dupla";"Rotataria";"Sim";2;0;1;0;1;0;1;2;-20,78175479;-51,67011738;"SPRF-MS";"DEL07-MS";"UOP01-DEL07-MS"
580183;2024-02-10;"sabado";"04:30:00";"MT";364;400;"CUIABA";"Acessar a via sem observar a presenca dos outros veiculos";"Colisao transversal";"Com Vatimas Fatais";"Amanhecer";"Crescente";"Ceu Claro";"Dupla";"Reta";"Nao";2;1;0;0;1;0;0;2;-15,67919104;-55,92995102;"SPRF-MT";"DEL01-MT";"UOP02-DEL01-MT"
580184;2024-02-10;"sabado";"05:40:00";"PE";232;7,8;"JABOATAO DOS GUARARAPES";"Trafegar com motocicleta (ou similar) entre as faixas";"Colisao lateral mesmo sentido";"Sem Vatimas";"Pleno dia";"Decrescente";"Ceu Claro";"Maltipla";"Reta";"Sim";2;0;0;0;1;1;0;2;-8,07566;-34,96841;"SPRF-PE";"DEL01-PE";"UOP01-DEL01-PE"
580185;2024-02-10;"sabado";"05:35:00";"SC";282;578,2;"PINHALZINHO";"Transitar na contramao";"Colisao lateral sentido oposto";"Com Vatimas Feridas";"Amanhecer";"Crescente";"Ceu Claro";"Simples";"Curva";"Sim";1;0;1;0;0;0;1;1;-26,838364;-52,985279;"SPRF-SC";"DEL07-SC";"UOP02-DEL07-SC"
580186;2024-01-28;"domingo";"09:45:00";"GO";60;456;"JATAI";"Ausancia de Reacao do condutor";"Saida de leito carrocavel";"Com Vatimas Feridas";"Pleno dia";"Crescente";"Ceu Claro";"Dupla";"Reta";"Nao";1;0;1;0;0;0;1;1;-17,8666;-51,5789;"SPRF-GO";"DEL05-GO";"UOP01-DEL05-GO"
580188;2024-02-09;"sexta-feira";"19:00:00";"PI";135;636;"CRISTALANDIA DO PIAUI";"Reacao tardia ou ineficiente do condutor";"Saida de leito carrocavel";"Com Vatimas Feridas";"Plena Noite";"Crescente";"Chuva";"Simples";"Reta;Aclive                   ";"Nao";2;0;2;0;0;0;2;1;-10,79785607;-45,16192163;"SPRF-PI";"DEL03-PI";"UOP02-DEL03-PI"
580189;2024-02-10;"sabado";"01:50:00";"SC";470;61,3;"BLUMENAU";"Reacao tardia ou ineficiente do condutor";"Saida de leito carrocavel";"Sem Vatimas";"Plena Noite";"Crescente";"Ceu Claro";"Simples";"Curva";"Nao";1;0;0;0;0;1;0;1;-26,878952;-49,17421;"SPRF-SC";"DEL04-SC";"UOP01-DEL04-SC"
580193;2024-02-10;"sabado";"06:30:00";"SC";101;407,3;"ARARANGUA";"Acessar a via sem observar a presenca dos outros veiculos";"Colisao lateral mesmo sentido";"Sem Vatimas";"Pleno dia";"Decrescente";"Ceu Claro";"Maltipla";"Interseaao de Vias;Reta       ";"Nao";2;0;0;0;0;2;0;2;-28,9173;-49,488151;"SPRF-SC";"DEL02-SC";"UOP02-DEL02-SC"
580196;2024-02-10;"sabado";"07:30:00";"BA";135;163;"BARREIRAS";"Chuva";"Colisao com objeto";"Com Vatimas Feridas";"Pleno dia";"Crescente";"Chuva";"Simples";"Reta";"Nao";2;0;1;1;0;0;2;1;-12,01523273;-44,94727418;"SPRF-BA";"DEL08-BA";"UOP04-DEL08-BA"
580198;2024-02-10;"sabado";"00:52:00";"DF";251;11;"BRASILIA";"Chuva";"Colisao com objeto";"Com Vatimas Feridas";"Plena Noite";"Crescente";"Chuva";"Simples";"Reta;Interseaao de Vias;Rotata";"Nao";3;0;2;0;0;1;2;1;-15,969707;-47,586941;"SPRF-DF";"DEL01-DF";"UOP01-DEL01-DF"
580199;2024-02-10;"sabado";"06:30:00";"PR";277;97,3;"CURITIBA";"Ausancia de Reacao do condutor";"Saida de leito carrocavel";"Sem Vatimas";"Pleno dia";"Crescente";"Sol";"Dupla";"Aclive;Reta                   ";"Sim";2;0;0;0;0;2;0;2;-25,43036629;-49,34398955;"SPRF-PR";"DEL01-PR";"UOP06-DEL01-PR"
580200;2024-02-10;"sabado";"08:25:00";"RN";406;159;"CEARA-MIRIM";"Chuva";"Queda de ocupante de veiculo";"Com Vatimas Feridas";"Pleno dia";"Crescente";"Chuva";"Simples";"Reta";"Sim";2;0;0;2;0;0;2;1;-5,7065959;-35,37766687;"SPRF-RN";"DEL02-RN";"UOP01-DEL02-RN"
580202;2024-02-10;"sabado";"07:40:00";"DF";20;6,7;"BRASILIA";"Ingestao de alcool pelo condutor";"Saida de leito carrocavel";"Sem Vatimas";"Pleno dia";"Crescente";"Chuva";"Dupla";"Aclive;Reta                   ";"Sim";1;0;0;0;1;0;0;1;-15,665888;-47,808308;"SPRF-DF";"DEL02-DF";"UOP01-DEL02-DF"
580205;2024-02-10;"sabado";"06:30:00";"RO";364;341;"JI-PARANA";"Ausancia de Reacao do condutor";"Colisao traseira";"Com Vatimas Feridas";"Amanhecer";"Crescente";"Ceu Claro";"Simples";"Reta;Aclive                   ";"Sim";2;0;1;0;0;1;1;2;-10,88987987;-61,93126772;"SPRF-RO";"DEL02-RO";"UOP01-DEL02-RO"
580206;2024-02-10;"sabado";"07:30:00";"MG";40;509;"RIBEIRAO DAS NEVES";"Condutor deixou de manter distancia do veiculo da frente";"Colisao traseira";"Com Vatimas Feridas";"Pleno dia";"Decrescente";"Ceu Claro";"Dupla";"Reta";"Sim";2;0;0;1;1;0;1;2;-19,76728744;-44,12855905;"SPRF-MG";"DEL01-MG";"UOP02-DEL01-MG"
580209;2024-02-10;"sabado";"08:50:00";"GO";40;0,9;"VALPARAISO DE GOIAS";"Manobra de mudanaa de faixa";"Colisao traseira";"Com Vatimas Feridas";"Pleno dia";"Decrescente";"Nublado";"Dupla";"Reta";"Sim";2;0;1;0;1;0;1;2;-16,058273;-47,982655;"SPRF-DF";"DEL01-DF";"UOP01-DEL01-DF"
580211;2024-02-10;"sabado";"03:50:00";"RJ";116;233;"PIRAI";"Condutor Dormindo";"Colisao com objeto";"Com Vatimas Feridas";"Amanhecer";"Decrescente";"Nevoeiro/Neblina";"Maltipla";"Curva";"Nao";1;0;1;0;0;0;1;1;-22,66355363;-43,84062168;"SPRF-RJ";"DEL07-RJ";"UOP01-DEL07-RJ"
580212;2024-02-10;"sabado";"07:00:00";"MS";158;81,3;"PARANAIBA";"Reacao tardia ou ineficiente do condutor";"Saida de leito carrocavel";"Com Vatimas Feridas";"Pleno dia";"Decrescente";"Sol";"Simples";"Reta;Declive                  ";"Nao";2;0;1;0;0;1;1;2;-19,57253109;-51,23791112;"SPRF-MS";"DEL08-MS";"UOP01-DEL08-MS"
580213;2024-02-10;"sabado";"08:30:00";"RJ";101;535;"PARATY";"Desrespeitar a preferancia no cruzamento";"Colisao transversal";"Com Vatimas Feridas";"Pleno dia";"Crescente";"Ceu Claro";"Simples";"Reta";"Nao";3;0;1;1;1;0;2;2;-23,03389803;-44,55267499;"SPRF-RJ";"DEL03-RJ";"UOP04-DEL03-RJ"
580214;2024-02-10;"sabado";"08:40:00";"PR";116;51;"CAMPINA GRANDE DO SUL";"Avarias e/ou desgaste excessivo no pneu";"Saida de leito carrocavel";"Com Vatimas Feridas";"Pleno dia";"Decrescente";"Ceu Claro";"Dupla";"Curva";"Nao";2;0;1;0;1;0;1;1;-25,24249703;-48,90292205;"SPRF-PR";"DEL01-PR";"UOP02-DEL01-PR"
580215;2024-02-10;"sabado";"07:15:00";"MG";50;177,4;"UBERABA";"Acessar a via sem observar a presenca dos outros veiculos";"Colisao traseira";"Com Vatimas Fatais";"Pleno dia";"Crescente";"Sol";"Dupla";"Reta;Declive                  ";"Sim";2;1;1;0;0;0;1;2;-19,77914852;-47,95047701;"SPRF-MG";"DEL13-MG";"UOP01-DEL13-MG"
580216;2024-02-10;"sabado";"09:00:00";"SP";101;45;"UBATUBA";"Acessar a via sem observar a presenca dos outros veiculos";"Colisao transversal";"Com Vatimas Feridas";"Pleno dia";"Crescente";"Ceu Claro";"Simples";"Interseaao de Vias";"Sim";3;0;2;0;1;0;2;2;-23,42073014;-45,07075131;"SPRF-SP";"DEL06-SP";"UOP01-DEL06-SP"
580217;2024-02-10;"sabado";"08:20:00";"SC";280;26;"ARAQUARI";"Acessar a via sem observar a presenca dos outros veiculos";"Colisao transversal";"Sem Vatimas";"Pleno dia";"Crescente";"Ceu Claro";"Simples";"Reta";"Sim";3;0;0;0;3;0;0;2;-26,38972308;-48,73411593;"SPRF-SC";"DEL03-SC";"UOP03-DEL03-SC"
580218;2024-02-10;"sabado";"08:04:00";"MT";364;390;"CUIABA";"Reacao tardia ou ineficiente do condutor";"Colisao com objeto";"Sem Vatimas";"Pleno dia";"Decrescente";"Ceu Claro";"Dupla";"Curva";"Nao";3;0;0;0;3;0;0;1;-15,70146652;-55,854652;"SPRF-MT";"DEL01-MT";"UOP02-DEL01-MT"
580219;2024-02-10;"sabado";"08:50:00";"MG";381;486;"BETIM";"Ausancia de Reacao do condutor";"Engavetamento";"Com Vatimas Feridas";"Pleno dia";"Crescente";"Ceu Claro";"Maltipla";"Reta";"Sim";7;0;5;0;2;0;5;4;-19,95644414;-44,13611598;"SPRF-MG";"DEL01-MG";"UOP03-DEL01-MG"
580223;2024-02-10;"sabado";"08:30:00";"MG";262;460;"ARAUJOS";"Condutor deixou de manter distancia do veiculo da frente";"Colisao traseira";"Com Vatimas Feridas";"Pleno dia";"Crescente";"Ceu Claro";"Simples";"Reta";"Nao";4;0;3;0;1;0;3;2;-19,82719122;-45,07371312;"SPRF-MG";"DEL08-MG";"UOP03-DEL08-MG"
580224;2024-02-10;"sabado";"09:10:00";"SC";282;20;"PALHOCA";"Velocidade Incompatavel";"Queda de ocupante de veiculo";"Com Vatimas Feridas";"Pleno dia";"Crescente";"Sol";"Simples";"Reta;Declive                  ";"Nao";1;0;1;0;0;0;1;1;-27,68503868;-48,71166229;"SPRF-SC";"DEL01-SC";"UOP02-DEL01-SC"
580226;2024-02-10;"sabado";"10:20:00";"PR";277;62;"SAO JOSE DOS PINHAIS";"Reacao tardia ou ineficiente do condutor";"Colisao traseira";"Com Vatimas Feridas";"Pleno dia";"Decrescente";"Ceu Claro";"Dupla";"Reta";"Nao";3;0;1;0;2;0;1;2;-25,56498129;-49,00825813;"SPRF-PR";"DEL01-PR";"UOP01-DEL01-PR"
580229;2024-02-10;"sabado";"09:50:00";"SP";116;222;"GUARULHOS";"Mal sabito do condutor";"Saida de leito carrocavel";"Com Vatimas Fatais";"Pleno dia";"Crescente";"Ceu Claro";"Dupla";"Reta";"Sim";1;1;0;0;0;0;0;1;-23,47093408;-46,51631097;"SPRF-SP";"DEL01-SP";"UOP01-DEL01-SP"
580231;2024-02-10;"sabado";"08:49:00";"TO";153;643;"ALIANCA DO TOCANTINS";"Demais falhas mecanicas ou elatricas";"Queda de ocupante de veiculo";"Com Vatimas Feridas";"Pleno dia";"Decrescente";"Chuva";"Simples";"Reta";"Nao";1;0;1;0;0;0;1;1;-11,47437216;-48,99808252;"SPRF-TO";"DEL01-TO";"UOP02-DEL01-TO"