"id";"data_inversa";"dia_semana";"horario";"uf";"br";"km";"municipio";"causa_acidente";"tipo_acidente";"classificacao_acidente";"fase_dia";"sentido_via";"condicao_metereologica";"tipo_pista";"tracado_via";"uso_solo";"pessoas";"mortos";"feridos_leves";"feridos_graves";"ilesos";"ignorados";"feridos";"veiculos";"latitude";"longitude";"regional";"delegacia";"uop"
580331;2024-02-10;"sabado";"16:00:00";"AM";174;918;"MANAUS";"Demais falhas mecanicas ou elatricas";"Queda de ocupante de veiculo";"Com Vatimas Feridas";"Pleno dia";"Decrescente";"Ceu Claro";"Simples";"Aclive;Reta                   ";"Nao";2;0;1;1;0;0;2;1;-2,67437803;-60,04620579;"SPRF-AM";"DEL01-AM";"UOP01-DEL01-AM"
580332;2024-02-10;"sabado";"18:20:00";"BA";324;567;"SAO SEBASTIAO DO PASSE";"Condutor deixou de manter distancia do veiculo da frente";"Colisao traseira";"Com Vatimas Feridas";"Anoitecer";"Crescente";"Ceu Claro";"Dupla";"Reta";"Nao";2;0;1;0;1;0;1;2;-12,529901;-38,603207;"SPRF-BA";"DEL01-BA";"UOP01-DEL01-BA"
580333;2024-02-10;"sabado";"18:20:00";"RS";290;25;"SANTO ANTONIO DA PATRULHA";"Ingestao de alcool pelo condutor";"Colisao traseira";"Sem Vatimas";"Pleno dia";"Decrescente";"Sol";"Dupla";"Reta";"Nao";2;0;0;0;2;0;0;2;-29,880203;-50,503971;"SPRF-RS";"DEL03-RS";"UOP01-DEL03-RS"
580334;2024-02-10;"sabado";"18:00:00";"RJ";101;424;"MANGARATIBA";"Reacao tardia ou ineficiente do condutor";"Colisao frontal";"Com Vatimas Feridas";"Pleno dia";"Crescente";"Ceu Claro";"Simples";"Reta";"Nao";3;0;0;2;1;0;2;2;-22,92127842;-43,95599173;"SPRF-RJ";"DEL03-RJ";"UOP02-DEL03-RJ"
580335;2024-02-10;"sabado";"16:44:00";"MG";381;671,5;"PERDOES";"Reacao tardia ou ineficiente do condutor";"Saida de leito carrocavel";"Com Vatimas Feridas";"Pleno dia";"Crescente";"Ceu Claro";"Dupla";"Curva;Declive                 ";"Nao";3;0;2;0;1;0;2;1;-21,08945416;-45,06864195;"SPRF-MG";"DEL04-MG";"UOP02-DEL04-MG"
580336;2024-02-10;"sabado";"18:00:00";"SC";101;330,3;"TUBARAO";"Avarias e/ou desgaste excessivo no pneu";"Tombamento";"Com Vatimas Feridas";"Pleno dia";"Decrescente";"Ceu Claro";"Maltipla";"Reta";"Nao";2;0;2;0;0;0;2;1;-28,45115639;-48,97286879;"SPRF-SC";"DEL02-SC";"UOP01-DEL02-SC"
580338;2024-02-10;"sabado";"18:35:00";"PR";369;432;"UBIRATA";"Demais falhas mecanicas ou elatricas";"Incendio";"Sem Vatimas";"Anoitecer";"Crescente";"Sol";"Simples";"Reta";"Sim";2;0;0;0;2;0;0;1;-24,557064;-52,989244;"SPRF-PR";"DEL04-PR";"UOP03-DEL04-PR"
580339;2024-02-10;"sabado";"09:50:00";"GO";158;70;"PIRANHAS";"Condutor Dormindo";"Saida de leito carrocavel";"Com Vatimas Feridas";"Pleno dia";"Decrescente";"Ceu Claro";"Simples";"Reta";"Nao";2;0;1;0;1;0;1;1;-16,34414294;-51,9333639;"SPRF-GO";"DEL04-GO";"UOP02-DEL04-GO"
580340;2024-02-10;"sabado";"17:40:00";"MS";163;479,8;"CAMPO GRANDE";"Avarias e/ou desgaste excessivo no pneu";"Tombamento";"Com Vatimas Feridas";"Pleno dia";"Decrescente";"Nublado";"Simples";"Reta";"Nao";2;0;2;0;0;0;2;1;-20,487322;-54,55929095;"SPRF-MS";"DEL01-MS";"UOP01-DEL01-MS"
580341;2024-02-10;"sabado";"19:00:00";"PE";101;55;"PAULISTA";"Ingestao de alcool pelo condutor";"Colisao lateral mesmo sentido";"Com Vatimas Feridas";"Plena Noite";"Decrescente";"Ceu Claro";"Dupla";"Reta";"Nao";3;0;0;1;2;0;1;3;-7,94806621;-34,9062148;"SPRF-PE";"DEL01-PE";"UOP02-DEL01-PE"
580342;2024-02-10;"sabado";"17:50:00";"PI";316;178;"VALENCA DO PIAUI";"Acumulo de agua sobre o pavimento";"Saida de leito carrocavel";"Com Vatimas Feridas";"Anoitecer";"Crescente";"Chuva";"Simples";"Declive;Curva                 ";"Nao";2;0;2;0;0;0;2;1;-6,23305;-41,969242;"SPRF-PI";"DEL04-PI";"UOP02-DEL04-PI"
580344;2024-02-10;"sabado";"19:00:00";"PI";343;19;"PARNAIBA";"Entrada inopinada do pedestre";"Atropelamento de Pedestre";"Com Vatimas Fatais";"Plena Noite";"Crescente";"Nublado";"Simples";"Reta";"Nao";2;1;0;0;0;1;0;2;-2,972207;-41,760967;"SPRF-PI";"DEL05-PI";"UOP01-DEL05-PI"
580345;2024-02-10;"sabado";"18:45:00";"RS";470;180;"VERANOPOLIS";"Reacao tardia ou ineficiente do condutor";"Saida de leito carrocavel";"Com Vatimas Feridas";"Anoitecer";"Crescente";"Ceu Claro";"Simples";"Reta";"Sim";5;0;1;2;2;0;3;1;-28,96481707;-51,56355732;"SPRF-RS";"DEL06-RS";"UOP02-DEL06-RS"
580346;2024-02-10;"sabado";"17:25:00";"SC";282;527,9;"CORDILHEIRA ALTA";"Reacao tardia ou ineficiente do condutor";"Tombamento";"Com Vatimas Feridas";"Pleno dia";"Decrescente";"Nublado";"Simples";"Curva";"Nao";2;0;0;2;0;0;2;1;-26,977688;-52,588146;"SPRF-SC";"DEL07-SC";"UOP01-DEL07-SC"
580347;2024-02-10;"sabado";"18:55:00";"BA";324;515;"FEIRA DE SANTANA";"Ingestao de alcool pelo condutor";"Colisao frontal";"Com Vatimas Feridas";"Plena Noite";"Crescente";"Ceu Claro";"Simples";"Reta";"Nao";2;0;1;0;1;0;1;2;-12,23229233;-38,95215305;"SPRF-BA";"DEL02-BA";"UOP01-DEL02-BA"
580349;2024-02-10;"sabado";"17:50:00";"PE";232;404;"SERRA TALHADA";"Animais na Pista";"Atropelamento de Animal";"Com Vatimas Feridas";"Pleno dia";"Decrescente";"Ceu Claro";"Simples";"Curva";"Nao";2;0;2;0;0;0;2;1;-7,992986;-38,245927;"SPRF-PE";"DEL04-PE";"UOP01-DEL04-PE"
580350;2024-02-10;"sabado";"19:00:00";"MG";381;488;"BETIM";"Demais falhas mecanicas ou elatricas";"Incendio";"Sem Vatimas";"Plena Noite";"Decrescente";"Ceu Claro";"Maltipla";"Reta;Aclive                   ";"Sim";1;0;0;0;1;0;0;1;-19,9598656;-44,15489715;"SPRF-MG";"DEL01-MG";"UOP03-DEL01-MG"
580352;2024-02-10;"sabado";"19:20:00";"PR";369;34;"CAMBARA";"Ingestao de alcool pelo condutor";"Colisao frontal";"Com Vatimas Fatais";"Plena Noite";"Crescente";"Ceu Claro";"Simples";"Curva;Declive                 ";"Nao";3;1;1;0;1;0;1;3;-23,02857588;-50,2086963;"SPRF-PR";"DEL07-PR";"UOP05-DEL07-PR"
580354;2024-02-10;"sabado";"18:20:00";"SC";470;277;"BRUNOPOLIS";"Ingestao de alcool pelo condutor";"Colisao lateral mesmo sentido";"Com Vatimas Feridas";"Pleno dia";"Decrescente";"Ceu Claro";"Simples";"Rotataria";"Nao";2;0;1;0;1;0;1;2;-27,328163;-50,834103;"SPRF-SC";"DEL07-SC";"UOP06-DEL07-SC"
580355;2024-02-09;"sexta-feira";"20:30:00";"SC";470;60;"BLUMENAU";"Ingestao de alcool pelo condutor";"Colisao com objeto";"Sem Vatimas";"Plena Noite";"Decrescente";"Ignorado";"Simples";"Reta";"Sim";2;0;0;0;0;2;0;2;-26,88138;-49,164543;"SPRF-SC";"DEL04-SC";"UOP01-DEL04-SC"
580356;2024-02-10;"sabado";"19:30:00";"PR";153;1;"IMBITUVA";"Ingestao de alcool pelo condutor";"Colisao transversal";"Sem Vatimas";"Plena Noite";"Crescente";"Ceu Claro";"Simples";"Interseaao de Vias";"Nao";3;0;0;0;3;0;0;2;-25,18111411;-50,59678853;"SPRF-PR";"DEL07-PR";"UOP04-DEL07-PR"
580357;2024-02-10;"sabado";"20:15:00";"MG";116;478,3;"DOM CAVATI";"Ausancia de Reacao do condutor";"Colisao lateral mesmo sentido";"Com Vatimas Feridas";"Plena Noite";"Crescente";"Ceu Claro";"Simples";"Reta";"Sim";3;0;3;0;0;0;3;2;-19,37735625;-42,1085357;"SPRF-MG";"DEL06-MG";"UOP02-DEL06-MG"
580358;2024-02-10;"sabado";"14:30:00";"MG";40;346,9;"FELIXLANDIA";"Velocidade Incompatavel";"Saida de leito carrocavel";"Sem Vatimas";"Pleno dia";"Decrescente";"Nublado";"Simples";"Reta";"Nao";1;0;0;0;1;0;0;1;-18,69991936;-44,96574619;"SPRF-MG";"DEL02-MG";"UOP01-DEL02-MG"
580359;2024-02-10;"sabado";"19:29:00";"RS";116;244;"SAO LEOPOLDO";"Velocidade Incompatavel";"Saida de leito carrocavel";"Com Vatimas Feridas";"Plena Noite";"Crescente";"Ceu Claro";"Dupla";"Reta";"Sim";5;0;4;0;0;1;4;2;-29,74088003;-51,15039566;"SPRF-RS";"DEL01-RS";"UOP02-DEL01-RS"
580360;2024-02-10;"sabado";"19:02:00";"SC";282;22,5;"SANTO AMARO DA IMPERATRIZ";"Trafegar com motocicleta (ou similar) entre as faixas";"Colisao frontal";"Com Vatimas Feridas";"Anoitecer";"Crescente";"Nublado";"Simples";"Curva";"Sim";3;0;0;3;0;0;3;2;-27,688507;-48,72739;"SPRF-SC";"DEL01-SC";"UOP02-DEL01-SC"
580362;2024-02-10;"sabado";"17:05:00";"RJ";40;12,7;"TRES RIOS";"Condutor deixou de manter distancia do veiculo da frente";"Colisao lateral mesmo sentido";"Com Vatimas Feridas";"Pleno dia";"Crescente";"Ceu Claro";"Dupla";"Aclive;Curva                  ";"Nao";3;0;3;0;0;0;3;2;-22,06265309;-43,19862843;"SPRF-RJ";"DEL05-RJ";"UOP02-DEL05-RJ"
580363;2024-02-10;"sabado";"18:00:00";"RS";392;294;"SAO SEPE";"Ingestao de alcool pelo condutor";"Saida de leito carrocavel";"Com Vatimas Feridas";"Plena Noite";"Decrescente";"Ceu Claro";"Simples";"Reta;Interseaao de Vias       ";"Nao";2;0;2;0;0;0;2;1;-30,18664127;-53,5656134;"SPRF-RS";"DEL09-RS";"UOP02-DEL09-RS"
580364;2024-02-10;"sabado";"17:45:00";"SC";470;60,2;"BLUMENAU";"Transitar no Acostamento";"Colisao frontal";"Com Vatimas Feridas";"Pleno dia";"Decrescente";"Nublado";"Simples";"Reta;Em Obras                 ";"Sim";2;0;2;0;0;0;2;2;-26,88138;-49,164543;"SPRF-SC";"DEL04-SC";"UOP01-DEL04-SC"
580367;2024-02-10;"sabado";"21:00:00";"RN";405;75;"APODI";"Ingestao de alcool pelo condutor";"Tombamento";"Com Vatimas Feridas";"Plena Noite";"Decrescente";"Chuva";"Dupla";"Reta";"Sim";2;0;2;0;0;0;2;1;-5,6430151;-37,79996162;"SPRF-RN";"DEL04-RN";"UOP02-DEL04-RN"
580368;2024-02-10;"sabado";"21:00:00";"SC";101;218;"PALHOCA";"Ausancia de Reacao do condutor";"Saida de leito carrocavel";"Sem Vatimas";"Plena Noite";"Decrescente";"Ceu Claro";"Dupla";"Reta";"Sim";1;0;0;0;0;1;0;1;-27,6758601;-48,67052525;"SPRF-SC";"DEL01-SC";"UOP02-DEL01-SC"
580370;2024-02-10;"sabado";"19:50:00";"PA";10;353;"SANTA MARIA DO PARA";"Transitar na contramao";"Colisao frontal";"Com Vatimas Feridas";"Plena Noite";"Decrescente";"Ceu Claro";"Simples";"Reta";"Sim";2;0;0;2;0;0;2;2;-1,35646249;-47,57423141;"SPRF-PA";"DEL01-PA";"UOP02-DEL01-PA"
580372;2024-02-10;"sabado";"20:50:00";"RN";101;97,1;"NATAL";"Pedestre cruzava a pista fora da faixa";"Atropelamento de Pedestre";"Com Vatimas Feridas";"Plena Noite";"Decrescente";"Ceu Claro";"Maltipla";"Reta";"Sim";4;0;0;1;3;0;1;2;-5,85691522;-35,21238689;"SPRF-RN";"DEL01-RN";"UOP01-DEL01-RN"
580373;2024-02-10;"sabado";"21:10:00";"SP";116;146;"SAO JOSE DOS CAMPOS";"Demais falhas mecanicas ou elatricas";"Colisao traseira";"Com Vatimas Feridas";"Plena Noite";"Decrescente";"Ceu Claro";"Dupla";"Reta";"Nao";2;0;2;0;0;0;2;2;-23,19122919;-45,86327591;"SPRF-SP";"DEL02-SP";"UOP01-DEL02-SP"
580376;2024-02-10;"sabado";"21:20:00";"RJ";393;283;"VOLTA REDONDA";"Conversao proibida";"Colisao lateral sentido oposto";"Com Vatimas Feridas";"Plena Noite";"Crescente";"Ceu Claro";"Simples";"Reta";"Nao";2;0;0;1;1;0;1;2;-22,49408115;-44,06720281;"SPRF-RJ";"DEL05-RJ";"UOP04-DEL05-RJ"
580377;2024-02-10;"sabado";"17:20:00";"SC";101;161,5;"TIJUCAS";"Pista esburacada";"Colisao com objeto";"Com Vatimas Feridas";"Pleno dia";"Decrescente";"Ceu Claro";"Maltipla";"Reta";"Nao";2;0;2;0;0;0;2;2;-27,21673911;-48,6244238;"SPRF-SC";"DEL04-SC";"UOP03-DEL04-SC"
580378;2024-02-10;"sabado";"17:00:00";"GO";153;307,9;"RIALMA";"Ausancia de Reacao do condutor";"Saida de leito carrocavel";"Com Vatimas Feridas";"Pleno dia";"Decrescente";"Chuva";"Simples";"Declive;Reta                  ";"Nao";1;0;0;1;0;0;1;1;-15,338693;-49,569584;"SPRF-GO";"DEL02-GO";"UOP02-DEL02-GO"
580380;2024-02-10;"sabado";"21:00:00";"MS";463;0,5;"DOURADOS";"Ultrapassagem Indevida";"Colisao frontal";"Com Vatimas Feridas";"Plena Noite";"Decrescente";"Ceu Claro";"Simples";"Reta";"Sim";3;0;1;2;0;0;3;2;-22,258694;-54,804096;"SPRF-MS";"DEL04-MS";"UOP01-DEL04-MS"
580381;2024-02-10;"sabado";"21:40:00";"RS";116;247,4;"SAO LEOPOLDO";"Conversao proibida";"Colisao lateral mesmo sentido";"Com Vatimas Feridas";"Plena Noite";"Decrescente";"Ceu Claro";"Simples";"Viaduto";"Sim";4;0;1;0;3;0;1;2;-29,76733091;-51,1535296;"SPRF-RS";"DEL01-RS";"UOP02-DEL01-RS"
580382;2024-02-10;"sabado";"19:00:00";"RS";285;195,3;"LAGOA VERMELHA";"Acessar a via sem observar a presenca dos outros veiculos";"Colisao transversal";"Com Vatimas Feridas";"Anoitecer";"Decrescente";"Ceu Claro";"Simples";"Reta";"Nao";3;0;2;0;1;0;2;2;-28,234371;-51,50174;"SPRF-RS";"DEL08-RS";"UOP05-DEL08-RS"
580383;2024-02-10;"sabado";"22:00:00";"SC";101;179,7;"BIGUACU";"Desrespeitar a preferancia no cruzamento";"Colisao transversal";"Com Vatimas Feridas";"Plena Noite";"Decrescente";"Nublado";"Maltipla";"Viaduto";"Sim";2;0;1;0;1;0;1;2;-27,37281717;-48,63322708;"SPRF-SC";"DEL01-SC";"UOP01-DEL01-SC"
580384;2024-02-10;"sabado";"22:30:00";"MG";153;224;"FRONTEIRA";"Ausancia de Reacao do condutor";"Saida de leito carrocavel";"Com Vatimas Feridas";"Plena Noite";"Crescente";"Ceu Claro";"Simples";"Aclive";"Nao";2;0;1;0;1;0;1;1;-20,18906911;-49,12022586;"SPRF-MG";"DEL13-MG";"UOP02-DEL13-MG"
580386;2024-02-10;"sabado";"19:30:00";"PE";116;30;"SALGUEIRO";"Animais na Pista";"Atropelamento de Animal";"Com Vatimas Feridas";"Plena Noite";"Crescente";"Chuva";"Simples";"Reta";"Nao";2;0;0;1;1;0;1;1;-8,103991;-39,12421;"SPRF-PE";"DEL05-PE";"UOP01-DEL05-PE"
580387;2024-02-10;"sabado";"19:25:00";"RJ";101;519;"ANGRA DOS REIS";"Ausancia de Reacao do condutor";"Colisao lateral sentido oposto";"Com Vatimas Feridas";"Plena Noite";"Decrescente";"Ceu Claro";"Simples";"Curva";"Nao";2;0;1;0;1;0;1;2;-23,00804213;-44,44745093;"SPRF-RJ";"DEL03-RJ";"UOP03-DEL03-RJ"
580388;2024-02-10;"sabado";"22:00:00";"RS";293;341,2;"SANTANA DO LIVRAMENTO";"Desrespeitar a preferancia no cruzamento";"Colisao transversal";"Com Vatimas Feridas";"Plena Noite";"Decrescente";"Ceu Claro";"Simples";"Reta";"Nao";2;0;1;0;1;0;1;2;-30,85109755;-55,55395935;"SPRF-RS";"DEL11-RS";"UOP01-DEL11-RS"
580390;2024-02-10;"sabado";"16:20:00";"RS";101;31,5;"TRES CACHOEIRAS";"Ausancia de Reacao do condutor";"Saida de leito carrocavel";"Com Vatimas Feridas";"Pleno dia";"Decrescente";"Ceu Claro";"Maltipla";"Em Obras;Curva                ";"Sim";2;0;1;0;1;0;1;1;-29,48566666;-49,97371445;"SPRF-RS";"DEL03-RS";"UOP02-DEL03-RS"
580391;2024-02-10;"sabado";"22:20:00";"SC";282;52;"AGUAS MORNAS";"Ausancia de Reacao do condutor";"Saida de leito carrocavel";"Com Vatimas Feridas";"Plena Noite";"Crescente";"Nublado";"Simples";"Curva";"Nao";1;0;1;0;0;0;1;1;-27,708536;-48,952251;"SPRF-SC";"DEL01-SC";"UOP03-DEL01-SC"
580394;2024-02-10;"sabado";"19:00:00";"MT";174;0;"PONTES E LACERDA";"Acessar a via sem observar a presenca dos outros veiculos";"Colisao frontal";"Com Vatimas Feridas";"Plena Noite";"Crescente";"Chuva";"Simples";"Reta";"Sim";2;0;0;1;1;0;1;2;-15,24689306;-59,31983113;"SPRF-MT";"DEL03-MT";"UOP01-DEL03-MT"
580395;2024-02-10;"sabado";"19:20:00";"RO";364;9;"VILHENA";"Falta de acostamento";"Atropelamento de Pedestre";"Com Vatimas Feridas";"Plena Noite";"Decrescente";"Nublado";"Simples";"Aclive;Reta                   ";"Nao";1;0;1;0;0;0;1;1;-12,75881009;-60,1001711;"SPRF-RO";"DEL04-RO";"UOP01-DEL04-RO"
580396;2024-02-10;"sabado";"21:00:00";"AC";364;143;"RIO BRANCO";"Condutor deixou de manter distancia do veiculo da frente";"Colisao traseira";"Com Vatimas Feridas";"Plena Noite";"Decrescente";"Ceu Claro";"Dupla";"Aclive;Reta                   ";"Nao";5;0;4;0;0;1;4;3;-9,92858308;-67,88590139;"SPRF-AC";"DEL01-AC";"UOP01-DEL01-AC"
580397;2024-02-10;"sabado";"23:00:00";"SC";101;214;"PALHOCA";"Manobra de mudanaa de faixa";"Colisao lateral mesmo sentido";"Com Vatimas Feridas";"Plena Noite";"Decrescente";"Ceu Claro";"Maltipla";"Interseaao de Vias;Reta       ";"Sim";2;0;1;0;1;0;1;2;-27,64443;-48,67057;"SPRF-SC";"DEL01-SC";"UOP02-DEL01-SC"
580399;2024-02-10;"sabado";"22:50:00";"MS";267;363;"MARACAJU";"Ausancia de Reacao do condutor";"Saida de leito carrocavel";"Com Vatimas Fatais";"Plena Noite";"Decrescente";"Ceu Claro";"Simples";"Curva";"Nao";2;1;1;0;0;0;1;1;-21,64265676;-55,12117088;"SPRF-MS";"DEL02-MS";"UOP02-DEL02-MS"
580400;2024-02-10;"sabado";"23:27:00";"SC";470;73,8;"INDAIAL";"Ausancia de Reacao do condutor";"Colisao frontal";"Com Vatimas Fatais";"Plena Noite";"Decrescente";"Ceu Claro";"Simples";"Reta;Em Obras                 ";"Nao";3;1;0;0;2;0;0;2;-26,9155504;-49,2805602;"SPRF-SC";"DEL04-SC";"UOP01-DEL04-SC"
580404;2024-02-10;"sabado";"23:30:00";"PR";376;2;"MANDAGUARI";"Ausancia de Reacao do condutor";"Colisao traseira";"Sem Vatimas";"Plena Noite";"Decrescente";"Ceu Claro";"Simples";"Reta";"Sim";2;0;0;0;2;0;0;2;-23,547966;-51,671265;"SPRF-PR";"DEL07-PR";"UOP03-DEL07-PR"
580405;2024-02-11;"domingo";"00:15:00";"RS";287;248;"SANTA MARIA";"Ausancia de Reacao do condutor";"Atropelamento de Pedestre";"Com Vatimas Feridas";"Plena Noite";"Decrescente";"Nublado";"Simples";"Desvio Temporario;Reta;Em Obra";"Sim";3;0;0;1;0;2;1;2;-29,696018;-53,850956;"SPRF-RS";"DEL09-RS";"UOP01-DEL09-RS"
580406;2024-02-10;"sabado";"23:50:00";"BA";235;348;"JUAZEIRO";"Ingestao de alcool pelo condutor";"Colisao traseira";"Com Vatimas Feridas";"Plena Noite";"Crescente";"Ceu Claro";"Dupla";"Reta";"Sim";2;0;2;0;0;0;2;2;-9,45098798;-40,48451185;"SPRF-PE";"DEL06-PE";"UOP01-DEL06-PE"
580407;2024-02-10;"sabado";"22:11:00";"PI";343;590,1;"FLORIANO";"Ausancia de Reacao do condutor";"Colisao com objeto";"Com Vatimas Fatais";"Plena Noite";"Crescente";"Chuva";"Dupla";"Interseaao de Vias;Rotataria  ";"Sim";1;1;0;0;0;0;0;1;-6,783895;-43,015095;"SPRF-PI";"DEL03-PI";"UOP01-DEL03-PI"
580408;2024-02-10;"sabado";"23:20:00";"SC";101;2,2;"GARUVA";"Velocidade Incompatavel";"Saida de leito carrocavel";"Sem Vatimas";"Plena Noite";"Crescente";"Ceu Claro";"Dupla";"Curva";"Sim";1;0;0;0;1;0;0;1;-25,99841781;-48,87825966;"SPRF-SC";"DEL03-SC";"UOP01-DEL03-SC"
580409;2024-02-10;"sabado";"20:30:00";"SC";470;274;"BRUNOPOLIS";"Condutor deixou de manter distancia do veiculo da frente";"Colisao traseira";"Sem Vatimas";"Plena Noite";"Decrescente";"Ceu Claro";"Simples";"Reta";"Nao";2;0;0;0;1;1;0;2;-27,328598;-50,803162;"SPRF-SC";"DEL07-SC";"UOP06-DEL07-SC"
580410;2024-02-11;"domingo";"00:05:00";"RS";116;254;"SAPUCAIA DO SUL";"Velocidade Incompatavel";"Colisao traseira";"Sem Vatimas";"Plena Noite";"Crescente";"Ceu Claro";"Dupla";"Reta";"Sim";3;0;0;0;3;0;0;2;-29,82654797;-51,17241311;"SPRF-RS";"DEL01-RS";"UOP02-DEL01-RS"
580411;2024-02-10;"sabado";"22:50:00";"SC";470;223;"SAO CRISTOVAO DO SUL";"Ingestao de alcool pelo condutor";"Saida de leito carrocavel";"Com Vatimas Feridas";"Plena Noite";"Crescente";"Ceu Claro";"Simples";"Declive;Curva                 ";"Nao";5;0;4;1;0;0;5;1;-27,319908;-50,336388;"SPRF-SC";"DEL05-SC";"UOP03-DEL05-SC"
580412;2024-02-11;"domingo";"00:15:00";"MS";163;256,4;"DOURADOS";"Pedestre andava na pista";"Atropelamento de Pedestre";"Com Vatimas Fatais";"Plena Noite";"Crescente";"Ceu Claro";"Dupla";"Reta;Declive                  ";"Sim";2;1;0;0;0;1;0;2;-22,25907335;-54,79933262;"SPRF-MS";"DEL04-MS";"UOP01-DEL04-MS"
580413;2024-02-10;"sabado";"22:30:00";"RJ";101;597;"PARATY";"Velocidade Incompatavel";"Queda de ocupante de veiculo";"Com Vatimas Feridas";"Plena Noite";"Decrescente";"Ceu Claro";"Simples";"Curva";"Nao";2;0;1;1;0;0;2;1;-23,34025796;-44,74508227;"SPRF-RJ";"DEL03-RJ";"UOP04-DEL03-RJ"
580414;2024-02-11;"domingo";"00:10:00";"MS";163;257;"DOURADOS";"Entrada inopinada do pedestre";"Capotamento";"Com Vatimas Feridas";"Plena Noite";"Crescente";"Ceu Claro";"Dupla";"Reta";"Nao";3;0;2;0;0;1;2;2;-22,25888398;-54,793819;"SPRF-MS";"DEL04-MS";"UOP01-DEL04-MS"
580415;2024-02-10;"sabado";"22:00:00";"PR";277;179;"PALMEIRA";"Manobra de mudanaa de faixa";"Colisao traseira";"Sem Vatimas";"Plena Noite";"Decrescente";"Ceu Claro";"Simples";"Reta";"Nao";2;0;0;0;0;2;0;2;-25,435076;-50,011779;"SPRF-PR";"DEL08-PR";"UOP02-DEL08-PR"
580416;2024-02-11;"domingo";"00:40:00";"PR";376;214,7;"JANDAIA DO SUL";"Condutor Dormindo";"Saida de leito carrocavel";"Sem Vatimas";"Plena Noite";"Crescente";"Ceu Claro";"Dupla";"Reta";"Nao";1;0;0;0;1;0;0;1;-23,588165;-51,64554;"SPRF-PR";"DEL09-PR";"UOP01-DEL09-PR"
580417;2024-02-11;"domingo";"01:20:00";"PE";104;67;"CARUARU";"Condutor deixou de manter distancia do veiculo da frente";"Colisao traseira";"Sem Vatimas";"Plena Noite";"Crescente";"Ceu Claro";"Dupla";"Aclive;Reta                   ";"Sim";2;0;0;0;2;0;0;2;-8,29111672;-35,98540823;"SPRF-PE";"DEL02-PE";"UOP01-DEL02-PE"
580418;2024-02-10;"sabado";"19:40:00";"PI";230;308;"FLORIANO";"Ingestao de alcool pelo condutor";"Colisao transversal";"Com Vatimas Feridas";"Plena Noite";"Crescente";"Nublado";"Simples";"Curva";"Sim";3;0;1;2;0;0;3;2;-6,78159309;-43,00121707;"SPRF-PI";"DEL03-PI";"UOP01-DEL03-PI"
580419;2024-02-11;"domingo";"01:49:00";"SP";153;219,5;"MARILIA";"Demais falhas mecanicas ou elatricas";"Tombamento";"Com Vatimas Feridas";"Plena Noite";"Crescente";"Ceu Claro";"Simples";"Reta;Declive                  ";"Nao";2;0;1;0;1;0;1;1;-21,98796487;-49,9149076;"SPRF-SP";"DEL07-SP";"UOP02-DEL07-SP"
580420;2024-02-11;"domingo";"00:34:00";"SP";153;208;"GUAIMBE";"Ausancia de Reacao do condutor";"Colisao com objeto";"Sem Vatimas";"Plena Noite";"Crescente";"Ceu Claro";"Simples";"Interseaao de Vias";"Nao";1;0;0;0;0;1;0;1;-21,89112308;-49,91013961;"SPRF-SP";"DEL07-SP";"UOP01-DEL07-SP"
580422;2024-02-11;"domingo";"01:00:00";"MG";116;547,7;"SANTA BARBARA DO LESTE";"Acumulo de aleo sobre o pavimento";"Colisao com objeto";"Com Vatimas Feridas";"Plena Noite";"Decrescente";"Nublado";"Simples";"Declive;Curva                 ";"Nao";1;0;0;1;0;0;1;1;-19,94406896;-42,1320258;"SPRF-MG";"DEL06-MG";"UOP02-DEL06-MG"
580423;2024-02-11;"domingo";"02:15:00";"PR";376;180,9;"MARINGA";"Velocidade Incompatavel";"Saida de leito carrocavel";"Com Vatimas Fatais";"Plena Noite";"Decrescente";"Ceu Claro";"Dupla";"Reta";"Sim";7;1;0;0;5;1;0;3;-23,4268121;-51,8957515;"SPRF-PR";"DEL09-PR";"UOP01-DEL09-PR"
580424;2024-02-11;"domingo";"03:08:00";"DF";40;6,9;"BRASILIA";"Ausancia de Reacao do condutor";"Colisao traseira";"Com Vatimas Feridas";"Plena Noite";"Decrescente";"Nublado";"Dupla";"Reta;Aclive                   ";"Nao";2;0;1;0;1;0;1;2;-16,029741;-47,978867;"SPRF-DF";"DEL01-DF";"UOP01-DEL01-DF"
580425;2024-02-11;"domingo";"03:37:00";"ES";101;277;"SERRA";"Reacao tardia ou ineficiente do condutor";"Colisao com objeto";"Com Vatimas Feridas";"Plena Noite";"Crescente";"Ceu Claro";"Dupla";"Reta";"Sim";1;0;1;0;0;0;1;1;-20,21307738;-40,32125972;"SPRF-ES";"DEL02-ES";"UOP01-DEL02-ES"
580426;2024-02-11;"domingo";"02:40:00";"RJ";40;84;"PETROPOLIS";"Reacao tardia ou ineficiente do condutor";"Colisao com objeto";"Com Vatimas Feridas";"Plena Noite";"Decrescente";"Ceu Claro";"Simples";"Reta";"Nao";1;0;1;0;0;0;1;1;-22,52145512;-43,23707996;"SPRF-RJ";"DEL01-RJ";"UOP01-DEL01-RJ"
580427;2024-02-11;"domingo";"02:30:00";"SP";153;110,1;"JOSE BONIFACIO";"Ingestao de alcool pelo condutor";"Saida de leito carrocavel";"Com Vatimas Feridas";"Plena Noite";"Crescente";"Ceu Claro";"Simples";"Aclive;Reta                   ";"Nao";1;0;1;0;0;0;1;1;-21,08844419;-49,67470407;"SPRF-SP";"DEL09-SP";"UOP01-DEL09-SP"