"id";"data_inversa";"dia_semana";"horario";"uf";"br";"km";"municipio";"causa_acidente";"tipo_acidente";"classificacao_acidente";"fase_dia";"sentido_via";"condicao_metereologica";"tipo_pista";"tracado_via";"uso_solo";"pessoas";"mortos";"feridos_leves";"feridos_graves";"ilesos";"ignorados";"feridos";"veiculos";"latitude";"longitude";"regional";"delegacia";"uop"
580428;2024-02-11;"domingo";"02:30:00";"MG";116;495;"INHAPIM";"Condutor Dormindo";"Saida de leito carrocavel";"Com Vatimas Feridas";"Pleno dia";"Decrescente";"Ceu Claro";"Simples";"Declive;Reta                  ";"Nao";1;0;1;0;0;0;1;1;-19,51892699;-42,12765395;"SPRF-MG";"DEL06-MG";"UOP02-DEL06-MG"
580429;2024-02-11;"domingo";"03:50:00";"SC";470;54,5;"BLUMENAU";"Ausancia de Reacao do condutor";"Saida de leito carrocavel";"Com Vatimas Feridas";"Plena Noite";"Crescente";"Ceu Claro";"Simples";"Reta;Em Obras;Rotataria;Retorn";"Sim";2;0;1;1;0;0;2;1;-26,871065;-49,110374;"SPRF-SC";"DEL04-SC";"UOP01-DEL04-SC"
580430;2024-02-11;"domingo";"04:10:00";"SC";101;330,5;"TUBARAO";"Ingestao de alcool pelo condutor";"Saida de leito carrocavel";"Sem Vatimas";"Plena Noite";"Decrescente";"Ceu Claro";"Simples";"Reta";"Nao";1;0;0;0;0;1;0;1;-28,45961502;-48,98842871;"SPRF-SC";"DEL02-SC";"UOP01-DEL02-SC"
580431;2024-02-10;"sabado";"22:20:00";"GO";153;253;"SAO LUIZ DO NORTE";"Ingestao de alcool pelo condutor";"Saida de leito carrocavel";"Sem Vatimas";"Plena Noite";"Decrescente";"Chuva";"Simples";"Reta";"Nao";1;0;0;0;1;0;0;1;-14,940297;-49,371254;"SPRF-GO";"DEL07-GO";"UOP02-DEL07-GO"
580433;2024-02-11;"domingo";"02:40:00";"GO";80;134;"BARRO ALTO";"Ingestao de alcool pelo condutor";"Saida de leito carrocavel";"Sem Vatimas";"Plena Noite";"Decrescente";"Ceu Claro";"Simples";"Reta";"Sim";1;0;0;0;0;1;0;1;-14,96468654;-48,93104553;"SPRF-GO";"DEL07-GO";"UOP02-DEL07-GO"
580435;2024-02-11;"domingo";"04:10:00";"SC";101;100;"BALNEARIO PICARRAS";"Condutor Dormindo";"Colisao com objeto";"Com Vatimas Feridas";"Plena Noite";"Decrescente";"Ceu Claro";"Maltipla";"Reta";"Nao";1;0;1;0;0;0;1;1;-26,75482787;-48,68993675;"SPRF-SC";"DEL03-SC";"UOP02-DEL03-SC"
580436;2024-02-11;"domingo";"05:20:00";"RJ";116;41;"TERESOPOLIS";"Ausancia de Reacao do condutor";"Colisao com objeto";"Com Vatimas Feridas";"Amanhecer";"Crescente";"Nublado";"Simples";"Reta";"Nao";2;0;1;0;0;1;1;1;-22,13943547;-42,78660142;"SPRF-RJ";"DEL04-RJ";"UOP01-DEL04-RJ"
580437;2024-02-11;"domingo";"03:45:00";"PR";369;375,2;"MAMBORE";"Desrespeitar a preferancia no cruzamento";"Colisao transversal";"Com Vatimas Feridas";"Plena Noite";"Decrescente";"Ceu Claro";"Simples";"Reta;Interseaao de Vias       ";"Nao";6;0;2;0;4;0;2;2;-24,281943;-52,545571;"SPRF-PR";"DEL09-PR";"UOP03-DEL09-PR"
580439;2024-02-11;"domingo";"04:45:00";"PR";277;726;"FOZ DO IGUACU";"Ausancia de Reacao do condutor";"Atropelamento de Pedestre";"Com Vatimas Fatais";"Plena Noite";"Crescente";"Ceu Claro";"Dupla";"Reta";"Sim";2;1;0;0;0;1;0;2;-25,5106015;-54,55481999;"SPRF-PR";"DEL05-PR";"UOP03-DEL05-PR"
580441;2024-02-02;"sexta-feira";"16:05:00";"MS";262;527,9;"AQUIDAUANA";"Reacao tardia ou ineficiente do condutor";"Queda de ocupante de veiculo";"Com Vatimas Feridas";"Pleno dia";"Crescente";"Ceu Claro";"Simples";"Reta";"Nao";2;0;1;0;0;1;1;2;-20,35846827;-56,12640381;"SPRF-MS";"DEL03-MS";"UOP02-DEL03-MS"
580442;2024-02-11;"domingo";"04:10:00";"MG";365;731;"MONTE ALEGRE DE MINAS";"Reacao tardia ou ineficiente do condutor";"Saida de leito carrocavel";"Sem Vatimas";"Plena Noite";"Decrescente";"Ceu Claro";"Simples";"Reta";"Nao";1;0;0;0;1;0;0;1;-18,90077873;-49,28866004;"SPRF-MG";"DEL15-MG";"UOP03-DEL15-MG"
580443;2024-02-11;"domingo";"05:15:00";"MG";267;124,2;"JUIZ DE FORA";"Transitar na contramao";"Colisao frontal";"Com Vatimas Fatais";"Amanhecer";"Crescente";"Ceu Claro";"Simples";"Curva;Aclive                  ";"Nao";5;2;0;0;3;0;0;2;-21,70786623;-43,51812169;"SPRF-MG";"DEL05-MG";"UOP01-DEL05-MG"
580444;2024-02-11;"domingo";"05:00:00";"SC";470;35,4;"GASPAR";"Ausancia de Reacao do condutor";"Colisao com objeto";"Com Vatimas Feridas";"Plena Noite";"Decrescente";"Ceu Claro";"Simples";"Reta;Em Obras                 ";"Nao";1;0;1;0;0;0;1;1;-26,91369929;-48,96299601;"SPRF-SC";"DEL04-SC";"UOP01-DEL04-SC"
580448;2024-02-11;"domingo";"06:28:00";"RN";405;75,5;"APODI";"Retorno proibido";"Colisao lateral mesmo sentido";"Com Vatimas Feridas";"Amanhecer";"Decrescente";"Nublado";"Dupla";"Retorno Regulamentado";"Sim";2;0;1;0;1;0;1;2;-5,648592;-37,799319;"SPRF-RN";"DEL04-RN";"UOP02-DEL04-RN"
580449;2024-02-11;"domingo";"04:15:00";"RJ";465;11;"SEROPEDICA";"Transitar na contramao";"Colisao frontal";"Com Vatimas Feridas";"Amanhecer";"Crescente";"Ceu Claro";"Simples";"Reta";"Nao";4;0;0;4;0;0;4;2;-22,784172;-43,656998;"SPRF-RJ";"DEL06-RJ";"UOP02-DEL06-RJ"
580450;2024-02-10;"sabado";"22:00:00";"MG";40;128;"JOAO PINHEIRO";"Acessar a via sem observar a presenca dos outros veiculos";"Colisao traseira";"Com Vatimas Feridas";"Plena Noite";"Crescente";"Chuva";"Simples";"Reta";"Nao";3;0;1;0;0;2;1;2;-17,70131701;-46,303719;"SPRF-MG";"DEL14-MG";"UOP01-DEL14-MG"
580451;2024-02-11;"domingo";"05:26:00";"MT";70;621;"POCONE";"Ausancia de Reacao do condutor";"Queda de ocupante de veiculo";"Com Vatimas Feridas";"Amanhecer";"Decrescente";"Ceu Claro";"Simples";"Curva";"Nao";1;0;0;1;0;0;1;1;-15,936241;-56,93323;"SPRF-MT";"DEL03-MT";"UOP02-DEL03-MT"
580453;2024-02-11;"domingo";"06:05:00";"SC";101;330,5;"TUBARAO";"Ingestao de alcool pelo condutor";"Colisao traseira";"Com Vatimas Feridas";"Amanhecer";"Crescente";"Ceu Claro";"Dupla";"Reta";"Sim";2;0;2;0;0;0;2;2;-28,45863126;-48,98796201;"SPRF-SC";"DEL02-SC";"UOP01-DEL02-SC"
580454;2024-02-11;"domingo";"06:15:00";"RS";287;347,7;"JAGUARI";"Ingestao de alcool pelo condutor";"Tombamento";"Sem Vatimas";"Amanhecer";"Decrescente";"Ceu Claro";"Simples";"Curva";"Nao";3;0;0;0;3;0;0;1;-29,53591613;-54,6860425;"SPRF-RS";"DEL12-RS";"UOP02-DEL12-RS"
580456;2024-02-10;"sabado";"16:30:00";"RJ";101;532;"ANGRA DOS REIS";"Ingestao de alcool pelo condutor";"Colisao com objeto";"Com Vatimas Feridas";"Pleno dia";"Crescente";"Sol";"Simples";"Reta";"Sim";2;0;0;1;1;0;1;1;-23,02404234;-44,5180378;"SPRF-RJ";"DEL03-RJ";"UOP03-DEL03-RJ"
580457;2024-02-11;"domingo";"07:00:00";"PE";101;75;"RECIFE";"Demais falhas mecanicas ou elatricas";"Tombamento";"Com Vatimas Feridas";"Pleno dia";"Crescente";"Ceu Claro";"Dupla";"Reta";"Nao";2;0;1;1;0;0;2;1;-8,10973523;-34,94660151;"SPRF-PE";"DEL01-PE";"UOP01-DEL01-PE"
580458;2024-02-11;"domingo";"01:40:00";"SC";280;141;"RIO NEGRINHO";"Reacao tardia ou ineficiente do condutor";"Saida de leito carrocavel";"Com Vatimas Feridas";"Plena Noite";"Crescente";"Nublado";"Simples";"Reta";"Nao";2;0;1;1;0;0;2;1;-26,25591654;-49,62226321;"SPRF-SC";"DEL06-SC";"UOP03-DEL06-SC"
580459;2024-02-11;"domingo";"06:00:00";"PE";232;65,7;"GRAVATA";"Ausancia de Reacao do condutor";"Saida de leito carrocavel";"Com Vatimas Feridas";"Pleno dia";"Crescente";"Ceu Claro";"Dupla";"Curva";"Nao";1;0;1;0;0;0;1;1;-8,167371;-35,453807;"SPRF-PE";"DEL02-PE";"UOP02-DEL02PE"
580460;2024-02-11;"domingo";"05:50:00";"MG";262;12,5;"MARTINS SOARES";"Falta de elemento de contenaao que evite a saada do leito carroaavel";"Saida de leito carrocavel";"Com Vatimas Feridas";"Amanhecer";"Decrescente";"Nublado";"Simples";"Reta";"Nao";1;0;1;0;0;0;1;1;-20,25303293;-41,85361008;"SPRF-MG";"DEL06-MG";"UOP03-DEL06-MG"
580463;2024-02-11;"domingo";"07:35:00";"PR";116;118;"CURITIBA";"Velocidade Incompatavel";"Capotamento";"Com Vatimas Feridas";"Pleno dia";"Crescente";"Sol";"Dupla";"Reta";"Sim";1;0;0;1;0;0;1;1;-25,54657438;-49,29173608;"SPRF-PR";"DEL01-PR";"UOP03-DEL01-PR"
580464;2024-02-10;"sabado";"22:30:00";"SP";101;49,8;"UBATUBA";"Acessar a via sem observar a presenca dos outros veiculos";"Colisao transversal";"Com Vatimas Feridas";"Plena Noite";"Decrescente";"Nublado";"Simples";"Reta";"Sim";2;0;0;1;0;1;1;2;-23,44410908;-45,08375708;"SPRF-SP";"DEL06-SP";"UOP01-DEL06-SP"
580466;2024-02-11;"domingo";"07:15:00";"RS";470;192;"VERANOPOLIS";"Ingestao de alcool pelo condutor";"Colisao com objeto";"Com Vatimas Feridas";"Pleno dia";"Decrescente";"Ceu Claro";"Simples";"Reta";"Nao";1;0;1;0;0;0;1;1;-29,03826903;-51,56647017;"SPRF-RS";"DEL06-RS";"UOP02-DEL06-RS"
580467;2024-02-10;"sabado";"19:50:00";"BA";407;121,1;"SENHOR DO BONFIM";"Ultrapassagem Indevida";"Colisao frontal";"Com Vatimas Feridas";"Plena Noite";"Decrescente";"Nublado";"Simples";"Reta";"Nao";4;0;0;2;2;0;2;2;-10,41234797;-40,1832681;"SPRF-BA";"DEL04-BA";"UOP01-DEL04-BA"
580468;2024-02-11;"domingo";"07:40:00";"GO";153;497,5;"GOIANIA";"Condutor deixou de manter distancia do veiculo da frente";"Colisao traseira";"Com Vatimas Feridas";"Pleno dia";"Crescente";"Ceu Claro";"Maltipla";"Reta;Aclive                   ";"Nao";2;0;1;0;1;0;1;2;-16,6854;-49,2338;"SPRF-GO";"DEL01-GO";"UOP01-DEL01-GO"
580469;2024-02-11;"domingo";"07:35:00";"ES";262;56;"MARECHAL FLORIANO";"Velocidade Incompatavel";"Queda de ocupante de veiculo";"Com Vatimas Feridas";"Pleno dia";"Decrescente";"Ceu Claro";"Simples";"Curva;Declive                 ";"Nao";1;0;1;0;0;0;1;1;-20,41088387;-40,75519403;"SPRF-ES";"DEL01-ES";"UOP01-DEL01-ES"
580470;2024-02-11;"domingo";"05:15:00";"PA";230;1112;"ITAITUBA";"Ausancia de Reacao do condutor";"Saida de leito carrocavel";"Com Vatimas Feridas";"Amanhecer";"Crescente";"Nublado";"Simples";"Reta";"Nao";1;0;1;0;0;0;1;1;-4,33991891;-55,77511606;"SPRF-PA";"DEL05-PA";"UOP02-DEL05-PA"
580471;2024-02-11;"domingo";"08:00:00";"RJ";493;100,4;"SEROPEDICA";"Demais falhas mecanicas ou elatricas";"Incendio";"Sem Vatimas";"Pleno dia";"Crescente";"Ceu Claro";"Dupla";"Reta";"Nao";1;0;0;0;1;0;0;1;-22,7451559;-43,72421265;"SPRF-RJ";"DEL01-RJ";"UOP03-DEL01-RJ"
580473;2024-02-11;"domingo";"08:20:00";"RN";101;100,2;"PARNAMIRIM";"Ausancia de Reacao do condutor";"Colisao traseira";"Com Vatimas Feridas";"Pleno dia";"Decrescente";"Sol";"Maltipla";"Reta";"Sim";3;0;2;0;1;0;2;2;-5,880487;-35,225159;"SPRF-RN";"DEL01-RN";"UOP01-DEL01-RN"
580474;2024-02-11;"domingo";"07:55:00";"MG";50;150;"UBERABA";"Reacao tardia ou ineficiente do condutor";"Capotamento";"Com Vatimas Feridas";"Pleno dia";"Decrescente";"Ceu Claro";"Dupla";"Reta";"Nao";5;0;1;4;0;0;5;2;-19,56472304;-48,03358933;"SPRF-MG";"DEL13-MG";"UOP01-DEL13-MG"
580475;2024-02-11;"domingo";"06:50:00";"TO";153;132;"ARAGUAINA";"Velocidade Incompatavel";"Capotamento";"Com Vatimas Feridas";"Amanhecer";"Crescente";"Chuva";"Simples";"Rotataria";"Sim";1;0;0;1;0;0;1;1;-7,10742769;-48,18194237;"SPRF-TO";"DEL02-TO";"UOP01-DEL02-TO"
580476;2024-02-11;"domingo";"07:00:00";"AM";174;885;"MANAUS";"Condutor Dormindo";"Saida de leito carrocavel";"Sem Vatimas";"Pleno dia";"Decrescente";"Ceu Claro";"Simples";"Reta";"Nao";1;0;0;0;0;1;0;1;-2,96448848;-60,02343676;"SPRF-AM";"DEL01-AM";"UOP01-DEL01-AM"
580477;2024-02-11;"domingo";"07:50:00";"GO";153;496;"GOIANIA";"Velocidade Incompatavel";"Colisao transversal";"Com Vatimas Feridas";"Pleno dia";"Crescente";"Ceu Claro";"Maltipla";"Reta;Declive                  ";"Sim";2;0;2;0;0;0;2;2;-16,6776;-49,2314;"SPRF-GO";"DEL01-GO";"UOP01-DEL01-GO"
580478;2024-02-11;"domingo";"08:26:00";"GO";40;28,8;"LUZIANIA";"Ingestao de alcool pelo condutor";"Saida de leito carrocavel";"Sem Vatimas";"Pleno dia";"Decrescente";"Nublado";"Dupla";"Aclive;Reta                   ";"Nao";1;0;0;0;1;0;0;1;-16,273718;-47,871456;"SPRF-DF";"DEL01-DF";"UOP01-DEL01-DF"
580479;2024-02-11;"domingo";"07:00:00";"MG";356;270,8;"MURIAE";"Ausancia de Reacao do condutor";"Queda de ocupante de veiculo";"Com Vatimas Feridas";"Pleno dia";"Crescente";"Nublado";"Simples";"Curva";"Nao";1;0;1;0;0;0;1;1;-21,12839937;-42,32458406;"SPRF-MG";"DEL07-MG";"UOP02-DEL07-MG"
580480;2024-02-11;"domingo";"08:50:00";"DF";60;21,9;"BRASILIA";"Ingestao de alcool pelo condutor";"Saida de leito carrocavel";"Sem Vatimas";"Pleno dia";"Crescente";"Chuva";"Dupla";"Reta";"Nao";1;0;0;0;1;0;0;1;-15,979909;-48,206978;"SPRF-DF";"DEL03-DF";"UOP01-DEL03-DF"
580483;2024-02-11;"domingo";"09:00:00";"PR";369;502,8;"CASCAVEL";"Reacao tardia ou ineficiente do condutor";"Colisao frontal";"Com Vatimas Feridas";"Pleno dia";"Decrescente";"Sol";"Simples";"Reta";"Nao";2;0;1;0;1;0;1;2;-24,9193;-53,38929;"SPRF-PR";"DEL04-PR";"UOP03-DEL04-PR"
580487;2024-02-11;"domingo";"08:00:00";"RJ";40;122;"DUQUE DE CAXIAS";"Mal sabito do condutor";"Queda de ocupante de veiculo";"Com Vatimas Feridas";"Pleno dia";"Decrescente";"Ceu Claro";"Dupla";"Reta";"Nao";1;0;1;0;0;0;1;1;-22,79083113;-43,28611569;"SPRF-RJ";"DEL01-RJ";"UOP02-DEL01-RJ"
580488;2024-02-11;"domingo";"06:00:00";"AL";101;234,2;"PORTO REAL DO COLEGIO";"Condutor Dormindo";"Saida de leito carrocavel";"Com Vatimas Feridas";"Amanhecer";"Crescente";"Ceu Claro";"Dupla";"Reta";"Nao";3;0;1;0;2;0;1;1;-10,11607315;-36,76689488;"SPRF-AL";"DEL02-AL";"UOP02-DEL02-AL"
580489;2024-02-11;"domingo";"07:45:00";"MG";116;496;"INHAPIM";"Ausancia de Reacao do condutor";"Saida de leito carrocavel";"Com Vatimas Feridas";"Pleno dia";"Decrescente";"Ceu Claro";"Simples";"Curva;Declive                 ";"Nao";1;0;1;0;0;0;1;1;-19,52772702;-42,12719586;"SPRF-MG";"DEL06-MG";"UOP02-DEL06-MG"
580490;2024-02-11;"domingo";"06:45:00";"PR";153;377,8;"MALLET";"Ausancia de Reacao do condutor";"Saida de leito carrocavel";"Com Vatimas Fatais";"Pleno dia";"Crescente";"Ceu Claro";"Simples";"Curva;Aclive                  ";"Nao";1;1;0;0;0;0;0;1;-25,78885966;-50,85127115;"SPRF-PR";"DEL08-PR";"UOP02-DEL08-PR"
580491;2024-02-11;"domingo";"09:30:00";"SC";101;197,7;"BIGUACU";"Ausancia de Reacao do condutor";"Saida de leito carrocavel";"Sem Vatimas";"Pleno dia";"Decrescente";"Ceu Claro";"Dupla";"Reta";"Sim";1;0;0;0;1;0;0;1;-27,51844497;-48,63848496;"SPRF-SC";"DEL01-SC";"UOP01-DEL01-SC"
580492;2024-02-11;"domingo";"09:28:00";"RJ";116;147;"DUQUE DE CAXIAS";"Ausancia de Reacao do condutor";"Colisao transversal";"Com Vatimas Feridas";"Amanhecer";"Decrescente";"Ceu Claro";"Simples";"Reta";"Sim";3;0;1;1;1;0;2;2;-22,66978425;-43,27286493;"SPRF-RJ";"DEL01-RJ";"UOP02-DEL01-RJ"
580493;2024-02-11;"domingo";"09:30:00";"AP";210;38;"MACAPA";"Reacao tardia ou ineficiente do condutor";"Saida de leito carrocavel";"Com Vatimas Feridas";"Pleno dia";"Crescente";"Nublado";"Simples";"Curva";"Nao";1;0;1;0;0;0;1;1;0,34781899;-51,09047964;"SPRF-AP";"DEL01-AP";"UOP01-DEL01-AP"
580494;2024-02-11;"domingo";"09:00:00";"SC";101;138,5;"BALNEARIO CAMBORIU";"Reacao tardia ou ineficiente do condutor";"Colisao com objeto";"Com Vatimas Feridas";"Pleno dia";"Decrescente";"Ceu Claro";"Simples";"Reta";"Sim";3;0;1;1;1;0;2;2;-27,02397426;-48,60761649;"SPRF-SC";"DEL04-SC";"UOP03-DEL04-SC"
580495;2024-02-11;"domingo";"09:30:00";"MG";40;556,5;"NOVA LIMA";"Demais falhas mecanicas ou elatricas";"Capotamento";"Com Vatimas Feridas";"Pleno dia";"Crescente";"Nublado";"Dupla";"Reta";"Nao";4;0;1;0;0;3;1;2;-20,09356202;-43,97554136;"SPRF-MG";"DEL01-MG";"UOP02-DEL01-MG"
580496;2024-02-11;"domingo";"10:20:00";"MG";40;760,9;"JUIZ DE FORA";"Ausancia de Reacao do condutor";"Saida de leito carrocavel";"Com Vatimas Feridas";"Pleno dia";"Crescente";"Ceu Claro";"Simples";"Declive;Reta                  ";"Nao";2;0;2;0;0;0;2;1;-21,52936511;-43,51813418;"SPRF-MG";"DEL05-MG";"UOP01-DEL05-MG"
580499;2024-02-11;"domingo";"10:40:00";"PB";230;28;"JOAO PESSOA";"Velocidade Incompatavel";"Tombamento";"Com Vatimas Feridas";"Pleno dia";"Decrescente";"Sol";"Simples";"Curva";"Sim";1;0;1;0;0;0;1;1;-7,1651;-34,8941;"SPRF-PB";"DEL01-PB";"UOP01-DEL01-PB"
580500;2024-02-11;"domingo";"10:45:00";"AP";210;10;"MACAPA";"Reacao tardia ou ineficiente do condutor";"Tombamento";"Com Vatimas Feridas";"Pleno dia";"Decrescente";"Chuva";"Simples";"Reta";"Sim";1;0;1;0;0;0;1;1;0,118133;-51,13286901;"SPRF-AP";"DEL01-AP";"UOP01-DEL01-AP"
580501;2024-02-11;"domingo";"10:45:00";"PE";232;100,4;"BEZERROS";"Ausancia de Reacao do condutor";"Colisao traseira";"Sem Vatimas";"Pleno dia";"Crescente";"Ceu Claro";"Dupla";"Reta";"Sim";2;0;0;0;2;0;0;2;-8,240549;-35,749275;"SPRF-PE";"DEL02-PE";"UOP02-DEL02PE"
580503;2024-01-14;"domingo";"17:20:00";"SC";280;78,5;"CORUPA";"Acessar a via sem observar a presenca dos outros veiculos";"Colisao lateral mesmo sentido";"Com Vatimas Feridas";"Pleno dia";"Crescente";"Ceu Claro";"Simples";"Curva;Interseaao de Vias      ";"Nao";3;0;0;2;1;0;2;2;-26,45019273;-49,1935729;"SPRF-SC";"DEL06-SC";"UOP03-DEL06-SC"
580504;2024-02-11;"domingo";"10:15:00";"MG";381;888,8;"CAMBUI";"Mal sabito do condutor";"Saida de leito carrocavel";"Com Vatimas Feridas";"Pleno dia";"Crescente";"Sol";"Dupla";"Reta";"Nao";3;0;1;0;2;0;1;1;-22,57036508;-46,04169076;"SPRF-MG";"DEL16-MG";"UOP03-DEL16-MG"
580505;2024-02-11;"domingo";"10:35:00";"PR";116;96;"SAO JOSE DOS PINHAIS";"Manobra de mudanaa de faixa";"Colisao lateral mesmo sentido";"Sem Vatimas";"Pleno dia";"Decrescente";"Ceu Claro";"Dupla";"Reta";"Nao";6;0;0;0;6;0;0;2;-25,54016371;-49,15048778;"SPRF-PR";"DEL01-PR";"UOP07-DEL01-PR"
580506;2024-02-11;"domingo";"10:40:00";"SP";116;322;"JUQUITIBA";"Ausancia de Reacao do condutor";"Colisao com objeto";"Com Vatimas Feridas";"Pleno dia";"Decrescente";"Sol";"Dupla";"Reta";"Sim";3;0;1;0;2;0;1;1;-23,935106;-47,026682;"SPRF-SP";"DEL04-SP";"UOP03-DEL04-SP"
580507;2024-02-11;"domingo";"10:05:00";"MA";402;48;"MORROS";"Frear bruscamente";"Colisao lateral mesmo sentido";"Com Vatimas Feridas";"Pleno dia";"Crescente";"Ceu Claro";"Simples";"Reta";"Nao";2;0;1;0;1;0;1;2;-2,851166;-43,963924;"SPRF-MA";"DEL01-MA";"UOP01-DEL01-MA"
580509;2024-02-11;"domingo";"10:40:00";"PB";230;7;"CABEDELO";"Reacao tardia ou ineficiente do condutor";"Colisao traseira";"Com Vatimas Feridas";"Pleno dia";"Decrescente";"Ceu Claro";"Dupla";"Reta";"Sim";4;0;4;0;0;0;4;2;-7,0355;-34,8429;"SPRF-PB";"DEL01-PB";"UOP01-DEL01-PB"
580510;2024-02-11;"domingo";"09:30:00";"RS";287;259;"SANTA MARIA";"Ausancia de Reacao do condutor";"Saida de leito carrocavel";"Sem Vatimas";"Pleno dia";"Crescente";"Ceu Claro";"Simples";"Reta;Declive                  ";"Nao";1;0;0;0;0;1;0;1;-29,67610364;-53,96079095;"SPRF-RS";"DEL09-RS";"UOP01-DEL09-RS"
580511;2024-02-11;"domingo";"12:00:00";"MG";365;623;"UBERLANDIA";"Manobra de mudanaa de faixa";"Colisao traseira";"Com Vatimas Feridas";"Pleno dia";"Crescente";"Ceu Claro";"Dupla";"Interseaao de Vias";"Sim";3;0;1;0;2;0;1;2;-18,9100325;-48,30694985;"SPRF-MG";"DEL15-MG";"UOP01-DEL15-MG"
580512;2024-02-11;"domingo";"11:53:00";"DF";70;9,6;"BRASILIA";"Conversao proibida";"Queda de ocupante de veiculo";"Com Vatimas Feridas";"Pleno dia";"Decrescente";"Nublado";"Maltipla";"Reta";"Sim";1;0;1;0;0;0;1;1;-15,784615;-48,132023;"SPRF-DF";"DEL03-DF";"UOP02-DEL03-DF"
580513;2024-02-11;"domingo";"12:00:00";"SP";116;517;"CAJATI";"Reacao tardia ou ineficiente do condutor";"Saida de leito carrocavel";"Com Vatimas Feridas";"Pleno dia";"Decrescente";"Ceu Claro";"Simples";"Curva;Declive                 ";"Nao";2;0;0;1;1;0;1;1;-24,88067466;-48,22277069;"SPRF-SP";"DEL05-SP";"UOP02-DEL05-SP"
580514;2024-02-11;"domingo";"09:23:00";"RO";364;318;"PRESIDENTE MEDICI";"Ausancia de Reacao do condutor";"Colisao traseira";"Com Vatimas Feridas";"Pleno dia";"Crescente";"Nublado";"Simples";"Reta";"Nao";5;0;1;0;4;0;1;2;-11,085351;-61,91477;"SPRF-RO";"DEL02-RO";"UOP01-DEL02-RO"
580515;2024-02-11;"domingo";"08:00:00";"PE";428;186;"PETROLINA";"Ausancia de Reacao do condutor";"Saida de leito carrocavel";"Com Vatimas Feridas";"Pleno dia";"Crescente";"Ceu Claro";"Dupla";"Reta";"Sim";1;0;1;0;0;0;1;1;-9,34807826;-40,47441248;"SPRF-PE";"DEL06-PE";"UOP01-DEL06-PE"
580517;2024-02-11;"domingo";"08:50:00";"RO";425;52;"NOVA MAMORE";"Avarias e/ou desgaste excessivo no pneu";"Saida de leito carrocavel";"Sem Vatimas";"Pleno dia";"Crescente";"Nublado";"Simples";"Reta";"Nao";1;0;0;0;0;1;0;1;-10,01173;-65,314934;"SPRF-RO";"DEL01-RO";"UOP03-DEL01-RO"
580521;2024-02-11;"domingo";"12:30:00";"MG";381;315;"NOVA ERA";"Velocidade Incompatavel";"Capotamento";"Com Vatimas Feridas";"Pleno dia";"Decrescente";"Ceu Claro";"Simples";"Curva;Declive                 ";"Nao";2;0;2;0;0;0;2;1;-19,66992722;-42,96953761;"SPRF-MG";"DEL03-MG";"UOP02-DEL03-MG"
580522;2024-02-11;"domingo";"13:20:00";"ES";262;46,5;"MARECHAL FLORIANO";"Condutor deixou de manter distancia do veiculo da frente";"Colisao traseira";"Com Vatimas Feridas";"Pleno dia";"Decrescente";"Ceu Claro";"Simples";"Interseaao de Vias;Reta       ";"Sim";7;0;4;0;3;0;4;2;-20,40565705;-40,67280081;"SPRF-ES";"DEL01-ES";"UOP01-DEL01-ES"
580524;2024-02-11;"domingo";"13:00:00";"PE";423;103;"CAETES";"Fumaaa";"Colisao traseira";"Com Vatimas Feridas";"Pleno dia";"Crescente";"Garoa/Chuvisco";"Simples";"Declive";"Nao";3;0;1;0;2;0;1;2;-8,87451577;-36,54667007;"SPRF-PE";"DEL03-PE";"UOP01-DEL03-PE"
580526;2024-02-11;"domingo";"13:50:00";"SC";153;99;"CONCORDIA";"Acesso irregular";"Colisao transversal";"Sem Vatimas";"Pleno dia";"Decrescente";"Ceu Claro";"Simples";"Reta";"Nao";6;0;0;0;6;0;0;2;-27,235508;-51,951069;"SPRF-SC";"DEL07-SC";"UOP04-DEL07-SC"
580528;2024-02-11;"domingo";"11:35:00";"MT";70;99;"CACERES";"Reacao tardia ou ineficiente do condutor";"Queda de ocupante de veiculo";"Com Vatimas Feridas";"Pleno dia";"Crescente";"Sol";"Simples";"Reta;Interseaao de Vias       ";"Sim";1;0;1;0;0;0;1;1;-15,84386872;-57,86036253;"SPRF-MT";"DEL07-MT";"UOP01-DEL07-MT"
580529;2024-02-11;"domingo";"09:30:00";"PR";376;346;"ORTIGUEIRA";"Demais falhas mecanicas ou elatricas";"Incendio";"Sem Vatimas";"Pleno dia";"Crescente";"Ceu Claro";"Dupla";"Reta";"Nao";1;0;0;0;0;1;0;1;-24,1819598;-50,9604365;"SPRF-PR";"DEL07-PR";"UOP02-DEL07-PR"
580531;2024-02-11;"domingo";"13:55:00";"GO";60;30,9;"ALEXANIA";"Acessar a via sem observar a presenca dos outros veiculos";"Colisao transversal";"Sem Vatimas";"Pleno dia";"Crescente";"Nublado";"Dupla";"Reta;Interseaao de Vias       ";"Sim";3;0;0;0;2;1;0;2;-16,0963;-48,5202;"SPRF-DF";"DEL03-DF";"UOP01-DEL03-DF"
580533;2024-02-11;"domingo";"14:30:00";"AL";104;91,8;"RIO LARGO";"Velocidade Incompatavel";"Saida de leito carrocavel";"Com Vatimas Feridas";"Pleno dia";"Crescente";"Ceu Claro";"Dupla";"Reta";"Sim";1;0;0;1;0;0;1;1;-9,50094568;-35,81103086;"SPRF-AL";"DEL01-AL";"UOP01-DEL01-AL"
580534;2024-02-11;"domingo";"14:50:00";"GO";70;3;"AGUAS LINDAS DE GOIAS";"Velocidade Incompatavel";"Saida de leito carrocavel";"Com Vatimas Feridas";"Pleno dia";"Crescente";"Chuva";"Dupla";"Reta";"Sim";2;0;2;0;0;0;2;1;-15,76177302;-48,2368693;"SPRF-DF";"DEL03-DF";"UOP02-DEL03-DF"