"id";"data_inversa";"dia_semana";"horario";"uf";"br";"km";"municipio";"causa_acidente";"tipo_acidente";"classificacao_acidente";"fase_dia";"sentido_via";"condicao_metereologica";"tipo_pista";"tracado_via";"uso_solo";"pessoas";"mortos";"feridos_leves";"feridos_graves";"ilesos";"ignorados";"feridos";"veiculos";"latitude";"longitude";"regional";"delegacia";"uop"
580535;2024-02-11;"domingo";"14:35:00";"SP";116;109,3;"TAUBATE";"Reacao tardia ou ineficiente do condutor";"Colisao traseira";"Com Vatimas Feridas";"Pleno dia";"Crescente";"Ceu Claro";"Dupla";"Reta";"Sim";2;0;1;0;1;0;1;2;-23,02871304;-45,54517097;"SPRF-SP";"DEL02-SP";"UOP02-DEL02-SP"
580536;2024-02-11;"domingo";"15:08:00";"PI";343;330,7;"TERESINA";"Ultrapassagem Indevida";"Colisao lateral mesmo sentido";"Sem Vatimas";"Pleno dia";"Decrescente";"Sol";"Simples";"Reta";"Nao";2;0;0;0;2;0;0;2;-5,061753;-42,649815;"SPRF-PI";"DEL01-PI";"UOP01-DEL01-PI"
580537;2024-02-11;"domingo";"14:10:00";"BA";242;480;"IBITIARA";"Demais falhas mecanicas ou elatricas";"Saida de leito carrocavel";"Com Vatimas Fatais";"Pleno dia";"Crescente";"Nublado";"Simples";"Reta;Declive                  ";"Nao";5;1;1;3;0;0;4;1;-12,45610881;-42,3110319;"SPRF-BA";"DEL06-BA";"UOP01-DEL06-BA"
580539;2024-02-11;"domingo";"14:50:00";"SC";470;31,1;"GASPAR";"Ingestao de alcool pelo condutor";"Colisao lateral mesmo sentido";"Com Vatimas Feridas";"Pleno dia";"Crescente";"Ceu Claro";"Dupla";"Reta";"Nao";4;0;3;0;1;0;3;2;-26,897331;-48,923069;"SPRF-SC";"DEL04-SC";"UOP01-DEL04-SC"
580540;2024-02-11;"domingo";"11:40:00";"PE";232;88;"GRAVATA";"Ausancia de Reacao do condutor";"Queda de ocupante de veiculo";"Com Vatimas Feridas";"Pleno dia";"Decrescente";"Sol";"Dupla";"Reta";"Nao";1;0;1;0;0;0;1;1;-8,215178;-35,637814;"SPRF-PE";"DEL02-PE";"UOP02-DEL02PE"
580541;2024-02-11;"domingo";"13:00:00";"MT";163;750,6;"SORRISO";"Velocidade Incompatavel";"Colisao lateral mesmo sentido";"Com Vatimas Feridas";"Pleno dia";"Decrescente";"Nublado";"Dupla";"Reta";"Sim";5;0;2;0;2;1;2;3;-12,58696803;-55,73850811;"SPRF-MT";"DEL06-MT";"UOP01-DEL06-MT"
580543;2024-02-11;"domingo";"14:30:00";"BA";415;48;"ITABUNA";"Demais falhas mecanicas ou elatricas";"Incendio";"Sem Vatimas";"Pleno dia";"Decrescente";"Ceu Claro";"Simples";"Reta";"Sim";3;0;0;0;3;0;0;1;-14,81894717;-39,30376053;"SPRF-BA";"DEL05-BA";"UOP01-DEL05-BA"
580544;2024-02-11;"domingo";"15:35:00";"PE";101;41;"IGARASSU";"Acesso irregular";"Colisao transversal";"Com Vatimas Feridas";"Pleno dia";"Crescente";"Ceu Claro";"Dupla";"Reta";"Sim";2;0;1;0;1;0;1;2;-7,828852;-34,914474;"SPRF-PE";"DEL01-PE";"UOP02-DEL01-PE"
580545;2024-02-11;"domingo";"14:50:00";"PE";101;157,8;"GAMELEIRA";"Ingestao de alcool pelo condutor";"Colisao com objeto";"Sem Vatimas";"Pleno dia";"Decrescente";"Ceu Claro";"Dupla";"Reta";"Nao";1;0;0;0;1;0;0;1;-8,55352976;-35,3964161;"SPRF-PE";"DEL01-PE";"UOP03-DEL01-PE"
580546;2024-02-11;"domingo";"14:50:00";"RJ";101;456;"ANGRA DOS REIS";"Pedestre cruzava a pista fora da faixa";"Atropelamento de Pedestre";"Com Vatimas Feridas";"Pleno dia";"Crescente";"Sol";"Simples";"Reta";"Sim";3;0;1;0;1;1;1;2;-23,03288558;-44,16793391;"SPRF-RJ";"DEL03-RJ";"UOP02-DEL03-RJ"
580548;2024-02-11;"domingo";"09:00:00";"RJ";101;313;"SAO GONCALO";"Reacao tardia ou ineficiente do condutor";"Tombamento";"Com Vatimas Feridas";"Pleno dia";"Decrescente";"Ceu Claro";"Dupla";"Reta";"Sim";2;0;2;0;0;0;2;1;-22,81049093;-43,06983304;"SPRF-RJ";"DEL02-RJ";"UOP02-DEL02-RJ"
580549;2024-02-11;"domingo";"16:15:00";"SC";282;18;"PALHOCA";"Trafegar com motocicleta (ou similar) entre as faixas";"Colisao lateral sentido oposto";"Com Vatimas Feridas";"Pleno dia";"Crescente";"Ceu Claro";"Simples";"Em Obras;Curva                ";"Sim";2;0;0;1;1;0;1;2;-27,672798;-48,694286;"SPRF-SC";"DEL01-SC";"UOP02-DEL01-SC"
580551;2024-02-11;"domingo";"12:15:00";"RS";116;168;"CAXIAS DO SUL";"Reacao tardia ou ineficiente do condutor";"Colisao lateral mesmo sentido";"Com Vatimas Feridas";"Pleno dia";"Crescente";"Ceu Claro";"Simples";"Reta";"Nao";4;0;2;0;2;0;2;2;-29,28313396;-51,16252272;"SPRF-RS";"DEL05-RS";"UOP02-DEL05-RS"
580552;2024-02-11;"domingo";"16:00:00";"SP";381;89;"SAO PAULO";"Ingestao de alcool pelo condutor";"Colisao traseira";"Sem Vatimas";"Pleno dia";"Crescente";"Ceu Claro";"Simples";"Curva;Declive                 ";"Sim";2;0;0;0;2;0;0;2;-23,48469299;-46,55983288;"SPRF-SP";"DEL03-SP";"UOP01-DEL03-SP"
580553;2024-02-11;"domingo";"14:30:00";"RS";116;151,8;"CAXIAS DO SUL";"Reacao tardia ou ineficiente do condutor";"Queda de ocupante de veiculo";"Com Vatimas Feridas";"Pleno dia";"Crescente";"Ceu Claro";"Dupla";"Curva;Declive                 ";"Sim";3;0;0;2;0;1;2;2;-29,18072584;-51,16418839;"SPRF-RS";"DEL05-RS";"UOP01-DEL05-RS"
580554;2024-02-11;"domingo";"14:25:00";"SC";116;74;"MONTE CASTELO";"Problema na suspensao";"Colisao com objeto";"Com Vatimas Feridas";"Pleno dia";"Decrescente";"Ceu Claro";"Simples";"Reta";"Nao";1;0;1;0;0;0;1;1;-26,50510886;-50,23328349;"SPRF-SC";"DEL06-SC";"UOP02-DEL06-SC"
580555;2024-01-14;"domingo";"19:30:00";"PI";316;44,1;"LAGOA DO PIAUI";"Animais na Pista";"Atropelamento de Animal";"Com Vatimas Feridas";"Plena Noite";"Decrescente";"Nublado";"Simples";"Interseaao de Vias;Reta       ";"Nao";4;0;3;0;1;0;3;1;-5,44807;-42,633837;"SPRF-PI";"DEL01-PI";"UOP02-DEL01-PI"
580557;2024-02-11;"domingo";"16:30:00";"RN";304;295,3;"MACAIBA";"Condutor deixou de manter distancia do veiculo da frente";"Engavetamento";"Sem Vatimas";"Pleno dia";"Decrescente";"Sol";"Simples";"Aclive";"Nao";3;0;0;0;3;0;0;3;-5,86670972;-35,36335945;"SPRF-RN";"DEL01-RN";"UOP02-DEL01-RN"
580558;2024-02-11;"domingo";"15:53:00";"GO";153;103;"SANTA TEREZA DE GOIAS";"Avarias e/ou desgaste excessivo no pneu";"Eventos atapicos";"Com Vatimas Feridas";"Pleno dia";"Crescente";"Nublado";"Simples";"Reta";"Nao";2;0;2;0;0;0;2;1;-13,676991;-49,025154;"SPRF-GO";"DEL07-GO";"UOP01-DEL07-GO"
580559;2024-02-11;"domingo";"14:30:00";"GO";153;597;"MORRINHOS";"Reacao tardia ou ineficiente do condutor";"Saida de leito carrocavel";"Com Vatimas Feridas";"Pleno dia";"Crescente";"Chuva";"Dupla";"Curva";"Nao";3;0;1;0;2;0;1;1;-17,5271;-49,2152;"SPRF-GO";"DEL03-GO";"UOP01-DEL03-GO"
580561;2024-02-11;"domingo";"16:25:00";"GO";20;114,1;"FLORES DE GOIAS";"Demais falhas mecanicas ou elatricas";"Saida de leito carrocavel";"Com Vatimas Feridas";"Pleno dia";"Decrescente";"Nublado";"Simples";"Reta";"Nao";5;0;2;3;0;0;5;1;-14,889873;-46,879147;"SPRF-DF";"DEL02-DF";"UOP03-DEL02-DF"
580562;2024-02-11;"domingo";"14:00:00";"MG";116;678,2;"MIRADOURO";"Reacao tardia ou ineficiente do condutor";"Saida de leito carrocavel";"Sem Vatimas";"Pleno dia";"Crescente";"Nublado";"Simples";"Reta";"Nao";3;0;0;0;0;3;0;2;-20,924714;-42,33700999;"SPRF-MG";"DEL07-MG";"UOP02-DEL07-MG"
580563;2024-02-11;"domingo";"17:00:00";"PB";230;76,7;"RIACHAO DO POCO";"Acessar a via sem observar a presenca dos outros veiculos";"Colisao transversal";"Com Vatimas Feridas";"Pleno dia";"Crescente";"Nublado";"Dupla";"Reta";"Nao";3;0;0;2;1;0;2;2;-7,1852162;-35,29422283;"SPRF-PB";"DEL01-PB";"UOP03-DEL01-PB"
580564;2024-02-11;"domingo";"17:45:00";"SP";116;283;"EMBU DAS ARTES";"Reacao tardia ou ineficiente do condutor";"Colisao com objeto";"Sem Vatimas";"Pleno dia";"Decrescente";"Ceu Claro";"Dupla";"Reta";"Sim";1;0;0;0;1;0;0;1;-23,69297005;-46,86352786;"SPRF-SP";"DEL04-SP";"UOP01-DEL04-SP"
580565;2024-02-11;"domingo";"17:10:00";"RS";290;114;"ELDORADO DO SUL";"Reacao tardia ou ineficiente do condutor";"Colisao transversal";"Com Vatimas Feridas";"Pleno dia";"Decrescente";"Ceu Claro";"Simples";"Reta";"Nao";6;0;1;0;5;0;1;2;-30,044607;-51,347553;"SPRF-RS";"DEL02-RS";"UOP01-DEL02-RS"
580566;2024-02-11;"domingo";"17:20:00";"PB";230;4;"CABEDELO";"Reacao tardia ou ineficiente do condutor";"Colisao com objeto";"Sem Vatimas";"Anoitecer";"Decrescente";"Chuva";"Dupla";"Viaduto";"Sim";1;0;0;0;1;0;0;1;-7,0004;-34,8284;"SPRF-PB";"DEL01-PB";"UOP01-DEL01-PB"
580567;2024-02-11;"domingo";"16:40:00";"RJ";393;284;"VOLTA REDONDA";"Reacao tardia ou ineficiente do condutor";"Colisao com objeto";"Com Vatimas Feridas";"Pleno dia";"Crescente";"Ceu Claro";"Simples";"Curva";"Nao";1;0;0;1;0;0;1;1;-22,47341979;-44,05990606;"SPRF-RJ";"DEL05-RJ";"UOP04-DEL05-RJ"
580568;2024-02-11;"domingo";"17:00:00";"PR";373;219,9;"IMBITUVA";"Ultrapassagem Indevida";"Saida de leito carrocavel";"Com Vatimas Feridas";"Pleno dia";"Decrescente";"Sol";"Dupla";"Reta";"Nao";3;0;2;0;1;0;2;1;-25,168;-50,566;"SPRF-PR";"DEL03-PR";"UOP01-DEL03-PR"
580569;2024-02-11;"domingo";"17:20:00";"PR";116;128,7;"FAZENDA RIO GRANDE";"Velocidade Incompatavel";"Saida de leito carrocavel";"Com Vatimas Feridas";"Pleno dia";"Crescente";"Ceu Claro";"Dupla";"Retorno Regulamentado";"Nao";5;0;1;0;4;0;1;2;-25,66224934;-49,31355536;"SPRF-PR";"DEL01-PR";"UOP03-DEL01-PR"
580570;2024-02-11;"domingo";"18:00:00";"RS";101;9,6;"TORRES";"Acessar a via sem observar a presenca dos outros veiculos";"Colisao lateral mesmo sentido";"Com Vatimas Feridas";"Pleno dia";"Decrescente";"Ceu Claro";"Dupla";"Retorno Regulamentado";"Sim";7;0;5;0;1;1;5;3;-29,36685801;-49,81514399;"SPRF-RS";"DEL03-RS";"UOP02-DEL03-RS"
580571;2024-02-11;"domingo";"15:25:00";"SC";282;354,5;"CAMPOS NOVOS";"Ingestao de alcool pelo condutor";"Colisao frontal";"Com Vatimas Feridas";"Pleno dia";"Crescente";"Ceu Claro";"Simples";"Declive;Reta                  ";"Nao";3;0;1;0;1;1;1;2;-27,35796;-51,330452;"SPRF-SC";"DEL07-SC";"UOP06-DEL07-SC"
580572;2024-02-11;"domingo";"18:10:00";"RS";290;584;"URUGUAIANA";"Reacao tardia ou ineficiente do condutor";"Capotamento";"Com Vatimas Feridas";"Pleno dia";"Crescente";"Ceu Claro";"Simples";"Reta";"Nao";2;0;1;0;0;1;1;2;-29,821992;-57,09992;"SPRF-RS";"DEL13-RS";"UOP02-DEL13-RS"
580573;2024-02-11;"domingo";"18:00:00";"RJ";101;428;"MANGARATIBA";"Acessar a via sem observar a presenca dos outros veiculos";"Colisao transversal";"Com Vatimas Feridas";"Pleno dia";"Decrescente";"Sol";"Maltipla";"Reta;Retorno Regulamentado    ";"Sim";4;0;1;0;3;0;1;2;-22,93391858;-43,9899979;"SPRF-RJ";"DEL03-RJ";"UOP02-DEL03-RJ"
580574;2024-02-11;"domingo";"14:10:00";"RJ";116;181;"NOVA IGUACU";"Frear bruscamente";"Colisao traseira";"Com Vatimas Feridas";"Pleno dia";"Decrescente";"Ceu Claro";"Dupla";"Reta";"Sim";3;0;0;1;2;0;1;2;-22,761312;-43,423492;"SPRF-RJ";"DEL06-RJ";"UOP01-DEL06-RJ"
580575;2024-02-11;"domingo";"18:30:00";"PB";101;88;"JOAO PESSOA";"Acessar a via sem observar a presenca dos outros veiculos";"Colisao lateral mesmo sentido";"Com Vatimas Feridas";"Plena Noite";"Crescente";"Chuva";"Dupla";"Interseaao de Vias;Viaduto;Ret";"Sim";3;0;1;0;2;0;1;3;-7,16470016;-34,89993643;"SPRF-PB";"DEL01-PB";"UOP01-DEL01-PB"
580576;2024-02-11;"domingo";"16:45:00";"MT";163;825;"SINOP";"Acesso irregular";"Colisao transversal";"Com Vatimas Feridas";"Pleno dia";"Decrescente";"Ceu Claro";"Simples";"Reta";"Sim";2;0;1;0;1;0;1;2;-11,94843713;-55,51694155;"SPRF-MT";"DEL06-MT";"UOP02-DEL06-MT"
580577;2024-02-11;"domingo";"16:00:00";"MG";262;403;"PARA DE MINAS";"Reacao tardia ou ineficiente do condutor";"Tombamento";"Com Vatimas Feridas";"Pleno dia";"Decrescente";"Nublado";"Dupla";"Reta";"Nao";3;0;2;0;1;0;2;2;-19,89468798;-44,57131499;"SPRF-MG";"DEL01-MG";"UOP03-DEL01-MG"
580578;2024-02-11;"domingo";"17:35:00";"MG";40;510;"RIBEIRAO DAS NEVES";"Acessar a via sem observar a presenca dos outros veiculos";"Colisao traseira";"Com Vatimas Feridas";"Anoitecer";"Decrescente";"Ceu Claro";"Dupla";"Reta";"Sim";3;0;2;0;1;0;2;2;-19,77463885;-44,12321882;"SPRF-MG";"DEL01-MG";"UOP02-DEL01-MG"
580579;2024-02-11;"domingo";"15:10:00";"MT";364;1160;"CAMPOS DE JULIO";"Reacao tardia ou ineficiente do condutor";"Saida de leito carrocavel";"Com Vatimas Fatais";"Pleno dia";"Crescente";"Chuva";"Simples";"Reta";"Nao";1;1;0;0;0;0;0;1;-13,58134277;-59,0708192;"SPRF-MT";"DEL04-MT";"UOP02-DEL04-MT"
580580;2024-02-11;"domingo";"17:00:00";"MG";381;455;"SABARA";"Conversao proibida";"Colisao transversal";"Com Vatimas Feridas";"Pleno dia";"Decrescente";"Ceu Claro";"Simples";"Reta";"Sim";2;0;1;0;1;0;1;2;-19,8577740829;-43,9046829828;"SPRF-MG";"DEL01-MG";"UOP01-DEL01-MG"
580581;2024-02-11;"domingo";"15:20:00";"BA";330;830;"IPIAU";"Velocidade Incompatavel";"Colisao frontal";"Com Vatimas Feridas";"Pleno dia";"Decrescente";"Chuva";"Simples";"Curva";"Nao";3;0;3;0;0;0;3;2;-14,08149106;-39,78114237;"SPRF-BA";"DEL03-BA";"UOP01-DEL03-BA"
580582;2024-02-11;"domingo";"17:55:00";"PI";316;32;"DEMERVAL LOBAO";"Manobra de mudanaa de faixa";"Colisao transversal";"Sem Vatimas";"Anoitecer";"Crescente";"Nublado";"Dupla";"Reta";"Sim";2;0;0;0;1;1;0;2;-5,34217984;-42,68627493;"SPRF-PI";"DEL01-PI";"UOP02-DEL01-PI"
580583;2024-02-11;"domingo";"18:20:00";"GO";60;30;"ALEXANIA";"Chuva";"Saida de leito carrocavel";"Com Vatimas Feridas";"Plena Noite";"Crescente";"Chuva";"Dupla";"Reta;Aclive                   ";"Sim";1;0;1;0;0;0;1;1;-16,09579418;-48,48678589;"SPRF-DF";"DEL03-DF";"UOP01-DEL03-DF"
580585;2024-02-11;"domingo";"19:00:00";"RN";406;104,1;"JOAO CAMARA";"Pedestre andava na pista";"Atropelamento de Pedestre";"Com Vatimas Fatais";"Plena Noite";"Decrescente";"Nublado";"Simples";"Declive";"Sim";2;1;0;0;0;1;0;2;-5,54067796;-35,80553967;"SPRF-RN";"DEL02-RN";"UOP01-DEL02-RN"
580586;2024-02-11;"domingo";"18:20:00";"MG";381;385;"SAO GONCALO DO RIO ABAIXO";"Ausancia de Reacao do condutor";"Colisao traseira";"Com Vatimas Feridas";"Anoitecer";"Decrescente";"Ceu Claro";"Simples";"Declive;Em Obras;Reta         ";"Nao";2;0;1;0;1;0;1;2;-19,829364;-43,381285;"SPRF-MG";"DEL01-MG";"UOP01-DEL01-MG"
580587;2024-02-11;"domingo";"13:50:00";"MG";50;191;"UBERABA";"Avarias e/ou desgaste excessivo no pneu";"Colisao com objeto";"Sem Vatimas";"Pleno dia";"Crescente";"Chuva";"Dupla";"Declive";"Nao";6;0;0;0;6;0;0;1;-19,8640909;-47,86418486;"SPRF-MG";"DEL13-MG";"UOP01-DEL13-MG"
580588;2024-02-11;"domingo";"18:00:00";"MA";135;5;"SAO LUIS";"Manobra de mudanaa de faixa";"Saida de leito carrocavel";"Com Vatimas Fatais";"Anoitecer";"Decrescente";"Nublado";"Dupla";"Reta";"Sim";2;1;0;0;0;1;0;2;-2,62145385;-44,25797421;"SPRF-MA";"DEL01-MA";"UOP01-DEL01-MA"
580589;2024-02-11;"domingo";"19:15:00";"SC";470;12,7;"NAVEGANTES";"Ausancia de Reacao do condutor";"Tombamento";"Com Vatimas Feridas";"Plena Noite";"Decrescente";"Nublado";"Dupla";"Reta;Declive                  ";"Nao";2;0;0;2;0;0;2;1;-26,835169;-48,757267;"SPRF-SC";"DEL04-SC";"UOP04-DEL04-SC"
580590;2024-02-11;"domingo";"19:25:00";"PE";101;46;"IGARASSU";"Acesso irregular";"Colisao transversal";"Com Vatimas Feridas";"Plena Noite";"Decrescente";"Vento";"Maltipla";"Reta";"Sim";2;0;1;0;0;1;1;2;-7,87406004;-34,90588126;"SPRF-PE";"DEL01-PE";"UOP02-DEL01-PE"
580591;2024-01-10;"quarta-feira";"15:40:00";"GO";40;41;"LUZIANIA";"Chuva";"Colisao lateral sentido oposto";"Com Vatimas Fatais";"Pleno dia";"Crescente";"Chuva";"Simples";"Curva";"Nao";5;1;0;0;4;0;0;3;-16,367802;-47,826972;"SPRF-DF";"DEL01-DF";"UOP02-DEL01-DF"
580595;2024-02-11;"domingo";"20:00:00";"PR";277;716;"SANTA TEREZINHA DE ITAIPU";"Demais falhas mecanicas ou elatricas";"Incendio";"Sem Vatimas";"Plena Noite";"Crescente";"Ceu Claro";"Dupla";"Reta";"Nao";2;0;0;0;2;0;0;1;-25,47252277;-54,46707409;"SPRF-PR";"DEL05-PR";"UOP01-DEL05-PR"
580596;2024-02-11;"domingo";"18:15:00";"PE";424;97;"GARANHUNS";"Farais desregulados";"Colisao lateral mesmo sentido";"Com Vatimas Feridas";"Plena Noite";"Decrescente";"Ceu Claro";"Simples";"Reta";"Nao";2;0;0;1;0;1;1;2;-8,91590392;-36,48883344;"SPRF-PE";"DEL03-PE";"UOP01-DEL03-PE"
580597;2024-02-11;"domingo";"20:05:00";"ES";101;334;"GUARAPARI";"Transitar na contramao";"Colisao lateral sentido oposto";"Com Vatimas Feridas";"Plena Noite";"Crescente";"Ceu Claro";"Dupla";"Declive";"Nao";9;0;6;3;0;0;9;3;-20,6213791;-40,52011191;"SPRF-ES";"DEL03-ES";"UOP01-DEL03-ES"
580598;2024-02-11;"domingo";"20:20:00";"SC";101;193,5;"BIGUACU";"Manobra de mudanaa de faixa";"Queda de ocupante de veiculo";"Com Vatimas Feridas";"Plena Noite";"Decrescente";"Nublado";"Maltipla";"Reta";"Sim";2;0;1;0;0;1;1;2;-27,489574;-48,655914;"SPRF-SC";"DEL01-SC";"UOP01-DEL01-SC"
580599;2024-02-11;"domingo";"17:00:00";"MG";381;377,5;"SAO GONCALO DO RIO ABAIXO";"Ausancia de Reacao do condutor";"Saida de leito carrocavel";"Com Vatimas Feridas";"Pleno dia";"Decrescente";"Ceu Claro";"Simples";"Aclive;Curva                  ";"Nao";2;0;1;1;0;0;2;1;-19,842701;-43,319737;"SPRF-MG";"DEL01-MG";"UOP01-DEL01-MG"
580600;2024-02-11;"domingo";"19:00:00";"TO";153;701,4;"CARIRI DO TOCANTINS";"Reacao tardia ou ineficiente do condutor";"Saida de leito carrocavel";"Com Vatimas Feridas";"Plena Noite";"Crescente";"Nublado";"Simples";"Interseaao de Vias;Rotataria  ";"Nao";1;0;1;0;0;0;1;1;-11,9609026;-49,19947692;"SPRF-TO";"DEL01-TO";"UOP02-DEL01-TO"
580601;2024-02-11;"domingo";"18:00:00";"PB";230;514;"CAJAZEIRAS";"Chuva";"Queda de ocupante de veiculo";"Com Vatimas Feridas";"Anoitecer";"Crescente";"Chuva";"Simples";"Aclive";"Nao";2;0;0;1;1;0;1;1;-6,8753;-38,6397;"SPRF-PB";"DEL03-PB";"UOP03-DEL03-PB"
580602;2024-02-11;"domingo";"20:15:00";"RJ";101;57;"CAMPOS DOS GOYTACAZES";"Reacao tardia ou ineficiente do condutor";"Colisao transversal";"Com Vatimas Feridas";"Plena Noite";"Crescente";"Ceu Claro";"Simples";"Reta";"Sim";2;0;1;0;1;0;1;2;-21,69602101;-41,31017467;"SPRF-RJ";"DEL08-RJ";"UOP01-DEL08-RJ"
580603;2024-02-11;"domingo";"06:40:00";"PR";277;72;"SAO JOSE DOS PINHAIS";"Condutor deixou de manter distancia do veiculo da frente";"Colisao traseira";"Sem Vatimas";"Plena Noite";"Crescente";"Nublado";"Dupla";"Reta";"Nao";3;0;0;0;3;0;0;3;-25,52522628;-49,09755612;"SPRF-PR";"DEL01-PR";"UOP07-DEL01-PR"
580604;2024-02-11;"domingo";"16:15:00";"RJ";40;121;"DUQUE DE CAXIAS";"Acesso irregular";"Colisao transversal";"Com Vatimas Feridas";"Pleno dia";"Decrescente";"Sol";"Maltipla";"Reta";"Sim";2;0;1;0;1;0;1;2;-22,78185499;-43,28571273;"SPRF-RJ";"DEL01-RJ";"UOP02-DEL01-RJ"
580606;2024-02-11;"domingo";"19:00:00";"MT";163;1058;"GUARANTA DO NORTE";"Transitar na contramao";"Colisao lateral sentido oposto";"Com Vatimas Feridas";"Plena Noite";"Crescente";"Nublado";"Simples";"Reta";"Nao";1;0;0;1;0;0;1;1;-10,012513;-54,908274;"SPRF-MT";"DEL06-MT";"UOP03-DEL06-MT"
580607;2024-02-11;"domingo";"18:00:00";"RJ";493;18;"GUAPIMIRIM";"Ausancia de Reacao do condutor";"Queda de ocupante de veiculo";"Com Vatimas Feridas";"Anoitecer";"Decrescente";"Ceu Claro";"Simples";"Reta";"Sim";2;0;2;0;0;0;2;1;-22,6687122;-43,01862696;"SPRF-RJ";"DEL04-RJ";"UOP02-DEL04-RJ"
580608;2024-02-11;"domingo";"16:45:00";"SC";101;221;"PALHOCA";"Avarias e/ou desgaste excessivo no pneu";"Queda de ocupante de veiculo";"Com Vatimas Feridas";"Pleno dia";"Decrescente";"Ceu Claro";"Simples";"Reta";"Nao";1;0;1;0;0;0;1;1;-27,70012652;-48,66021182;"SPRF-SC";"DEL01-SC";"UOP02-DEL01-SC"
580609;2024-02-11;"domingo";"14:00:00";"MA";10;44;"CAROLINA";"Acessar a via sem observar a presenca dos outros veiculos";"Colisao transversal";"Com Vatimas Feridas";"Pleno dia";"Decrescente";"Ceu Claro";"Simples";"Reta;Declive                  ";"Nao";3;0;0;1;2;0;1;2;-7,259534;-47,446739;"SPRF-MA";"DEL04-MA";"UOP02-DEL04-MA"
580610;2024-02-11;"domingo";"15:40:00";"SP";381;61,8;"MAIRIPORA";"Ausancia de Reacao do condutor";"Tombamento";"Com Vatimas Feridas";"Pleno dia";"Crescente";"Ceu Claro";"Dupla";"Curva";"Nao";2;0;2;0;0;0;2;1;-23,29011611;-46,5800681;"SPRF-SP";"DEL03-SP";"UOP01-DEL03-SP"
580611;2024-02-11;"domingo";"20:30:00";"RN";110;33,4;"MOSSORO";"Animais na Pista";"Atropelamento de Animal";"Com Vatimas Feridas";"Plena Noite";"Decrescente";"Ceu Claro";"Simples";"Reta";"Nao";1;0;1;0;0;0;1;1;-5,15244618;-37,21790957;"SPRF-RN";"DEL04-RN";"UOP01-DEL04-RN"
580612;2024-02-11;"domingo";"19:50:00";"SC";282;668;"SAO MIGUEL DO OESTE";"Reacao tardia ou ineficiente do condutor";"Queda de ocupante de veiculo";"Com Vatimas Feridas";"Plena Noite";"Crescente";"Ceu Claro";"Simples";"Reta";"Nao";1;0;1;0;0;0;1;1;-26,641872;-53,625648;"SPRF-SC";"DEL07-SC";"UOP03-DEL07-SC"
580613;2024-02-11;"domingo";"20:15:00";"RJ";116;316;"ITATIAIA";"Ausancia de Reacao do condutor";"Atropelamento de Pedestre";"Com Vatimas Feridas";"Plena Noite";"Crescente";"Garoa/Chuvisco";"Simples";"Curva";"Nao";2;0;1;0;0;1;1;2;-22,46624383;-44,50012207;"SPRF-RJ";"DEL07-RJ";"UOP02-DEL07-RJ"
580614;2024-02-11;"domingo";"18:00:00";"RS";290;353,2;"SAO SEPE";"Reacao tardia ou ineficiente do condutor";"Colisao lateral mesmo sentido";"Com Vatimas Fatais";"Pleno dia";"Crescente";"Nublado";"Simples";"Reta;Em Obras;Declive         ";"Nao";16;1;4;2;8;1;6;5;-30,374231;-53,702789;"SPRF-RS";"DEL09-RS";"UOP02-DEL09-RS"
580615;2024-02-11;"domingo";"21:45:00";"RS";290;22,6;"SANTO ANTONIO DA PATRULHA";"Avarias e/ou desgaste excessivo no pneu";"Capotamento";"Com Vatimas Feridas";"Plena Noite";"Decrescente";"Ceu Claro";"Dupla";"Reta";"Nao";2;0;2;0;0;0;2;1;-29,888826;-50,474819;"SPRF-RS";"DEL03-RS";"UOP01-DEL03-RS"
580616;2024-02-11;"domingo";"21:00:00";"PR";277;104;"CAMPO LARGO";"Transitar na contramao";"Colisao frontal";"Com Vatimas Feridas";"Plena Noite";"Crescente";"Ceu Claro";"Simples";"Viaduto";"Nao";2;0;1;0;1;0;1;2;-25,43444925;-49,41352987;"SPRF-PR";"DEL01-PR";"UOP06-DEL01-PR"
580617;2024-02-11;"domingo";"20:15:00";"MT";163;850;"SINOP";"Ausancia de Reacao do condutor";"Atropelamento de Pedestre";"Com Vatimas Feridas";"Plena Noite";"Crescente";"Chuva";"Simples";"Reta";"Nao";2;0;2;0;0;0;2;2;-11,724;-55,459;"SPRF-MT";"DEL06-MT";"UOP02-DEL06-MT"
580618;2024-02-11;"domingo";"21:45:00";"SE";101;3;"PROPRIA";"Animais na Pista";"Atropelamento de Animal";"Com Vatimas Feridas";"Plena Noite";"Crescente";"Ceu Claro";"Dupla";"Reta;Declive                  ";"Nao";4;0;1;0;3;0;1;1;-10,229956;-36,839184;"SPRF-SE";"DEL02-SE";"UOP02-DEL02-SE"
580619;2024-02-11;"domingo";"20:30:00";"PR";376;142;"NOVA ESPERANCA";"Ausancia de Reacao do condutor";"Colisao traseira";"Com Vatimas Feridas";"Plena Noite";"Decrescente";"Ceu Claro";"Dupla";"Reta";"Nao";3;0;0;2;1;0;2;2;-23,246198;-52,169348;"SPRF-PR";"DEL09-PR";"UOP02-DEL09-PR"
580620;2024-02-11;"domingo";"20:45:00";"MG";381;654,8;"SANTO ANTONIO DO AMPARO";"Demais falhas mecanicas ou elatricas";"Tombamento";"Com Vatimas Feridas";"Plena Noite";"Decrescente";"Ignorado";"Dupla";"Reta;Declive                  ";"Nao";2;0;2;0;0;0;2;1;-20,99437964;-44,96041633;"SPRF-MG";"DEL04-MG";"UOP02-DEL04-MG"