"id";"data_inversa";"dia_semana";"horario";"uf";"br";"km";"municipio";"causa_acidente";"tipo_acidente";"classificacao_acidente";"fase_dia";"sentido_via";"condicao_metereologica";"tipo_pista";"tracado_via";"uso_solo";"pessoas";"mortos";"feridos_leves";"feridos_graves";"ilesos";"ignorados";"feridos";"veiculos";"latitude";"longitude";"regional";"delegacia";"uop"
580622;2024-02-11;"domingo";"21:15:00";"SC";282;264,3;"SAO JOSE DO CERRITO";"Animais na Pista";"Atropelamento de Animal";"Com Vatimas Feridas";"Plena Noite";"Decrescente";"Ceu Claro";"Simples";"Reta";"Nao";6;0;1;0;4;1;1;2;-27,627396;-50,623634;"SPRF-SC";"DEL05-SC";"UOP02-DEL05-SC"
580623;2024-02-11;"domingo";"21:30:00";"RJ";465;4,9;"SEROPEDICA";"Ausancia de Reacao do condutor";"Colisao traseira";"Com Vatimas Feridas";"Plena Noite";"Decrescente";"Ceu Claro";"Simples";"Reta";"Sim";3;0;1;0;2;0;1;2;-22,740971;-43,705597;"SPRF-RJ";"DEL06-RJ";"UOP02-DEL06-RJ"
580624;2024-02-11;"domingo";"21:17:00";"MS";262;504,9;"ANASTACIO";"Animais na Pista";"Saida de leito carrocavel";"Com Vatimas Feridas";"Plena Noite";"Decrescente";"Nublado";"Simples";"Reta";"Nao";4;0;4;0;0;0;4;1;-20,48812287;-55,94510593;"SPRF-MS";"DEL03-MS";"UOP01-DEL03-MS"
580625;2024-02-11;"domingo";"14:30:00";"RJ";116;148;"DUQUE DE CAXIAS";"Manobra de mudanaa de faixa";"Colisao lateral mesmo sentido";"Com Vatimas Feridas";"Pleno dia";"Crescente";"Ceu Claro";"Maltipla";"Aclive;Viaduto                ";"Sim";2;0;1;0;0;1;1;2;-22,6723488;-43,28215398;"SPRF-RJ";"DEL01-RJ";"UOP02-DEL01-RJ"
580626;2024-02-11;"domingo";"22:20:00";"MG";40;351,9;"FELIXLANDIA";"Velocidade Incompatavel";"Saida de leito carrocavel";"Com Vatimas Feridas";"Plena Noite";"Crescente";"Ceu Claro";"Simples";"Interseaao de Vias";"Nao";2;0;2;0;0;0;2;1;-18,728718;-44,91955;"SPRF-MG";"DEL02-MG";"UOP01-DEL02-MG"
580630;2024-02-11;"domingo";"19:00:00";"SC";282;547;"CHAPECO";"Ultrapassagem Indevida";"Colisao frontal";"Com Vatimas Feridas";"Anoitecer";"Decrescente";"Ceu Claro";"Simples";"Reta";"Nao";2;0;0;2;0;0;2;2;-26,973904;-52,745403;"SPRF-SC";"DEL07-SC";"UOP01-DEL07-SC"
580631;2024-02-11;"domingo";"18:00:00";"ES";262;105;"VENDA NOVA DO IMIGRANTE";"Pedestre - Ingestao de alcool/ substancias psicoativas";"Atropelamento de Pedestre";"Com Vatimas Feridas";"Anoitecer";"Crescente";"Chuva";"Simples";"Reta";"Nao";2;0;0;1;1;0;1;2;-20,32624656;-41,13598921;"SPRF-ES";"DEL01-ES";"UOP02-DEL01-ES"
580632;2024-02-11;"domingo";"21:30:00";"CE";222;210;"FORQUILHA";"Ingestao de alcool pelo condutor";"Colisao frontal";"Com Vatimas Feridas";"Plena Noite";"Crescente";"Ceu Claro";"Simples";"Curva;Interseaao de Vias      ";"Nao";4;0;2;1;0;1;3;2;-3,79403057;-40,27587891;"SPRF-CE";"DEL04-CE";"UOP01-DEL04-CE"
580634;2024-02-11;"domingo";"12:33:00";"AC";364;202;"BUJARI";"Pista esburacada";"Saida de leito carrocavel";"Sem Vatimas";"Pleno dia";"Crescente";"Nublado";"Simples";"Reta";"Nao";1;0;0;0;1;0;0;1;-9,57761387;-68,27623886;"SPRF-AC";"DEL01-AC";"UOP01-DEL01-AC"
580635;2024-02-11;"domingo";"23:00:00";"RS";158;332;"SANTA MARIA";"Acumulo de areia ou detritos sobre o pavimento";"Tombamento";"Com Vatimas Feridas";"Plena Noite";"Crescente";"Nublado";"Dupla";"Retorno Regulamentado";"Sim";1;0;1;0;0;0;1;1;-29,70557379;-53,84774923;"SPRF-RS";"DEL09-RS";"UOP01-DEL09-RS"
580636;2024-02-11;"domingo";"22:30:00";"SC";101;65;"ARAQUARI";"Avarias e/ou desgaste excessivo no pneu";"Colisao com objeto";"Com Vatimas Feridas";"Pleno dia";"Crescente";"Ceu Claro";"Dupla";"Reta";"Sim";3;0;1;0;2;0;1;2;-26,47135714;-48,74457217;"SPRF-SC";"DEL03-SC";"UOP02-DEL03-SC"
580637;2024-02-11;"domingo";"22:00:00";"SC";101;155;"ITAPEMA";"Avarias e/ou desgaste excessivo no pneu";"Queda de ocupante de veiculo";"Com Vatimas Feridas";"Plena Noite";"Crescente";"Ceu Claro";"Dupla";"Reta";"Nao";2;0;2;0;0;0;2;1;-27,16292;-48,61129;"SPRF-SC";"DEL04-SC";"UOP03-DEL04-SC"
580638;2024-02-11;"domingo";"22:31:00";"RO";319;64;"PORTO VELHO";"Ingestao de alcool pelo condutor";"Colisao traseira";"Sem Vatimas";"Plena Noite";"Decrescente";"Nublado";"Dupla";"Reta";"Sim";3;0;0;0;3;0;0;2;-8,766685;-63,884052;"SPRF-RO";"DEL01-RO";"UOP01-DEL01-RO"
580640;2024-02-11;"domingo";"19:20:00";"MT";174;384;"CONQUISTA DOESTE";"Manobra de mudanaa de faixa";"Colisao frontal";"Com Vatimas Feridas";"Plena Noite";"Crescente";"Ceu Claro";"Simples";"Reta";"Nao";2;0;0;1;1;0;1;2;-14,5025286;-59,5674037;"SPRF-MT";"DEL04-MT";"UOP01-DEL04-MT"
580641;2024-02-11;"domingo";"23:10:00";"GO";60;19,1;"ALEXANIA";"Transitar na contramao";"Colisao frontal";"Com Vatimas Fatais";"Plena Noite";"Crescente";"Chuva";"Dupla";"Aclive;Reta                   ";"Nao";4;1;2;1;0;0;3;2;-16,116914;-48,393592;"SPRF-DF";"DEL03-DF";"UOP01-DEL03-DF"
580642;2024-02-11;"domingo";"22:35:00";"MA";10;308;"ACAILANDIA";"Transitar na contramao";"Colisao frontal";"Com Vatimas Fatais";"Plena Noite";"Decrescente";"Ceu Claro";"Simples";"Curva";"Nao";2;1;0;0;1;0;0;2;-5,044079;-47,551216;"SPRF-MA";"DEL04-MA";"UOP03-DEL04-MA"
580643;2024-02-11;"domingo";"21:10:00";"RS";290;134;"ELDORADO DO SUL";"Demais falhas mecanicas ou elatricas";"Incendio";"Sem Vatimas";"Plena Noite";"Decrescente";"Nublado";"Simples";"Reta";"Nao";1;0;0;0;0;1;0;1;-30,064959;-51,551262;"SPRF-RS";"DEL02-RS";"UOP01-DEL02-RS"
580645;2024-02-11;"domingo";"22:30:00";"SC";101;139;"BALNEARIO CAMBORIU";"Manobra de mudanaa de faixa";"Colisao lateral mesmo sentido";"Com Vatimas Feridas";"Plena Noite";"Crescente";"Ceu Claro";"Dupla";"Reta";"Nao";1;0;1;0;0;0;1;1;-27,03881189;-48,60025148;"SPRF-SC";"DEL04-SC";"UOP03-DEL04-SC"
580646;2024-02-11;"domingo";"21:15:00";"RJ";101;511;"ANGRA DOS REIS";"Ausancia de Reacao do condutor";"Colisao transversal";"Com Vatimas Feridas";"Plena Noite";"Crescente";"Nublado";"Simples";"Reta";"Nao";4;0;1;0;1;2;1;3;-22,9609111;-44,4382966;"SPRF-RJ";"DEL03-RJ";"UOP03-DEL03-RJ"
580648;2024-02-12;"segunda-feira";"00:40:00";"DF";40;2,9;"BRASILIA";"Acumulo de agua sobre o pavimento";"Tombamento";"Com Vatimas Feridas";"Plena Noite";"Crescente";"Chuva";"Dupla";"Interseaao de Vias;Ponte;Reta ";"Sim";2;0;2;0;0;0;2;1;-15,99435;-47,985947;"SPRF-DF";"DEL01-DF";"UOP01-DEL01-DF"
580649;2024-02-11;"domingo";"20:30:00";"MG";381;549,3;"ITATIAIUCU";"Condutor Dormindo";"Saida de leito carrocavel";"Com Vatimas Fatais";"Plena Noite";"Decrescente";"Ceu Claro";"Dupla";"Aclive;Curva                  ";"Nao";1;1;0;0;0;0;0;1;-20,31815092;-44,45448614;"SPRF-MG";"DEL04-MG";"UOP03-DEL04-MG"
580653;2024-02-11;"domingo";"19:00:00";"PI";135;307;"CRISTINO CASTRO";"Transitar na contramao";"Colisao frontal";"Com Vatimas Fatais";"Plena Noite";"Decrescente";"Nublado";"Simples";"Reta;Declive                  ";"Nao";3;1;0;0;2;0;0;2;-8,750607;-44,154432;"SPRF-PI";"DEL03-PI";"UOP02-DEL03-PI"
580654;2024-02-11;"domingo";"23:30:00";"RR";174;473,3;"BOA VISTA";"Manobra de mudanaa de faixa";"Colisao frontal";"Com Vatimas Feridas";"Plena Noite";"Crescente";"Ceu Claro";"Simples";"Reta";"Nao";2;0;0;1;0;1;1;2;2,599424;-60,876957;"SPRF-RR";"DEL01-RR";"UOP01-DEL01-RR"
580655;2024-02-11;"domingo";"23:10:00";"GO";60;394;"RIO VERDE";"Ingestao de alcool pelo condutor";"Saida de leito carrocavel";"Sem Vatimas";"Plena Noite";"Crescente";"Nublado";"Dupla";"Reta";"Sim";2;0;0;0;2;0;0;1;-17,8228;-50,9983;"SPRF-GO";"DEL04-GO";"UOP02-DEL04-GO"
580656;2024-02-12;"segunda-feira";"00:50:00";"RS";470;229,5;"GARIBALDI";"Ausancia de Reacao do condutor";"Saida de leito carrocavel";"Sem Vatimas";"Plena Noite";"Crescente";"Nublado";"Simples";"Curva";"Sim";2;0;0;0;1;1;0;2;-29,27470891;-51,49431467;"SPRF-RS";"DEL06-RS";"UOP01-DEL06-RS"
580659;2024-02-12;"segunda-feira";"01:35:00";"SC";101;211,2;"SAO JOSE";"Reacao tardia ou ineficiente do condutor";"Tombamento";"Com Vatimas Feridas";"Plena Noite";"Crescente";"Ceu Claro";"Dupla";"Interseaao de Vias;Reta       ";"Sim";2;0;1;0;1;0;1;2;-27,62329313;-48,65245588;"SPRF-SC";"DEL01-SC";"UOP02-DEL01-SC"
580660;2024-02-11;"domingo";"23:05:00";"RJ";101;485,2;"ANGRA DOS REIS";"Acessar a via sem observar a presenca dos outros veiculos";"Colisao transversal";"Com Vatimas Feridas";"Plena Noite";"Crescente";"Ceu Claro";"Dupla";"Reta";"Sim";2;0;1;0;1;0;1;2;-22,98573526;-44,29709764;"SPRF-RJ";"DEL03-RJ";"UOP03-DEL03-RJ"
580661;2024-02-12;"segunda-feira";"01:45:00";"PE";232;9,6;"JABOATAO DOS GUARARAPES";"Ausancia de Reacao do condutor";"Colisao traseira";"Com Vatimas Feridas";"Plena Noite";"Crescente";"Garoa/Chuvisco";"Dupla";"Reta;Em Obras                 ";"Nao";2;0;0;1;1;0;1;2;-8,07764447;-34,97863609;"SPRF-PE";"DEL01-PE";"UOP01-DEL01-PE"
580662;2024-02-12;"segunda-feira";"02:40:00";"SC";101;215;"PALHOCA";"Condutor Dormindo";"Colisao com objeto";"Com Vatimas Feridas";"Plena Noite";"Decrescente";"Ceu Claro";"Maltipla";"Reta;Aclive                   ";"Sim";1;0;1;0;0;0;1;1;-27,65184843;-48,67604941;"SPRF-SC";"DEL01-SC";"UOP02-DEL01-SC"
580664;2024-02-12;"segunda-feira";"01:40:00";"MG";262;669,9;"IBIA";"Demais falhas mecanicas ou elatricas";"Incendio";"Sem Vatimas";"Plena Noite";"Crescente";"Ceu Claro";"Simples";"Reta";"Nao";26;0;0;0;26;0;0;1;-19,55172772;-46,79118955;"SPRF-MG";"DEL08-MG";"UOP01-DEL08-MG"
580667;2024-02-12;"segunda-feira";"02:30:00";"SP";116;391,3;"MIRACATU";"Animais na Pista";"Atropelamento de Animal";"Com Vatimas Feridas";"Plena Noite";"Decrescente";"Nublado";"Dupla";"Curva";"Nao";2;0;1;0;1;0;1;1;-24,27280624;-47,4062269;"SPRF-SP";"DEL04-SP";"UOP02-DEL04-SP"
580669;2024-02-12;"segunda-feira";"04:23:00";"DF";40;0;"BRASILIA";"Ausancia de Reacao do condutor";"Colisao lateral mesmo sentido";"Sem Vatimas";"Plena Noite";"Crescente";"Ceu Claro";"Dupla";"Reta";"Sim";2;0;0;0;2;0;0;2;-15,976897;-47,990129;"SPRF-DF";"DEL01-DF";"UOP01-DEL01-DF"
580670;2024-02-12;"segunda-feira";"03:00:00";"SC";101;143;"BALNEARIO CAMBORIU";"Ausancia de Reacao do condutor";"Colisao traseira";"Com Vatimas Feridas";"Plena Noite";"Crescente";"Ceu Claro";"Dupla";"Reta";"Sim";3;0;0;1;2;0;1;2;-27,06436;-48,59599405;"SPRF-SC";"DEL04-SC";"UOP03-DEL04-SC"
580672;2024-02-12;"segunda-feira";"03:23:00";"RJ";116;136;"MAGE";"Velocidade Incompatavel";"Colisao lateral mesmo sentido";"Com Vatimas Feridas";"Plena Noite";"Crescente";"Ceu Claro";"Dupla";"Reta";"Nao";3;0;2;0;0;1;2;2;-22,64988985;-43,17250297;"SPRF-RJ";"DEL04-RJ";"UOP02-DEL04-RJ"
580673;2024-02-11;"domingo";"11:50:00";"BA";324;613;"SALVADOR";"Chuva";"Queda de ocupante de veiculo";"Com Vatimas Feridas";"Pleno dia";"Crescente";"Chuva";"Dupla";"Reta";"Sim";1;0;0;1;0;0;1;1;-12,85531601;-38,42055197;"SPRF-BA";"DEL01-BA";"UOP01-DEL01-BA"
580674;2024-02-12;"segunda-feira";"03:50:00";"RJ";101;484;"ANGRA DOS REIS";"Ultrapassagem Indevida";"Colisao frontal";"Com Vatimas Feridas";"Plena Noite";"Crescente";"Ceu Claro";"Simples";"Curva";"Sim";3;0;2;0;1;0;2;2;-22,99096308;-44,30429882;"SPRF-RJ";"DEL03-RJ";"UOP03-DEL03-RJ"
580675;2024-02-12;"segunda-feira";"04:38:00";"DF";20;20;"BRASILIA";"Demais falhas mecanicas ou elatricas";"Capotamento";"Com Vatimas Feridas";"Plena Noite";"Crescente";"Chuva";"Dupla";"Ponte;Reta                    ";"Sim";1;0;1;0;0;0;1;1;-15,607905;-47,692791;"SPRF-DF";"DEL02-DF";"UOP01-DEL02-DF"
580677;2024-02-12;"segunda-feira";"04:45:00";"MG";381;765;"CAMPANHA";"Demais falhas mecanicas ou elatricas";"Tombamento";"Com Vatimas Feridas";"Amanhecer";"Decrescente";"Chuva";"Dupla";"Curva";"Nao";2;0;2;0;0;0;2;1;-21,75667108;-45,40552196;"SPRF-MG";"DEL16-MG";"UOP02-DEL16-MG"
580678;2024-02-12;"segunda-feira";"04:00:00";"PE";232;145;"SAO CAITANO";"Ingestao de alcool pelo condutor";"Queda de ocupante de veiculo";"Com Vatimas Feridas";"Amanhecer";"Decrescente";"Ceu Claro";"Dupla";"Reta";"Nao";1;0;1;0;0;0;1;1;-8,32868;-36,120811;"SPRF-PE";"DEL03-PE";"UOP02-DEL03-PE"
580680;2024-02-12;"segunda-feira";"06:00:00";"SC";101;149;"ITAPEMA";"Reacao tardia ou ineficiente do condutor";"Tombamento";"Com Vatimas Feridas";"Pleno dia";"Crescente";"Sol";"Maltipla";"Curva";"Nao";1;0;1;0;0;0;1;1;-27,1089649;-48,61277586;"SPRF-SC";"DEL04-SC";"UOP03-DEL04-SC"
580682;2024-02-12;"segunda-feira";"06:00:00";"RJ";116;291;"BARRA MANSA";"Condutor Dormindo";"Colisao com objeto";"Com Vatimas Feridas";"Amanhecer";"Crescente";"Ceu Claro";"Dupla";"Curva";"Nao";2;0;2;0;0;0;2;1;-22,47234102;-44,27715902;"SPRF-RJ";"DEL07-RJ";"UOP02-DEL07-RJ"
580683;2024-02-12;"segunda-feira";"05:00:00";"RN";226;276,6;"TRIUNFO POTIGUAR";"Desrespeitar a preferancia no cruzamento";"Colisao transversal";"Com Vatimas Feridas";"Amanhecer";"Decrescente";"Ceu Claro";"Simples";"Interseaao de Vias;Rotataria  ";"Nao";2;0;1;1;0;0;2;2;-5,85895066;-37,19635963;"SPRF-RN";"DEL03-RN";"UOP01-DEL03-RN"
580684;2024-02-12;"segunda-feira";"05:40:00";"SP";116;274;"TABOAO DA SERRA";"Manobra de mudanaa de faixa";"Queda de ocupante de veiculo";"Com Vatimas Feridas";"Amanhecer";"Decrescente";"Ceu Claro";"Dupla";"Reta";"Sim";2;0;1;1;0;0;2;1;-23,63445084;-46,82418514;"SPRF-SP";"DEL04-SP";"UOP01-DEL04-SP"
580686;2024-02-12;"segunda-feira";"06:40:00";"TO";10;463;"PALMAS";"Reacao tardia ou ineficiente do condutor";"Atropelamento de Pedestre";"Com Vatimas Feridas";"Plena Noite";"Crescente";"Ceu Claro";"Simples";"Curva";"Sim";2;0;1;0;0;1;1;2;-10,15618788;-48,16564032;"SPRF-TO";"DEL01-TO";"UOP03-DEL01-TO"
580689;2024-02-12;"segunda-feira";"06:00:00";"MG";381;484;"BETIM";"Demais falhas mecanicas ou elatricas";"Incendio";"Sem Vatimas";"Amanhecer";"Decrescente";"Ceu Claro";"Maltipla";"Viaduto";"Sim";1;0;0;0;1;0;0;1;-19,95531717;-44,11722196;"SPRF-MG";"DEL01-MG";"UOP03-DEL01-MG"
580691;2024-02-11;"domingo";"21:30:00";"BA";324;536;"AMELIA RODRIGUES";"Ausancia de Reacao do condutor";"Saida de leito carrocavel";"Com Vatimas Feridas";"Plena Noite";"Crescente";"Ceu Claro";"Dupla";"Curva";"Sim";1;0;1;0;0;0;1;1;-12,363585;-38,820976;"SPRF-BA";"DEL01-BA";"UOP03-DEL01-BA"
580693;2024-02-11;"domingo";"21:50:00";"SC";470;22,3;"ILHOTA";"Ausancia de Reacao do condutor";"Tombamento";"Com Vatimas Feridas";"Plena Noite";"Crescente";"Nublado";"Dupla";"Reta";"Nao";1;0;1;0;0;0;1;1;-26,880066;-48,836224;"SPRF-SC";"DEL04-SC";"UOP04-DEL04-SC"
580695;2024-02-12;"segunda-feira";"07:00:00";"MG";40;511,5;"RIBEIRAO DAS NEVES";"Condutor deixou de manter distancia do veiculo da frente";"Colisao traseira";"Com Vatimas Feridas";"Pleno dia";"Decrescente";"Sol";"Dupla";"Reta";"Sim";2;0;0;1;1;0;1;2;-19,77348837;-44,12439823;"SPRF-MG";"DEL01-MG";"UOP02-DEL01-MG"
580696;2024-02-11;"domingo";"22:00:00";"RJ";116;148;"DUQUE DE CAXIAS";"Reacao tardia ou ineficiente do condutor";"Colisao com objeto";"Com Vatimas Feridas";"Plena Noite";"Crescente";"Ceu Claro";"Simples";"Reta";"Nao";1;0;1;0;0;0;1;1;-22,6723488;-43,28215398;"SPRF-RJ";"DEL01-RJ";"UOP02-DEL01-RJ"
580698;2024-02-12;"segunda-feira";"06:30:00";"MG";267;48,5;"MARIPA DE MINAS";"Velocidade Incompatavel";"Saida de leito carrocavel";"Com Vatimas Fatais";"Amanhecer";"Crescente";"Ceu Claro";"Simples";"Curva";"Nao";1;1;0;0;0;0;0;1;-21,69635151;-42,98366547;"SPRF-MG";"DEL07-MG";"UOP01-DEL07-MG"
580701;2024-02-12;"segunda-feira";"02:30:00";"MG";381;159,5;"GOVERNADOR VALADARES";"Ausancia de Reacao do condutor";"Saida de leito carrocavel";"Com Vatimas Feridas";"Plena Noite";"Decrescente";"Nublado";"Simples";"Curva";"Nao";1;0;1;0;0;0;1;1;-18,88898998;-42,00506687;"SPRF-MG";"DEL06-MG";"UOP01-DEL06-MG"
580702;2024-02-12;"segunda-feira";"01:30:00";"SP";116;279;"EMBU DAS ARTES";"Ausancia de Reacao do condutor";"Capotamento";"Sem Vatimas";"Plena Noite";"Decrescente";"Chuva";"Dupla";"Reta";"Sim";1;0;0;0;0;1;0;1;-23,66233697;-46,85292907;"SPRF-SP";"DEL04-SP";"UOP01-DEL04-SP"
580703;2024-02-12;"segunda-feira";"06:56:00";"SC";163;82,2;"GUARACIABA";"Acessar a via sem observar a presenca dos outros veiculos";"Colisao transversal";"Com Vatimas Feridas";"Pleno dia";"Decrescente";"Ceu Claro";"Simples";"Reta;Declive                  ";"Nao";2;0;1;0;1;0;1;2;-26,6327579;-53,51856923;"SPRF-SC";"DEL07-SC";"UOP03-DEL07-SC"
580704;2024-02-12;"segunda-feira";"07:30:00";"RS";116;262,4;"CANOAS";"Acumulo de areia ou detritos sobre o pavimento";"Colisao lateral mesmo sentido";"Com Vatimas Feridas";"Pleno dia";"Crescente";"Nublado";"Dupla";"Reta;Em Obras                 ";"Sim";4;0;2;0;2;0;2;2;-29,8965193;-51,1761564;"SPRF-RS";"DEL01-RS";"UOP01-DEL01-RS"
580705;2024-02-12;"segunda-feira";"06:50:00";"RJ";116;179;"BELFORD ROXO";"Curva acentuada";"Colisao com objeto";"Com Vatimas Feridas";"Pleno dia";"Crescente";"Ceu Claro";"Maltipla";"Curva";"Sim";2;0;2;0;0;0;2;1;-22,769902;-43,408036;"SPRF-RJ";"DEL06-RJ";"UOP01-DEL06-RJ"
580706;2024-02-12;"segunda-feira";"07:10:00";"PE";232;5,2;"RECIFE";"Reacao tardia ou ineficiente do condutor";"Colisao com objeto";"Com Vatimas Feridas";"Pleno dia";"Decrescente";"Ceu Claro";"Dupla";"Curva";"Nao";1;0;0;1;0;0;1;1;-8,06795766;-34,94535414;"SPRF-PE";"DEL01-PE";"UOP01-DEL01-PE"
580707;2024-02-12;"segunda-feira";"07:50:00";"RJ";101;322;"NITEROI";"Manobra de mudanaa de faixa";"Colisao transversal";"Sem Vatimas";"Pleno dia";"Decrescente";"Ceu Claro";"Maltipla";"Reta";"Nao";2;0;0;0;2;0;0;2;-22,878923;-43,110676;"SPRF-RJ";"DEL02-RJ";"UOP01-DEL02-RJ"
580709;2024-02-12;"segunda-feira";"04:00:00";"SE";101;94;"NOSSA SENHORA DO SOCORRO";"Animais na Pista";"Atropelamento de Animal";"Com Vatimas Feridas";"Plena Noite";"Decrescente";"Ceu Claro";"Dupla";"Reta";"Sim";1;0;1;0;0;0;1;1;-10,90732013;-37,15236691;"SPRF-SE";"DEL01-SE";"UOP01-DEL01-SE"
580710;2024-02-12;"segunda-feira";"06:15:00";"RJ";101;128;"QUISSAMA";"Condutor Dormindo";"Capotamento";"Com Vatimas Feridas";"Pleno dia";"Decrescente";"Ceu Claro";"Dupla";"Reta";"Nao";1;0;1;0;0;0;1;1;-22,09332808;-41,69019757;"SPRF-RJ";"DEL08-RJ";"UOP04-DEL08-RJ"
580711;2024-02-12;"segunda-feira";"08:00:00";"RS";116;262,5;"CANOAS";"Acumulo de areia ou detritos sobre o pavimento";"Tombamento";"Com Vatimas Feridas";"Pleno dia";"Crescente";"Sol";"Dupla";"Reta;Em Obras                 ";"Nao";1;0;1;0;0;0;1;1;-29,896475;-51,17593;"SPRF-RS";"DEL01-RS";"UOP01-DEL01-RS"
580712;2024-02-12;"segunda-feira";"07:01:00";"MA";135;7;"SAO LUIS";"Reacao tardia ou ineficiente do condutor";"Colisao traseira";"Com Vatimas Feridas";"Pleno dia";"Crescente";"Ceu Claro";"Dupla";"Reta";"Sim";3;0;2;0;1;0;2;2;-2,63608835;-44,26848552;"SPRF-MA";"DEL01-MA";"UOP01-DEL01-MA"
580714;2024-02-12;"segunda-feira";"08:00:00";"SP";116;290;"ITAPECERICA DA SERRA";"Demais falhas na via";"Queda de ocupante de veiculo";"Com Vatimas Feridas";"Plena Noite";"Crescente";"Ceu Claro";"Dupla";"Reta";"Sim";1;0;1;0;0;0;1;1;-23,7303281;-46,89425963;"SPRF-SP";"DEL04-SP";"UOP01-DEL04-SP"
580716;2024-02-12;"segunda-feira";"05:50:00";"MT";163;832;"SINOP";"Manobra de mudanaa de faixa";"Colisao transversal";"Com Vatimas Feridas";"Pleno dia";"Decrescente";"Ceu Claro";"Dupla";"Retorno Regulamentado";"Sim";2;0;1;0;1;0;1;2;-11,893;-55,503;"SPRF-MT";"DEL06-MT";"UOP02-DEL06-MT"
580717;2024-02-12;"segunda-feira";"08:30:00";"MG";381;848;"POUSO ALEGRE";"Ausancia de Reacao do condutor";"Saida de leito carrocavel";"Com Vatimas Feridas";"Pleno dia";"Crescente";"Ceu Claro";"Dupla";"Reta";"Nao";1;0;1;0;0;0;1;1;-22,22479311;-45,87538719;"SPRF-MG";"DEL16-MG";"UOP01-DEL16-MG"
580718;2024-02-06;"terça-feira";"17:30:00";"RS";290;19;"SANTO ANTONIO DA PATRULHA";"Velocidade Incompatavel";"Saida de leito carrocavel";"Sem Vatimas";"Pleno dia";"Decrescente";"Ceu Claro";"Dupla";"Reta";"Nao";2;0;0;0;2;0;0;1;-29,884407;-50,444893;"SPRF-RS";"DEL03-RS";"UOP01-DEL03-RS"
580719;2024-02-12;"segunda-feira";"08:15:00";"GO";153;622,2;"MORRINHOS";"Condutor usando celular";"Saida de leito carrocavel";"Com Vatimas Feridas";"Pleno dia";"Crescente";"Ceu Claro";"Dupla";"Reta";"Nao";4;0;4;0;0;0;4;1;-17,7397;-49,1575;"SPRF-GO";"DEL03-GO";"UOP01-DEL03-GO"
580720;2024-02-12;"segunda-feira";"08:50:00";"PR";277;43;"MORRETES";"Ausancia de Reacao do condutor";"Queda de ocupante de veiculo";"Com Vatimas Feridas";"Pleno dia";"Decrescente";"Ceu Claro";"Dupla";"Reta";"Nao";1;0;1;0;0;0;1;1;-25,57437908;-48,85418905;"SPRF-PR";"DEL01-PR";"UOP01-DEL01-PR"
580721;2024-02-12;"segunda-feira";"09:21:00";"PE";316;20;"ARARIPINA";"Pista Escorregadia";"Tombamento";"Com Vatimas Feridas";"Pleno dia";"Crescente";"Garoa/Chuvisco";"Simples";"Reta";"Sim";1;0;1;0;0;0;1;1;-7,55997805;-40,53416406;"SPRF-PE";"DEL05-PE";"UOP02-DEL05-PE"
580722;2024-02-08;"quinta-feira";"17:25:00";"GO";20;2;"FORMOSA";"Pista esburacada";"Eventos atapicos";"Sem Vatimas";"Pleno dia";"Decrescente";"Chuva";"Simples";"Interseaao de Vias;Reta       ";"Sim";2;0;0;0;2;0;0;1;-15,57387;-47,327488;"SPRF-DF";"DEL02-DF";"UOP02-DEL02-DF"
580724;2024-02-12;"segunda-feira";"04:39:00";"AL";101;126;"SAO MIGUEL DOS CAMPOS";"Demais falhas mecanicas ou elatricas";"Incendio";"Sem Vatimas";"Amanhecer";"Crescente";"Ceu Claro";"Dupla";"Reta";"Nao";1;0;0;0;1;0;0;1;-9,72616116;-36,05167975;"SPRF-AL";"DEL02-AL";"UOP01-DEL02-AL"
580726;2024-02-12;"segunda-feira";"06:28:00";"SC";101;184,9;"BIGUACU";"Reacao tardia ou ineficiente do condutor";"Queda de ocupante de veiculo";"Com Vatimas Feridas";"Pleno dia";"Crescente";"Ceu Claro";"Maltipla";"Reta";"Nao";2;0;1;0;1;0;1;1;-27,41613807;-48,6266443;"SPRF-SC";"DEL01-SC";"UOP01-DEL01-SC"
580727;2024-02-12;"segunda-feira";"08:50:00";"RJ";101;66;"CAMPOS DOS GOYTACAZES";"Falta de acostamento";"Queda de ocupante de veiculo";"Com Vatimas Feridas";"Pleno dia";"Crescente";"Ceu Claro";"Dupla";"Curva";"Sim";1;0;1;0;0;0;1;1;-21,76090387;-41,34788959;"SPRF-RJ";"DEL08-RJ";"UOP02-DEL08-RJ"
580728;2024-02-12;"segunda-feira";"08:30:00";"MG";40;526;"CONTAGEM";"Reacao tardia ou ineficiente do condutor";"Tombamento";"Com Vatimas Feridas";"Pleno dia";"Decrescente";"Ceu Claro";"Dupla";"Reta";"Sim";1;0;1;0;0;0;1;1;-19,89255399;-44,04985478;"SPRF-MG";"DEL01-MG";"UOP02-DEL01-MG"
580729;2024-02-12;"segunda-feira";"09:10:00";"MA";230;404,7;"BALSAS";"Desrespeitar a preferancia no cruzamento";"Colisao transversal";"Com Vatimas Feridas";"Pleno dia";"Crescente";"Ceu Claro";"Simples";"Reta";"Sim";2;0;0;1;1;0;1;2;-7,52197982;-46,04785323;"SPRF-MA";"DEL05-MA";"UOP01-DEL05-MA"
580730;2024-02-12;"segunda-feira";"08:10:00";"RS";470;179;"VERANOPOLIS";"Manobra de mudanaa de faixa";"Colisao lateral mesmo sentido";"Sem Vatimas";"Pleno dia";"Decrescente";"Ceu Claro";"Dupla";"Reta";"Nao";5;0;0;0;5;0;0;2;-28,95614928;-51,56242466;"SPRF-RS";"DEL06-RS";"UOP02-DEL06-RS"