"id";"data_inversa";"dia_semana";"horario";"uf";"br";"km";"municipio";"causa_acidente";"tipo_acidente";"classificacao_acidente";"fase_dia";"sentido_via";"condicao_metereologica";"tipo_pista";"tracado_via";"uso_solo";"pessoas";"mortos";"feridos_leves";"feridos_graves";"ilesos";"ignorados";"feridos";"veiculos";"latitude";"longitude";"regional";"delegacia";"uop"
580732;2024-02-12;"segunda-feira";"05:21:00";"MS";463;91;"PONTA PORA";"Falta de elemento de contenaao que evite a saada do leito carroaavel";"Saida de leito carrocavel";"Sem Vatimas";"Amanhecer";"Crescente";"Ceu Claro";"Simples";"Reta";"Nao";2;0;0;0;0;2;0;2;-22,597691;-55,538864;"SPRF-MS";"DEL04-MS";"UOP03-DEL04-MS"
580735;2024-02-12;"segunda-feira";"08:45:00";"SC";282;133,5;"BOM RETIRO";"Demais falhas mecanicas ou elatricas";"Queda de ocupante de veiculo";"Com Vatimas Feridas";"Pleno dia";"Decrescente";"Ceu Claro";"Simples";"Reta";"Nao";2;0;2;0;0;0;2;1;-27,807491;-49,532272;"SPRF-SC";"DEL05-SC";"UOP01-DEL05-SC"
580737;2024-02-12;"segunda-feira";"06:51:00";"PA";308;202;"BRAGANCA";"Transitar na contramao";"Colisao frontal";"Com Vatimas Fatais";"Amanhecer";"Decrescente";"Ceu Claro";"Simples";"Curva;Rotataria               ";"Sim";3;1;0;0;2;0;0;3;-1,065242;-46,764686;"SPRF-PA";"DEL01-PA";"UOP03-DEL01-PA"
580738;2024-02-12;"segunda-feira";"10:30:00";"MG";381;491;"BETIM";"Manobra de mudanaa de faixa";"Colisao lateral mesmo sentido";"Com Vatimas Feridas";"Pleno dia";"Crescente";"Ceu Claro";"Dupla";"Reta";"Sim";3;0;2;0;1;0;2;2;-19,95720861;-44,15125738;"SPRF-MG";"DEL01-MG";"UOP03-DEL01-MG"
580741;2024-02-12;"segunda-feira";"07:10:00";"GO";20;149,5;"ALVORADA DO NORTE";"Ausancia de Reacao do condutor";"Colisao traseira";"Com Vatimas Feridas";"Pleno dia";"Crescente";"Ceu Claro";"Simples";"Reta";"Nao";6;0;0;3;1;2;3;3;-14,707157;-46,649918;"SPRF-DF";"DEL02-DF";"UOP03-DEL02-DF"
580742;2024-02-12;"segunda-feira";"01:30:00";"MT";70;537;"VARZEA GRANDE";"Acumulo de agua sobre o pavimento";"Saida de leito carrocavel";"Com Vatimas Feridas";"Plena Noite";"Decrescente";"Chuva";"Simples";"Curva";"Nao";2;0;2;0;0;0;2;1;-15,67948556;-56,2651062;"SPRF-MT";"DEL01-MT";"UOP02-DEL01-MT"
580745;2024-02-12;"segunda-feira";"12:00:00";"DF";251;33;"BRASILIA";"Ausancia de Reacao do condutor";"Capotamento";"Com Vatimas Feridas";"Pleno dia";"Crescente";"Ceu Claro";"Simples";"Reta";"Sim";2;0;1;0;1;0;1;2;-15,937679;-47,748878;"SPRF-DF";"DEL01-DF";"UOP01-DEL01-DF"
580746;2024-02-12;"segunda-feira";"12:00:00";"BA";324;585;"CANDEIAS";"Avarias e/ou desgaste excessivo no pneu";"Tombamento";"Com Vatimas Feridas";"Pleno dia";"Crescente";"Ceu Claro";"Dupla";"Reta";"Nao";1;0;0;1;0;0;1;1;-12,63012705;-38,47968619;"SPRF-BA";"DEL01-BA";"UOP01-DEL01-BA"
580748;2024-02-12;"segunda-feira";"12:45:00";"PR";116;124;"CURITIBA";"Avarias e/ou desgaste excessivo no pneu";"Tombamento";"Com Vatimas Feridas";"Pleno dia";"Crescente";"Sol";"Dupla";"Reta";"Nao";1;0;1;0;0;0;1;1;-25,58620703;-49,31436887;"SPRF-PR";"DEL01-PR";"UOP03-DEL01-PR"
580749;2024-02-12;"segunda-feira";"12:30:00";"GO";60;104,2;"GOIANAPOLIS";"Velocidade Incompatavel";"Saida de leito carrocavel";"Com Vatimas Feridas";"Pleno dia";"Crescente";"Ceu Claro";"Dupla";"Curva";"Nao";2;0;1;0;1;0;1;1;-16,4118;-49,0004;"SPRF-GO";"DEL02-GO";"UOP01-DEL02-GO"
580750;2024-02-12;"segunda-feira";"08:30:00";"MG";262;817;"UBERABA";"Transitar no Acostamento";"Colisao lateral mesmo sentido";"Com Vatimas Feridas";"Pleno dia";"Crescente";"Sol";"Dupla";"Reta";"Nao";2;0;1;0;0;1;1;2;-19,76384526;-48,12927805;"SPRF-MG";"DEL13-MG";"UOP01-DEL13-MG"
580752;2024-02-12;"segunda-feira";"12:30:00";"MG";40;442;"PARAOPEBA";"Curva acentuada";"Saida de leito carrocavel";"Com Vatimas Feridas";"Pleno dia";"Crescente";"Sol";"Dupla";"Retorno Regulamentado";"Nao";2;0;1;0;1;0;1;1;-19,28815;-44,392;"SPRF-MG";"DEL02-MG";"UOP01-DEL02-MG"
580753;2024-02-12;"segunda-feira";"12:20:00";"PB";101;115,7;"PEDRAS DE FOGO";"Reacao tardia ou ineficiente do condutor";"Colisao traseira";"Com Vatimas Feridas";"Pleno dia";"Decrescente";"Sol";"Dupla";"Aclive;Reta                   ";"Nao";3;0;1;0;2;0;1;2;-7,396321;-34,95577703;"SPRF-PB";"DEL01-PB";"UOP02-DEL01-PB"
580754;2024-02-12;"segunda-feira";"12:10:00";"DF";251;32,3;"BRASILIA";"Condutor deixou de manter distancia do veiculo da frente";"Colisao traseira";"Com Vatimas Feridas";"Pleno dia";"Crescente";"Ceu Claro";"Simples";"Reta";"Nao";3;0;1;1;1;0;2;2;-15,940314;-47,740455;"SPRF-DF";"DEL01-DF";"UOP01-DEL01-DF"
580756;2024-02-12;"segunda-feira";"11:30:00";"SC";101;323;"PESCARIA BRAVA";"Ausancia de Reacao do condutor";"Colisao traseira";"Sem Vatimas";"Pleno dia";"Decrescente";"Ceu Claro";"Maltipla";"Reta";"Nao";4;0;0;0;3;1;0;2;-28,42789556;-48,91248313;"SPRF-SC";"DEL02-SC";"UOP01-DEL02-SC"
580757;2024-02-12;"segunda-feira";"12:10:00";"RJ";101;532;"ANGRA DOS REIS";"Condutor deixou de manter distancia do veiculo da frente";"Colisao traseira";"Com Vatimas Feridas";"Pleno dia";"Crescente";"Ceu Claro";"Simples";"Reta";"Nao";2;0;0;1;1;0;1;2;-23,01786953;-44,53024067;"SPRF-RJ";"DEL03-RJ";"UOP03-DEL03-RJ"
580758;2024-02-12;"segunda-feira";"13:40:00";"SE";235;22,6;"LARANJEIRAS";"Afundamento ou ondulaaao no pavimento";"Capotamento";"Com Vatimas Feridas";"Pleno dia";"Crescente";"Ceu Claro";"Simples";"Reta";"Nao";1;0;1;0;0;0;1;1;-10,823149;-37,235428;"SPRF-SE";"DEL01-SE";"UOP02-DEL01-SE"
580759;2024-02-12;"segunda-feira";"13:40:00";"MG";262;448,5;"NOVA SERRANA";"Mal sabito do condutor";"Queda de ocupante de veiculo";"Com Vatimas Feridas";"Pleno dia";"Decrescente";"Ceu Claro";"Simples";"Reta";"Nao";2;0;1;0;0;1;1;2;-19,85536797;-45,01974106;"SPRF-MG";"DEL08-MG";"UOP03-DEL08-MG"
580760;2024-02-12;"segunda-feira";"11:40:00";"SC";282;304;"VARGEM";"Condutor Dormindo";"Colisao frontal";"Com Vatimas Feridas";"Pleno dia";"Crescente";"Sol";"Simples";"Aclive;Reta                   ";"Nao";2;0;2;0;0;0;2;2;-27,49730858;-50,93467712;"SPRF-SC";"DEL07-SC";"UOP06-DEL07-SC"
580761;2024-02-12;"segunda-feira";"12:45:00";"PI";316;302,7;"PICOS";"Condutor deixou de manter distancia do veiculo da frente";"Colisao traseira";"Sem Vatimas";"Pleno dia";"Crescente";"Ceu Claro";"Simples";"Reta";"Sim";3;0;0;0;3;0;0;2;-7,05254229;-41,53174821;"SPRF-PI";"DEL04-PI";"UOP01-DEL04-PI"
580764;2024-02-12;"segunda-feira";"14:00:00";"SC";470;151;"AGRONOMICA";"Ingestao de alcool pelo condutor";"Colisao lateral sentido oposto";"Sem Vatimas";"Pleno dia";"Decrescente";"Ceu Claro";"Simples";"Reta";"Nao";2;0;0;0;2;0;0;2;-27,26028504;-49,71904983;"SPRF-SC";"DEL04-SC";"UOP02-DEL04-SC"
580765;2024-02-12;"segunda-feira";"08:10:00";"PI";135;456;"MONTE ALEGRE DO PIAUI";"Condutor Dormindo";"Saida de leito carrocavel";"Com Vatimas Feridas";"Pleno dia";"Decrescente";"Ceu Claro";"Simples";"Reta";"Nao";2;0;2;0;0;0;2;1;-9,56522397;-44,96010299;"SPRF-PI";"DEL03-PI";"UOP02-DEL03-PI"
580768;2024-02-12;"segunda-feira";"14:02:00";"TO";153;141;"ARAGUAINA";"Velocidade Incompatavel";"Colisao traseira";"Com Vatimas Feridas";"Pleno dia";"Crescente";"Ceu Claro";"Dupla";"Rotataria;Reta                ";"Sim";2;0;1;0;1;0;1;2;-7,1783291;-48,2215476;"SPRF-TO";"DEL02-TO";"UOP01-DEL02-TO"
580769;2024-02-12;"segunda-feira";"13:55:00";"RJ";495;1,6;"TERESOPOLIS";"Conversao proibida";"Colisao lateral mesmo sentido";"Com Vatimas Feridas";"Pleno dia";"Crescente";"Ceu Claro";"Simples";"Reta";"Sim";2;0;1;0;1;0;1;2;-22,40114933;-42,97924519;"SPRF-RJ";"DEL04-RJ";"UOP01-DEL04-RJ"
580770;2024-01-25;"quinta-feira";"01:48:00";"PI";316;300;"PICOS";"Ingestao de alcool pelo condutor";"Colisao lateral mesmo sentido";"Sem Vatimas";"Plena Noite";"Decrescente";"Ceu Claro";"Simples";"Reta";"Sim";4;0;0;0;4;0;0;2;-7,04184237;-41,54636128;"SPRF-PI";"DEL04-PI";"UOP01-DEL04-PI"
580771;2024-02-12;"segunda-feira";"15:10:00";"RS";290;91;"PORTO ALEGRE";"Manobra de mudanaa de faixa";"Colisao traseira";"Com Vatimas Feridas";"Pleno dia";"Decrescente";"Sol";"Dupla";"Reta";"Sim";3;0;1;0;2;0;1;3;-29,969055;-51,167439;"SPRF-RS";"DEL01-RS";"UOP01-DEL01-RS"
580772;2024-02-12;"segunda-feira";"11:40:00";"RJ";116;212;"SEROPEDICA";"Condutor deixou de manter distancia do veiculo da frente";"Colisao traseira";"Sem Vatimas";"Pleno dia";"Crescente";"Ceu Claro";"Maltipla";"Reta";"Nao";4;0;0;0;4;0;0;2;-22,71844298;-43,700897;"SPRF-RJ";"DEL06-RJ";"UOP02-DEL06-RJ"
580773;2024-02-12;"segunda-feira";"14:30:00";"AL";104;89,5;"RIO LARGO";"Demais falhas mecanicas ou elatricas";"Tombamento";"Com Vatimas Feridas";"Pleno dia";"Crescente";"Chuva";"Dupla";"Reta";"Sim";2;0;2;0;0;0;2;1;-9,49216808;-35,81471324;"SPRF-AL";"DEL01-AL";"UOP01-DEL01-AL"
580774;2024-02-12;"segunda-feira";"14:45:00";"PB";104;104;"ESPERANCA";"Condutor Dormindo";"Saida de leito carrocavel";"Com Vatimas Feridas";"Pleno dia";"Crescente";"Ceu Claro";"Simples";"Reta";"Nao";2;0;2;0;0;0;2;1;-7,08061598;-35,85413977;"SPRF-PB";"DEL02-PB";"UOP04-DEL02-PB"
580775;2024-02-12;"segunda-feira";"15:30:00";"CE";20;202;"BOA VIAGEM";"Conversao proibida";"Colisao transversal";"Com Vatimas Feridas";"Pleno dia";"Decrescente";"Ceu Claro";"Simples";"Curva";"Sim";2;0;1;0;1;0;1;2;-5,0975698;-39,7128386;"SPRF-CE";"DEL02-CE";"UOP02-DEL02-CE"
580777;2024-02-12;"segunda-feira";"13:10:00";"PI";343;307;"ALTOS";"Condutor desrespeitou a iluminaaao vermelha do semaforo";"Colisao transversal";"Com Vatimas Fatais";"Pleno dia";"Decrescente";"Ceu Claro";"Simples";"Reta;Interseaao de Vias       ";"Sim";2;1;0;0;1;0;0;2;-5,03960413;-42,46107459;"SPRF-PI";"DEL01-PI";"UOP01-DEL01-PI"
580778;2024-02-12;"segunda-feira";"15:00:00";"RJ";393;169;"TRES RIOS";"Reacao tardia ou ineficiente do condutor";"Colisao traseira";"Com Vatimas Feridas";"Pleno dia";"Crescente";"Ceu Claro";"Simples";"Reta";"Nao";5;0;0;1;4;0;1;2;-22,1251196;-43,1800772;"SPRF-RJ";"DEL05-RJ";"UOP02-DEL05-RJ"
580779;2024-02-12;"segunda-feira";"15:40:00";"RS";285;146,2;"MUITOS CAPOES";"Avarias e/ou desgaste excessivo no pneu";"Tombamento";"Com Vatimas Feridas";"Pleno dia";"Decrescente";"Ceu Claro";"Simples";"Reta";"Nao";2;0;2;0;0;0;2;1;-28,357988;-51,106682;"SPRF-RS";"DEL05-RS";"UOP03-DEL05-RS"
580780;2024-02-12;"segunda-feira";"10:50:00";"MG";116;744;"LEOPOLDINA";"Ausancia de Reacao do condutor";"Tombamento";"Com Vatimas Feridas";"Pleno dia";"Crescente";"Ceu Claro";"Simples";"Reta";"Nao";1;0;1;0;0;0;1;1;-21,42227206;-42,50880191;"SPRF-MG";"DEL07-MG";"UOP01-DEL07-MG"
580781;2024-02-12;"segunda-feira";"12:15:00";"MA";316;263;"SANTA INES";"Acessar a via sem observar a presenca dos outros veiculos";"Colisao transversal";"Com Vatimas Feridas";"Pleno dia";"Crescente";"Ceu Claro";"Simples";"Interseaao de Vias";"Sim";2;0;0;1;1;0;1;2;-3,675226;-45,371643;"SPRF-MA";"DEL02-MA";"UOP01-DEL02-MA"
580782;2024-02-12;"segunda-feira";"13:30:00";"GO";452;146,9;"BOM JESUS DE GOIAS";"Ingestao de alcool pelo condutor";"Capotamento";"Com Vatimas Feridas";"Pleno dia";"Decrescente";"Ceu Claro";"Simples";"Reta";"Nao";1;0;1;0;0;0;1;1;-18,28356456;-49,6162008;"SPRF-GO";"DEL03-GO";"UOP02-DEL03-GO"
580783;2024-02-12;"segunda-feira";"16:00:00";"SE";235;46,4;"ITABAIANA";"Velocidade Incompatavel";"Colisao traseira";"Com Vatimas Fatais";"Pleno dia";"Decrescente";"Ceu Claro";"Simples";"Declive;Reta;Ponte            ";"Nao";4;1;2;1;0;0;3;3;-10,739394;-37,405602;"SPRF-SE";"DEL01-SE";"UOP02-DEL01-SE"
580784;2024-02-12;"segunda-feira";"13:45:00";"SP";116;89;"PINDAMONHANGABA";"Avarias e/ou desgaste excessivo no pneu";"Tombamento";"Com Vatimas Feridas";"Pleno dia";"Crescente";"Ceu Claro";"Dupla";"Reta";"Sim";2;0;2;0;0;0;2;1;-22,93930884;-45,37874708;"SPRF-SP";"DEL08-SP";"UOP01-DEL08-SP"
580786;2024-02-12;"segunda-feira";"16:15:00";"MG";251;487;"FRANCISCO SA";"Ultrapassagem Indevida";"Colisao frontal";"Com Vatimas Fatais";"Pleno dia";"Crescente";"Ceu Claro";"Simples";"Reta;Declive                  ";"Nao";4;1;2;0;1;0;2;2;-16,51784211;-43,55947992;"SPRF-MG";"DEL12-MG";"UOP01-DEL12-MG"
580788;2024-02-12;"segunda-feira";"16:30:00";"SC";101;438,2;"SOMBRIO";"Demais falhas mecanicas ou elatricas";"Saida de leito carrocavel";"Com Vatimas Feridas";"Pleno dia";"Decrescente";"Ceu Claro";"Dupla";"Reta";"Sim";1;0;1;0;0;0;1;1;-29,12374811;-49,65150833;"SPRF-SC";"DEL02-SC";"UOP02-DEL02-SC"
580791;2024-02-12;"segunda-feira";"16:30:00";"MG";381;732;"CARMO DA CACHOEIRA";"Chuva";"Capotamento";"Com Vatimas Feridas";"Pleno dia";"Decrescente";"Chuva";"Dupla";"Curva";"Nao";5;0;2;0;3;0;2;1;-21,55413799;-45,24499427;"SPRF-MG";"DEL16-MG";"UOP02-DEL16-MG"
580792;2024-02-12;"segunda-feira";"17:10:00";"MG";365;627;"UBERLANDIA";"Reacao tardia ou ineficiente do condutor";"Queda de ocupante de veiculo";"Sem Vatimas";"Pleno dia";"Crescente";"Ceu Claro";"Dupla";"Reta";"Nao";2;0;0;0;0;2;0;1;-18,90359335;-48,34361612;"SPRF-MG";"DEL15-MG";"UOP01-DEL15-MG"
580797;2024-02-12;"segunda-feira";"16:00:00";"MT";364;81;"ALTO GARCAS";"Mal sabito do condutor";"Saida de leito carrocavel";"Com Vatimas Feridas";"Pleno dia";"Decrescente";"Ceu Claro";"Simples";"Declive";"Nao";1;0;1;0;0;0;1;1;-16,87954682;-53,67865184;"SPRF-MT";"DEL02-MT";"UOP02-DEL02-MT"
580798;2024-02-12;"segunda-feira";"18:00:00";"PE";101;73;"RECIFE";"Entrada inopinada do pedestre";"Colisao com objeto";"Com Vatimas Feridas";"Plena Noite";"Crescente";"Nublado";"Dupla";"Curva";"Sim";3;0;1;0;2;0;1;2;-8,09920153;-34,95018125;"SPRF-PE";"DEL01-PE";"UOP01-DEL01-PE"
580799;2024-02-12;"segunda-feira";"18:05:00";"SP";116;65,8;"GUARATINGUETA";"Curva acentuada";"Colisao com objeto";"Com Vatimas Feridas";"Anoitecer";"Crescente";"Chuva";"Dupla";"Curva";"Nao";2;0;2;0;0;0;2;1;-22,823273;-45,192806;"SPRF-SP";"DEL08-SP";"UOP01-DEL08-SP"
580801;2024-02-12;"segunda-feira";"17:30:00";"RJ";116;258;"PIRAI";"Pista Escorregadia";"Queda de ocupante de veiculo";"Com Vatimas Feridas";"Pleno dia";"Crescente";"Chuva";"Dupla";"Reta";"Nao";2;0;2;0;0;0;2;1;-22,58138777;-44,02160689;"SPRF-RJ";"DEL07-RJ";"UOP02-DEL07-RJ"
580803;2024-02-12;"segunda-feira";"14:30:00";"MT";163;929;"ITAUBA";"Demais falhas mecanicas ou elatricas";"Saida de leito carrocavel";"Com Vatimas Feridas";"Pleno dia";"Decrescente";"Ceu Claro";"Simples";"Reta";"Nao";2;0;1;0;1;0;1;1;-11,0600558;-55,2730939;"SPRF-MT";"DEL06-MT";"UOP02-DEL06-MT"
580804;2024-02-12;"segunda-feira";"18:30:00";"MG";40;774;"JUIZ DE FORA";"Reacao tardia ou ineficiente do condutor";"Saida de leito carrocavel";"Com Vatimas Feridas";"Amanhecer";"Decrescente";"Ceu Claro";"Dupla";"Curva";"Nao";2;0;1;0;1;0;1;1;-21,63264999;-43,44311998;"SPRF-MG";"DEL05-MG";"UOP01-DEL05-MG"
580805;2024-02-12;"segunda-feira";"16:10:00";"MG";50;192;"UBERABA";"Ausancia de Reacao do condutor";"Colisao com objeto";"Com Vatimas Feridas";"Pleno dia";"Crescente";"Chuva";"Dupla";"Declive";"Nao";3;0;2;1;0;0;3;1;-19,87187797;-47,85892196;"SPRF-MG";"DEL13-MG";"UOP01-DEL13-MG"
580806;2024-02-12;"segunda-feira";"16:30:00";"MG";40;194;"JOAO PINHEIRO";"Ultrapassagem Indevida";"Colisao frontal";"Com Vatimas Fatais";"Pleno dia";"Crescente";"Ceu Claro";"Simples";"Declive;Reta                  ";"Nao";5;1;3;1;0;0;4;2;-18,00126118;-45,85592693;"SPRF-MG";"DEL14-MG";"UOP02-DEL14-MG"
580807;2024-02-12;"segunda-feira";"18:20:00";"ES";101;231,5;"FUNDAO";"Ultrapassagem Indevida";"Colisao lateral sentido oposto";"Com Vatimas Feridas";"Plena Noite";"Crescente";"Ceu Claro";"Simples";"Reta";"Nao";4;0;0;2;1;1;2;3;-19,97811606;-40,40780888;"SPRF-ES";"DEL02-ES";"UOP01-DEL02-ES"
580808;2024-02-12;"segunda-feira";"17:58:00";"RJ";40;110;"DUQUE DE CAXIAS";"Transitar no Acostamento";"Colisao traseira";"Com Vatimas Feridas";"Pleno dia";"Crescente";"Ceu Claro";"Dupla";"Reta";"Sim";3;0;1;0;2;0;1;2;-22,68289906;-43,28549346;"SPRF-RJ";"DEL01-RJ";"UOP02-DEL01-RJ"
580809;2024-02-12;"segunda-feira";"18:10:00";"RN";304;300,9;"MACAIBA";"Ingestao de alcool pelo condutor";"Colisao traseira";"Com Vatimas Feridas";"Plena Noite";"Crescente";"Ceu Claro";"Dupla";"Reta";"Sim";2;0;1;0;0;1;1;2;-5,87578879;-35,30953288;"SPRF-RN";"DEL01-RN";"UOP02-DEL01-RN"
580810;2024-02-12;"segunda-feira";"18:15:00";"GO";70;0,8;"AGUAS LINDAS DE GOIAS";"Reacao tardia ou ineficiente do condutor";"Colisao com objeto";"Com Vatimas Feridas";"Anoitecer";"Crescente";"Ceu Claro";"Dupla";"Reta;Aclive                   ";"Nao";4;0;3;0;1;0;3;1;-15,783543;-48,2326;"SPRF-DF";"DEL03-DF";"UOP02-DEL03-DF"
580811;2024-02-12;"segunda-feira";"18:10:00";"RJ";116;193,7;"QUEIMADOS";"Velocidade Incompatavel";"Queda de ocupante de veiculo";"Com Vatimas Feridas";"Anoitecer";"Decrescente";"Nublado";"Dupla";"Reta";"Sim";3;0;2;0;1;0;2;2;-22,73960178;-43,52859094;"SPRF-RJ";"DEL06-RJ";"UOP01-DEL06-RJ"
580812;2024-02-12;"segunda-feira";"19:20:00";"GO";60;164,7;"GOIANIA";"Ausancia de Reacao do condutor";"Colisao com objeto";"Com Vatimas Feridas";"Plena Noite";"Crescente";"Garoa/Chuvisco";"Simples";"Reta";"Sim";7;0;1;2;4;0;3;2;-16,7002;-49,3335;"SPRF-GO";"DEL01-GO";"UOP02-DEL01-GO"
580813;2024-02-12;"segunda-feira";"18:30:00";"RS";285;181;"LAGOA VERMELHA";"Ultrapassagem Indevida";"Saida de leito carrocavel";"Com Vatimas Feridas";"Pleno dia";"Crescente";"Ceu Claro";"Simples";"Curva";"Nao";1;0;1;0;0;0;1;1;-28,292761;-51,413475;"SPRF-RS";"DEL08-RS";"UOP05-DEL08-RS"
580815;2024-02-12;"segunda-feira";"18:45:00";"BA";407;2,3;"JUAZEIRO";"Demais falhas mecanicas ou elatricas";"Colisao lateral sentido oposto";"Com Vatimas Feridas";"Plena Noite";"Crescente";"Ceu Claro";"Simples";"Retorno Regulamentado;Rotatari";"Sim";3;0;1;0;2;0;1;3;-9,42481471;-40,50535798;"SPRF-PE";"DEL06-PE";"UOP01-DEL06-PE"
580816;2024-02-12;"segunda-feira";"12:40:00";"RJ";40;115;"DUQUE DE CAXIAS";"Ausancia de Reacao do condutor";"Colisao traseira";"Com Vatimas Feridas";"Pleno dia";"Crescente";"Ceu Claro";"Maltipla";"Reta";"Sim";2;0;1;0;1;0;1;2;-22,72756999;-43,2891609;"SPRF-RJ";"DEL01-RJ";"UOP02-DEL01-RJ"
580818;2024-02-11;"domingo";"13:44:00";"PA";316;19;"BENEVIDES";"Manobra de mudanaa de faixa";"Colisao traseira";"Com Vatimas Feridas";"Pleno dia";"Crescente";"Sol";"Dupla";"Reta";"Sim";3;0;2;0;1;0;2;2;-1,3642339;-48,266582;"SPRF-PA";"DEL01-PA";"UOP01-DEL01-PA"
580819;2024-02-12;"segunda-feira";"19:20:00";"MG";381;773,2;"CAMPANHA";"Demais falhas mecanicas ou elatricas";"Incendio";"Sem Vatimas";"Plena Noite";"Decrescente";"Ceu Claro";"Maltipla";"Reta";"Nao";1;0;0;0;1;0;0;1;-21,80014143;-45,46715288;"SPRF-MG";"DEL16-MG";"UOP02-DEL16-MG"
580820;2024-02-12;"segunda-feira";"19:24:00";"RJ";101;532,2;"ANGRA DOS REIS";"Acessar a via sem observar a presenca dos outros veiculos";"Colisao lateral sentido oposto";"Com Vatimas Feridas";"Plena Noite";"Crescente";"Ceu Claro";"Simples";"Reta";"Sim";2;0;1;0;1;0;1;2;-23,01786953;-44,53024067;"SPRF-RJ";"DEL03-RJ";"UOP03-DEL03-RJ"
580821;2024-02-12;"segunda-feira";"17:30:00";"SC";282;24,6;"SANTO AMARO DA IMPERATRIZ";"Desrespeitar a preferancia no cruzamento";"Colisao lateral sentido oposto";"Com Vatimas Feridas";"Pleno dia";"Decrescente";"Ceu Claro";"Maltipla";"Interseaao de Vias;Viaduto    ";"Sim";4;0;1;0;3;0;1;2;-27,68268;-48,744614;"SPRF-SC";"DEL01-SC";"UOP03-DEL01-SC"
580823;2024-02-12;"segunda-feira";"17:50:00";"SC";116;53,7;"PAPANDUVA";"Ausancia de Reacao do condutor";"Colisao com objeto";"Com Vatimas Feridas";"Pleno dia";"Decrescente";"Ceu Claro";"Simples";"Rotataria";"Sim";1;0;1;0;0;0;1;1;-26,3932492;-50,15515026;"SPRF-SC";"DEL06-SC";"UOP02-DEL06-SC"
580825;2024-02-12;"segunda-feira";"21:00:00";"SP";116;222,5;"GUARULHOS";"Reacao tardia ou ineficiente do condutor";"Tombamento";"Com Vatimas Feridas";"Plena Noite";"Decrescente";"Nublado";"Maltipla";"Reta";"Sim";1;0;1;0;0;0;1;1;-23,47093408;-46,51631097;"SPRF-SP";"DEL01-SP";"UOP01-DEL01-SP"
580828;2024-02-12;"segunda-feira";"20:00:00";"MG";116;529,9;"CARATINGA";"Desrespeitar a preferancia no cruzamento";"Colisao transversal";"Com Vatimas Feridas";"Plena Noite";"Decrescente";"Ceu Claro";"Simples";"Interseaao de Vias;Reta       ";"Nao";2;0;1;0;1;0;1;2;-19,80209596;-42,13678193;"SPRF-MG";"DEL06-MG";"UOP02-DEL06-MG"
580829;2024-02-12;"segunda-feira";"20:30:00";"ES";101;144;"LINHARES";"Manobra de mudanaa de faixa";"Colisao lateral mesmo sentido";"Sem Vatimas";"Plena Noite";"Crescente";"Ceu Claro";"Dupla";"Reta";"Nao";2;0;0;0;2;0;0;2;-19,35188295;-40,0636685;"SPRF-ES";"DEL04-ES";"UOP01-DEL04-ES"
580830;2024-02-12;"segunda-feira";"01:15:00";"RJ";116;251;"PIRAI";"Reacao tardia ou ineficiente do condutor";"Colisao com objeto";"Com Vatimas Feridas";"Plena Noite";"Crescente";"Ceu Claro";"Dupla";"Reta";"Nao";1;0;1;0;0;0;1;1;-22,58482223;-43,95961921;"SPRF-RJ";"DEL07-RJ";"UOP01-DEL07-RJ"
580831;2024-02-12;"segunda-feira";"20:48:00";"PE";101;51;"ABREU E LIMA";"Reacao tardia ou ineficiente do condutor";"Colisao traseira";"Com Vatimas Feridas";"Plena Noite";"Decrescente";"Garoa/Chuvisco";"Dupla";"Reta";"Sim";4;0;1;0;3;0;1;2;-7,9169968;-34,89689272;"SPRF-PE";"DEL01-PE";"UOP02-DEL01-PE"
580832;2024-02-12;"segunda-feira";"21:00:00";"SC";101;415,5;"ARARANGUA";"Manobra de mudanaa de faixa";"Colisao transversal";"Com Vatimas Feridas";"Plena Noite";"Decrescente";"Ceu Claro";"Maltipla";"Reta;Interseaao de Vias       ";"Sim";2;0;1;0;1;0;1;2;-28,96040535;-49,51653267;"SPRF-SC";"DEL02-SC";"UOP02-DEL02-SC"
580834;2024-02-12;"segunda-feira";"19:40:00";"BA";135;147;"RIACHAO DAS NEVES";"Reacao tardia ou ineficiente do condutor";"Capotamento";"Com Vatimas Feridas";"Plena Noite";"Decrescente";"Ceu Claro";"Simples";"Reta";"Nao";4;0;2;1;1;0;3;1;-11,91582065;-44,88421236;"SPRF-BA";"DEL08-BA";"UOP04-DEL08-BA"
580836;2024-02-12;"segunda-feira";"08:10:00";"RJ";101;425;"MANGARATIBA";"Acessar a via sem observar a presenca dos outros veiculos";"Colisao transversal";"Com Vatimas Feridas";"Pleno dia";"Decrescente";"Ceu Claro";"Simples";"Reta;Declive                  ";"Nao";4;0;2;0;2;0;2;2;-22,92618815;-43,96323294;"SPRF-RJ";"DEL03-RJ";"UOP02-DEL03-RJ"
580837;2024-02-12;"segunda-feira";"14:00:00";"RJ";101;421;"MANGARATIBA";"Transitar no Acostamento";"Colisao lateral mesmo sentido";"Com Vatimas Feridas";"Pleno dia";"Crescente";"Ceu Claro";"Simples";"Reta";"Sim";3;0;1;1;1;0;2;2;-22,91666975;-43,93080593;"SPRF-RJ";"DEL03-RJ";"UOP02-DEL03-RJ"
580838;2024-02-12;"segunda-feira";"22:30:00";"RS";116;264;"CANOAS";"Manobra de mudanaa de faixa";"Colisao traseira";"Com Vatimas Feridas";"Plena Noite";"Decrescente";"Ceu Claro";"Simples";"Reta";"Nao";2;0;1;0;1;0;1;2;-29,914435;-51,17754495;"SPRF-RS";"DEL01-RS";"UOP01-DEL01-RS"
580839;2024-02-12;"segunda-feira";"22:30:00";"RJ";101;320;"NITEROI";"Reacao tardia ou ineficiente do condutor";"Tombamento";"Com Vatimas Feridas";"Plena Noite";"Decrescente";"Ceu Claro";"Simples";"Curva";"Sim";1;0;1;0;0;0;1;1;-22,872023;-43,144062;"SPRF-RJ";"DEL02-RJ";"UOP01-DEL02-RJ"