"id";"data_inversa";"dia_semana";"horario";"uf";"br";"km";"municipio";"causa_acidente";"tipo_acidente";"classificacao_acidente";"fase_dia";"sentido_via";"condicao_metereologica";"tipo_pista";"tracado_via";"uso_solo";"pessoas";"mortos";"feridos_leves";"feridos_graves";"ilesos";"ignorados";"feridos";"veiculos";"latitude";"longitude";"regional";"delegacia";"uop"
581243;2024-02-15;"quinta-feira";"01:00:00";"BA";420;263;"JIQUIRICA";"Ausancia de Reacao do condutor";"Colisao com objeto";"Com Vatimas Feridas";"Plena Noite";"Decrescente";"Garoa/Chuvisco";"Simples";"Reta;Ponte                    ";"Nao";2;0;1;1;0;0;2;1;-13,24982887;-39,54909705;"SPRF-BA";"DEL01-BA";"UOP02-DEL01-BA"
581244;2024-02-15;"quinta-feira";"05:30:00";"SP";116;271;"TABOAO DA SERRA";"Mal sabito do condutor";"Queda de ocupante de veiculo";"Com Vatimas Feridas";"Amanhecer";"Crescente";"Nublado";"Dupla";"Reta";"Nao";1;0;1;0;0;0;1;1;-23,61809286;-46,80556302;"SPRF-SP";"DEL04-SP";"UOP01-DEL04-SP"
581245;2024-02-15;"quinta-feira";"07:15:00";"PB";230;11;"CABEDELO";"Manobra de mudanaa de faixa";"Colisao traseira";"Com Vatimas Feridas";"Pleno dia";"Decrescente";"Chuva";"Dupla";"Reta";"Sim";3;0;1;1;1;0;2;2;-7,0596;-34,8506;"SPRF-PB";"DEL01-PB";"UOP01-DEL01-PB"
581247;2024-02-15;"quinta-feira";"07:30:00";"SC";101;215,4;"PALHOCA";"Manobra de mudanaa de faixa";"Colisao traseira";"Com Vatimas Feridas";"Pleno dia";"Decrescente";"Nublado";"Maltipla";"Reta";"Sim";3;0;1;0;0;2;1;3;-27,65184843;-48,67604941;"SPRF-SC";"DEL01-SC";"UOP02-DEL01-SC"
581249;2024-02-15;"quinta-feira";"07:55:00";"SP";116;274;"TABOAO DA SERRA";"Manobra de mudanaa de faixa";"Colisao traseira";"Com Vatimas Feridas";"Pleno dia";"Decrescente";"Ceu Claro";"Dupla";"Reta";"Sim";2;0;1;0;1;0;1;2;-23,63445084;-46,82418514;"SPRF-SP";"DEL04-SP";"UOP01-DEL04-SP"
581250;2024-02-15;"quinta-feira";"06:30:00";"DF";20;15,2;"BRASILIA";"Trafegar com motocicleta (ou similar) entre as faixas";"Colisao traseira";"Com Vatimas Feridas";"Pleno dia";"Decrescente";"Sol";"Dupla";"Reta";"Sim";4;0;1;0;3;0;1;2;-15,630189;-47,733288;"SPRF-DF";"DEL02-DF";"UOP01-DEL02-DF"
581251;2024-02-15;"quinta-feira";"07:40:00";"RN";101;103;"PARNAMIRIM";"Ausancia de Reacao do condutor";"Colisao traseira";"Sem Vatimas";"Pleno dia";"Crescente";"Chuva";"Maltipla";"Reta";"Sim";2;0;0;0;2;0;0;2;-5,89034022;-35,24894996;"SPRF-RN";"DEL01-RN";"UOP01-DEL01-RN"
581252;2024-02-15;"quinta-feira";"08:50:00";"DF";20;15,7;"BRASILIA";"Ausancia de Reacao do condutor";"Saida de leito carrocavel";"Com Vatimas Feridas";"Pleno dia";"Crescente";"Ceu Claro";"Dupla";"Reta";"Nao";1;0;1;0;0;0;1;1;-15,630189;-47,733288;"SPRF-DF";"DEL02-DF";"UOP01-DEL02-DF"
581255;2024-02-15;"quinta-feira";"07:40:00";"SC";101;88;"BARRA VELHA";"Acessar a via sem observar a presenca dos outros veiculos";"Colisao transversal";"Com Vatimas Feridas";"Pleno dia";"Decrescente";"Nublado";"Maltipla";"Reta";"Sim";2;0;1;0;1;0;1;2;-26,64253985;-48,68950684;"SPRF-SC";"DEL03-SC";"UOP02-DEL03-SC"
581256;2024-02-15;"quinta-feira";"08:05:00";"PI";343;2;"TERESINA";"Acessar a via sem observar a presenca dos outros veiculos";"Queda de ocupante de veiculo";"Com Vatimas Feridas";"Pleno dia";"Decrescente";"Ceu Claro";"Dupla";"Reta";"Nao";2;0;1;0;1;0;1;2;-5,08129418;-42,77616978;"SPRF-PI";"DEL05-PI";"UOP01-DEL05-PI"
581257;2024-02-15;"quinta-feira";"08:35:00";"RS";116;513;"PELOTAS";"Animais na Pista";"Atropelamento de Animal";"Com Vatimas Feridas";"Pleno dia";"Crescente";"Sol";"Simples";"Reta";"Sim";1;0;1;0;0;0;1;1;-31,64313197;-52,33497415;"SPRF-RS";"DEL07-RS";"UOP01-DEL07-RS"
581260;2024-02-15;"quinta-feira";"08:20:00";"RJ";101;486,2;"ANGRA DOS REIS";"Ausancia de Reacao do condutor";"Colisao lateral mesmo sentido";"Com Vatimas Feridas";"Pleno dia";"Decrescente";"Ceu Claro";"Simples";"Reta";"Nao";2;0;1;0;1;0;1;2;-22,97708786;-44,29634653;"SPRF-RJ";"DEL03-RJ";"UOP03-DEL03-RJ"
581262;2024-02-15;"quinta-feira";"08:00:00";"MG";40;824;"SIMAO PEREIRA";"Velocidade Incompatavel";"Saida de leito carrocavel";"Com Vatimas Feridas";"Pleno dia";"Crescente";"Chuva";"Simples";"Curva";"Nao";1;0;1;0;0;0;1;1;-21,96689732;-43,29126511;"SPRF-MG";"DEL05-MG";"UOP01-DEL05-MG"
581263;2024-02-15;"quinta-feira";"09:25:00";"ES";101;147;"LINHARES";"Acessar a via sem observar a presenca dos outros veiculos";"Colisao transversal";"Com Vatimas Feridas";"Pleno dia";"Crescente";"Ceu Claro";"Maltipla";"Interseaao de Vias;Reta       ";"Sim";2;0;0;1;1;0;1;2;-19,37887202;-40,06657892;"SPRF-ES";"DEL04-ES";"UOP01-DEL04-ES"
581265;2024-02-15;"quinta-feira";"09:15:00";"RS";392;66,8;"PELOTAS";"Acessar a via sem observar a presenca dos outros veiculos";"Colisao transversal";"Com Vatimas Feridas";"Pleno dia";"Crescente";"Nublado";"Simples";"Interseaao de Vias";"Nao";3;0;1;0;2;0;1;2;-31,7627503;-52,39165019;"SPRF-RS";"DEL07-RS";"UOP01-DEL07-RS"
581268;2024-02-14;"quarta-feira";"23:55:00";"RN";405;2,7;"MOSSORO";"Ausancia de Reacao do condutor";"Saida de leito carrocavel";"Sem Vatimas";"Plena Noite";"Decrescente";"Ceu Claro";"Simples";"Curva";"Sim";3;0;0;0;0;3;0;2;-5,19282682;-37,37112402;"SPRF-RN";"DEL04-RN";"UOP02-DEL04-RN"
581269;2024-02-15;"quinta-feira";"05:50:00";"PB";101;84;"BAYEUX";"Chuva";"Colisao com objeto";"Sem Vatimas";"Amanhecer";"Crescente";"Chuva";"Dupla";"Reta";"Sim";1;0;0;0;1;0;0;1;-7,13957906;-34,92312806;"SPRF-PB";"DEL01-PB";"UOP01-DEL01-PB"
581271;2024-02-15;"quinta-feira";"09:45:00";"SC";101;377,4;"ICARA";"Avarias e/ou desgaste excessivo no pneu";"Saida de leito carrocavel";"Com Vatimas Feridas";"Pleno dia";"Crescente";"Sol";"Dupla";"Reta";"Nao";4;0;1;0;3;0;1;1;-28,74721;-49,26204;"SPRF-SC";"DEL02-SC";"UOP01-DEL02-SC"
581272;2024-02-15;"quinta-feira";"08:15:00";"MG";40;525;"CONTAGEM";"Demais falhas mecanicas ou elatricas";"Incendio";"Sem Vatimas";"Pleno dia";"Decrescente";"Nublado";"Dupla";"Reta";"Nao";1;0;0;0;1;0;0;1;-19,88361702;-44,05039336;"SPRF-MG";"DEL01-MG";"UOP02-DEL01-MG"
581273;2024-02-15;"quinta-feira";"10:10:00";"CE";230;87,8;"VARZEA ALEGRE";"Acessar a via sem observar a presenca dos outros veiculos";"Colisao lateral mesmo sentido";"Com Vatimas Feridas";"Pleno dia";"Decrescente";"Ceu Claro";"Simples";"Reta;Declive                  ";"Nao";2;0;0;2;0;0;2;2;-6,80536197;-39,35150802;"SPRF-CE";"DEL05-CE";"UOP01-DEL05-CE"
581274;2024-02-15;"quinta-feira";"10:35:00";"ES";101;284,4;"CARIACICA";"Demais falhas mecanicas ou elatricas";"Colisao com objeto";"Com Vatimas Feridas";"Pleno dia";"Decrescente";"Ceu Claro";"Dupla";"Curva";"Sim";1;0;1;0;0;0;1;1;-20,24334991;-40,3696926;"SPRF-ES";"DEL01-ES";"UOP01-DEL01-ES"
581276;2024-02-15;"quinta-feira";"09:40:00";"RN";304;292,4;"MACAIBA";"Demais falhas mecanicas ou elatricas";"Colisao traseira";"Com Vatimas Feridas";"Pleno dia";"Crescente";"Nublado";"Dupla";"Reta";"Nao";2;0;2;0;0;0;2;2;-5,86807684;-35,38497498;"SPRF-RN";"DEL01-RN";"UOP02-DEL01-RN"
581277;2024-02-15;"quinta-feira";"10:22:00";"RN";101;104;"ACU";"Condutor deixou de manter distancia do veiculo da frente";"Colisao traseira";"Com Vatimas Feridas";"Pleno dia";"Crescente";"Nublado";"Dupla";"Viaduto;Curva                 ";"Sim";2;0;1;0;1;0;1;2;-5,58564417;-36,98967804;"SPRF-RN";"DEL01-RN";"UOP01-DEL01-RN"
581279;2024-02-15;"quinta-feira";"10:10:00";"MG";365;152;"PIRAPORA";"Reacao tardia ou ineficiente do condutor";"Saida de leito carrocavel";"Com Vatimas Fatais";"Pleno dia";"Crescente";"Ceu Claro";"Simples";"Reta";"Nao";1;1;0;0;0;0;0;1;-17,29807999;-44,89095301;"SPRF-MG";"DEL10-MG";"UOP02-DEL010-MG"
581280;2024-02-15;"quinta-feira";"11:25:00";"RS";386;172;"CARAZINHO";"Conversao proibida";"Colisao transversal";"Com Vatimas Feridas";"Pleno dia";"Crescente";"Garoa/Chuvisco";"Simples";"Curva";"Nao";4;0;2;0;2;0;2;2;-28,254125;-52,797811;"SPRF-RS";"DEL08-RS";"UOP01-DEL08-RS"
581281;2024-02-15;"quinta-feira";"10:00:00";"SC";282;17;"PALHOCA";"Trafegar com motocicleta (ou similar) entre as faixas";"Colisao transversal";"Com Vatimas Feridas";"Pleno dia";"Crescente";"Ceu Claro";"Simples";"Reta";"Nao";2;0;1;0;1;0;1;2;-27,665707;-48,688065;"SPRF-SC";"DEL01-SC";"UOP02-DEL01-SC"
581282;2024-02-15;"quinta-feira";"11:00:00";"SP";116;368,5;"MIRACATU";"Velocidade Incompatavel";"Colisao com objeto";"Com Vatimas Feridas";"Pleno dia";"Crescente";"Garoa/Chuvisco";"Dupla";"Curva";"Nao";3;0;2;1;0;0;3;1;-24,14953237;-47,30939261;"SPRF-SP";"DEL04-SP";"UOP02-DEL04-SP"
581283;2024-02-15;"quinta-feira";"10:10:00";"RJ";101;436;"MANGARATIBA";"Velocidade Incompatavel";"Colisao frontal";"Com Vatimas Feridas";"Pleno dia";"Decrescente";"Chuva";"Simples";"Reta;Declive                  ";"Nao";6;0;1;3;2;0;4;3;-22,94335387;-44,06046308;"SPRF-RJ";"DEL03-RJ";"UOP02-DEL03-RJ"
581284;2024-02-15;"quinta-feira";"10:40:00";"SP";116;26;"LAVRINHAS";"Chuva";"Colisao com objeto";"Com Vatimas Feridas";"Pleno dia";"Crescente";"Chuva";"Dupla";"Curva;Declive                 ";"Nao";2;0;2;0;0;0;2;1;-22,61419397;-44,90005302;"SPRF-SP";"DEL08-SP";"UOP02-DEL08-SP"
581285;2024-02-15;"quinta-feira";"11:41:00";"ES";101;139;"LINHARES";"Acumulo de areia ou detritos sobre o pavimento";"Tombamento";"Com Vatimas Feridas";"Pleno dia";"Crescente";"Ceu Claro";"Simples";"Interseaao de Vias";"Sim";1;0;1;0;0;0;1;1;-19,3101728;-40,0799666;"SPRF-ES";"DEL04-ES";"UOP01-DEL04-ES"
581286;2024-02-15;"quinta-feira";"10:00:00";"AL";104;42;"UNIAO DOS PALMARES";"Condutor deixou de manter distancia do veiculo da frente";"Colisao traseira";"Com Vatimas Feridas";"Pleno dia";"Crescente";"Nublado";"Simples";"Reta";"Nao";2;0;1;0;1;0;1;2;-9,21387899;-36,03220977;"SPRF-AL";"DEL01-AL";"UOP02-DEL01-AL"
581287;2024-02-15;"quinta-feira";"11:30:00";"RS";386;245;"SOLEDADE";"Acessar a via sem observar a presenca dos outros veiculos";"Colisao transversal";"Com Vatimas Feridas";"Pleno dia";"Crescente";"Nublado";"Simples";"Reta";"Sim";3;0;1;0;2;0;1;2;-28,802004;-52,509708;"SPRF-RS";"DEL04-RS";"UOP03-DEL04-RS"
581289;2024-02-15;"quinta-feira";"12:00:00";"SC";280;25;"ARAQUARI";"Acessar a via sem observar a presenca dos outros veiculos";"Colisao transversal";"Com Vatimas Feridas";"Pleno dia";"Decrescente";"Nublado";"Simples";"Reta";"Sim";2;0;1;0;1;0;1;2;-26,38352781;-48,72677516;"SPRF-SC";"DEL03-SC";"UOP03-DEL03-SC"
581290;2024-02-15;"quinta-feira";"11:00:00";"SC";101;136;"BALNEARIO CAMBORIU";"Ultrapassagem Indevida";"Colisao traseira";"Com Vatimas Feridas";"Pleno dia";"Crescente";"Nublado";"Maltipla";"Reta";"Sim";2;0;1;0;1;0;1;2;-27,008113;-48,617245;"SPRF-SC";"DEL04-SC";"UOP03-DEL04-SC"
581291;2024-02-15;"quinta-feira";"12:05:00";"SC";101;154;"PORTO BELO";"Reacao tardia ou ineficiente do condutor";"Colisao traseira";"Com Vatimas Feridas";"Pleno dia";"Crescente";"Ceu Claro";"Dupla";"Reta";"Sim";1;0;0;1;0;0;1;1;-27,153819;-48,61086393;"SPRF-SC";"DEL04-SC";"UOP03-DEL04-SC"
581294;2024-02-15;"quinta-feira";"11:20:00";"MG";40;517;"RIBEIRAO DAS NEVES";"Manobra de mudanaa de faixa";"Tombamento";"Com Vatimas Feridas";"Pleno dia";"Decrescente";"Nublado";"Dupla";"Interseaao de Vias;Reta       ";"Sim";1;0;1;0;0;0;1;1;-19,82351202;-44,08438913;"SPRF-MG";"DEL01-MG";"UOP02-DEL01-MG"
581296;2024-02-15;"quinta-feira";"12:00:00";"SP";116;545;"BARRA DO TURVO";"Reacao tardia ou ineficiente do condutor";"Colisao lateral mesmo sentido";"Com Vatimas Feridas";"Pleno dia";"Crescente";"Chuva";"Simples";"Declive;Curva                 ";"Nao";6;0;1;0;5;0;1;3;-24,95016699;-48,42400302;"SPRF-SP";"DEL05-SP";"UOP02-DEL05-SP"
581297;2024-02-15;"quinta-feira";"11:15:00";"AC";364;124;"RIO BRANCO";"Desrespeitar a preferancia no cruzamento";"Tombamento";"Com Vatimas Feridas";"Pleno dia";"Decrescente";"Ceu Claro";"Simples";"Rotataria";"Nao";2;0;1;0;1;0;1;2;-10,01246765;-67,7986908;"SPRF-AC";"DEL01-AC";"UOP01-DEL01-AC"
581301;2024-02-15;"quinta-feira";"13:30:00";"PB";230;20;"JOAO PESSOA";"Acostamento em desnavel";"Tombamento";"Com Vatimas Feridas";"Pleno dia";"Crescente";"Ceu Claro";"Dupla";"Reta";"Nao";1;0;0;1;0;0;1;1;-7,1337;-34,8544;"SPRF-PB";"DEL01-PB";"UOP01-DEL01-PB"
581304;2024-02-15;"quinta-feira";"13:00:00";"BA";101;204,5;"MURITIBA";"Acessar a via sem observar a presenca dos outros veiculos";"Colisao transversal";"Com Vatimas Feridas";"Pleno dia";"Decrescente";"Sol";"Simples";"Reta;Em Obras;Interseaao de Vi";"Nao";3;0;2;0;1;0;2;3;-12,603057;-39,014768;"SPRF-BA";"DEL01-BA";"UOP02-DEL01-BA"
581310;2024-02-15;"quinta-feira";"13:19:00";"MS";376;170;"NOVA ANDRADINA";"Manobra de mudanaa de faixa";"Colisao lateral mesmo sentido";"Com Vatimas Feridas";"Pleno dia";"Crescente";"Ceu Claro";"Dupla";"Reta";"Nao";3;0;2;0;1;0;2;2;-22,30822281;-53,39668524;"SPRF-MS";"DEL04-MS";"UOP04-DEL04-MS"
581311;2024-02-15;"quinta-feira";"12:00:00";"RJ";40;31;"TRES RIOS";"Reacao tardia ou ineficiente do condutor";"Saida de leito carrocavel";"Com Vatimas Feridas";"Pleno dia";"Decrescente";"Chuva";"Dupla";"Curva";"Nao";4;0;2;0;2;0;2;1;-22,19245612;-43,16023202;"SPRF-RJ";"DEL05-RJ";"UOP02-DEL05-RJ"
581314;2024-02-15;"quinta-feira";"14:50:00";"RS";116;262,8;"CANOAS";"Demais falhas mecanicas ou elatricas";"Tombamento";"Com Vatimas Feridas";"Pleno dia";"Crescente";"Ceu Claro";"Maltipla";"Reta";"Sim";1;0;1;0;0;0;1;1;-29,896475;-51,17593;"SPRF-RS";"DEL01-RS";"UOP01-DEL01-RS"
581315;2024-02-09;"sexta-feira";"17:25:00";"MT";NA;NA;"PONTES E LACERDA";"Reacao tardia ou ineficiente do condutor";"Colisao com objeto";"Sem Vatimas";"Pleno dia";"Nao Informado";"Ceu Claro";"Simples";"Reta";"Nao";2;0;0;0;2;0;0;1;-15,29013677;-59,26736355;"SPRF-MT";"DEL04-MT";"UOP01-DEL04-MT"
581317;2024-02-15;"quinta-feira";"13:30:00";"SC";282;115;"ALFREDO WAGNER";"Demais falhas mecanicas ou elatricas";"Incendio";"Sem Vatimas";"Pleno dia";"Crescente";"Nublado";"Simples";"Curva";"Nao";1;0;0;0;1;0;0;1;-27,755424;-49,39444;"SPRF-SC";"DEL01-SC";"UOP03-DEL01-SC"
581319;2024-02-15;"quinta-feira";"13:30:00";"PR";277;100;"CURITIBA";"Ausancia de Reacao do condutor";"Colisao lateral mesmo sentido";"Com Vatimas Feridas";"Pleno dia";"Decrescente";"Nublado";"Dupla";"Aclive;Reta                   ";"Nao";2;0;1;0;1;0;1;2;-25,4327112;-49,3701365;"SPRF-PR";"DEL01-PR";"UOP06-DEL01-PR"
581320;2024-02-15;"quinta-feira";"09:30:00";"MG";381;4;"BETIM";"Avarias e/ou desgaste excessivo no pneu";"Tombamento";"Com Vatimas Feridas";"Pleno dia";"Crescente";"Nublado";"Maltipla";"Reta";"Nao";1;0;1;0;0;0;1;1;-19,96825;-44,198708;"SPRF-MG";"DEL01-MG";"UOP03-DEL01-MG"
581322;2024-01-14;"domingo";"18:40:00";"SC";282;531,7;"CORDILHEIRA ALTA";"Condutor usando celular";"Colisao lateral sentido oposto";"Com Vatimas Feridas";"Pleno dia";"Crescente";"Nublado";"Simples";"Reta";"Nao";8;0;0;2;4;2;2;4;-26,995453;-52,612208;"SPRF-SC";"DEL07-SC";"UOP01-DEL07-SC"
581324;2024-02-15;"quinta-feira";"14:55:00";"SE";235;4;"NOSSA SENHORA DO SOCORRO";"Condutor deixou de manter distancia do veiculo da frente";"Colisao traseira";"Com Vatimas Feridas";"Pleno dia";"Decrescente";"Ceu Claro";"Dupla";"Reta;Declive                  ";"Sim";2;0;1;0;1;0;1;2;-10,9064;-37,1197;"SPRF-SE";"DEL01-SE";"UOP01-DEL01-SE"
581326;2024-01-18;"quinta-feira";"07:30:00";"RS";290;201;"PANTANO GRANDE";"Reacao tardia ou ineficiente do condutor";"Saida de leito carrocavel";"Com Vatimas Feridas";"Pleno dia";"Crescente";"Ceu Claro";"Simples";"Reta;Em Obras                 ";"Nao";1;0;0;1;0;0;1;1;-30,171207;-52,227108;"SPRF-RS";"DEL02-RS";"UOP03-DEL02-RS"
581327;2024-02-15;"quinta-feira";"14:45:00";"SC";101;334,6;"TUBARAO";"Frear bruscamente";"Queda de ocupante de veiculo";"Com Vatimas Feridas";"Pleno dia";"Decrescente";"Ceu Claro";"Maltipla";"Reta";"Sim";1;0;1;0;0;0;1;1;-28,46730446;-49,00604302;"SPRF-SC";"DEL02-SC";"UOP01-DEL02-SC"
581328;2024-01-10;"quarta-feira";"17:00:00";"SP";116;108;"TAUBATE";"Ausancia de Reacao do condutor";"Colisao traseira";"Com Vatimas Feridas";"Pleno dia";"Crescente";"Chuva";"Dupla";"Reta";"Sim";2;0;1;0;1;0;1;2;-23,0233097;-45,53763622;"SPRF-SP";"DEL02-SP";"UOP02-DEL02-SP"
581329;2024-02-15;"quinta-feira";"14:30:00";"PE";101;77,8;"RECIFE";"Acessar a via sem observar a presenca dos outros veiculos";"Eventos atapicos";"Com Vatimas Feridas";"Pleno dia";"Crescente";"Ceu Claro";"Dupla";"Aclive;Reta;Interseaao de Vias";"Sim";2;0;0;1;0;1;1;2;-8,133152;-34,947062;"SPRF-PE";"DEL01-PE";"UOP01-DEL01-PE"
581331;2024-02-15;"quinta-feira";"15:00:00";"PE";101;56;"PAULISTA";"Carga excessiva e/ou mal acondicionada";"Colisao com objeto";"Com Vatimas Feridas";"Pleno dia";"Decrescente";"Ceu Claro";"Dupla";"Curva";"Sim";3;0;2;0;1;0;2;2;-7,9554509;-34,91140727;"SPRF-PE";"DEL01-PE";"UOP02-DEL01-PE"
581334;2024-02-15;"quinta-feira";"15:40:00";"SC";101;196,2;"BIGUACU";"Manobra de mudanaa de faixa";"Colisao traseira";"Com Vatimas Feridas";"Pleno dia";"Crescente";"Nublado";"Maltipla";"Reta";"Sim";2;0;1;0;1;0;1;2;-27,51101091;-48,64322292;"SPRF-SC";"DEL01-SC";"UOP01-DEL01-SC"
581340;2024-02-15;"quinta-feira";"14:50:00";"PB";427;37,9;"POMBAL";"Acessar a via sem observar a presenca dos outros veiculos";"Colisao transversal";"Com Vatimas Feridas";"Pleno dia";"Crescente";"Ceu Claro";"Simples";"Interseaao de Vias;Reta       ";"Sim";2;0;1;0;1;0;1;2;-6,769112;-37,794952;"SPRF-PB";"DEL03-PB";"UOP02-DEL03-PB"
581342;2024-01-15;"segunda-feira";"10:50:00";"SC";101;91,2;"BARRA VELHA";"Reacao tardia ou ineficiente do condutor";"Colisao transversal";"Com Vatimas Feridas";"Pleno dia";"Decrescente";"Nublado";"Dupla";"Reta";"Sim";3;0;1;0;1;1;1;3;-26,67999998;-48,69257569;"SPRF-SC";"DEL03-SC";"UOP02-DEL03-SC"
581344;2024-02-15;"quinta-feira";"17:00:00";"PE";104;61;"CARUARU";"Acessar a via sem observar a presenca dos outros veiculos";"Colisao transversal";"Com Vatimas Feridas";"Pleno dia";"Crescente";"Nublado";"Dupla";"Aclive";"Sim";2;0;1;0;1;0;1;2;-8,2529;-35,9751;"SPRF-PE";"DEL02-PE";"UOP01-DEL02-PE"
581345;2024-02-15;"quinta-feira";"16:40:00";"PR";153;24,5;"JACAREZINHO";"Acessar a via sem observar a presenca dos outros veiculos";"Colisao transversal";"Com Vatimas Feridas";"Pleno dia";"Crescente";"Garoa/Chuvisco";"Simples";"Interseaao de Vias";"Nao";5;0;1;0;4;0;1;2;-23,18940008;-49,98586714;"SPRF-PR";"DEL07-PR";"UOP04-DEL07-PR"
581346;2024-02-15;"quinta-feira";"13:50:00";"RJ";116;205;"QUEIMADOS";"Acumulo de agua sobre o pavimento";"Capotamento";"Com Vatimas Feridas";"Pleno dia";"Decrescente";"Chuva";"Dupla";"Curva";"Nao";2;0;1;0;1;0;1;1;-22,72746688;-43,64167998;"SPRF-RJ";"DEL06-RJ";"UOP02-DEL06-RJ"
581347;2024-02-15;"quinta-feira";"12:30:00";"RJ";356;3;"ITAPERUNA";"Demais falhas mecanicas ou elatricas";"Incendio";"Com Vatimas Feridas";"Pleno dia";"Decrescente";"Garoa/Chuvisco";"Simples";"Reta";"Nao";2;0;2;0;0;0;2;1;-21,14909195;-42,155194;"SPRF-RJ";"DEL08-RJ";"UOP03-DEL08-RJ"
581348;2024-02-15;"quinta-feira";"14:15:00";"RJ";101;492;"ANGRA DOS REIS";"Ausancia de Reacao do condutor";"Capotamento";"Com Vatimas Feridas";"Pleno dia";"Decrescente";"Chuva";"Simples";"Curva;Aclive                  ";"Nao";1;0;1;0;0;0;1;1;-22,94874989;-44,3279949;"SPRF-RJ";"DEL03-RJ";"UOP03-DEL03-RJ"
581349;2024-02-15;"quinta-feira";"17:40:00";"SC";101;119,6;"ITAJAI";"Manobra de mudanaa de faixa";"Colisao lateral mesmo sentido";"Com Vatimas Feridas";"Anoitecer";"Decrescente";"Nublado";"Dupla";"Reta";"Nao";2;0;1;0;1;0;1;2;-26,9043179;-48,71555481;"SPRF-SC";"DEL04-SC";"UOP04-DEL04-SC"
581350;2024-02-15;"quinta-feira";"15:20:00";"RJ";40;84;"PETROPOLIS";"Chuva";"Tombamento";"Com Vatimas Feridas";"Pleno dia";"Crescente";"Chuva";"Dupla";"Tanel;Curva;Declive           ";"Nao";4;0;1;0;3;0;1;1;-22,52145512;-43,23707996;"SPRF-RJ";"DEL01-RJ";"UOP01-DEL01-RJ"
581351;2024-02-15;"quinta-feira";"17:00:00";"PR";163;171,6;"LINDOESTE";"Acumulo de agua sobre o pavimento";"Saida de leito carrocavel";"Com Vatimas Feridas";"Pleno dia";"Decrescente";"Chuva";"Dupla";"Reta;Aclive                   ";"Nao";1;0;1;0;0;0;1;1;-25,24584597;-53,57886779;"SPRF-PR";"DEL05-PR";"UOP05-DEL05-PR"
581352;2024-02-15;"quinta-feira";"10:20:00";"RJ";101;324;"NITEROI";"Condutor deixou de manter distancia do veiculo da frente";"Colisao lateral mesmo sentido";"Com Vatimas Feridas";"Pleno dia";"Decrescente";"Garoa/Chuvisco";"Maltipla";"Reta";"Nao";2;0;1;0;0;1;1;2;-22,87381074;-43,12640997;"SPRF-RJ";"DEL02-RJ";"UOP01-DEL02-RJ"
581353;2024-02-15;"quinta-feira";"16:35:00";"RJ";101;324;"NITEROI";"Manobra de mudanaa de faixa";"Colisao lateral mesmo sentido";"Sem Vatimas";"Pleno dia";"Decrescente";"Nublado";"Dupla";"Reta";"Nao";2;0;0;0;2;0;0;2;-22,87381074;-43,12640997;"SPRF-RJ";"DEL02-RJ";"UOP01-DEL02-RJ"
581355;2024-02-15;"quinta-feira";"17:30:00";"MG";381;366,9;"SAO GONCALO DO RIO ABAIXO";"Ausancia de Reacao do condutor";"Saida de leito carrocavel";"Com Vatimas Feridas";"Anoitecer";"Crescente";"Chuva";"Simples";"Curva";"Nao";2;0;1;1;0;0;2;1;-19,850555;-43,267783;"SPRF-MG";"DEL03-MG";"UOP01-DEL03-MG"
581356;2024-02-15;"quinta-feira";"16:03:00";"RO";364;237;"CACOAL";"Desrespeitar a preferancia no cruzamento";"Colisao transversal";"Com Vatimas Feridas";"Pleno dia";"Crescente";"Sol";"Simples";"Declive;Retorno Regulamentado;";"Sim";2;0;1;1;0;0;2;2;-11,44341056;-61,44672787;"SPRF-RO";"DEL02-RO";"UOP02-DEL02-RO"
581357;2024-02-15;"quinta-feira";"17:30:00";"MG";40;41;"PARACATU";"Acessar a via sem observar a presenca dos outros veiculos";"Colisao transversal";"Sem Vatimas";"Pleno dia";"Decrescente";"Ceu Claro";"Simples";"Rotataria;Reta                ";"Sim";4;0;0;0;4;0;0;2;-17,21271307;-46,87295209;"SPRF-MG";"DEL14-MG";"UOP01-DEL14-MG"
581358;2024-02-15;"quinta-feira";"18:45:00";"ES";101;269,4;"SERRA";"Condutor deixou de manter distancia do veiculo da frente";"Colisao traseira";"Com Vatimas Feridas";"Plena Noite";"Crescente";"Nublado";"Maltipla";"Reta";"Sim";2;0;1;0;1;0;1;2;-20,21740496;-40,26990578;"SPRF-ES";"DEL02-ES";"UOP01-DEL02-ES"
581359;2024-02-15;"quinta-feira";"16:30:00";"MG";356;276,9;"MURIAE";"Demais falhas mecanicas ou elatricas";"Incendio";"Sem Vatimas";"Pleno dia";"Crescente";"Garoa/Chuvisco";"Simples";"Reta";"Nao";1;0;0;0;1;0;0;1;-21,1259893;-42,27931031;"SPRF-MG";"DEL07-MG";"UOP02-DEL07-MG"
581360;2024-02-15;"quinta-feira";"18:55:00";"MG";40;42;"PARACATU";"Acessar a via sem observar a presenca dos outros veiculos";"Colisao traseira";"Com Vatimas Feridas";"Plena Noite";"Crescente";"Ceu Claro";"Simples";"Reta";"Sim";2;0;1;0;1;0;1;2;-17,2188441;-46,8666753;"SPRF-MG";"DEL14-MG";"UOP01-DEL14-MG"
581361;2024-02-15;"quinta-feira";"17:10:00";"MG";116;665,4;"SAO FRANCISCO DO GLORIA";"Chuva";"Colisao traseira";"Com Vatimas Feridas";"Pleno dia";"Decrescente";"Chuva";"Simples";"Reta";"Nao";3;0;1;0;2;0;1;2;-20,75548766;-42,29948736;"SPRF-MG";"DEL07-MG";"UOP02-DEL07-MG"