"id";"data_inversa";"dia_semana";"horario";"uf";"br";"km";"municipio";"causa_acidente";"tipo_acidente";"classificacao_acidente";"fase_dia";"sentido_via";"condicao_metereologica";"tipo_pista";"tracado_via";"uso_solo";"pessoas";"mortos";"feridos_leves";"feridos_graves";"ilesos";"ignorados";"feridos";"veiculos";"latitude";"longitude";"regional";"delegacia";"uop"
581480;2024-02-16;"sexta-feira";"13:25:00";"PR";116;39;"CAMPINA GRANDE DO SUL";"Chuva";"Saida de leito carrocavel";"Com Vatimas Feridas";"Pleno dia";"Crescente";"Nublado";"Simples";"Curva";"Nao";2;0;1;0;1;0;1;1;-25,156168;-48,8613401;"SPRF-PR";"DEL01-PR";"UOP02-DEL01-PR"
581483;2024-02-16;"sexta-feira";"13:30:00";"RJ";116;169;"RIO DE JANEIRO";"Reacao tardia ou ineficiente do condutor";"Colisao lateral mesmo sentido";"Sem Vatimas";"Pleno dia";"Crescente";"Ceu Claro";"Dupla";"Interseaao de Vias";"Sim";7;0;0;0;7;0;0;2;-22,81959862;-43,31740201;"SPRF-RJ";"DEL06-RJ";"UOP01-DEL06-RJ"
581484;2024-02-16;"sexta-feira";"12:55:00";"SP";101;35;"UBATUBA";"Acessar a via sem observar a presenca dos outros veiculos";"Colisao transversal";"Com Vatimas Feridas";"Pleno dia";"Decrescente";"Ceu Claro";"Simples";"Interseaao de Vias;Reta       ";"Nao";7;0;4;0;3;0;4;2;-23,39315463;-45,00980616;"SPRF-SP";"DEL06-SP";"UOP01-DEL06-SP"
581486;2024-02-16;"sexta-feira";"13:30:00";"SC";101;148;"ITAPEMA";"Reacao tardia ou ineficiente do condutor";"Atropelamento de Pedestre";"Com Vatimas Feridas";"Pleno dia";"Crescente";"Nublado";"Maltipla";"Reta";"Sim";2;0;1;0;1;0;1;2;-27,10123686;-48,61807962;"SPRF-SC";"DEL04-SC";"UOP03-DEL04-SC"
581488;2024-02-16;"sexta-feira";"14:05:00";"DF";20;26;"BRASILIA";"Manobra de mudanaa de faixa";"Colisao transversal";"Com Vatimas Feridas";"Pleno dia";"Decrescente";"Chuva";"Dupla";"Reta";"Nao";3;0;1;0;2;0;1;2;-15,596223;-47,640285;"SPRF-DF";"DEL02-DF";"UOP01-DEL02-DF"
581489;2024-02-16;"sexta-feira";"11:30:00";"CE";116;185,1;"LIMOEIRO DO NORTE";"Demais falhas mecanicas ou elatricas";"Queda de ocupante de veiculo";"Com Vatimas Feridas";"Pleno dia";"Decrescente";"Ceu Claro";"Simples";"Reta";"Nao";3;0;3;0;0;0;3;1;-5,07414894;-38,1121391;"SPRF-CE";"DEL03-CE";"UOP01-DEL03-CE"
581490;2024-02-16;"sexta-feira";"13:00:00";"PB";230;460;"SOUSA";"Acessar a via sem observar a presenca dos outros veiculos";"Colisao lateral sentido oposto";"Com Vatimas Feridas";"Pleno dia";"Crescente";"Ceu Claro";"Simples";"Reta";"Sim";2;0;0;1;1;0;1;2;-6,7752;-38,1982;"SPRF-PB";"DEL03-PB";"UOP03-DEL03-PB"
581492;2024-02-12;"segunda-feira";"07:20:00";"BA";101;713;"EUNAPOLIS";"Acesso irregular";"Colisao transversal";"Com Vatimas Feridas";"Amanhecer";"Decrescente";"Ceu Claro";"Simples";"Reta;Aclive                   ";"Sim";2;0;2;0;0;0;2;2;-16,5089598;-39,5770756;"SPRF-BA";"DEL09-BA";"UOP01-DEL09-BA"
581494;2024-02-16;"sexta-feira";"11:15:00";"SC";153;97;"CONCORDIA";"Velocidade Incompatavel";"Queda de ocupante de veiculo";"Com Vatimas Feridas";"Pleno dia";"Crescente";"Nevoeiro/Neblina";"Simples";"Rotataria";"Sim";2;0;2;0;0;0;2;1;-27,22502055;-51,95031166;"SPRF-SC";"DEL07-SC";"UOP04-DEL07-SC"
581496;2024-02-16;"sexta-feira";"11:40:00";"SC";282;577,8;"PINHALZINHO";"Reacao tardia ou ineficiente do condutor";"Tombamento";"Com Vatimas Feridas";"Pleno dia";"Crescente";"Chuva";"Simples";"Reta";"Sim";1;0;1;0;0;0;1;1;-26,85496023;-52,98018873;"SPRF-SC";"DEL07-SC";"UOP02-DEL07-SC"
581499;2024-02-16;"sexta-feira";"13:20:00";"PI";343;302,6;"ALTOS";"Acessar a via sem observar a presenca dos outros veiculos";"Colisao transversal";"Com Vatimas Feridas";"Pleno dia";"Decrescente";"Ceu Claro";"Simples";"Reta";"Sim";2;0;0;2;0;0;2;2;-5,017174;-42,423988;"SPRF-PI";"DEL01-PI";"UOP03-DEL01-PI"
581501;2024-02-16;"sexta-feira";"12:15:00";"MA";10;254;"IMPERATRIZ";"Ausancia de Reacao do condutor";"Colisao traseira";"Com Vatimas Feridas";"Pleno dia";"Decrescente";"Ceu Claro";"Maltipla";"Reta";"Sim";2;0;1;0;1;0;1;2;-5,517879;-47,471581;"SPRF-MA";"DEL04-MA";"UOP01-DEL04-MA"
581507;2024-02-16;"sexta-feira";"15:30:00";"MG";381;629,8;"OLIVEIRA";"Ausancia de Reacao do condutor";"Colisao traseira";"Sem Vatimas";"Pleno dia";"Decrescente";"Nublado";"Dupla";"Retorno Regulamentado";"Nao";2;0;0;0;2;0;0;2;-20,84106606;-44,82613492;"SPRF-MG";"DEL04-MG";"UOP01-DEL04-MG"
581509;2024-02-16;"sexta-feira";"14:30:00";"GO";153;442,8;"ANAPOLIS";"Condutor deixou de manter distancia do veiculo da frente";"Colisao traseira";"Sem Vatimas";"Pleno dia";"Crescente";"Ceu Claro";"Dupla";"Reta";"Sim";2;0;0;0;0;2;0;2;-16,325272;-48,922024;"SPRF-GO";"DEL02-GO";"UOP01-DEL02-GO"
581513;2024-02-16;"sexta-feira";"15:50:00";"RJ";116;181;"NOVA IGUACU";"Manobra de mudanaa de faixa";"Colisao lateral mesmo sentido";"Com Vatimas Feridas";"Pleno dia";"Crescente";"Ceu Claro";"Dupla";"Reta";"Sim";4;0;2;0;2;0;2;2;-22,761312;-43,423492;"SPRF-RJ";"DEL06-RJ";"UOP01-DEL06-RJ"
581514;2024-02-16;"sexta-feira";"16:05:00";"GO";153;537;"HIDROLANDIA";"Acessar a via sem observar a presenca dos outros veiculos";"Colisao lateral mesmo sentido";"Com Vatimas Fatais";"Pleno dia";"Crescente";"Nublado";"Dupla";"Aclive;Reta                   ";"Nao";5;1;0;0;4;0;0;2;-17,0276;-49,2229;"SPRF-GO";"DEL01-GO";"UOP03-DEL01-GO"
581516;2024-02-16;"sexta-feira";"15:30:00";"MG";381;794;"SAO GONCALO DO SAPUCAI";"Pista Escorregadia";"Colisao com objeto";"Com Vatimas Feridas";"Pleno dia";"Crescente";"Ceu Claro";"Dupla";"Declive;Curva                 ";"Nao";2;0;1;0;1;0;1;2;-21,92913899;-45,61170907;"SPRF-MG";"DEL16-MG";"UOP02-DEL16-MG"
581517;2024-02-16;"sexta-feira";"14:10:00";"MT";364;397;"CUIABA";"Demais falhas na via";"Saida de leito carrocavel";"Com Vatimas Feridas";"Pleno dia";"Decrescente";"Ceu Claro";"Dupla";"Reta";"Sim";1;0;1;0;0;0;1;1;-15,67007508;-55,95154524;"SPRF-MT";"DEL01-MT";"UOP02-DEL01-MT"
581520;2024-02-16;"sexta-feira";"15:45:00";"RJ";101;584;"PARATY";"Conversao proibida";"Colisao lateral sentido oposto";"Com Vatimas Feridas";"Pleno dia";"Decrescente";"Nublado";"Simples";"Reta";"Nao";3;0;1;0;1;1;1;3;-23,26452614;-44,68523726;"SPRF-RJ";"DEL03-RJ";"UOP04-DEL03-RJ"
581522;2024-02-16;"sexta-feira";"16:30:00";"BA";324;519;"FEIRA DE SANTANA";"Acesso irregular";"Colisao frontal";"Com Vatimas Feridas";"Pleno dia";"Decrescente";"Garoa/Chuvisco";"Dupla";"Reta";"Sim";2;0;2;0;0;0;2;2;-12,26687642;-38,93349875;"SPRF-BA";"DEL02-BA";"UOP01-DEL02-BA"
581523;2024-02-16;"sexta-feira";"14:20:00";"ES";101;65;"SAO MATEUS";"Acessar a via sem observar a presenca dos outros veiculos";"Colisao transversal";"Com Vatimas Feridas";"Pleno dia";"Decrescente";"Sol";"Dupla";"Reta";"Sim";2;0;1;0;1;0;1;2;-18,70935945;-39,87762087;"SPRF-ES";"DEL04-ES";"UOP02-DEL04-ES"
581524;2024-02-16;"sexta-feira";"16:50:00";"CE";222;42,8;"CAUCAIA";"Manobra de mudanaa de faixa";"Colisao lateral mesmo sentido";"Com Vatimas Fatais";"Pleno dia";"Decrescente";"Ceu Claro";"Simples";"Declive;Reta                  ";"Nao";3;1;0;0;1;1;0;3;-3,68175383;-38,92437394;"SPRF-CE";"DEL01-CE";"UOP03-DEL01-CE"
581528;2024-02-16;"sexta-feira";"16:30:00";"CE";116;42;"HORIZONTE";"Demais falhas mecanicas ou elatricas";"Colisao com objeto";"Com Vatimas Feridas";"Pleno dia";"Crescente";"Ceu Claro";"Maltipla";"Curva";"Sim";2;0;0;1;1;0;1;2;-4,10857928;-38,4942173;"SPRF-CE";"DEL01-CE";"UOP02-DEL01-CE"
581529;2024-02-16;"sexta-feira";"15:30:00";"SC";282;115,8;"ALFREDO WAGNER";"Velocidade Incompatavel";"Saida de leito carrocavel";"Com Vatimas Feridas";"Pleno dia";"Decrescente";"Chuva";"Simples";"Curva";"Nao";1;0;1;0;0;0;1;1;-27,755424;-49,39444;"SPRF-SC";"DEL01-SC";"UOP03-DEL01-SC"
581530;2024-02-16;"sexta-feira";"17:05:00";"PE";101;90;"JABOATAO DOS GUARARAPES";"Demais falhas mecanicas ou elatricas";"Queda de ocupante de veiculo";"Com Vatimas Feridas";"Anoitecer";"Decrescente";"Ceu Claro";"Dupla";"Reta";"Nao";2;0;2;0;0;0;2;1;-8,21612792;-34,98772817;"SPRF-PE";"DEL01-PE";"UOP01-DEL01-PE"
581531;2024-02-16;"sexta-feira";"17:25:00";"PB";230;5,2;"CABEDELO";"Manobra de mudanaa de faixa";"Tombamento";"Com Vatimas Feridas";"Pleno dia";"Crescente";"Sol";"Dupla";"Reta";"Sim";1;0;1;0;0;0;1;1;-7,01;-34,8312;"SPRF-PB";"DEL01-PB";"UOP01-DEL01-PB"
581537;2024-02-16;"sexta-feira";"18:00:00";"SC";470;98,6;"APIUNA";"Ultrapassagem Indevida";"Colisao transversal";"Com Vatimas Feridas";"Plena Noite";"Crescente";"Chuva";"Simples";"Reta";"Sim";2;0;1;0;1;0;1;2;-27,03567392;-49,39007342;"SPRF-SC";"DEL04-SC";"UOP02-DEL04-SC"
581539;2024-02-16;"sexta-feira";"16:30:00";"BA";110;340;"ALAGOINHAS";"Acessar a via sem observar a presenca dos outros veiculos";"Colisao transversal";"Com Vatimas Feridas";"Pleno dia";"Decrescente";"Ceu Claro";"Simples";"Interseaao de Vias";"Sim";4;0;1;1;2;0;2;2;-12,21614599;-38,41432082;"SPRF-BA";"DEL01-BA";"UOP04-DEL01-BA"
581540;2024-02-11;"domingo";"05:10:00";"MS";163;475;"CAMPO GRANDE";"Ausancia de Reacao do condutor";"Tombamento";"Com Vatimas Feridas";"Amanhecer";"Crescente";"Ceu Claro";"Simples";"Reta";"Nao";1;0;1;0;0;0;1;1;-20,51838231;-54,56658567;"SPRF-MS";"DEL01-MS";"UOP01-DEL01-MS"
581541;2024-02-16;"sexta-feira";"17:30:00";"RJ";101;484;"ANGRA DOS REIS";"Curva acentuada";"Colisao transversal";"Com Vatimas Feridas";"Pleno dia";"Decrescente";"Nublado";"Simples";"Curva";"Nao";4;0;1;0;3;0;1;2;-22,99096308;-44,30429882;"SPRF-RJ";"DEL03-RJ";"UOP03-DEL03-RJ"
581544;2024-02-16;"sexta-feira";"18:40:00";"PR";116;40;"CAMPINA GRANDE DO SUL";"Reacao tardia ou ineficiente do condutor";"Saida de leito carrocavel";"Com Vatimas Feridas";"Plena Noite";"Decrescente";"Garoa/Chuvisco";"Dupla";"Declive;Curva                 ";"Nao";5;0;1;0;4;0;1;1;-25,16900608;-48,86657059;"SPRF-PR";"DEL01-PR";"UOP02-DEL01-PR"
581545;2024-02-16;"sexta-feira";"17:50:00";"PI";316;315;"PICOS";"Manobra de mudanaa de faixa";"Colisao transversal";"Com Vatimas Feridas";"Pleno dia";"Decrescente";"Sol";"Dupla";"Reta";"Sim";2;0;1;1;0;0;2;2;-7,07951262;-41,43236492;"SPRF-PI";"DEL04-PI";"UOP01-DEL04-PI"
581546;2024-02-16;"sexta-feira";"16:30:00";"RJ";116;79;"TERESOPOLIS";"Conversao proibida";"Colisao transversal";"Com Vatimas Feridas";"Pleno dia";"Decrescente";"Ceu Claro";"Simples";"Reta;Declive                  ";"Nao";2;0;1;1;0;0;2;2;-22,381704;-42,954777;"SPRF-RJ";"DEL04-RJ";"UOP01-DEL04-RJ"
581547;2024-02-16;"sexta-feira";"09:50:00";"RJ";101;317;"SAO GONCALO";"Demais falhas mecanicas ou elatricas";"Queda de ocupante de veiculo";"Com Vatimas Feridas";"Pleno dia";"Crescente";"Ceu Claro";"Maltipla";"Reta";"Sim";2;0;1;0;1;0;1;1;-22,83707798;-43,09492006;"SPRF-RJ";"DEL02-RJ";"UOP02-DEL02-RJ"
581548;2024-02-16;"sexta-feira";"19:10:00";"PR";116;141;"MANDIRITUBA";"Velocidade Incompatavel";"Saida de leito carrocavel";"Com Vatimas Feridas";"Plena Noite";"Crescente";"Nublado";"Dupla";"Curva";"Sim";2;0;0;1;0;1;1;2;-25,73749;-49,31762782;"SPRF-PR";"DEL01-PR";"UOP03-DEL01-PR"
581549;2024-02-16;"sexta-feira";"17:20:00";"MS";262;398,5;"TERENOS";"Acessar a via sem observar a presenca dos outros veiculos";"Colisao transversal";"Com Vatimas Feridas";"Pleno dia";"Crescente";"Ceu Claro";"Simples";"Reta";"Nao";2;0;1;1;0;0;2;2;-20,42154489;-55,00169899;"SPRF-MS";"DEL01-MS";"UOP03-DEL01-MS"
581550;2024-02-16;"sexta-feira";"19:10:00";"SE";235;37,6;"AREIA BRANCA";"Condutor deixou de manter distancia do veiculo da frente";"Colisao traseira";"Com Vatimas Feridas";"Plena Noite";"Crescente";"Ceu Claro";"Simples";"Reta";"Nao";2;0;1;0;1;0;1;2;-10,769464;-37,364246;"SPRF-SE";"DEL01-SE";"UOP02-DEL01-SE"
581552;2024-02-16;"sexta-feira";"18:50:00";"CE";304;49,4;"ARACATI";"Animais na Pista";"Atropelamento de Animal";"Com Vatimas Feridas";"Plena Noite";"Decrescente";"Ignorado";"Simples";"Retorno Regulamentado;Reta    ";"Nao";1;0;0;1;0;0;1;1;-4,57900414;-37,77070889;"SPRF-CE";"DEL03-CE";"UOP03-DEL03-CE"
581554;2024-02-16;"sexta-feira";"19:30:00";"PR";116;125;"FAZENDA RIO GRANDE";"Manobra de mudanaa de faixa";"Colisao lateral mesmo sentido";"Com Vatimas Feridas";"Plena Noite";"Crescente";"Nublado";"Dupla";"Reta";"Sim";2;0;1;0;1;0;1;2;-25,627163;-49,314673;"SPRF-PR";"DEL01-PR";"UOP03-DEL01-PR"
581555;2024-02-16;"sexta-feira";"18:45:00";"PR";376;228;"APUCARANA";"Ausancia de Reacao do condutor";"Saida de leito carrocavel";"Com Vatimas Feridas";"Pleno dia";"Crescente";"Nublado";"Dupla";"Reta";"Nao";4;0;1;0;3;0;1;2;-23,56382701;-51,53990037;"SPRF-PR";"DEL07-PR";"UOP03-DEL07-PR"
581556;2024-02-16;"sexta-feira";"19:30:00";"CE";20;385,6;"CAUCAIA";"Pedestre andava na pista";"Atropelamento de Pedestre";"Com Vatimas Fatais";"Plena Noite";"Crescente";"Ceu Claro";"Simples";"Reta";"Nao";2;1;0;0;0;1;0;2;-3,88294452;-38,82132438;"SPRF-CE";"DEL01-CE";"UOP01-DEL01-CE"
581557;2024-02-16;"sexta-feira";"20:30:00";"GO";60;210;"GUAPO";"Reacao tardia ou ineficiente do condutor";"Saida de leito carrocavel";"Com Vatimas Feridas";"Plena Noite";"Decrescente";"Ceu Claro";"Simples";"Reta;Interseaao de Vias       ";"Nao";4;0;0;4;0;0;4;1;-16,9406;-49,6717;"SPRF-GO";"DEL01-GO";"UOP02-DEL01-GO"
581558;2024-02-16;"sexta-feira";"18:30:00";"PA";230;118;"MARABA";"Ausancia de Reacao do condutor";"Colisao lateral mesmo sentido";"Com Vatimas Feridas";"Anoitecer";"Decrescente";"Garoa/Chuvisco";"Dupla";"Viaduto;Reta                  ";"Sim";3;0;1;0;1;1;1;3;-5,35193706;-49,09794103;"SPRF-PA";"DEL03-PA";"UOP01-DEL03-PA"
581559;2024-02-16;"sexta-feira";"18:30:00";"SC";280;224;"TRES BARRAS";"Transitar na contramao";"Colisao frontal";"Com Vatimas Feridas";"Anoitecer";"Crescente";"Ceu Claro";"Simples";"Rotataria";"Nao";4;0;2;0;2;0;2;2;-26,17513189;-50,30394805;"SPRF-SC";"DEL06-SC";"UOP04-DEL06-SC"
581560;2024-02-16;"sexta-feira";"19:30:00";"BA";418;107;"NOVA VICOSA";"Deficiancia do Sistema de Iluminaaao/Sinalizaaao";"Colisao traseira";"Com Vatimas Feridas";"Plena Noite";"Decrescente";"Chuva";"Simples";"Reta";"Nao";3;0;1;0;2;0;1;2;-17,89663273;-40,02742396;"SPRF-BA";"DEL09-BA";"UOP02-DEL09-BA"
581561;2024-02-16;"sexta-feira";"16:30:00";"SC";101;133;"BALNEARIO CAMBORIU";"Desrespeitar a preferancia no cruzamento";"Colisao transversal";"Com Vatimas Feridas";"Pleno dia";"Crescente";"Nublado";"Dupla";"Interseaao de Vias";"Nao";3;0;0;2;1;0;2;2;-26,99936;-48,64609;"SPRF-SC";"DEL04-SC";"UOP03-DEL04-SC"
581562;2024-01-06;"sabado";"21:30:00";"PI";222;65;"BRASILEIRA";"Objeto estatico sobre o leito carroaavel";"Colisao com objeto";"Com Vatimas Feridas";"Plena Noite";"Crescente";"Chuva";"Simples";"Reta";"Nao";3;0;0;2;1;0;2;1;-4,20672564;-41,68109894;"SPRF-PI";"DEL02-PI";"UOP01-DEL02-PI"
581563;2024-02-16;"sexta-feira";"21:00:00";"CE";20;317;"CANINDE";"Animais na Pista";"Atropelamento de Animal";"Sem Vatimas";"Plena Noite";"Crescente";"Nublado";"Simples";"Reta";"Nao";2;0;0;0;2;0;0;1;-4,29121502;-39,24974699;"SPRF-CE";"DEL02-CE";"UOP01-DEL02-CE"
581564;2024-02-16;"sexta-feira";"19:23:00";"MT";70;523;"VARZEA GRANDE";"Ausancia de Reacao do condutor";"Queda de ocupante de veiculo";"Com Vatimas Feridas";"Anoitecer";"Crescente";"Ceu Claro";"Simples";"Reta";"Sim";2;0;1;0;1;0;1;1;-15,65622198;-56,19004726;"SPRF-MT";"DEL01-MT";"UOP02-DEL01-MT"
581565;2024-02-16;"sexta-feira";"17:15:00";"RS";158;120,2;"PALMEIRA DAS MISSOES";"Ausancia de Reacao do condutor";"Saida de leito carrocavel";"Com Vatimas Feridas";"Pleno dia";"Decrescente";"Chuva";"Simples";"Curva";"Nao";2;0;1;0;1;0;1;1;-28,05863773;-53,37591623;"SPRF-RS";"DEL08-RS";"UOP01-DEL08-RS"
581566;2024-02-16;"sexta-feira";"18:00:00";"RJ";40;78;"PETROPOLIS";"Acumulo de agua sobre o pavimento";"Colisao com objeto";"Com Vatimas Feridas";"Plena Noite";"Crescente";"Chuva";"Dupla";"Curva";"Nao";2;0;2;0;0;0;2;1;-22,48485874;-43,22843406;"SPRF-RJ";"DEL01-RJ";"UOP01-DEL01-RJ"
581568;2024-02-16;"sexta-feira";"20:50:00";"SC";101;79,4;"ARAQUARI";"Objeto estatico sobre o leito carroaavel";"Colisao traseira";"Com Vatimas Feridas";"Plena Noite";"Decrescente";"Chuva";"Maltipla";"Interseaao de Vias";"Nao";4;0;2;0;2;0;2;2;-26,58559601;-48,72192112;"SPRF-SC";"DEL03-SC";"UOP02-DEL03-SC"
581569;2024-02-16;"sexta-feira";"19:20:00";"PE";232;224,8;"PESQUEIRA";"Acessar a via sem observar a presenca dos outros veiculos";"Colisao transversal";"Com Vatimas Feridas";"Plena Noite";"Crescente";"Nublado";"Simples";"Interseaao de Vias;Curva      ";"Nao";4;0;0;2;1;1;2;2;-8,40514489;-36,81936399;"SPRF-PE";"DEL03-PE";"UOP02-DEL03-PE"
581571;2024-02-16;"sexta-feira";"20:40:00";"MT";163;936;"ITAUBA";"Pedestre andava na pista";"Atropelamento de Pedestre";"Com Vatimas Feridas";"Plena Noite";"Crescente";"Ceu Claro";"Simples";"Declive;Reta                  ";"Nao";3;0;1;0;2;0;1;2;-11,0116936;-55,25222009;"SPRF-MT";"DEL06-MT";"UOP02-DEL06-MT"
581578;2024-02-16;"sexta-feira";"21:20:00";"PI";316;13,2;"TERESINA";"Deficiancia do Sistema de Iluminaaao/Sinalizaaao";"Colisao com objeto";"Com Vatimas Feridas";"Plena Noite";"Crescente";"Ceu Claro";"Dupla";"Retorno Regulamentado;Reta    ";"Sim";1;0;1;0;0;0;1;1;-5,209766;-42,755249;"SPRF-PI";"DEL01-PI";"UOP02-DEL01-PI"
581579;2024-02-16;"sexta-feira";"22:55:00";"ES";101;68;"SAO MATEUS";"Reacao tardia ou ineficiente do condutor";"Saida de leito carrocavel";"Com Vatimas Feridas";"Plena Noite";"Crescente";"Chuva";"Dupla";"Reta";"Sim";1;0;0;1;0;0;1;1;-18,726597;-39,85975;"SPRF-ES";"DEL04-ES";"UOP02-DEL04-ES"
581580;2024-02-16;"sexta-feira";"22:15:00";"PR";277;523,1;"GUARANIACU";"Ingestao de alcool pelo condutor";"Saida de leito carrocavel";"Com Vatimas Fatais";"Plena Noite";"Decrescente";"Ceu Claro";"Simples";"Declive;Reta                  ";"Nao";4;1;1;1;1;0;2;3;-25,09865764;-52,90054321;"SPRF-PR";"DEL04-PR";"UOP04-DEL04-PR"
581582;2024-02-16;"sexta-feira";"22:50:00";"SC";101;196;"BIGUACU";"Acessar a via sem observar a presenca dos outros veiculos";"Colisao lateral mesmo sentido";"Com Vatimas Feridas";"Plena Noite";"Decrescente";"Ceu Claro";"Maltipla";"Interseaao de Vias;Reta       ";"Sim";3;0;1;0;2;0;1;2;-27,5047092;-48,65010819;"SPRF-SC";"DEL01-SC";"UOP01-DEL01-SC"
581583;2024-02-16;"sexta-feira";"23:06:00";"ES";101;264,2;"SERRA";"Condutor desrespeitou a iluminaaao vermelha do semaforo";"Colisao transversal";"Com Vatimas Feridas";"Plena Noite";"Decrescente";"Ceu Claro";"Maltipla";"Reta";"Sim";3;0;0;1;1;1;1;3;-20,17292791;-40,26736384;"SPRF-ES";"DEL02-ES";"UOP01-DEL02-ES"
581584;2024-02-16;"sexta-feira";"22:40:00";"RJ";101;407;"ITAGUAI";"Demais falhas mecanicas ou elatricas";"Tombamento";"Com Vatimas Feridas";"Plena Noite";"Decrescente";"Nublado";"Dupla";"Reta";"Sim";2;0;1;1;0;0;2;1;-22,87672058;-43,81631971;"SPRF-RJ";"DEL03-RJ";"UOP01-DEL03-RJ"
581585;2024-02-16;"sexta-feira";"23:30:00";"RJ";116;174;"SAO JOAO DE MERITI";"Ingestao de alcool pelo condutor";"Colisao frontal";"Sem Vatimas";"Plena Noite";"Decrescente";"Ceu Claro";"Dupla";"Reta";"Sim";1;0;0;0;1;0;0;1;-22,79423806;-43,36403759;"SPRF-RJ";"DEL06-RJ";"UOP01-DEL06-RJ"
581586;2024-02-16;"sexta-feira";"23:30:00";"SP";116;228;"SAO PAULO";"Pedestre andava na pista";"Atropelamento de Pedestre";"Com Vatimas Feridas";"Plena Noite";"Crescente";"Ceu Claro";"Maltipla";"Reta";"Nao";2;0;1;0;0;1;1;2;-23,50343484;-46,56638712;"SPRF-SP";"DEL01-SP";"UOP01-DEL01-SP"
581587;2024-02-16;"sexta-feira";"22:45:00";"SC";282;68,5;"RANCHO QUEIMADO";"Velocidade Incompatavel";"Saida de leito carrocavel";"Com Vatimas Feridas";"Plena Noite";"Decrescente";"Chuva";"Simples";"Curva;Declive                 ";"Nao";2;0;2;0;0;0;2;1;-27,692406;-49,075939;"SPRF-SC";"DEL01-SC";"UOP03-DEL01-SC"
581589;2024-02-17;"sabado";"00:05:00";"SP";381;88;"GUARULHOS";"Pedestre - Ingestao de alcool/ substancias psicoativas";"Atropelamento de Pedestre";"Com Vatimas Feridas";"Plena Noite";"Decrescente";"Chuva";"Maltipla";"Reta";"Sim";2;0;1;0;0;1;1;2;-23,47469314;-46,56112919;"SPRF-SP";"DEL03-SP";"UOP01-DEL03-SP"
581590;2024-02-17;"sabado";"00:48:00";"PR";116;117;"CURITIBA";"Entrada inopinada do pedestre";"Atropelamento de Pedestre";"Com Vatimas Fatais";"Plena Noite";"Crescente";"Nublado";"Dupla";"Reta";"Sim";3;1;0;0;1;1;0;2;-25,56158751;-49,30818558;"SPRF-PR";"DEL01-PR";"UOP03-DEL01-PR"
581591;2024-02-17;"sabado";"00:30:00";"SC";101;218,1;"PALHOCA";"Acessar a via sem observar a presenca dos outros veiculos";"Colisao traseira";"Com Vatimas Feridas";"Plena Noite";"Decrescente";"Ceu Claro";"Maltipla";"Reta";"Sim";2;0;0;2;0;0;2;2;-27,6758601;-48,67052525;"SPRF-SC";"DEL01-SC";"UOP02-DEL01-SC"
581594;2024-02-16;"sexta-feira";"23:30:00";"RN";405;159;"RAFAEL FERNANDES";"Reacao tardia ou ineficiente do condutor";"Queda de ocupante de veiculo";"Com Vatimas Feridas";"Plena Noite";"Decrescente";"Ceu Claro";"Simples";"Reta";"Sim";2;0;1;1;0;0;2;1;-6,1826935;-38,21912468;"SPRF-RN";"DEL04-RN";"UOP02-DEL04-RN"
581595;2024-02-17;"sabado";"01:30:00";"SC";101;128;"ITAJAI";"Reacao tardia ou ineficiente do condutor";"Colisao com objeto";"Com Vatimas Feridas";"Plena Noite";"Crescente";"Nublado";"Dupla";"Curva";"Nao";1;0;1;0;0;0;1;1;-26,97284292;-48,68299451;"SPRF-SC";"DEL04-SC";"UOP04-DEL04-SC"
581596;2024-02-17;"sabado";"00:00:00";"BA";242;822;"BARREIRAS";"Reacao tardia ou ineficiente do condutor";"Saida de leito carrocavel";"Com Vatimas Feridas";"Plena Noite";"Decrescente";"Chuva";"Simples";"Reta;Declive                  ";"Sim";21;0;12;9;0;0;21;1;-12,117;-45,242;"SPRF-BA";"DEL10-BA";"UOP01-DEL10-BA"
581597;2024-02-17;"sabado";"01:30:00";"PR";277;704;"SAO MIGUEL DO IGUACU";"Velocidade Incompatavel";"Colisao traseira";"Sem Vatimas";"Plena Noite";"Decrescente";"Ceu Claro";"Dupla";"Aclive";"Nao";6;0;0;0;6;0;0;2;-25,42529621;-54,36142389;"SPRF-PR";"DEL05-PR";"UOP01-DEL05-PR"
581598;2024-02-17;"sabado";"01:30:00";"RJ";116;187,9;"NOVA IGUACU";"Iluminaaao deficiente";"Atropelamento de Pedestre";"Com Vatimas Fatais";"Plena Noite";"Crescente";"Ceu Claro";"Simples";"Reta";"Nao";1;1;0;0;0;0;0;1;-22,73883756;-43,47245197;"SPRF-RJ";"DEL06-RJ";"UOP01-DEL06-RJ"
581600;2024-02-17;"sabado";"01:34:00";"RS";290;33;"SANTO ANTONIO DA PATRULHA";"Ausancia de Reacao do condutor";"Colisao com objeto";"Com Vatimas Feridas";"Plena Noite";"Decrescente";"Ceu Claro";"Dupla";"Reta";"Nao";3;0;1;0;2;0;1;2;-29,885815;-50,586334;"SPRF-RS";"DEL03-RS";"UOP01-DEL03-RS"
581601;2024-02-17;"sabado";"01:00:00";"MS";158;259;"TRES LAGOAS";"Velocidade Incompatavel";"Saida de leito carrocavel";"Sem Vatimas";"Plena Noite";"Crescente";"Ceu Claro";"Dupla";"Retorno Regulamentado";"Nao";1;0;0;0;1;0;0;1;-20,71351403;-51,75152004;"SPRF-MS";"DEL07-MS";"UOP01-DEL07-MS"