"id";"data_inversa";"dia_semana";"horario";"uf";"br";"km";"municipio";"causa_acidente";"tipo_acidente";"classificacao_acidente";"fase_dia";"sentido_via";"condicao_metereologica";"tipo_pista";"tracado_via";"uso_solo";"pessoas";"mortos";"feridos_leves";"feridos_graves";"ilesos";"ignorados";"feridos";"veiculos";"latitude";"longitude";"regional";"delegacia";"uop"
581715;2024-02-17;"sabado";"13:40:00";"PI";230;195;"OEIRAS";"Acessar a via sem observar a presenca dos outros veiculos";"Colisao transversal";"Com Vatimas Feridas";"Pleno dia";"Crescente";"Ceu Claro";"Simples";"Curva";"Sim";2;0;1;0;1;0;1;2;-6,99904236;-42,1126988;"SPRF-PI";"DEL04-PI";"UOP01-DEL04-PI"
581716;2024-02-17;"sabado";"18:20:00";"PE";101;48,5;"ABREU E LIMA";"Reacao tardia ou ineficiente do condutor";"Colisao traseira";"Com Vatimas Feridas";"Plena Noite";"Crescente";"Ceu Claro";"Maltipla";"Reta";"Sim";3;0;0;1;2;0;1;2;-7,89174705;-34,9033493;"SPRF-PE";"DEL01-PE";"UOP02-DEL01-PE"
581717;2024-02-17;"sabado";"16:10:00";"SP";381;69;"MAIRIPORA";"Reacao tardia ou ineficiente do condutor";"Colisao com objeto";"Com Vatimas Feridas";"Pleno dia";"Decrescente";"Nublado";"Dupla";"Curva;Aclive                  ";"Nao";2;0;0;2;0;0;2;1;-23,34553108;-46,56787903;"SPRF-SP";"DEL03-SP";"UOP01-DEL03-SP"
581718;2024-02-17;"sabado";"18:45:00";"MG";381;493,8;"BETIM";"Demais falhas mecanicas ou elatricas";"Tombamento";"Com Vatimas Feridas";"Anoitecer";"Crescente";"Nublado";"Maltipla";"Reta";"Sim";2;0;2;0;0;0;2;1;-19,96550362;-44,17600393;"SPRF-MG";"DEL01-MG";"UOP03-DEL01-MG"
581720;2024-02-17;"sabado";"18:50:00";"SC";280;30;"ARAQUARI";"Ultrapassagem Indevida";"Tombamento";"Com Vatimas Feridas";"Anoitecer";"Decrescente";"Nublado";"Simples";"Reta";"Sim";1;0;1;0;0;0;1;1;-26,4141523;-48,76209493;"SPRF-SC";"DEL03-SC";"UOP03-DEL03-SC"
581722;2024-02-17;"sabado";"17:42:00";"CE";222;89;"UMIRIM";"Acessar a via sem observar a presenca dos outros veiculos";"Colisao frontal";"Com Vatimas Feridas";"Pleno dia";"Decrescente";"Ceu Claro";"Simples";"Curva";"Sim";2;0;1;0;1;0;1;2;-3,67541618;-39,33870394;"SPRF-CE";"DEL04-CE";"UOP03-DEL04-CE"
581723;2024-02-17;"sabado";"18:45:00";"MG";116;704,1;"MURIAE";"Reacao tardia ou ineficiente do condutor";"Engavetamento";"Com Vatimas Feridas";"Plena Noite";"Decrescente";"Nublado";"Simples";"Reta";"Sim";4;0;1;0;3;0;1;2;-21,13416858;-42,38722798;"SPRF-MG";"DEL07-MG";"UOP02-DEL07-MG"
581724;2024-02-17;"sabado";"16:30:00";"PR";376;415;"PONTA GROSSA";"Ausancia de Reacao do condutor";"Capotamento";"Com Vatimas Feridas";"Pleno dia";"Decrescente";"Ceu Claro";"Dupla";"Reta";"Nao";4;0;2;0;2;0;2;1;-25,252405;-50,016975;"SPRF-PR";"DEL03-PR";"UOP02-DEL03-PR"
581726;2024-02-17;"sabado";"19:45:00";"CE";116;3;"FORTALEZA";"Ausancia de Reacao do condutor";"Colisao com objeto";"Com Vatimas Feridas";"Plena Noite";"Decrescente";"Ceu Claro";"Maltipla";"Viaduto";"Sim";1;0;0;1;0;0;1;1;-3,77866493;-38,51490171;"SPRF-CE";"DEL01-CE";"UOP02-DEL01-CE"
581727;2024-02-17;"sabado";"18:00:00";"MG";116;459,8;"ENGENHEIRO CALDAS";"Velocidade Incompatavel";"Saida de leito carrocavel";"Com Vatimas Fatais";"Anoitecer";"Decrescente";"Nublado";"Simples";"Reta";"Nao";1;1;0;0;0;0;0;1;-19,22520501;-42,05823777;"SPRF-MG";"DEL06-MG";"UOP02-DEL06-MG"
581728;2024-02-17;"sabado";"20:00:00";"MG";381;428;"CAETE";"Velocidade Incompatavel";"Colisao com objeto";"Com Vatimas Feridas";"Plena Noite";"Crescente";"Nublado";"Dupla";"Curva";"Nao";2;0;2;0;0;0;2;1;-19,78885371;-43,70613892;"SPRF-MG";"DEL01-MG";"UOP01-DEL01-MG"
581729;2024-02-17;"sabado";"18:50:00";"RN";101;12;"TOUROS";"Animais na Pista";"Atropelamento de Animal";"Com Vatimas Feridas";"Plena Noite";"Crescente";"Nublado";"Simples";"Reta";"Nao";1;0;1;0;0;0;1;1;-5,250035;-35,480935;"SPRF-RN";"DEL02-RN";"UOP01-DEL02-RN"
581730;2024-02-17;"sabado";"18:05:00";"PR";153;25;"JACAREZINHO";"Objeto estatico sobre o leito carroaavel";"Saida de leito carrocavel";"Com Vatimas Feridas";"Pleno dia";"Decrescente";"Ceu Claro";"Simples";"Reta";"Nao";1;0;1;0;0;0;1;1;-23,19178786;-49,98571648;"SPRF-PR";"DEL07-PR";"UOP04-DEL07-PR"
581731;2024-02-17;"sabado";"20:40:00";"RJ";116;300;"PORTO REAL";"Velocidade Incompatavel";"Colisao traseira";"Com Vatimas Feridas";"Plena Noite";"Crescente";"Nublado";"Dupla";"Viaduto;Reta                  ";"Nao";3;0;2;0;1;0;2;2;-22,45223481;-44,35432502;"SPRF-RJ";"DEL07-RJ";"UOP02-DEL07-RJ"
581732;2024-02-17;"sabado";"19:15:00";"MG";365;0,9;"MONTES CLAROS";"Ausancia de Reacao do condutor";"Colisao traseira";"Com Vatimas Fatais";"Plena Noite";"Crescente";"Ceu Claro";"Simples";"Reta;Declive                  ";"Sim";2;1;0;0;0;1;0;2;-16,716154;-43,863327;"SPRF-MG";"DEL12-MG";"UOP01-DEL12-MG"
581733;2024-02-17;"sabado";"20:35:00";"PE";101;62,9;"RECIFE";"Manobra de mudanaa de faixa";"Colisao lateral mesmo sentido";"Com Vatimas Feridas";"Plena Noite";"Crescente";"Ceu Claro";"Dupla";"Reta";"Sim";3;0;2;0;1;0;2;2;-8,00742918;-34,93785381;"SPRF-PE";"DEL01-PE";"UOP02-DEL01-PE"
581734;2024-02-17;"sabado";"19:32:00";"RO";435;122,4;"CEREJEIRAS";"Desrespeitar a preferancia no cruzamento";"Colisao transversal";"Sem Vatimas";"Plena Noite";"Crescente";"Ceu Claro";"Dupla";"Reta";"Sim";2;0;0;0;2;0;0;2;-13,18775891;-60,79986605;"SPRF-RO";"DEL04-RO";"UOP02-DEL04-RO"
581735;2024-01-16;"terça-feira";"08:20:00";"SP";153;74;"SAO JOSE DO RIO PRETO";"Reacao tardia ou ineficiente do condutor";"Engavetamento";"Com Vatimas Feridas";"Pleno dia";"Decrescente";"Ceu Claro";"Dupla";"Reta";"Nao";4;0;2;0;2;0;2;4;-20,88538598;-49,42676402;"SPRF-SP";"DEL09-SP";"UOP01-DEL09-SP"
581736;2024-02-17;"sabado";"19:20:00";"BA";116;11;"VITORIA DA CONQUISTA";"Acessar a via sem observar a presenca dos outros veiculos";"Colisao transversal";"Com Vatimas Feridas";"Plena Noite";"Decrescente";"Nublado";"Simples";"Interseaao de Vias";"Sim";3;0;0;1;2;0;1;2;-14,873228;-40,871331;"SPRF-PE";"DEL05-PE";"UOP03-DEL05-PE"
581737;2024-02-17;"sabado";"19:45:00";"MA";135;6;"SAO LUIS";"Ingestao de alcool pelo condutor";"Atropelamento de Pedestre";"Com Vatimas Feridas";"Plena Noite";"Decrescente";"Ceu Claro";"Dupla";"Reta";"Sim";2;0;1;0;1;0;1;2;-2,62877986;-44,26321818;"SPRF-MA";"DEL01-MA";"UOP01-DEL01-MA"
581740;2024-02-17;"sabado";"20:57:00";"DF";70;11;"BRASILIA";"Ausancia de Reacao do condutor";"Saida de leito carrocavel";"Com Vatimas Feridas";"Plena Noite";"Crescente";"Ceu Claro";"Dupla";"Reta";"Sim";1;0;1;0;0;0;1;1;-15,789762;-48,148727;"SPRF-DF";"DEL03-DF";"UOP02-DEL03-DF"
581741;2024-02-17;"sabado";"19:30:00";"SC";470;138;"RIO DO SUL";"Acessar a via sem observar a presenca dos outros veiculos";"Colisao transversal";"Com Vatimas Feridas";"Anoitecer";"Decrescente";"Garoa/Chuvisco";"Simples";"Interseaao de Vias";"Sim";4;0;2;0;2;0;2;2;-27,207214;-49,648476;"SPRF-SC";"DEL04-SC";"UOP02-DEL04-SC"
581742;2024-02-17;"sabado";"20:30:00";"PE";428;11,5;"CABROBO";"Ausancia de Reacao do condutor";"Colisao traseira";"Com Vatimas Feridas";"Plena Noite";"Crescente";"Ceu Claro";"Simples";"Reta";"Sim";2;0;0;1;1;0;1;2;-8,5063914;-39,3161128;"SPRF-PE";"DEL05-PE";"UOP03-DEL05-PE"
581743;2024-02-17;"sabado";"19:40:00";"SC";285;50,3;"TIMBE DO SUL";"Velocidade Incompatavel";"Colisao com objeto";"Com Vatimas Feridas";"Plena Noite";"Decrescente";"Ceu Claro";"Simples";"Declive;Curva                 ";"Nao";1;0;1;0;0;0;1;1;-28,806377;-49,934865;"SPRF-SC";"DEL02-SC";"UOP02-DEL02-SC"
581744;2024-02-17;"sabado";"17:45:00";"RJ";101;175;"MACAE";"Transitar na contramao";"Colisao lateral sentido oposto";"Com Vatimas Feridas";"Pleno dia";"Decrescente";"Ceu Claro";"Simples";"Curva";"Nao";6;0;4;0;2;0;4;3;-22,37846293;-41,96901206;"SPRF-RJ";"DEL08-RJ";"UOP04-DEL08-RJ"
581746;2024-02-17;"sabado";"20:47:00";"RJ";116;188;"NOVA IGUACU";"Demais falhas mecanicas ou elatricas";"Tombamento";"Com Vatimas Feridas";"Plena Noite";"Crescente";"Ceu Claro";"Dupla";"Reta";"Nao";5;0;2;0;3;0;2;4;-22,7380709;-43,48213999;"SPRF-RJ";"DEL06-RJ";"UOP01-DEL06-RJ"
581747;2024-02-17;"sabado";"20:00:00";"GO";60;127;"GOIANAPOLIS";"Ausancia de Reacao do condutor";"Capotamento";"Com Vatimas Feridas";"Plena Noite";"Decrescente";"Chuva";"Dupla";"Declive;Curva                 ";"Nao";1;0;1;0;0;0;1;1;-16,5412;-49,1495;"SPRF-GO";"DEL01-GO";"UOP01-DEL01-GO"
581748;2024-02-17;"sabado";"21:25:00";"PE";232;8,5;"RECIFE";"Reacao tardia ou ineficiente do condutor";"Saida de leito carrocavel";"Sem Vatimas";"Plena Noite";"Decrescente";"Ceu Claro";"Dupla";"Declive;Em Obras              ";"Sim";1;0;0;0;0;1;0;1;-8,077007;-34,974409;"SPRF-PE";"DEL01-PE";"UOP01-DEL01-PE"
581749;2024-02-17;"sabado";"18:00:00";"MG";262;561,2;"CORREGO DANTA";"Acessar a via sem observar a presenca dos outros veiculos";"Colisao frontal";"Com Vatimas Feridas";"Anoitecer";"Decrescente";"Chuva";"Simples";"Reta";"Nao";4;0;1;2;1;0;3;2;-19,74235817;-45,94580685;"SPRF-MG";"DEL08-MG";"UOP02-DEL08-MG"
581750;2024-02-17;"sabado";"21:45:00";"SC";282;207;"LAGES";"Acesso irregular";"Saida de leito carrocavel";"Sem Vatimas";"Plena Noite";"Crescente";"Nublado";"Simples";"Declive";"Nao";1;0;0;0;1;0;0;1;-27,773464;-50,202095;"SPRF-SC";"DEL05-SC";"UOP01-DEL05-SC"
581751;2024-02-17;"sabado";"20:45:00";"SC";280;25,3;"ARAQUARI";"Ingestao de alcool pelo condutor";"Tombamento";"Com Vatimas Feridas";"Plena Noite";"Crescente";"Nublado";"Simples";"Reta";"Sim";1;0;1;0;0;0;1;1;-26,38352781;-48,72677516;"SPRF-SC";"DEL03-SC";"UOP03-DEL03-SC"
581753;2024-02-17;"sabado";"18:30:00";"BA";110;238;"OLINDINA";"Acumulo de agua sobre o pavimento";"Colisao frontal";"Com Vatimas Feridas";"Plena Noite";"Decrescente";"Chuva";"Simples";"Reta";"Nao";19;0;0;1;18;0;1;2;-11,356341;-38,334884;"SPRF-BA";"DEL07-BA";"UOP02-DEL07-BA"
581755;2024-02-17;"sabado";"20:45:00";"PR";116;70;"CAMPINA GRANDE DO SUL";"Ausancia de Reacao do condutor";"Saida de leito carrocavel";"Com Vatimas Feridas";"Plena Noite";"Decrescente";"Nublado";"Dupla";"Reta";"Nao";1;0;1;0;0;0;1;1;-25,33849717;-49,03792883;"SPRF-PR";"DEL01-PR";"UOP02-DEL01-PR"
581756;2024-02-17;"sabado";"20:00:00";"RS";285;590;"BOSSOROCA";"Ingestao de alcool pelo condutor";"Colisao lateral sentido oposto";"Com Vatimas Feridas";"Plena Noite";"Crescente";"Nublado";"Simples";"Reta";"Nao";3;0;0;1;2;0;1;2;-28,477087;-55,183197;"SPRF-RS";"DEL12-RS";"UOP01-DEL12-RS"
581760;2024-02-17;"sabado";"21:20:00";"PI";316;350,9;"CAMPO GRANDE DO PIAUI";"Animais na Pista";"Atropelamento de Animal";"Com Vatimas Feridas";"Plena Noite";"Decrescente";"Ceu Claro";"Simples";"Reta";"Nao";2;0;0;2;0;0;2;1;-7,12347967;-41,11935696;"SPRF-PI";"DEL04-PI";"UOP03-DEL04-PI"
581761;2024-02-17;"sabado";"23:00:00";"AL";316;148;"PALMEIRA DOS INDIOS";"Ingestao de alcool pelo condutor";"Queda de ocupante de veiculo";"Com Vatimas Feridas";"Plena Noite";"Decrescente";"Ceu Claro";"Simples";"Reta";"Nao";1;0;0;1;0;0;1;1;-9,40718239;-36,68829724;"SPRF-AL";"DEL03-AL";"UOP01-DEL03-AL"
581762;2024-02-17;"sabado";"22:20:00";"CE";116;168,2;"RUSSAS";"Acessar a via sem observar a presenca dos outros veiculos";"Colisao lateral mesmo sentido";"Com Vatimas Feridas";"Plena Noite";"Crescente";"Ceu Claro";"Simples";"Reta;Em Obras                 ";"Nao";2;0;1;1;0;0;2;2;-4,97562655;-38,01382028;"SPRF-CE";"DEL03-CE";"UOP01-DEL03-CE"
581763;2024-02-17;"sabado";"22:30:00";"RS";116;240,1;"NOVO HAMBURGO";"Ingestao de alcool pelo condutor";"Saida de leito carrocavel";"Com Vatimas Feridas";"Plena Noite";"Decrescente";"Ceu Claro";"Dupla";"Em Obras;Aclive               ";"Sim";3;0;0;2;0;1;2;1;-29,70496497;-51,14676523;"SPRF-RS";"DEL01-RS";"UOP02-DEL01-RS"
581767;2024-02-17;"sabado";"19:40:00";"BA";30;901;"MARAU";"Pista esburacada";"Colisao frontal";"Com Vatimas Fatais";"Plena Noite";"Crescente";"Ignorado";"Simples";"Reta";"Nao";2;1;0;1;0;0;1;2;-14,04455949;-38,95535454;"SPRF-BA";"DEL05-BA";"UOP01-DEL05-BA"
581768;2024-02-17;"sabado";"23:00:00";"PR";376;5,5;"MANDAGUARI";"Ausancia de Reacao do condutor";"Colisao com objeto";"Com Vatimas Feridas";"Plena Noite";"Crescente";"Ceu Claro";"Simples";"Reta";"Sim";1;0;0;1;0;0;1;1;-23,547966;-51,671265;"SPRF-PR";"DEL03-PR";"UOP03-DEL03-PR"
581771;2024-02-17;"sabado";"23:00:00";"PR";153;106,3;"IBAITI";"Acesso irregular";"Queda de ocupante de veiculo";"Sem Vatimas";"Plena Noite";"Crescente";"Nublado";"Simples";"Reta;Interseaao de Vias       ";"Sim";2;0;0;0;2;0;0;2;-23,82508711;-50,18502653;"SPRF-PR";"DEL07-PR";"UOP04-DEL07-PR"
581774;2024-02-17;"sabado";"23:40:00";"SC";163;76,5;"SAO MIGUEL DO OESTE";"Ingestao de alcool pelo condutor";"Tombamento";"Com Vatimas Feridas";"Plena Noite";"Decrescente";"Ceu Claro";"Simples";"Retorno Regulamentado";"Nao";1;0;1;0;0;0;1;1;-26,67822362;-53,51556838;"SPRF-SC";"DEL07-SC";"UOP03-DEL07-SC"
581775;2024-02-17;"sabado";"20:20:00";"PA";153;124;"SAO GERALDO DO ARAGUAIA";"Transitar na contramao";"Colisao frontal";"Com Vatimas Fatais";"Plena Noite";"Crescente";"Ceu Claro";"Simples";"Curva";"Nao";2;1;0;0;1;0;0;2;-6,175991;-48,595367;"SPRF-PA";"DEL03-PA";"UOP01-DEL03-PA"
581776;2024-02-18;"domingo";"00:30:00";"AL";101;58;"MESSIAS";"Ingestao de alcool pelo condutor";"Colisao lateral sentido oposto";"Com Vatimas Feridas";"Plena Noite";"Decrescente";"Ceu Claro";"Dupla";"Reta";"Nao";2;0;0;1;0;1;1;2;-9,27933304;-35,79839595;"SPRF-AL";"DEL01-AL";"UOP02-DEL01-AL"
581780;2024-02-17;"sabado";"22:20:00";"MG";365;148;"PIRAPORA";"Ultrapassagem Indevida";"Colisao frontal";"Com Vatimas Fatais";"Plena Noite";"Decrescente";"Nublado";"Simples";"Reta";"Nao";4;1;1;1;1;0;2;2;-17,2736065;-44,86318856;"SPRF-MG";"DEL10-MG";"UOP02-DEL010-MG"
581781;2024-02-18;"domingo";"00:15:00";"BA";110;177;"RIBEIRA DO POMBAL";"Ausancia de Reacao do condutor";"Colisao traseira";"Com Vatimas Feridas";"Plena Noite";"Crescente";"Chuva";"Simples";"Reta";"Sim";4;0;0;2;2;0;2;2;-10,887348;-38,52479999;"SPRF-BA";"DEL07-BA";"UOP02-DEL07-BA"
581782;2024-02-17;"sabado";"19:30:00";"PI";316;14;"TERESINA";"Ingestao de alcool pelo condutor";"Colisao com objeto";"Com Vatimas Feridas";"Plena Noite";"Crescente";"Garoa/Chuvisco";"Dupla";"Reta";"Nao";2;0;1;0;1;0;1;1;-5,21847177;-42,75266826;"SPRF-PI";"DEL01-PI";"UOP02-DEL01-PI"
581783;2024-02-18;"domingo";"01:30:00";"RN";304;37;"MOSSORO";"Ingestao de alcool pelo condutor";"Queda de ocupante de veiculo";"Com Vatimas Feridas";"Plena Noite";"Crescente";"Ceu Claro";"Dupla";"Viaduto;Declive               ";"Sim";1;0;0;1;0;0;1;1;-5,17455933;-37,36227171;"SPRF-RN";"DEL04-RN";"UOP02-DEL04-RN"
581785;2024-02-17;"sabado";"23:28:00";"MT";163;668;"LUCAS DO RIO VERDE";"Reacao tardia ou ineficiente do condutor";"Saida de leito carrocavel";"Com Vatimas Feridas";"Plena Noite";"Decrescente";"Ignorado";"Simples";"Reta";"Nao";1;0;1;0;0;0;1;1;-13,3396959;-56,05511323;"SPRF-MT";"DEL06-MT";"UOP01-DEL06-MT"
581786;2024-02-18;"domingo";"01:40:00";"SP";116;224;"SAO PAULO";"Ingestao de alcool pelo condutor";"Colisao com objeto";"Sem Vatimas";"Plena Noite";"Decrescente";"Nublado";"Maltipla";"Reta";"Sim";2;0;0;0;1;1;0;1;-23,48071896;-46,53271603;"SPRF-SP";"DEL01-SP";"UOP01-DEL01-SP"
581790;2024-02-18;"domingo";"02:00:00";"RJ";116;108;"GUAPIMIRIM";"Demais falhas mecanicas ou elatricas";"Saida de leito carrocavel";"Sem Vatimas";"Pleno dia";"Crescente";"Ceu Claro";"Dupla";"Curva";"Nao";1;0;0;0;1;0;0;1;-22,535843;-42,99125;"SPRF-RJ";"DEL04-RJ";"UOP01-DEL04-RJ"
581792;2024-02-18;"domingo";"02:40:00";"PR";376;186,1;"MARIALVA";"Animais na Pista";"Atropelamento de Animal";"Com Vatimas Feridas";"Plena Noite";"Crescente";"Nublado";"Dupla";"Aclive;Reta                   ";"Nao";1;0;1;0;0;0;1;1;-23,454104;-51,849346;"SPRF-PR";"DEL09-PR";"UOP01-DEL09-PR"
581793;2024-02-18;"domingo";"03:20:00";"SC";470;34,9;"GASPAR";"Velocidade Incompatavel";"Colisao com objeto";"Sem Vatimas";"Plena Noite";"Decrescente";"Ceu Claro";"Dupla";"Em Obras;Reta                 ";"Nao";1;0;0;0;0;1;0;1;-26,91302004;-48,9599061;"SPRF-SC";"DEL04-SC";"UOP01-DEL04-SC"
581794;2024-02-18;"domingo";"03:30:00";"SC";101;294,3;"IMBITUBA";"Pedestre andava na pista";"Atropelamento de Pedestre";"Com Vatimas Feridas";"Plena Noite";"Crescente";"Chuva";"Simples";"Reta";"Nao";5;0;1;1;2;1;2;3;-28,2913726;-48,709656;"SPRF-SC";"DEL02-SC";"UOP03-DEL02-SC"
581795;2024-02-18;"domingo";"01:45:00";"PE";316;57,8;"TRINDADE";"Manobra de mudanaa de faixa";"Colisao lateral sentido oposto";"Com Vatimas Feridas";"Plena Noite";"Crescente";"Nublado";"Simples";"Reta";"Sim";4;0;0;1;3;0;1;2;-7,74765771;-40,2710428;"SPRF-PE";"DEL05-PE";"UOP02-DEL05-PE"
581796;2024-02-18;"domingo";"01:20:00";"RJ";493;6;"ITABORAI";"Ausancia de Reacao do condutor";"Queda de ocupante de veiculo";"Com Vatimas Feridas";"Plena Noite";"Decrescente";"Ceu Claro";"Dupla";"Reta";"Sim";1;0;1;0;0;0;1;1;-22,73124198;-42,95145305;"SPRF-RJ";"DEL02-RJ";"UOP02-DEL02-RJ"
581797;2024-02-18;"domingo";"05:15:00";"SC";101;427,9;"SOMBRIO";"Condutor deixou de manter distancia do veiculo da frente";"Colisao traseira";"Com Vatimas Feridas";"Amanhecer";"Crescente";"Garoa/Chuvisco";"Maltipla";"Reta";"Nao";4;0;2;0;1;1;2;2;-29,045754;-49,616932;"SPRF-SC";"DEL02-SC";"UOP02-DEL02-SC"
581799;2024-02-18;"domingo";"04:45:00";"RS";116;266,9;"CANOAS";"Velocidade Incompatavel";"Colisao traseira";"Sem Vatimas";"Amanhecer";"Decrescente";"Ceu Claro";"Dupla";"Reta";"Sim";2;0;0;0;2;0;0;1;-29,93242399;-51,17742077;"SPRF-RS";"DEL01-RS";"UOP01-DEL01-RS"
581800;2024-02-18;"domingo";"05:00:00";"SC";101;195;"BIGUACU";"Ausancia de Reacao do condutor";"Colisao com objeto";"Sem Vatimas";"Amanhecer";"Decrescente";"Nublado";"Dupla";"Reta;Declive                  ";"Sim";1;0;0;0;0;1;0;1;-27,5047092;-48,65010819;"SPRF-SC";"DEL01-SC";"UOP01-DEL01-SC"
581804;2024-02-18;"domingo";"00:30:00";"RJ";465;5;"SEROPEDICA";"Velocidade Incompatavel";"Colisao lateral mesmo sentido";"Com Vatimas Feridas";"Plena Noite";"Decrescente";"Ceu Claro";"Simples";"Reta";"Sim";3;0;0;2;1;0;2;2;-22,747673;-43,699196;"SPRF-RJ";"DEL06-RJ";"UOP02-DEL06-RJ"
581805;2024-02-18;"domingo";"04:00:00";"GO";60;414;"RIO VERDE";"Condutor Dormindo";"Saida de leito carrocavel";"Com Vatimas Feridas";"Plena Noite";"Crescente";"Chuva";"Dupla";"Reta";"Nao";3;0;1;1;1;0;2;1;-17,8188;-51,1831;"SPRF-GO";"DEL04-GO";"UOP02-DEL04-GO"
581806;2024-02-18;"domingo";"02:45:00";"BA";110;293,9;"INHAMBUPE";"Acumulo de agua sobre o pavimento";"Colisao frontal";"Com Vatimas Feridas";"Plena Noite";"Decrescente";"Chuva";"Simples";"Declive";"Sim";2;0;1;0;1;0;1;2;-11,84591805;-38,36705786;"SPRF-BA";"DEL01-BA";"UOP04-DEL01-BA"
581808;2024-02-18;"domingo";"05:45:00";"GO";60;385;"RIO VERDE";"Reacao tardia ou ineficiente do condutor";"Colisao com objeto";"Sem Vatimas";"Amanhecer";"Crescente";"Chuva";"Dupla";"Declive";"Sim";2;0;0;0;0;2;0;2;-17,7964;-50,914;"SPRF-GO";"DEL04-GO";"UOP02-DEL04-GO"
581809;2024-02-17;"sabado";"23:00:00";"MG";381;575;"ITAGUARA";"Ausancia de Reacao do condutor";"Saida de leito carrocavel";"Sem Vatimas";"Plena Noite";"Decrescente";"Nublado";"Simples";"Rotataria";"Nao";1;0;0;0;1;0;0;1;-20,47362595;-44,58422842;"SPRF-MG";"DEL04-MG";"UOP01-DEL04-MG"
581810;2024-02-17;"sabado";"18:30:00";"MA";222;157;"VARGEM GRANDE";"Ausancia de Reacao do condutor";"Colisao transversal";"Com Vatimas Fatais";"Anoitecer";"Decrescente";"Ceu Claro";"Simples";"Reta";"Sim";3;1;1;0;0;1;1;2;-3,52324021;-43,96785708;"SPRF-MA";"DEL01-MA";"UOP02-DEL01-MA"
581811;2024-02-18;"domingo";"04:50:00";"CE";222;2,9;"FORTALEZA";"Pedestre - Ingestao de alcool/ substancias psicoativas";"Atropelamento de Pedestre";"Com Vatimas Fatais";"Amanhecer";"Crescente";"Ignorado";"Maltipla";"Reta";"Sim";3;1;1;1;0;0;2;2;-3,73911117;-38,58687498;"SPRF-CE";"DEL01-CE";"UOP01-DEL01-CE"
581812;2024-02-18;"domingo";"05:00:00";"SC";101;154,8;"PORTO BELO";"Ingestao de alcool pelo condutor";"Saida de leito carrocavel";"Sem Vatimas";"Plena Noite";"Decrescente";"Chuva";"Simples";"Reta";"Sim";3;0;0;0;3;0;0;1;-27,153819;-48,61086393;"SPRF-SC";"DEL04-SC";"UOP03-DEL04-SC"
581813;2024-02-18;"domingo";"05:30:00";"PA";316;62,8;"CASTANHAL";"Pedestre cruzava a pista fora da faixa";"Atropelamento de Pedestre";"Com Vatimas Fatais";"Amanhecer";"Crescente";"Chuva";"Dupla";"Reta";"Sim";2;1;0;0;1;0;0;2;-1,296354;-47,922478;"SPRF-PA";"DEL01-PA";"UOP01-DEL01-PA"
581814;2024-02-17;"sabado";"20:00:00";"SC";280;49;"GUARAMIRIM";"Acessar a via sem observar a presenca dos outros veiculos";"Atropelamento de Pedestre";"Com Vatimas Feridas";"Plena Noite";"Decrescente";"Nublado";"Dupla";"Reta;Aclive                   ";"Nao";2;0;2;0;0;0;2;2;-26,45850039;-48,93692786;"SPRF-SC";"DEL03-SC";"UOP03-DEL03-SC"
581815;2024-02-03;"sabado";"11:00:00";"RS";386;354,2;"ESTRELA";"Manobra de mudanaa de faixa";"Colisao lateral mesmo sentido";"Com Vatimas Feridas";"Pleno dia";"Crescente";"Ceu Claro";"Dupla";"Reta";"Nao";3;0;2;0;1;0;2;2;-29,506611;-51,943012;"SPRF-RS";"DEL04-RS";"UOP01-DEL04-RS"
581817;2024-02-18;"domingo";"06:00:00";"PR";277;71;"SAO JOSE DOS PINHAIS";"Reacao tardia ou ineficiente do condutor";"Saida de leito carrocavel";"Sem Vatimas";"Plena Noite";"Decrescente";"Ceu Claro";"Maltipla";"Curva";"Nao";1;0;0;0;0;1;0;1;-25,510611;-49,130914;"SPRF-PR";"DEL01-PR";"UOP07-DEL01-PR"
581818;2024-02-18;"domingo";"05:40:00";"RJ";493;85;"JAPERI";"Condutor Dormindo";"Saida de leito carrocavel";"Com Vatimas Feridas";"Pleno dia";"Crescente";"Ceu Claro";"Dupla";"Reta";"Nao";1;0;1;0;0;0;1;1;-22,6628514;-43,6250834;"SPRF-RJ";"DEL01-RJ";"UOP03-DEL01-RJ"
581819;2024-02-18;"domingo";"07:15:00";"SP";116;517;"CAJATI";"Chuva";"Saida de leito carrocavel";"Com Vatimas Feridas";"Amanhecer";"Decrescente";"Garoa/Chuvisco";"Dupla";"Curva";"Nao";4;0;1;0;3;0;1;1;-24,8768469;-48,22732309;"SPRF-SP";"DEL05-SP";"UOP02-DEL05-SP"
581823;2024-02-17;"sabado";"23:30:00";"SC";470;178;"POUSO REDONDO";"Acessar a via sem observar a presenca dos outros veiculos";"Colisao transversal";"Com Vatimas Feridas";"Plena Noite";"Decrescente";"Chuva";"Simples";"Reta";"Sim";4;0;0;1;3;0;1;2;-27,248392;-49,967083;"SPRF-SC";"DEL04-SC";"UOP02-DEL04-SC"
581824;2024-02-18;"domingo";"05:30:00";"MT";364;260;"JUSCIMEIRA";"Velocidade Incompatavel";"Saida de leito carrocavel";"Sem Vatimas";"Amanhecer";"Decrescente";"Ceu Claro";"Dupla";"Retorno Regulamentado";"Nao";1;0;0;0;0;1;0;1;-16,04010381;-54,89074656;"SPRF-MT";"DEL02-MT";"UOP01-DEL02-MT"