"id";"data_inversa";"dia_semana";"horario";"uf";"br";"km";"municipio";"causa_acidente";"tipo_acidente";"classificacao_acidente";"fase_dia";"sentido_via";"condicao_metereologica";"tipo_pista";"tracado_via";"uso_solo";"pessoas";"mortos";"feridos_leves";"feridos_graves";"ilesos";"ignorados";"feridos";"veiculos";"latitude";"longitude";"regional";"delegacia";"uop"
581825;2024-02-18;"domingo";"06:30:00";"PR";376;338,8;"ORTIGUEIRA";"Condutor Dormindo";"Capotamento";"Com Vatimas Feridas";"Pleno dia";"Crescente";"Ceu Claro";"Simples";"Declive;Curva                 ";"Nao";4;0;2;0;2;0;2;1;-24,1569867;-50,97397383;"SPRF-PR";"DEL07-PR";"UOP02-DEL07-PR"
581828;2024-02-18;"domingo";"06:10:00";"MT";364;355;"SANTO ANTONIO DO LEVERGER";"Reacao tardia ou ineficiente do condutor";"Saida de leito carrocavel";"Com Vatimas Feridas";"Amanhecer";"Decrescente";"Ceu Claro";"Dupla";"Reta";"Nao";1;0;0;1;0;0;1;1;-15,79702449;-55,60063602;"SPRF-MT";"DEL05-MT";"UOP02-DEL05-MT"
581829;2024-02-18;"domingo";"06:01:00";"SC";101;154;"PORTO BELO";"Ingestao de alcool pelo condutor";"Saida de leito carrocavel";"Sem Vatimas";"Amanhecer";"Crescente";"Chuva";"Simples";"Curva";"Nao";1;0;0;0;0;1;0;1;-27,153819;-48,61086393;"SPRF-SC";"DEL04-SC";"UOP03-DEL04-SC"
581833;2024-02-18;"domingo";"04:50:00";"SC";101;131,6;"BALNEARIO CAMBORIU";"Reacao tardia ou ineficiente do condutor";"Colisao com objeto";"Com Vatimas Feridas";"Plena Noite";"Crescente";"Chuva";"Maltipla";"Reta";"Sim";3;0;1;0;2;0;1;2;-26,99064209;-48,66310912;"SPRF-SC";"DEL04-SC";"UOP03-DEL04-SC"
581834;2024-02-18;"domingo";"04:50:00";"SC";101;138,6;"ITAPEMA";"Ingestao de alcool pelo condutor";"Colisao com objeto";"Sem Vatimas";"Plena Noite";"Crescente";"Chuva";"Simples";"Aclive;Curva                  ";"Nao";1;0;0;0;0;1;0;1;-27,02397426;-48,60761649;"SPRF-SC";"DEL04-SC";"UOP03-DEL04-SC"
581836;2024-02-18;"domingo";"07:30:00";"SC";101;142;"ITAPEMA";"Pista Escorregadia";"Colisao com objeto";"Com Vatimas Feridas";"Pleno dia";"Crescente";"Garoa/Chuvisco";"Dupla";"Reta";"Sim";2;0;2;0;0;0;2;1;-27,056089;-48,599449;"SPRF-SC";"DEL04-SC";"UOP03-DEL04-SC"
581837;2024-02-18;"domingo";"08:30:00";"SC";101;141;"ITAPEMA";"Velocidade Incompatavel";"Tombamento";"Com Vatimas Feridas";"Pleno dia";"Crescente";"Ceu Claro";"Dupla";"Curva";"Sim";1;0;1;0;0;0;1;1;-27,04761729;-48,59995855;"SPRF-SC";"DEL04-SC";"UOP03-DEL04-SC"
581838;2024-02-18;"domingo";"09:00:00";"PE";101;80,6;"JABOATAO DOS GUARARAPES";"Acessar a via sem observar a presenca dos outros veiculos";"Colisao transversal";"Com Vatimas Feridas";"Pleno dia";"Decrescente";"Ceu Claro";"Dupla";"Reta";"Sim";2;0;1;0;1;0;1;2;-8,156695;-34,941212;"SPRF-PE";"DEL01-PE";"UOP01-DEL01-PE"
581840;2024-02-18;"domingo";"06:55:00";"BA";367;23;"PORTO SEGURO";"Ingestao de alcool pelo condutor";"Saida de leito carrocavel";"Com Vatimas Feridas";"Amanhecer";"Decrescente";"Chuva";"Simples";"Curva";"Sim";2;0;0;1;0;1;1;1;-16,43517732;-39,07201198;"SPRF-BA";"DEL09-BA";"UOP03-DEL09-BA"
581841;2024-02-11;"domingo";"04:30:00";"RO";364;15,8;"VILHENA";"Desrespeitar a preferancia no cruzamento";"Colisao transversal";"Com Vatimas Feridas";"Amanhecer";"Crescente";"Ceu Claro";"Dupla";"Reta";"Sim";2;0;1;0;1;0;1;2;-12,73672751;-60,14804088;"SPRF-RO";"DEL04-RO";"UOP01-DEL04-RO"
581842;2024-02-18;"domingo";"07:30:00";"PR";280;307;"FLOR DA SERRA DO SUL";"Ingestao de alcool pelo condutor";"Saida de leito carrocavel";"Com Vatimas Feridas";"Amanhecer";"Decrescente";"Ceu Claro";"Simples";"Declive;Curva                 ";"Nao";3;0;1;1;1;0;2;1;-26,29164494;-53,45571501;"SPRF-PR";"DEL02-PR";"UOP01-DEL02-PR"
581843;2024-02-18;"domingo";"09:26:00";"RS";448;0;"SAPUCAIA DO SUL";"Reacao tardia ou ineficiente do condutor";"Saida de leito carrocavel";"Sem Vatimas";"Pleno dia";"Crescente";"Ceu Claro";"Maltipla";"Curva;Aclive                  ";"Nao";1;0;0;0;1;0;0;1;-29,82680858;-51,17379133;"SPRF-RS";"DEL01-RS";"UOP02-DEL01-RS"
581845;2024-02-18;"domingo";"09:30:00";"SP";381;45;"ATIBAIA";"Ausancia de Reacao do condutor";"Capotamento";"Com Vatimas Feridas";"Pleno dia";"Decrescente";"Ceu Claro";"Simples";"Curva;Rotataria               ";"Nao";2;0;1;1;0;0;2;1;-23,17274184;-46,57748439;"SPRF-SP";"DEL03-SP";"UOP01-DEL03-SP"
581851;2024-02-18;"domingo";"09:45:00";"PR";376;658;"TIJUCAS DO SUL";"Avarias e/ou desgaste excessivo no pneu";"Colisao com objeto";"Com Vatimas Feridas";"Pleno dia";"Decrescente";"Chuva";"Dupla";"Curva";"Nao";2;0;2;0;0;0;2;1;-25,85300602;-49,02166198;"SPRF-PR";"DEL01-PR";"UOP04-DEL01-PR"
581853;2024-01-17;"quarta-feira";"17:05:00";"PE";407;124;"PETROLINA";"Reacao tardia ou ineficiente do condutor";"Colisao traseira";"Com Vatimas Feridas";"Pleno dia";"Crescente";"Ceu Claro";"Simples";"Reta";"Sim";1;0;1;0;0;0;1;1;-9,37238813;-40,5395937;"SPRF-PE";"DEL06-PE";"UOP01-DEL06-PE"
581854;2024-02-18;"domingo";"08:00:00";"GO";364;121;"APARECIDA DO RIO DOCE";"Afundamento ou ondulaaao no pavimento";"Tombamento";"Com Vatimas Feridas";"Pleno dia";"Decrescente";"Chuva";"Simples";"Reta";"Nao";1;0;0;1;0;0;1;1;-18,275797;-51,204304;"SPRF-GO";"DEL05-GO";"UOP02-DEL05-GO"
581856;2024-02-18;"domingo";"11:35:00";"SP";381;60;"MAIRIPORA";"Ultrapassagem Indevida";"Colisao traseira";"Com Vatimas Feridas";"Pleno dia";"Crescente";"Ceu Claro";"Dupla";"Curva";"Nao";3;0;2;0;1;0;2;2;-23,28957673;-46,58729853;"SPRF-SP";"DEL03-SP";"UOP01-DEL03-SP"
581857;2024-02-18;"domingo";"11:25:00";"MG";262;378;"JUATUBA";"Animais na Pista";"Atropelamento de Animal";"Com Vatimas Feridas";"Pleno dia";"Decrescente";"Nublado";"Dupla";"Retorno Regulamentado;Declive;";"Nao";1;0;1;0;0;0;1;1;-19,95652262;-44,3648278;"SPRF-MG";"DEL01-MG";"UOP03-DEL01-MG"
581858;2024-02-18;"domingo";"11:00:00";"MG";40;608;"CONGONHAS";"Conversao proibida";"Colisao transversal";"Com Vatimas Feridas";"Pleno dia";"Crescente";"Sol";"Simples";"Declive;Reta                  ";"Nao";3;0;1;1;1;0;2;2;-20,487579;-43,837628;"SPRF-MG";"DEL05-MG";"UOP02-DEL05-MG"
581859;2024-02-18;"domingo";"11:00:00";"MT";163;834,6;"SINOP";"Condutor deixou de manter distancia do veiculo da frente";"Colisao traseira";"Com Vatimas Feridas";"Pleno dia";"Decrescente";"Sol";"Dupla";"Rotataria";"Sim";2;0;0;1;1;0;1;2;-11,867;-55,497;"SPRF-MT";"DEL06-MT";"UOP02-DEL06-MT"
581860;2024-02-18;"domingo";"12:10:00";"GO";60;47;"ABADIANIA";"Ingestao de alcool pelo condutor";"Saida de leito carrocavel";"Com Vatimas Feridas";"Pleno dia";"Decrescente";"Ceu Claro";"Dupla";"Aclive";"Nao";2;0;0;2;0;0;2;1;-16,1464;-48,6047;"SPRF-GO";"DEL02-GO";"UOP01-DEL02-GO"
581861;2024-02-18;"domingo";"11:47:00";"PR";116;152;"MANDIRITUBA";"Desrespeitar a preferancia no cruzamento";"Colisao transversal";"Com Vatimas Feridas";"Pleno dia";"Decrescente";"Ceu Claro";"Simples";"Rotataria";"Nao";5;0;5;0;0;0;5;2;-25,83236296;-49,33609707;"SPRF-PR";"DEL01-PR";"UOP03-DEL01-PR"
581862;2024-02-18;"domingo";"11:50:00";"PB";230;24,4;"JOAO PESSOA";"Manobra de mudanaa de faixa";"Colisao lateral mesmo sentido";"Com Vatimas Feridas";"Pleno dia";"Crescente";"Nublado";"Maltipla";"Reta;Em Obras                 ";"Sim";3;0;2;0;1;0;2;2;-7,1707;-34,8684;"SPRF-PB";"DEL01-PB";"UOP01-DEL01-PB"
581865;2024-02-18;"domingo";"13:14:00";"MG";262;356;"BETIM";"Condutor usando celular";"Colisao com objeto";"Com Vatimas Feridas";"Pleno dia";"Decrescente";"Ceu Claro";"Maltipla";"Reta";"Sim";3;0;0;3;0;0;3;1;-19,96890716;-44,18104581;"SPRF-MG";"DEL01-MG";"UOP03-DEL01-MG"
581866;2024-02-18;"domingo";"12:55:00";"GO";60;51,9;"ABADIANIA";"Animais na Pista";"Capotamento";"Com Vatimas Feridas";"Pleno dia";"Decrescente";"Ceu Claro";"Dupla";"Reta";"Nao";3;0;1;0;2;0;1;3;-16,1651;-48,6333;"SPRF-GO";"DEL02-GO";"UOP01-DEL02-GO"
581867;2024-02-18;"domingo";"13:23:00";"DF";40;2;"BRASILIA";"Ingestao de alcool pelo condutor";"Colisao lateral mesmo sentido";"Com Vatimas Feridas";"Pleno dia";"Crescente";"Garoa/Chuvisco";"Dupla";"Reta";"Sim";2;0;1;0;1;0;1;2;-15,99435;-47,985947;"SPRF-DF";"DEL01-DF";"UOP01-DEL01-DF"
581868;2024-02-18;"domingo";"11:20:00";"AL";101;235,5;"IGREJA NOVA";"Chuva";"Saida de leito carrocavel";"Com Vatimas Feridas";"Pleno dia";"Crescente";"Chuva";"Dupla";"Reta";"Nao";2;0;1;0;1;0;1;1;-10,11732075;-36,77563499;"SPRF-AL";"DEL02-AL";"UOP02-DEL02-AL"
581871;2024-02-18;"domingo";"12:55:00";"PR";277;584,6;"CASCAVEL";"Reacao tardia ou ineficiente do condutor";"Saida de leito carrocavel";"Com Vatimas Feridas";"Pleno dia";"Crescente";"Sol";"Dupla";"Curva";"Sim";1;0;0;1;0;0;1;1;-24,96437969;-53,40885753;"SPRF-PR";"DEL04-PR";"UOP01-DEL04-PR"
581872;2024-02-18;"domingo";"14:30:00";"SP";381;77;"SAO PAULO";"Pista Escorregadia";"Tombamento";"Com Vatimas Feridas";"Pleno dia";"Crescente";"Garoa/Chuvisco";"Maltipla";"Declive;Curva                 ";"Nao";1;0;1;0;0;0;1;1;-23,388839;-46,5693478;"SPRF-SP";"DEL03-SP";"UOP01-DEL03-SP"
581873;2024-02-18;"domingo";"14:20:00";"SP";381;25;"BRAGANCA PAULISTA";"Reacao tardia ou ineficiente do condutor";"Colisao traseira";"Com Vatimas Feridas";"Pleno dia";"Crescente";"Ceu Claro";"Dupla";"Interseaao de Vias";"Sim";4;0;1;0;3;0;1;2;-23,02018004;-46,52966596;"SPRF-SP";"DEL03-SP";"UOP02-DEL03-SP"
581875;2024-02-18;"domingo";"10:50:00";"PR";376;306;"MAUA DA SERRA";"Reacao tardia ou ineficiente do condutor";"Saida de leito carrocavel";"Com Vatimas Feridas";"Pleno dia";"Decrescente";"Ceu Claro";"Dupla";"Curva";"Nao";1;0;0;1;0;0;1;1;-23,93137546;-51,12966299;"SPRF-PR";"DEL07-PR";"UOP02-DEL07-PR"
581876;2024-01-26;"sexta-feira";"07:40:00";"PI";316;26;"DEMERVAL LOBAO";"Ausancia de Reacao do condutor";"Saida de leito carrocavel";"Com Vatimas Feridas";"Pleno dia";"Crescente";"Ceu Claro";"Dupla";"Reta";"Nao";1;0;0;1;0;0;1;1;-5,30236009;-42,70784522;"SPRF-PI";"DEL01-PI";"UOP02-DEL01-PI"
581877;2024-02-18;"domingo";"14:30:00";"SC";101;184,5;"BIGUACU";"Reacao tardia ou ineficiente do condutor";"Colisao com objeto";"Com Vatimas Feridas";"Pleno dia";"Crescente";"Sol";"Dupla";"Reta";"Nao";1;0;1;0;0;0;1;1;-27,41613807;-48,6266443;"SPRF-SC";"DEL01-SC";"UOP01-DEL01-SC"
581878;2024-02-18;"domingo";"14:50:00";"SC";101;238,8;"PALHOCA";"Reacao tardia ou ineficiente do condutor";"Colisao com objeto";"Com Vatimas Feridas";"Pleno dia";"Crescente";"Nublado";"Dupla";"Curva;Declive                 ";"Nao";1;0;1;0;0;0;1;1;-27,84293889;-48,63471922;"SPRF-SC";"DEL01-SC";"UOP02-DEL01-SC"
581879;2024-02-18;"domingo";"14:00:00";"RJ";465;2,3;"SEROPEDICA";"Conversao proibida";"Colisao transversal";"Com Vatimas Feridas";"Pleno dia";"Decrescente";"Nublado";"Simples";"Reta;Interseaao de Vias       ";"Sim";3;0;2;0;1;0;2;2;-22,727266;-43,718712;"SPRF-RJ";"DEL06-RJ";"UOP02-DEL06-RJ"
581881;2024-02-18;"domingo";"14:55:00";"PR";163;168;"LINDOESTE";"Ingestao de alcool pelo condutor";"Colisao transversal";"Com Vatimas Feridas";"Pleno dia";"Decrescente";"Chuva";"Dupla";"Reta";"Nao";3;0;1;0;2;0;1;2;-25,29248982;-53,57038619;"SPRF-PR";"DEL05-PR";"UOP05-DEL05-PR"
581882;2024-02-18;"domingo";"14:00:00";"MG";40;299,9;"TRES MARIAS";"Reacao tardia ou ineficiente do condutor";"Saida de leito carrocavel";"Com Vatimas Feridas";"Pleno dia";"Decrescente";"Nublado";"Dupla";"Curva;Aclive                  ";"Nao";1;0;1;0;0;0;1;1;-18,3429839;-45,09908688;"SPRF-MG";"DEL14-MG";"UOP02-DEL14-MG"
581884;2024-02-18;"domingo";"14:20:00";"MS";262;114,4;"AGUA CLARA";"Avarias e/ou desgaste excessivo no pneu";"Capotamento";"Com Vatimas Feridas";"Pleno dia";"Crescente";"Ceu Claro";"Simples";"Reta";"Nao";1;0;0;1;0;0;1;1;-20,51699628;-52,61641405;"SPRF-MS";"DEL07-MS";"UOP02-DEL07-MS"
581887;2024-02-18;"domingo";"16:40:00";"MG";381;498;"BETIM";"Condutor deixou de manter distancia do veiculo da frente";"Colisao traseira";"Com Vatimas Feridas";"Pleno dia";"Crescente";"Nublado";"Maltipla";"Declive;Curva                 ";"Nao";2;0;0;1;1;0;1;2;-20,01172662;-44,21976041;"SPRF-MG";"DEL01-MG";"UOP03-DEL01-MG"
581890;2024-02-18;"domingo";"16:25:00";"PR";163;275,2;"QUATRO PONTES";"Avarias e/ou desgaste excessivo no pneu";"Queda de ocupante de veiculo";"Com Vatimas Feridas";"Pleno dia";"Decrescente";"Nublado";"Dupla";"Declive;Reta                  ";"Nao";2;0;2;0;0;0;2;1;-24,61125308;-53,95455801;"SPRF-PR";"DEL06-PR";"UOP02-DEL06-PR"
581891;2024-02-18;"domingo";"15:15:00";"PR";277;397,9;"CANDOI";"Acessar a via sem observar a presenca dos outros veiculos";"Colisao transversal";"Com Vatimas Feridas";"Pleno dia";"Crescente";"Sol";"Simples";"Interseaao de Vias;Reta       ";"Nao";4;0;1;3;0;0;4;2;-25,45884312;-51,95236516;"SPRF-PR";"DEL08-PR";"UOP01-DEL08-PR"
581892;2024-02-18;"domingo";"09:00:00";"SC";282;72;"RANCHO QUEIMADO";"Reacao tardia ou ineficiente do condutor";"Capotamento";"Com Vatimas Feridas";"Pleno dia";"Crescente";"Nublado";"Maltipla";"Aclive;Curva                  ";"Nao";2;0;1;0;1;0;1;1;-27,683439;-49,105259;"SPRF-SC";"DEL01-SC";"UOP03-DEL01-SC"
581894;2024-02-18;"domingo";"16:50:00";"SE";101;123,7;"ITAPORANGA DAJUDA";"Deixar de acionar o farol da motocicleta (ou similar)";"Tombamento";"Com Vatimas Feridas";"Pleno dia";"Crescente";"Ceu Claro";"Dupla";"Declive";"Nao";1;0;1;0;0;0;1;1;-11,03730971;-37,3646369;"SPRF-SE";"DEL02-SE";"UOP01-DEL02-SE"
581896;2024-02-18;"domingo";"17:00:00";"SP";116;282;"EMBU DAS ARTES";"Acessar a via sem observar a presenca dos outros veiculos";"Colisao lateral mesmo sentido";"Sem Vatimas";"Pleno dia";"Decrescente";"Ceu Claro";"Dupla";"Interseaao de Vias;Reta       ";"Sim";2;0;0;0;2;0;0;2;-23,65760882;-46,85053479;"SPRF-SP";"DEL04-SP";"UOP01-DEL04-SP"
581897;2024-02-18;"domingo";"17:00:00";"SP";116;225;"GUARULHOS";"Pista Escorregadia";"Tombamento";"Com Vatimas Feridas";"Pleno dia";"Decrescente";"Ignorado";"Maltipla";"Em Obras;Reta                 ";"Sim";1;0;1;0;0;0;1;1;-23,48586772;-46,54075317;"SPRF-SP";"DEL01-SP";"UOP01-DEL01-SP"
581898;2024-02-18;"domingo";"17:00:00";"RN";405;30,5;"GOVERNADOR DIX-SEPT ROSADO";"Ultrapassagem Indevida";"Colisao frontal";"Com Vatimas Fatais";"Anoitecer";"Decrescente";"Nublado";"Simples";"Reta";"Nao";4;4;0;0;0;0;0;2;-5,31365197;-37,56910003;"SPRF-RN";"DEL04-RN";"UOP02-DEL04-RN"
581899;2024-02-18;"domingo";"15:55:00";"SC";101;333,4;"TUBARAO";"Reacao tardia ou ineficiente do condutor";"Colisao lateral mesmo sentido";"Com Vatimas Feridas";"Pleno dia";"Decrescente";"Ceu Claro";"Maltipla";"Interseaao de Vias";"Sim";2;0;1;0;1;0;1;2;-28,46630107;-48,99653096;"SPRF-SC";"DEL02-SC";"UOP01-DEL02-SC"
581900;2024-02-18;"domingo";"17:30:00";"RJ";101;196;"CASIMIRO DE ABREU";"Avarias e/ou desgaste excessivo no pneu";"Saida de leito carrocavel";"Com Vatimas Feridas";"Pleno dia";"Crescente";"Chuva";"Dupla";"Curva";"Nao";1;0;1;0;0;0;1;1;-22,49207101;-42,10926701;"SPRF-RJ";"DEL08-RJ";"UOP04-DEL08-RJ"
581901;2024-02-18;"domingo";"17:30:00";"MG";40;727,5;"BARBACENA";"Avarias e/ou desgaste excessivo no pneu";"Colisao com objeto";"Com Vatimas Feridas";"Pleno dia";"Decrescente";"Chuva";"Dupla";"Aclive;Curva                  ";"Nao";2;0;1;0;1;0;1;1;-21,31429811;-43,59529512;"SPRF-MG";"DEL05-MG";"UOP01-DEL05-MG"
581902;2024-02-18;"domingo";"16:30:00";"SP";116;166;"JACAREI";"Reacao tardia ou ineficiente do condutor";"Colisao traseira";"Com Vatimas Feridas";"Pleno dia";"Crescente";"Garoa/Chuvisco";"Dupla";"Reta";"Nao";5;0;1;0;4;0;1;2;-23,30055667;-46,01686506;"SPRF-SP";"DEL02-SP";"UOP01-DEL02-SP"
581903;2024-02-18;"domingo";"14:50:00";"PB";104;191,5;"ALCANTIL";"Reacao tardia ou ineficiente do condutor";"Tombamento";"Com Vatimas Feridas";"Pleno dia";"Decrescente";"Garoa/Chuvisco";"Simples";"Declive";"Nao";1;0;1;0;0;0;1;1;-7,72990593;-36,07500026;"SPRF-PB";"DEL02-PB";"UOP03-DEL02-PB"
581904;2024-02-18;"domingo";"17:30:00";"RJ";40;109;"DUQUE DE CAXIAS";"Condutor deixou de manter distancia do veiculo da frente";"Colisao lateral mesmo sentido";"Com Vatimas Feridas";"Amanhecer";"Decrescente";"Nublado";"Maltipla";"Reta";"Sim";3;0;2;0;1;0;2;2;-22,67374628;-43,28638368;"SPRF-RJ";"DEL01-RJ";"UOP02-DEL01-RJ"
581905;2024-02-18;"domingo";"17:15:00";"PR";369;465,3;"CORBELIA";"Chuva";"Saida de leito carrocavel";"Com Vatimas Feridas";"Pleno dia";"Decrescente";"Chuva";"Simples";"Curva";"Nao";2;0;1;0;1;0;1;1;-24,652888;-53,21922;"SPRF-PR";"DEL04-PR";"UOP03-DEL04-PR"
581906;2024-02-18;"domingo";"17:30:00";"PR";277;7;"PARANAGUA";"Reacao tardia ou ineficiente do condutor";"Colisao com objeto";"Com Vatimas Feridas";"Pleno dia";"Crescente";"Garoa/Chuvisco";"Simples";"Declive;Curva                 ";"Nao";3;0;3;0;0;0;3;1;-25,559938;-48,582634;"SPRF-PR";"DEL01-PR";"UOP05-DEL01-PR"
581907;2024-02-18;"domingo";"16:00:00";"RJ";493;18;"MAGE";"Manobra de mudanaa de faixa";"Colisao lateral mesmo sentido";"Com Vatimas Feridas";"Pleno dia";"Crescente";"Nublado";"Dupla";"Reta";"Sim";2;0;1;0;1;0;1;2;-22,6687122;-43,01862696;"SPRF-RJ";"DEL04-RJ";"UOP02-DEL04-RJ"
581908;2024-02-18;"domingo";"16:45:00";"SC";470;65,6;"INDAIAL";"Acesso irregular";"Colisao traseira";"Com Vatimas Feridas";"Pleno dia";"Crescente";"Ceu Claro";"Simples";"Reta;Em Obras                 ";"Sim";4;0;0;2;2;0;2;2;-26,870411;-49,211864;"SPRF-SC";"DEL04-SC";"UOP01-DEL04-SC"
581909;2024-02-18;"domingo";"17:30:00";"SC";101;124,9;"ITAJAI";"Ultrapassagem Indevida";"Colisao lateral mesmo sentido";"Com Vatimas Feridas";"Anoitecer";"Decrescente";"Ceu Claro";"Dupla";"Reta";"Nao";4;0;0;3;1;0;3;3;-26,94335064;-48,69198648;"SPRF-SC";"DEL04-SC";"UOP04-DEL04-SC"
581910;2024-02-18;"domingo";"17:00:00";"RJ";101;446;"MANGARATIBA";"Manobra de mudanaa de faixa";"Colisao lateral mesmo sentido";"Com Vatimas Feridas";"Pleno dia";"Decrescente";"Ceu Claro";"Simples";"Reta;Aclive                   ";"Nao";2;0;1;0;1;0;1;2;-22,995425;-44,09939196;"SPRF-RJ";"DEL03-RJ";"UOP02-DEL03-RJ"
581912;2024-02-18;"domingo";"15:50:00";"MG";365;295;"JOAO PINHEIRO";"Ausancia de Reacao do condutor";"Saida de leito carrocavel";"Com Vatimas Feridas";"Pleno dia";"Crescente";"Chuva";"Simples";"Curva";"Nao";2;0;2;0;0;0;2;1;-18,12248194;-45,71922803;"SPRF-MG";"DEL10-MG";"UOP02-DEL010-MG"
581913;2024-02-18;"domingo";"18:40:00";"RS";386;390,8;"TRIUNFO";"Acessar a via sem observar a presenca dos outros veiculos";"Colisao transversal";"Sem Vatimas";"Pleno dia";"Crescente";"Ceu Claro";"Dupla";"Rotataria";"Nao";3;0;0;0;3;0;0;2;-29,70298966;-51,66870654;"SPRF-RS";"DEL04-RS";"UOP02-DEL04-RS"
581914;2024-02-18;"domingo";"18:15:00";"PB";405;23,8;"SAO JOAO DO RIO DO PEIXE";"Acumulo de agua sobre o pavimento";"Colisao frontal";"Com Vatimas Feridas";"Anoitecer";"Crescente";"Chuva";"Simples";"Reta";"Nao";2;0;0;2;0;0;2;2;-6,64318;-38,427895;"SPRF-PB";"DEL03-PB";"UOP03-DEL03-PB"
581915;2024-02-18;"domingo";"17:40:00";"AP";156;808;"OIAPOQUE";"Acessar a via sem observar a presenca dos outros veiculos";"Colisao transversal";"Com Vatimas Feridas";"Pleno dia";"Decrescente";"Ceu Claro";"Simples";"Reta;Aclive                   ";"Nao";3;0;1;0;2;0;1;2;3,7531981;-51,78253472;"SPRF-AP";"DEL01-AP";"UOP03-DEL01-AP"
581917;2024-02-18;"domingo";"15:45:00";"RJ";356;26;"ITAPERUNA";"Acessar a via sem observar a presenca dos outros veiculos";"Colisao transversal";"Com Vatimas Feridas";"Pleno dia";"Crescente";"Ceu Claro";"Simples";"Interseaao de Vias;Reta       ";"Nao";4;0;4;0;0;0;4;2;-21,17939459;-41,95448991;"SPRF-RJ";"DEL08-RJ";"UOP03-DEL08-RJ"
581918;2024-02-18;"domingo";"18:00:00";"SC";153;58,8;"IRANI";"Desrespeitar a preferancia no cruzamento";"Colisao transversal";"Com Vatimas Feridas";"Pleno dia";"Crescente";"Ceu Claro";"Simples";"Interseaao de Vias;Rotataria  ";"Nao";7;0;3;0;4;0;3;2;-26,96950088;-51,85476494;"SPRF-SC";"DEL07-SC";"UOP04-DEL07-SC"
581919;2024-02-18;"domingo";"18:40:00";"RJ";101;538;"PARATY";"Reacao tardia ou ineficiente do condutor";"Colisao com objeto";"Com Vatimas Feridas";"Plena Noite";"Crescente";"Garoa/Chuvisco";"Simples";"Curva";"Nao";2;0;1;0;1;0;1;1;-23,0472931221;-44,5771688793;"SPRF-RJ";"DEL03-RJ";"UOP04-DEL03-RJ"
581920;2024-02-18;"domingo";"18:31:00";"BA";116;0,3;"ABARE";"Animais na Pista";"Atropelamento de Animal";"Sem Vatimas";"Anoitecer";"Decrescente";"Nublado";"Simples";"Reta";"Sim";2;0;0;0;2;0;0;1;-8,63346718;-39,25324917;"SPRF-PE";"DEL05-PE";"UOP03-DEL05-PE"
581921;2024-02-18;"domingo";"16:25:00";"MG";381;883;"ESTIVA";"Demais falhas mecanicas ou elatricas";"Incendio";"Sem Vatimas";"Pleno dia";"Decrescente";"Ceu Claro";"Dupla";"Reta";"Nao";4;0;0;0;4;0;0;1;-22,53194905;-46,02809392;"SPRF-MG";"DEL16-MG";"UOP03-DEL16-MG"
581922;2024-02-18;"domingo";"17:15:00";"RO";364;424;"JARU";"Condutor deixou de manter distancia do veiculo da frente";"Colisao traseira";"Com Vatimas Feridas";"Anoitecer";"Decrescente";"Nublado";"Simples";"Reta";"Sim";3;0;1;0;2;0;1;2;-10,44457274;-62,46568412;"SPRF-RO";"DEL03-RO";"UOP02-DEL03-RO"
581923;2024-02-18;"domingo";"18:50:00";"MS";163;814;"SONORA";"Transitar na contramao";"Colisao lateral sentido oposto";"Com Vatimas Feridas";"Plena Noite";"Crescente";"Ceu Claro";"Simples";"Reta";"Nao";3;0;0;1;2;0;1;2;-17,80362123;-54,73763448;"SPRF-MS";"DEL06-MS";"UOP01-DEL06-MS"
581924;2024-02-18;"domingo";"18:30:00";"BA";101;925;"NOVA VICOSA";"Acumulo de agua sobre o pavimento";"Saida de leito carrocavel";"Com Vatimas Feridas";"Plena Noite";"Decrescente";"Chuva";"Simples";"Reta";"Nao";2;0;0;1;1;0;1;1;-18,00224376;-39,86114502;"SPRF-BA";"DEL09-BA";"UOP02-DEL09-BA"
581925;2024-02-18;"domingo";"19:20:00";"AP";210;22;"MACAPA";"Velocidade Incompatavel";"Tombamento";"Com Vatimas Feridas";"Plena Noite";"Decrescente";"Ceu Claro";"Simples";"Reta";"Nao";2;0;1;0;0;1;1;1;0,21203485;-51,1115768;"SPRF-AP";"DEL01-AP";"UOP01-DEL01-AP"
581926;2024-02-18;"domingo";"17:50:00";"PI";343;266;"CAMPO MAIOR";"Ingestao de alcool pelo condutor";"Colisao traseira";"Com Vatimas Feridas";"Anoitecer";"Crescente";"Nublado";"Simples";"Reta";"Sim";5;0;3;0;2;0;3;2;-4,840245;-42,174171;"SPRF-PI";"DEL01-PI";"UOP03-DEL01-PI"
581928;2024-02-18;"domingo";"17:05:00";"RS";101;33;"TRES CACHOEIRAS";"Reacao tardia ou ineficiente do condutor";"Tombamento";"Com Vatimas Feridas";"Pleno dia";"Crescente";"Nublado";"Dupla";"Reta";"Nao";1;0;0;1;0;0;1;1;-29,507547;-49,98572;"SPRF-RS";"DEL03-RS";"UOP02-DEL03-RS"
581929;2024-02-18;"domingo";"18:00:00";"BA";324;611;"SIMOES FILHO";"Ingestao de alcool pelo condutor";"Colisao traseira";"Com Vatimas Feridas";"Plena Noite";"Crescente";"Ceu Claro";"Dupla";"Reta";"Nao";4;0;2;1;1;0;3;1;-12,83798396;-38,41427011;"SPRF-BA";"DEL01-BA";"UOP01-DEL01-BA"
581931;2024-02-18;"domingo";"18:40:00";"AC";364;139;"RIO BRANCO";"Reacao tardia ou ineficiente do condutor";"Colisao traseira";"Com Vatimas Feridas";"Anoitecer";"Decrescente";"Garoa/Chuvisco";"Dupla";"Rotataria";"Sim";4;0;2;0;2;0;2;2;-9,95359291;-67,86119892;"SPRF-AC";"DEL01-AC";"UOP01-DEL01-AC"