"id";"data_inversa";"dia_semana";"horario";"uf";"br";"km";"municipio";"causa_acidente";"tipo_acidente";"classificacao_acidente";"fase_dia";"sentido_via";"condicao_metereologica";"tipo_pista";"tracado_via";"uso_solo";"pessoas";"mortos";"feridos_leves";"feridos_graves";"ilesos";"ignorados";"feridos";"veiculos";"latitude";"longitude";"regional";"delegacia";"uop"
582303;2024-02-20;"terça-feira";"18:40:00";"RN";304;66,8;"MOSSORO";"Pedestre - Ingestao de alcool/ substancias psicoativas";"Atropelamento de Pedestre";"Com Vatimas Feridas";"Plena Noite";"Crescente";"Ceu Claro";"Simples";"Reta";"Nao";2;0;0;1;0;1;1;2;-5,37075985;-37,24333774;"SPRF-RN";"DEL04-RN";"UOP01-DEL04-RN"
582305;2024-02-20;"terça-feira";"19:00:00";"MS";376;129;"IVINHEMA";"Mal sabito do condutor";"Tombamento";"Com Vatimas Feridas";"Plena Noite";"Decrescente";"Ceu Claro";"Simples";"Reta";"Nao";1;0;0;1;0;0;1;1;-22,34282558;-53,74250285;"SPRF-MS";"DEL04-MS";"UOP04-DEL04-MS"
582306;2024-02-20;"terça-feira";"19:00:00";"SC";101;166;"TIJUCAS";"Avarias e/ou desgaste excessivo no pneu";"Tombamento";"Com Vatimas Feridas";"Plena Noite";"Crescente";"Nublado";"Dupla";"Reta";"Nao";1;0;1;0;0;0;1;1;-27,26147697;-48,63180349;"SPRF-SC";"DEL04-SC";"UOP03-DEL04-SC"
582307;2024-02-20;"terça-feira";"20:06:00";"ES";262;27;"VIANA";"Ingestao de alcool pelo condutor";"Colisao lateral sentido oposto";"Sem Vatimas";"Plena Noite";"Crescente";"Chuva";"Simples";"Reta";"Nao";2;0;0;0;2;0;0;2;-20,38398959;-40,55226465;"SPRF-ES";"DEL01-ES";"UOP01-DEL01-ES"
582308;2024-02-20;"terça-feira";"17:50:00";"AC";364;99;"SENADOR GUIOMARD";"Ausancia de Reacao do condutor";"Saida de leito carrocavel";"Com Vatimas Feridas";"Anoitecer";"Decrescente";"Ceu Claro";"Simples";"Rotataria";"Nao";1;0;1;0;0;0;1;1;-10,06854519;-67,58357633;"SPRF-AC";"DEL01-AC";"UOP03-DEL01-AC"
582309;2024-02-20;"terça-feira";"21:09:00";"MG";381;487;"BETIM";"Mal sabito do condutor";"Queda de ocupante de veiculo";"Com Vatimas Feridas";"Plena Noite";"Crescente";"Garoa/Chuvisco";"Dupla";"Declive;Reta                  ";"Nao";1;0;1;0;0;0;1;1;-19,9556008;-44,11319733;"SPRF-MG";"DEL01-MG";"UOP03-DEL01-MG"
582310;2024-02-20;"terça-feira";"18:30:00";"MG";50;174;"UBERABA";"Ausancia de Reacao do condutor";"Tombamento";"Com Vatimas Feridas";"Plena Noite";"Crescente";"Ceu Claro";"Dupla";"Reta;Viaduto                  ";"Sim";1;0;1;0;0;0;1;1;-19,770817;-47,973434;"SPRF-MG";"DEL13-MG";"UOP01-DEL13-MG"
582312;2024-02-20;"terça-feira";"20:35:00";"PE";424;91,6;"GARANHUNS";"Ausancia de Reacao do condutor";"Saida de leito carrocavel";"Com Vatimas Feridas";"Pleno dia";"Decrescente";"Ceu Claro";"Simples";"Reta";"Sim";1;0;1;0;0;0;1;1;-8,90409633;-36,49974647;"SPRF-PE";"DEL03-PE";"UOP01-DEL03-PE"
582313;2024-02-20;"terça-feira";"21:30:00";"RN";101;77,7;"NATAL";"Objeto estatico sobre o leito carroaavel";"Colisao transversal";"Com Vatimas Feridas";"Plena Noite";"Decrescente";"Garoa/Chuvisco";"Simples";"Reta";"Sim";2;0;2;0;0;0;2;2;-5,73180495;-35,29112135;"SPRF-RN";"DEL02-RN";"UOP01-DEL02-RN"
582316;2024-02-20;"terça-feira";"19:30:00";"RS";386;41;"SEBERI";"Manobra de mudanaa de faixa";"Colisao transversal";"Sem Vatimas";"Plena Noite";"Crescente";"Ceu Claro";"Simples";"Reta";"Sim";3;0;0;0;3;0;0;2;-27,412638;-53,416378;"SPRF-RS";"DEL08-RS";"UOP02-DEL08-RS"
582317;2024-02-20;"terça-feira";"21:30:00";"BA";116;12,1;"VITORIA DA CONQUISTA";"Acessar a via sem observar a presenca dos outros veiculos";"Colisao frontal";"Com Vatimas Fatais";"Plena Noite";"Decrescente";"Chuva";"Simples";"Reta";"Sim";2;1;0;0;0;1;0;2;-14,87766536;-40,8711791;"SPRF-BA";"DEL08-BA";"UOP01-DEL08-BA"
582318;2024-02-20;"terça-feira";"22:15:00";"ES";447;13,9;"VILA VELHA";"Acumulo de agua sobre o pavimento";"Colisao traseira";"Com Vatimas Feridas";"Plena Noite";"Crescente";"Chuva";"Dupla";"Reta";"Sim";2;0;1;0;0;1;1;2;-20,36563213;-40,32798019;"SPRF-ES";"DEL01-ES";"UOP01-DEL01-ES"
582320;2024-02-20;"terça-feira";"22:40:00";"MG";381;939;"EXTREMA";"Ingestao de alcool pelo condutor";"Tombamento";"Com Vatimas Feridas";"Plena Noite";"Decrescente";"Nublado";"Dupla";"Curva";"Sim";1;0;1;0;0;0;1;1;-22,821677;-46,300583;"SPRF-MG";"DEL16-MG";"UOP03-DEL16-MG"
582323;2024-02-20;"terça-feira";"15:40:00";"CE";NA;NA;"FORTALEZA";"Frear bruscamente";"Colisao traseira";"Com Vatimas Feridas";"Pleno dia";"Nao Informado";"Ceu Claro";"Simples";"Reta";"Nao";3;0;2;0;1;0;2;2;-3,854565;-38,509238;"SPRF-CE";"DEL01-CE";"UOP02-DEL01-CE"
582325;2024-02-20;"terça-feira";"19:50:00";"MT";174;35;"VILA BELA DA SANTISSIMA TRINDADE";"Velocidade Incompatavel";"Saida de leito carrocavel";"Com Vatimas Fatais";"Plena Noite";"Decrescente";"Ceu Claro";"Simples";"Reta";"Nao";1;1;0;0;0;0;0;1;-15,13798067;-59,61671948;"SPRF-MT";"DEL03-MT";"UOP01-DEL03-MT"
582327;2024-02-20;"terça-feira";"21:35:00";"PR";476;325;"PAULO FRONTIN";"Reacao tardia ou ineficiente do condutor";"Colisao com objeto";"Com Vatimas Feridas";"Plena Noite";"Decrescente";"Nublado";"Simples";"Curva";"Nao";1;0;1;0;0;0;1;1;-26,0944936;-50,77466726;"SPRF-PR";"DEL02-PR";"UOP03-DEL02-PR"
582328;2024-02-21;"quarta-feira";"01:00:00";"SC";116;245,6;"LAGES";"Ingestao de alcool pelo condutor";"Colisao com objeto";"Sem Vatimas";"Plena Noite";"Crescente";"Nublado";"Simples";"Interseaao de Vias;Rotataria  ";"Nao";1;0;0;0;0;1;0;1;-27,79544281;-50,36187437;"SPRF-SC";"DEL05-SC";"UOP02-DEL05-SC"
582332;2024-02-21;"quarta-feira";"05:00:00";"RJ";40;118;"DUQUE DE CAXIAS";"Ausancia de Reacao do condutor";"Colisao frontal";"Com Vatimas Feridas";"Amanhecer";"Crescente";"Ceu Claro";"Simples";"Viaduto;Retorno Regulamentado ";"Sim";4;0;3;0;0;1;3;3;-22,75470802;-43,28737838;"SPRF-RJ";"DEL01-RJ";"UOP02-DEL01-RJ"
582333;2024-02-21;"quarta-feira";"06:10:00";"GO";40;6,8;"VALPARAISO DE GOIAS";"Condutor deixou de manter distancia do veiculo da frente";"Colisao traseira";"Com Vatimas Feridas";"Pleno dia";"Decrescente";"Ceu Claro";"Dupla";"Reta";"Sim";3;0;1;0;2;0;1;2;-16,100814;-47,977351;"SPRF-DF";"DEL01-DF";"UOP01-DEL01-DF"
582335;2024-02-21;"quarta-feira";"06:30:00";"SC";101;214,2;"PALHOCA";"Reacao tardia ou ineficiente do condutor";"Tombamento";"Com Vatimas Feridas";"Pleno dia";"Decrescente";"Ceu Claro";"Dupla";"Reta";"Sim";1;0;0;1;0;0;1;1;-27,64443;-48,67057;"SPRF-SC";"DEL01-SC";"UOP02-DEL01-SC"
582336;2024-02-21;"quarta-feira";"06:00:00";"SP";101;22;"UBATUBA";"Ausancia de Reacao do condutor";"Saida de leito carrocavel";"Sem Vatimas";"Pleno dia";"Decrescente";"Ceu Claro";"Simples";"Curva";"Nao";1;0;0;0;0;1;0;1;-23,3353068;-44,93187711;"SPRF-SP";"DEL06-SP";"UOP01-DEL06-SP"
582337;2024-02-21;"quarta-feira";"04:30:00";"MS";60;134,2;"PARAISO DAS AGUAS";"Ausancia de Reacao do condutor";"Saida de leito carrocavel";"Com Vatimas Feridas";"Plena Noite";"Crescente";"Nublado";"Simples";"Curva";"Nao";5;0;3;2;0;0;5;1;-19,353131;-53,525375;"SPRF-MS";"DEL06-MS";"UOP02-DEL06-MS"
582338;2024-02-21;"quarta-feira";"06:50:00";"SP";116;220;"GUARULHOS";"Manobra de mudanaa de faixa";"Colisao lateral mesmo sentido";"Com Vatimas Feridas";"Pleno dia";"Decrescente";"Nublado";"Maltipla";"Reta;Em Obras                 ";"Sim";2;0;1;0;0;1;1;2;-23,46472809;-46,49793962;"SPRF-SP";"DEL01-SP";"UOP01-DEL01-SP"
582339;2024-02-21;"quarta-feira";"06:54:00";"DF";40;8;"BRASILIA";"Ausancia de Reacao do condutor";"Colisao lateral mesmo sentido";"Com Vatimas Feridas";"Pleno dia";"Decrescente";"Chuva";"Dupla";"Reta";"Sim";1;0;1;0;0;0;1;1;-16,038666;-47,979691;"SPRF-DF";"DEL01-DF";"UOP01-DEL01-DF"
582340;2024-02-21;"quarta-feira";"06:25:00";"RS";101;82,6;"OSORIO";"Ingestao de alcool pelo condutor";"Colisao com objeto";"Com Vatimas Feridas";"Pleno dia";"Crescente";"Ceu Claro";"Dupla";"Reta";"Nao";1;0;1;0;0;0;1;1;-29,851554;-50,246399;"SPRF-RS";"DEL03-RS";"UOP01-DEL03-RS"
582341;2024-02-21;"quarta-feira";"07:20:00";"TO";153;772;"ALVORADA";"Chuva";"Saida de leito carrocavel";"Com Vatimas Feridas";"Pleno dia";"Crescente";"Chuva";"Simples";"Curva";"Nao";5;0;1;0;4;0;1;1;-12,57003684;-49,07919681;"SPRF-TO";"DEL01-TO";"UOP02-DEL01-TO"
582344;2024-02-21;"quarta-feira";"07:34:00";"RJ";116;185;"NOVA IGUACU";"Ausancia de Reacao do condutor";"Queda de ocupante de veiculo";"Com Vatimas Feridas";"Pleno dia";"Decrescente";"Ceu Claro";"Dupla";"Reta";"Sim";1;0;1;0;0;0;1;1;-22,74151051;-43,45351823;"SPRF-RJ";"DEL06-RJ";"UOP01-DEL06-RJ"
582345;2024-02-21;"quarta-feira";"04:20:00";"MT";163;598;"NOVA MUTUM";"Reacao tardia ou ineficiente do condutor";"Saida de leito carrocavel";"Sem Vatimas";"Amanhecer";"Crescente";"Ignorado";"Dupla";"Curva";"Sim";1;0;0;0;0;1;0;1;-13,92549497;-56,09416031;"SPRF-MT";"DEL01-MT";"UOP01-DEL01-MT"
582346;2024-02-21;"quarta-feira";"07:55:00";"ES";101;267,2;"SERRA";"Manobra de mudanaa de faixa";"Colisao lateral mesmo sentido";"Com Vatimas Feridas";"Pleno dia";"Crescente";"Nublado";"Maltipla";"Reta";"Sim";2;0;0;1;1;0;1;2;-20,19930999;-40,26884609;"SPRF-ES";"DEL02-ES";"UOP01-DEL02-ES"
582347;2024-02-21;"quarta-feira";"07:55:00";"RS";116;245;"SAO LEOPOLDO";"Demais falhas na via";"Queda de ocupante de veiculo";"Com Vatimas Feridas";"Pleno dia";"Crescente";"Sol";"Simples";"Reta";"Nao";2;0;1;0;1;0;1;2;-29,74980902;-51,15125361;"SPRF-RS";"DEL01-RS";"UOP02-DEL01-RS"
582349;2024-02-21;"quarta-feira";"07:31:00";"GO";414;439;"ANAPOLIS";"Reacao tardia ou ineficiente do condutor";"Colisao traseira";"Com Vatimas Feridas";"Pleno dia";"Decrescente";"Chuva";"Simples";"Rotataria";"Sim";3;0;0;1;1;1;1;3;-16,28128823;-48,94258908;"SPRF-GO";"DEL02-GO";"UOP01-DEL02-GO"
582350;2024-02-20;"terça-feira";"18:30:00";"CE";222;290;"FRECHEIRINHA";"Ingestao de alcool pelo condutor";"Colisao transversal";"Com Vatimas Fatais";"Plena Noite";"Crescente";"Chuva";"Simples";"Reta";"Nao";2;1;0;0;0;1;0;2;-3,68097505;-40,88424683;"SPRF-CE";"DEL04-CE";"UOP02-DEL04-CE"
582351;2024-02-21;"quarta-feira";"06:00:00";"RO";364;709;"PORTO VELHO";"Manobra de mudanaa de faixa";"Colisao transversal";"Com Vatimas Feridas";"Pleno dia";"Decrescente";"Chuva";"Maltipla";"Reta";"Sim";2;0;1;1;0;0;2;2;-8,78897674;-63,85297358;"SPRF-RO";"DEL01-RO";"UOP01-DEL01-RO"
582352;2024-02-21;"quarta-feira";"08:00:00";"RS";290;88;"PORTO ALEGRE";"Condutor deixou de manter distancia do veiculo da frente";"Colisao lateral mesmo sentido";"Com Vatimas Feridas";"Pleno dia";"Crescente";"Ceu Claro";"Dupla";"Reta";"Nao";3;0;1;0;2;0;1;3;-29,967531;-51,137264;"SPRF-RS";"DEL01-RS";"UOP01-DEL01-RS"
582353;2024-02-21;"quarta-feira";"08:15:00";"SC";101;206,4;"SAO JOSE";"Acessar a via sem observar a presenca dos outros veiculos";"Colisao transversal";"Com Vatimas Feridas";"Pleno dia";"Crescente";"Ceu Claro";"Dupla";"Reta";"Sim";2;0;1;0;1;0;1;2;-27,59193546;-48,61824557;"SPRF-SC";"DEL01-SC";"UOP01-DEL01-SC"
582354;2024-02-21;"quarta-feira";"08:00:00";"PR";277;83;"CURITIBA";"Ausancia de Reacao do condutor";"Colisao lateral mesmo sentido";"Com Vatimas Feridas";"Pleno dia";"Crescente";"Ceu Claro";"Dupla";"Reta";"Nao";2;0;1;0;1;0;1;2;-25,568939;-49,181978;"SPRF-PR";"DEL01-PR";"UOP07-DEL01-PR"
582355;2024-02-21;"quarta-feira";"06:30:00";"RO";364;9;"VILHENA";"Acessar a via sem observar a presenca dos outros veiculos";"Colisao transversal";"Com Vatimas Feridas";"Amanhecer";"Crescente";"Ceu Claro";"Simples";"Interseaao de Vias";"Sim";2;0;1;0;1;0;1;2;-12,75881009;-60,1001711;"SPRF-RO";"DEL04-RO";"UOP01-DEL04-RO"
582356;2024-02-21;"quarta-feira";"07:55:00";"PE";101;67,5;"RECIFE";"Reacao tardia ou ineficiente do condutor";"Colisao traseira";"Com Vatimas Feridas";"Pleno dia";"Decrescente";"Ceu Claro";"Dupla";"Reta";"Sim";2;0;1;0;1;0;1;2;-8,042334;-34,943096;"SPRF-PE";"DEL01-PE";"UOP01-DEL01-PE"
582359;2024-02-21;"quarta-feira";"07:15:00";"MG";116;501,4;"INHAPIM";"Acumulo de aleo sobre o pavimento";"Colisao frontal";"Com Vatimas Feridas";"Pleno dia";"Crescente";"Chuva";"Simples";"Reta";"Nao";2;0;1;1;0;0;2;2;-19,58095467;-42,11473033;"SPRF-MG";"DEL06-MG";"UOP02-DEL06-MG"
582360;2024-02-21;"quarta-feira";"09:00:00";"RJ";116;177;"SAO JOAO DE MERITI";"Avarias e/ou desgaste excessivo no pneu";"Queda de ocupante de veiculo";"Com Vatimas Feridas";"Pleno dia";"Decrescente";"Ceu Claro";"Dupla";"Reta";"Sim";2;0;1;0;0;1;1;1;-22,78055198;-43,39208599;"SPRF-RJ";"DEL06-RJ";"UOP01-DEL06-RJ"
582361;2024-02-21;"quarta-feira";"08:11:00";"RN";101;109;"PARNAMIRIM";"Acessar a via sem observar a presenca dos outros veiculos";"Colisao transversal";"Com Vatimas Feridas";"Pleno dia";"Decrescente";"Nublado";"Maltipla";"Retorno Regulamentado";"Sim";4;0;1;0;1;2;1;3;-5,937378;-35,26483;"SPRF-RN";"DEL01-RN";"UOP01-DEL01-RN"
582362;2024-02-21;"quarta-feira";"08:46:00";"GO";40;12,3;"LUZIANIA";"Acessar a via sem observar a presenca dos outros veiculos";"Colisao transversal";"Com Vatimas Feridas";"Pleno dia";"Decrescente";"Garoa/Chuvisco";"Dupla";"Reta";"Sim";2;0;1;0;1;0;1;2;-16,150057;-47,940343;"SPRF-DF";"DEL01-DF";"UOP01-DEL01-DF"
582364;2024-02-21;"quarta-feira";"08:05:00";"RN";101;104;"PARNAMIRIM";"Manobra de mudanaa de faixa";"Colisao transversal";"Com Vatimas Feridas";"Pleno dia";"Decrescente";"Ceu Claro";"Dupla";"Reta";"Sim";2;0;0;1;1;0;1;2;-5,892745;-35,257225;"SPRF-RN";"DEL01-RN";"UOP01-DEL01-RN"
582365;2024-02-21;"quarta-feira";"09:40:00";"ES";101;265,8;"SERRA";"Reacao tardia ou ineficiente do condutor";"Tombamento";"Com Vatimas Feridas";"Pleno dia";"Decrescente";"Garoa/Chuvisco";"Maltipla";"Reta;Interseaao de Vias       ";"Sim";1;0;1;0;0;0;1;1;-20,1898495;-40,2682165;"SPRF-ES";"DEL02-ES";"UOP01-DEL02-ES"
582368;2024-02-16;"sexta-feira";"22:00:00";"SC";101;216,8;"PALHOCA";"Reacao tardia ou ineficiente do condutor";"Colisao traseira";"Com Vatimas Feridas";"Plena Noite";"Decrescente";"Nublado";"Dupla";"Reta";"Sim";2;0;1;0;1;0;1;2;-27,65981409;-48,67747798;"SPRF-SC";"DEL01-SC";"UOP02-DEL01-SC"
582369;2024-02-21;"quarta-feira";"07:00:00";"RJ";393;298;"BARRA MANSA";"Retorno proibido";"Colisao traseira";"Com Vatimas Feridas";"Pleno dia";"Decrescente";"Ceu Claro";"Simples";"Curva";"Sim";2;0;2;0;0;0;2;2;-22,54313289;-44,11298586;"SPRF-RJ";"DEL07-RJ";"UOP02-DEL07-RJ"
582370;2024-02-21;"quarta-feira";"08:30:00";"PR";469;13,4;"FOZ DO IGUACU";"Acessar a via sem observar a presenca dos outros veiculos";"Colisao transversal";"Com Vatimas Feridas";"Pleno dia";"Crescente";"Ceu Claro";"Simples";"Reta";"Sim";2;0;1;0;1;0;1;2;-25,5754;-54,5489;"SPRF-PR";"DEL05-PR";"UOP04-DEL05-PR"
582371;2024-02-21;"quarta-feira";"10:05:00";"MG";381;789,1;"SAO GONCALO DO SAPUCAI";"Velocidade Incompatavel";"Saida de leito carrocavel";"Com Vatimas Feridas";"Pleno dia";"Crescente";"Nublado";"Dupla";"Reta;Declive                  ";"Nao";2;0;2;0;0;0;2;1;-21,87154031;-45,53908646;"SPRF-MG";"DEL16-MG";"UOP02-DEL16-MG"
582372;2024-02-09;"sexta-feira";"11:10:00";"SC";470;43;"GASPAR";"Retorno proibido";"Colisao transversal";"Com Vatimas Feridas";"Pleno dia";"Crescente";"Ceu Claro";"Dupla";"Reta";"Nao";2;0;0;2;0;0;2;2;-26,874519;-49,013454;"SPRF-SC";"DEL04-SC";"UOP01-DEL04-SC"
582374;2024-02-21;"quarta-feira";"09:30:00";"MG";381;531;"ITATIAIUCU";"Pista Escorregadia";"Saida de leito carrocavel";"Com Vatimas Feridas";"Pleno dia";"Crescente";"Chuva";"Dupla";"Curva";"Nao";1;0;1;0;0;0;1;1;-20,16262328;-44,35813665;"SPRF-MG";"DEL04-MG";"UOP03-DEL04-MG"
582377;2024-02-21;"quarta-feira";"09:40:00";"PA";316;49;"SANTA IZABEL DO PARA";"Avarias e/ou desgaste excessivo no pneu";"Queda de ocupante de veiculo";"Com Vatimas Feridas";"Pleno dia";"Decrescente";"Ceu Claro";"Simples";"Reta";"Nao";1;0;0;1;0;0;1;1;-1,29792183;-48,04943584;"SPRF-PA";"DEL01-PA";"UOP01-DEL01-PA"
582379;2024-02-21;"quarta-feira";"08:40:00";"PA";316;65;"CASTANHAL";"Retorno proibido";"Colisao transversal";"Com Vatimas Feridas";"Pleno dia";"Decrescente";"Ceu Claro";"Dupla";"Reta";"Sim";2;0;1;0;1;0;1;2;-1,29580361;-47,91084002;"SPRF-PA";"DEL01-PA";"UOP01-DEL01-PA"
582383;2024-02-21;"quarta-feira";"09:30:00";"PB";361;103;"PIANCO";"Animais na Pista";"Atropelamento de Animal";"Sem Vatimas";"Pleno dia";"Crescente";"Nublado";"Simples";"Reta";"Nao";1;0;0;0;1;0;0;1;-7,26918302;-38,06443198;"SPRF-PB";"DEL03-PB";"UOP01-DEL03-PB"
582384;2024-02-21;"quarta-feira";"10:50:00";"SC";101;416;"ARARANGUA";"Reacao tardia ou ineficiente do condutor";"Colisao traseira";"Com Vatimas Feridas";"Pleno dia";"Crescente";"Ceu Claro";"Maltipla";"Em Obras;Reta                 ";"Sim";5;0;2;0;3;0;2;3;-28,97231679;-49,52878654;"SPRF-SC";"DEL02-SC";"UOP02-DEL02-SC"
582386;2024-02-21;"quarta-feira";"11:36:00";"GO";40;13;"LUZIANIA";"Acessar a via sem observar a presenca dos outros veiculos";"Colisao transversal";"Com Vatimas Feridas";"Pleno dia";"Crescente";"Nublado";"Dupla";"Reta";"Sim";2;0;1;0;0;1;1;2;-16,151832;-47,939162;"SPRF-DF";"DEL01-DF";"UOP01-DEL01-DF"
582388;2024-02-21;"quarta-feira";"11:50:00";"SC";101;113,9;"ITAJAI";"Condutor deixou de manter distancia do veiculo da frente";"Colisao traseira";"Com Vatimas Feridas";"Pleno dia";"Decrescente";"Nublado";"Maltipla";"Reta";"Sim";2;0;0;1;1;0;1;2;-26,85311393;-48,72689927;"SPRF-SC";"DEL04-SC";"UOP04-DEL04-SC"
582391;2024-02-21;"quarta-feira";"11:00:00";"BA";101;875;"TEIXEIRA DE FREITAS";"Ausancia de Reacao do condutor";"Colisao lateral mesmo sentido";"Sem Vatimas";"Pleno dia";"Crescente";"Ceu Claro";"Simples";"Interseaao de Vias";"Nao";2;0;0;0;2;0;0;2;-17,52464652;-39,70785141;"SPRF-BA";"DEL09-BA";"UOP02-DEL09-BA"
582392;2024-02-21;"quarta-feira";"11:25:00";"SE";101;37,5;"CAPELA";"Pista Escorregadia";"Saida de leito carrocavel";"Sem Vatimas";"Pleno dia";"Crescente";"Garoa/Chuvisco";"Dupla";"Reta";"Nao";2;0;0;0;2;0;0;1;-10,50122699;-36,94528014;"SPRF-SE";"DEL02-SE";"UOP02-DEL02-SE"
582394;2024-02-21;"quarta-feira";"11:21:00";"PE";232;43;"VITORIA DE SANTO ANTAO";"Ausancia de Reacao do condutor";"Colisao com objeto";"Sem Vatimas";"Pleno dia";"Crescente";"Garoa/Chuvisco";"Dupla";"Reta;Ponte                    ";"Nao";1;0;0;0;1;0;0;1;-8,11603;-35,26763;"SPRF-PE";"DEL01-PE";"UOP01-DEL01-PE"
582395;2024-02-21;"quarta-feira";"12:40:00";"RS";101;73,6;"OSORIO";"Reacao tardia ou ineficiente do condutor";"Colisao traseira";"Com Vatimas Feridas";"Pleno dia";"Crescente";"Ceu Claro";"Dupla";"Reta";"Sim";3;0;1;0;2;0;1;2;-29,77364194;-50,21889907;"SPRF-RS";"DEL03-RS";"UOP01-DEL03-RS"
582396;2024-02-21;"quarta-feira";"12:00:00";"PR";376;249,5;"APUCARANA";"Acumulo de areia ou detritos sobre o pavimento";"Saida de leito carrocavel";"Sem Vatimas";"Pleno dia";"Decrescente";"Ceu Claro";"Dupla";"Curva";"Nao";1;0;0;0;1;0;0;1;-23,62524965;-51,37962593;"SPRF-PR";"DEL07-PR";"UOP03-DEL07-PR"
582398;2024-02-21;"quarta-feira";"10:15:00";"BA";110;315;"ALAGOINHAS";"Avarias e/ou desgaste excessivo no pneu";"Saida de leito carrocavel";"Com Vatimas Feridas";"Pleno dia";"Decrescente";"Chuva";"Simples";"Reta";"Nao";2;0;1;0;0;1;1;2;-11,995621;-38,369099;"SPRF-BA";"DEL01-BA";"UOP04-DEL01-BA"
582399;2024-02-21;"quarta-feira";"07:35:00";"PR";369;201,9;"APUCARANA";"Reacao tardia ou ineficiente do condutor";"Colisao transversal";"Com Vatimas Feridas";"Pleno dia";"Decrescente";"Ceu Claro";"Simples";"Declive";"Sim";2;0;1;0;0;1;1;2;-23,542436;-51,455721;"SPRF-PR";"DEL07-PR";"UOP03-DEL07-PR"
582400;2024-02-21;"quarta-feira";"11:37:00";"MT";364;270,3;"JACIARA";"Ausancia de Reacao do condutor";"Queda de ocupante de veiculo";"Com Vatimas Feridas";"Pleno dia";"Crescente";"Nublado";"Dupla";"Declive;Reta                  ";"Sim";2;0;0;1;1;0;1;1;-15,9689785;-54,94463002;"SPRF-MT";"DEL05-MT";"UOP02-DEL05-MT"
582401;2024-02-21;"quarta-feira";"12:00:00";"SC";163;69;"SAO MIGUEL DO OESTE";"Afundamento ou ondulaaao no pavimento";"Tombamento";"Com Vatimas Feridas";"Pleno dia";"Decrescente";"Nublado";"Dupla";"Em Obras;Curva                ";"Sim";1;0;1;0;0;0;1;1;-26,74132699;-53,50120591;"SPRF-SC";"DEL07-SC";"UOP03-DEL07-SC"
582402;2024-02-21;"quarta-feira";"13:15:00";"SC";101;201,1;"SAO JOSE";"Reacao tardia ou ineficiente do condutor";"Tombamento";"Com Vatimas Feridas";"Pleno dia";"Crescente";"Ceu Claro";"Maltipla";"Reta";"Sim";1;0;1;0;0;0;1;1;-27,54836599;-48,61977975;"SPRF-SC";"DEL01-SC";"UOP01-DEL01-SC"
582403;2024-02-21;"quarta-feira";"07:20:00";"ES";262;114;"CONCEICAO DO CASTELO";"Ultrapassagem Indevida";"Colisao transversal";"Com Vatimas Feridas";"Amanhecer";"Crescente";"Chuva";"Simples";"Interseaao de Vias;Aclive     ";"Nao";2;0;0;1;1;0;1;2;-20,32544863;-41,21078488;"SPRF-ES";"DEL01-ES";"UOP02-DEL01-ES"
582404;2024-02-21;"quarta-feira";"13:00:00";"PB";230;16;"JOAO PESSOA";"Condutor deixou de manter distancia do veiculo da frente";"Colisao traseira";"Com Vatimas Feridas";"Pleno dia";"Decrescente";"Ceu Claro";"Dupla";"Reta";"Sim";4;0;1;0;3;0;1;4;-7,1039;-34,8458;"SPRF-PB";"DEL01-PB";"UOP01-DEL01-PB"
582405;2024-02-21;"quarta-feira";"13:25:00";"SC";101;147,2;"ITAPEMA";"Reacao tardia ou ineficiente do condutor";"Tombamento";"Com Vatimas Feridas";"Pleno dia";"Crescente";"Nublado";"Maltipla";"Declive;Reta                  ";"Sim";1;0;1;0;0;0;1;1;-27,09237407;-48,61730888;"SPRF-SC";"DEL04-SC";"UOP03-DEL04-SC"
582409;2024-02-21;"quarta-feira";"07:25:00";"MA";135;23;"SAO LUIS";"Acessar a via sem observar a presenca dos outros veiculos";"Colisao transversal";"Com Vatimas Feridas";"Pleno dia";"Decrescente";"Nublado";"Dupla";"Reta";"Sim";2;0;1;0;1;0;1;2;-2,551143;-44,307028;"SPRF-MA";"DEL01-MA";"UOP01-DEL01-MA"
582411;2024-02-21;"quarta-feira";"07:20:00";"RJ";116;288;"BARRA MANSA";"Condutor deixou de manter distancia do veiculo da frente";"Colisao traseira";"Sem Vatimas";"Pleno dia";"Crescente";"Ceu Claro";"Dupla";"Declive;Reta                  ";"Nao";3;0;0;0;3;0;0;2;-22,48686584;-44,25027602;"SPRF-RJ";"DEL07-RJ";"UOP02-DEL07-RJ"
582412;2024-02-21;"quarta-feira";"14:10:00";"MG";459;80;"CONGONHAL";"Velocidade Incompatavel";"Colisao traseira";"Com Vatimas Feridas";"Pleno dia";"Decrescente";"Nublado";"Simples";"Aclive;Reta                   ";"Nao";2;0;0;1;1;0;1;2;-22,157689;-46,095696;"SPRF-MG";"DEL09-MG";"UOP01-DEL09-MG"
582413;2024-02-21;"quarta-feira";"12:58:00";"BA";235;350;"JUAZEIRO";"Conversao proibida";"Colisao traseira";"Com Vatimas Feridas";"Pleno dia";"Crescente";"Ceu Claro";"Simples";"Reta";"Sim";3;0;1;0;2;0;1;2;-9,42503135;-40,50388907;"SPRF-PE";"DEL06-PE";"UOP01-DEL06-PE"
582415;2024-02-21;"quarta-feira";"13:40:00";"PB";230;16;"JOAO PESSOA";"Reacao tardia ou ineficiente do condutor";"Colisao traseira";"Com Vatimas Feridas";"Pleno dia";"Crescente";"Ceu Claro";"Dupla";"Reta";"Sim";4;0;3;0;1;0;3;2;-7,10695074;-34,84390855;"SPRF-PB";"DEL01-PB";"UOP01-DEL01-PB"