"id";"data_inversa";"dia_semana";"horario";"uf";"br";"km";"municipio";"causa_acidente";"tipo_acidente";"classificacao_acidente";"fase_dia";"sentido_via";"condicao_metereologica";"tipo_pista";"tracado_via";"uso_solo";"pessoas";"mortos";"feridos_leves";"feridos_graves";"ilesos";"ignorados";"feridos";"veiculos";"latitude";"longitude";"regional";"delegacia";"uop"
582676;2024-02-22;"quinta-feira";"18:30:00";"SC";282;273,5;"SAO JOSE DO CERRITO";"Pedestre andava na pista";"Atropelamento de Pedestre";"Com Vatimas Fatais";"Anoitecer";"Decrescente";"Ceu Claro";"Simples";"Reta;Declive                  ";"Nao";2;1;0;0;1;0;0;2;-27,6140454;-50,7104734;"SPRF-SC";"DEL05-SC";"UOP02-DEL05-SC"
582677;2024-02-22;"quinta-feira";"19:00:00";"RS";392;352;"SANTA MARIA";"Acessar a via sem observar a presenca dos outros veiculos";"Colisao transversal";"Com Vatimas Feridas";"Anoitecer";"Decrescente";"Ceu Claro";"Dupla";"Interseaao de Vias";"Sim";2;0;0;1;1;0;1;2;-29,71778923;-53,80859435;"SPRF-RS";"DEL09-RS";"UOP01-DEL09-RS"
582679;2024-02-22;"quinta-feira";"21:10:00";"PA";316;55;"CASTANHAL";"Reacao tardia ou ineficiente do condutor";"Queda de ocupante de veiculo";"Com Vatimas Feridas";"Plena Noite";"Crescente";"Nublado";"Dupla";"Reta;Aclive                   ";"Nao";1;0;0;1;0;0;1;1;-1,30561339;-47,99919919;"SPRF-PA";"DEL01-PA";"UOP01-DEL01-PA"
582680;2024-02-22;"quinta-feira";"22:33:00";"RS";293;436;"QUARAI";"Deficiancia do Sistema de Iluminaaao/Sinalizaaao";"Colisao lateral sentido oposto";"Com Vatimas Feridas";"Plena Noite";"Crescente";"Ceu Claro";"Simples";"Reta";"Nao";3;0;1;0;2;0;1;3;-30,41793846;-56,38160016;"SPRF-RS";"DEL11-RS";"UOP01-DEL11-RS"
582682;2024-02-22;"quinta-feira";"22:10:00";"SC";101;207;"SAO JOSE";"Entrada inopinada do pedestre";"Atropelamento de Pedestre";"Com Vatimas Feridas";"Plena Noite";"Crescente";"Garoa/Chuvisco";"Dupla";"Curva";"Nao";3;0;0;1;1;1;1;2;-27,60001226;-48,6226467;"SPRF-SC";"DEL01-SC";"UOP01-DEL01-SC"
582684;2024-02-22;"quinta-feira";"20:55:00";"RO";364;12,1;"VILHENA";"Desrespeitar a preferancia no cruzamento";"Colisao transversal";"Com Vatimas Feridas";"Plena Noite";"Decrescente";"Nublado";"Simples";"Interseaao de Vias";"Nao";2;0;1;0;1;0;1;2;-12,74379092;-60,12366772;"SPRF-RO";"DEL04-RO";"UOP01-DEL04-RO"
582685;2024-02-22;"quinta-feira";"21:45:00";"RO";364;552;"ALTO PARAISO";"Ultrapassagem Indevida";"Colisao frontal";"Com Vatimas Fatais";"Plena Noite";"Crescente";"Ceu Claro";"Simples";"Reta";"Nao";4;2;2;0;0;0;2;2;-9,63381497;-63,07388824;"SPRF-RO";"DEL03-RO";"UOP01-DEL03-RO"
582687;2024-02-22;"quinta-feira";"23:50:00";"MG";40;723,1;"BARBACENA";"Ausancia de Reacao do condutor";"Saida de leito carrocavel";"Com Vatimas Feridas";"Plena Noite";"Decrescente";"Chuva";"Dupla";"Curva";"Nao";1;0;1;0;0;0;1;1;-21,29864253;-43,62857213;"SPRF-MG";"DEL05-MG";"UOP01-DEL05-MG"
582688;2024-02-22;"quinta-feira";"23:25:00";"MT";364;339;"SANTO ANTONIO DO LEVERGER";"Reacao tardia ou ineficiente do condutor";"Atropelamento de Animal";"Com Vatimas Feridas";"Plena Noite";"Decrescente";"Garoa/Chuvisco";"Dupla";"Declive;Reta                  ";"Nao";1;0;1;0;0;0;1;1;-15,83561357;-55,47671408;"SPRF-MT";"DEL05-MT";"UOP02-DEL05-MT"
582690;2024-02-22;"quinta-feira";"23:41:00";"SC";NA;NA;"BIGUACU";"Ingestao de alcool pelo condutor";"Tombamento";"Sem Vatimas";"Plena Noite";"Nao Informado";"Garoa/Chuvisco";"Simples";"Curva";"Sim";1;0;0;0;1;0;0;1;-27,49048911;-48,655985;"SPRF-SC";"DEL01-SC";"UOP01-DEL01-SC"
582693;2024-02-23;"sexta-feira";"01:25:00";"RN";101;96;"NATAL";"Ingestao de alcool pelo condutor";"Tombamento";"Com Vatimas Feridas";"Plena Noite";"Crescente";"Ceu Claro";"Maltipla";"Reta";"Sim";1;0;1;0;0;0;1;1;-5,84949622;-35,20890752;"SPRF-RN";"DEL01-RN";"UOP01-DEL01-RN"
582694;2024-02-22;"quinta-feira";"11:20:00";"MG";116;411;"GOVERNADOR VALADARES";"Pista Escorregadia";"Queda de ocupante de veiculo";"Com Vatimas Feridas";"Pleno dia";"Crescente";"Garoa/Chuvisco";"Dupla";"Reta";"Sim";1;0;0;1;0;0;1;1;-18,86244705;-41,97405237;"SPRF-MG";"DEL06-MG";"UOP01-DEL06-MG"
582695;2024-02-23;"sexta-feira";"00:40:00";"GO";153;506;"GOIANIA";"Ausancia de Reacao do condutor";"Queda de ocupante de veiculo";"Com Vatimas Feridas";"Plena Noite";"Crescente";"Ceu Claro";"Dupla";"Reta";"Sim";1;0;1;0;0;0;1;1;-16,7633;-49,24;"SPRF-GO";"DEL01-GO";"UOP01-DEL01-GO"
582696;2024-02-23;"sexta-feira";"02:50:00";"MG";381;492;"BETIM";"Ausancia de Reacao do condutor";"Colisao com objeto";"Com Vatimas Feridas";"Plena Noite";"Decrescente";"Ceu Claro";"Simples";"Reta";"Sim";2;0;0;1;1;0;1;1;-19,97490091;-44,19004301;"SPRF-MG";"DEL01-MG";"UOP03-DEL01-MG"
582699;2024-02-23;"sexta-feira";"03:30:00";"AL";104;87,9;"RIO LARGO";"Animais na Pista";"Atropelamento de Animal";"Com Vatimas Feridas";"Amanhecer";"Decrescente";"Ceu Claro";"Dupla";"Reta";"Sim";1;0;1;0;0;0;1;1;-9,47532901;-35,82160002;"SPRF-AL";"DEL01-AL";"UOP01-DEL01-AL"
582701;2024-02-23;"sexta-feira";"04:30:00";"PR";476;118;"COLOMBO";"Demais falhas mecanicas ou elatricas";"Incendio";"Sem Vatimas";"Amanhecer";"Crescente";"Nublado";"Dupla";"Reta";"Nao";1;0;0;0;0;1;0;1;-25,35634;-49,180828;"SPRF-PR";"DEL01-PR";"UOP01-DEL01-PR"
582702;2024-02-23;"sexta-feira";"05:30:00";"GO";40;8,5;"VALPARAISO DE GOIAS";"Transitar no Acostamento";"Colisao lateral sentido oposto";"Com Vatimas Feridas";"Amanhecer";"Crescente";"Ceu Claro";"Dupla";"Reta";"Sim";2;0;1;0;1;0;1;2;-16,116158;-47,96761;"SPRF-DF";"DEL01-DF";"UOP01-DEL01-DF"
582705;2024-02-23;"sexta-feira";"06:10:00";"SP";153;58,2;"SAO JOSE DO RIO PRETO";"Condutor Dormindo";"Colisao com objeto";"Com Vatimas Feridas";"Amanhecer";"Decrescente";"Ceu Claro";"Dupla";"Reta";"Sim";1;0;1;0;0;0;1;1;-20,780939;-49,353258;"SPRF-SP";"DEL09-SP";"UOP01-DEL09-SP"
582706;2024-02-23;"sexta-feira";"01:15:00";"RJ";101;395;"ITAGUAI";"Animais na Pista";"Atropelamento de Animal";"Com Vatimas Feridas";"Plena Noite";"Decrescente";"Ceu Claro";"Dupla";"Reta";"Nao";1;0;1;0;0;0;1;1;-22,88237391;-43,72205597;"SPRF-RJ";"DEL03-RJ";"UOP01-DEL03-RJ"
582709;2024-02-23;"sexta-feira";"06:30:00";"SC";282;5;"SAO JOSE";"Trafegar com motocicleta (ou similar) entre as faixas";"Colisao lateral mesmo sentido";"Com Vatimas Feridas";"Pleno dia";"Decrescente";"Sol";"Dupla";"Reta";"Sim";4;0;1;0;3;0;1;4;-27,588425;-48,612919;"SPRF-SC";"DEL01-SC";"UOP01-DEL01-SC"
582710;2024-02-23;"sexta-feira";"06:30:00";"PR";376;490,8;"PONTA GROSSA";"Ausancia de Reacao do condutor";"Colisao traseira";"Com Vatimas Feridas";"Amanhecer";"Decrescente";"Ceu Claro";"Maltipla";"Aclive";"Nao";2;0;1;0;1;0;1;2;-25,14692309;-50,15072006;"SPRF-PR";"DEL03-PR";"UOP04-DEL03-PR"
582711;2024-02-23;"sexta-feira";"05:55:00";"BA";324;621,7;"SALVADOR";"Condutor deixou de manter distancia do veiculo da frente";"Colisao traseira";"Com Vatimas Feridas";"Pleno dia";"Crescente";"Nublado";"Dupla";"Reta";"Sim";16;0;14;0;2;0;14;2;-12,91233708;-38,45956983;"SPRF-BA";"DEL01-BA";"UOP01-DEL01-BA"
582714;2024-02-23;"sexta-feira";"07:15:00";"SP";381;36;"ATIBAIA";"Reacao tardia ou ineficiente do condutor";"Saida de leito carrocavel";"Sem Vatimas";"Amanhecer";"Decrescente";"Ceu Claro";"Dupla";"Reta";"Sim";1;0;0;0;0;1;0;1;-23,09707232;-46,57180706;"SPRF-SP";"DEL03-SP";"UOP01-DEL03-SP"
582715;2024-02-23;"sexta-feira";"07:05:00";"RS";116;537,5;"CAPAO DO LEAO";"Condutor Dormindo";"Saida de leito carrocavel";"Sem Vatimas";"Pleno dia";"Crescente";"Ceu Claro";"Simples";"Aclive;Reta                   ";"Nao";1;0;0;0;0;1;0;1;-31,799409;-52,492569;"SPRF-RS";"DEL07-RS";"UOP01-DEL07-RS"
582717;2024-02-23;"sexta-feira";"07:20:00";"SC";101;156;"PORTO BELO";"Reacao tardia ou ineficiente do condutor";"Colisao traseira";"Com Vatimas Feridas";"Pleno dia";"Decrescente";"Sol";"Maltipla";"Reta";"Sim";2;0;1;0;1;0;1;2;-27,17142957;-48,61131549;"SPRF-SC";"DEL04-SC";"UOP03-DEL04-SC"
582719;2024-02-22;"quinta-feira";"23:30:00";"RJ";493;104;"ITAGUAI";"Ausancia de Reacao do condutor";"Colisao com objeto";"Sem Vatimas";"Plena Noite";"Crescente";"Vento";"Dupla";"Reta";"Nao";1;0;0;0;0;1;0;1;-22,74633334;-43,72485638;"SPRF-RJ";"DEL01-RJ";"UOP03-DEL01-RJ"
582720;2024-02-23;"sexta-feira";"07:20:00";"SC";101;210;"SAO JOSE";"Manobra de mudanaa de faixa";"Colisao lateral mesmo sentido";"Com Vatimas Feridas";"Pleno dia";"Decrescente";"Sol";"Maltipla";"Reta";"Sim";2;0;1;0;1;0;1;2;-27,6167305;-48,6457265;"SPRF-SC";"DEL01-SC";"UOP01-DEL01-SC"
582722;2024-02-23;"sexta-feira";"07:40:00";"SC";470;60,2;"BLUMENAU";"Acessar a via sem observar a presenca dos outros veiculos";"Colisao transversal";"Com Vatimas Feridas";"Pleno dia";"Decrescente";"Ceu Claro";"Simples";"Retorno Regulamentado";"Nao";2;0;1;0;1;0;1;2;-26,88138;-49,164543;"SPRF-SC";"DEL04-SC";"UOP01-DEL04-SC"
582723;2024-01-02;"terça-feira";"13:30:00";"MG";251;472;"FRANCISCO SA";"Reacao tardia ou ineficiente do condutor";"Atropelamento de Pedestre";"Com Vatimas Feridas";"Pleno dia";"Crescente";"Chuva";"Simples";"Reta;Declive                  ";"Nao";2;0;0;1;1;0;1;2;-16,4669101;-43,43947986;"SPRF-MG";"DEL12-MG";"UOP01-DEL12-MG"
582724;2024-02-23;"sexta-feira";"07:30:00";"PR";376;601,8;"CURITIBA";"Manobra de mudanaa de faixa";"Colisao traseira";"Com Vatimas Feridas";"Amanhecer";"Decrescente";"Ceu Claro";"Dupla";"Reta";"Nao";2;0;1;0;1;0;1;2;-25,54329052;-49,30719981;"SPRF-PR";"DEL01-PR";"UOP06-DEL01-PR"
582725;2024-02-23;"sexta-feira";"07:20:00";"RS";285;293;"PASSO FUNDO";"Acessar a via sem observar a presenca dos outros veiculos";"Colisao lateral mesmo sentido";"Com Vatimas Feridas";"Pleno dia";"Crescente";"Ceu Claro";"Simples";"Rotataria";"Sim";2;0;1;0;1;0;1;2;-28,236645;-52,375156;"SPRF-RS";"DEL08-RS";"UOP03-DEL08-RS"
582727;2024-02-23;"sexta-feira";"08:00:00";"MG";262;803;"UBERABA";"Demais falhas mecanicas ou elatricas";"Tombamento";"Com Vatimas Feridas";"Pleno dia";"Crescente";"Ceu Claro";"Dupla";"Reta";"Nao";1;0;0;1;0;0;1;1;-19,77509606;-47,97201785;"SPRF-MG";"DEL13-MG";"UOP01-DEL13-MG"
582731;2024-02-23;"sexta-feira";"08:39:00";"ES";101;144;"LINHARES";"Animais na Pista";"Tombamento";"Com Vatimas Feridas";"Pleno dia";"Crescente";"Ceu Claro";"Maltipla";"Reta";"Sim";2;0;2;0;0;0;2;1;-19,35188295;-40,0636685;"SPRF-ES";"DEL04-ES";"UOP01-DEL04-ES"
582733;2024-02-23;"sexta-feira";"08:36:00";"PB";230;162,7;"CAMPINA GRANDE";"Acessar a via sem observar a presenca dos outros veiculos";"Colisao transversal";"Com Vatimas Feridas";"Pleno dia";"Decrescente";"Ceu Claro";"Simples";"Reta";"Sim";3;0;1;1;1;0;2;2;-7,22688783;-35,94373584;"SPRF-PB";"DEL02-PB";"UOP01-DEL02-PB"
582735;2024-02-23;"sexta-feira";"08:30:00";"SC";101;202,7;"SAO JOSE";"Condutor deixou de manter distancia do veiculo da frente";"Engavetamento";"Com Vatimas Feridas";"Pleno dia";"Decrescente";"Ceu Claro";"Dupla";"Reta";"Nao";9;0;1;0;8;0;1;4;-27,55711595;-48,61897889;"SPRF-SC";"DEL01-SC";"UOP01-DEL01-SC"
582736;2024-02-23;"sexta-feira";"06:10:00";"AC";364;121;"RIO BRANCO";"Manobra de mudanaa de faixa";"Colisao lateral mesmo sentido";"Com Vatimas Feridas";"Pleno dia";"Decrescente";"Ceu Claro";"Dupla";"Rotataria";"Sim";2;0;1;0;1;0;1;2;-10,012119;-67,770767;"SPRF-AC";"DEL01-AC";"UOP01-DEL01-AC"
582738;2024-02-23;"sexta-feira";"08:10:00";"RS";158;407,7;"SAO GABRIEL";"Demais falhas na via";"Capotamento";"Com Vatimas Feridas";"Pleno dia";"Decrescente";"Ceu Claro";"Simples";"Reta";"Nao";2;0;1;0;1;0;1;1;-29,99016322;-54,48532698;"SPRF-RS";"DEL11-RS";"UOP02-DEL11-RS"
582742;2024-02-23;"sexta-feira";"08:00:00";"BA";324;521;"FEIRA DE SANTANA";"Manobra de mudanaa de faixa";"Tombamento";"Com Vatimas Feridas";"Pleno dia";"Decrescente";"Nublado";"Dupla";"Reta";"Sim";1;0;1;0;0;0;1;1;-12,27918591;-38,92645693;"SPRF-BA";"DEL01-BA";"UOP03-DEL01-BA"
582743;2024-02-23;"sexta-feira";"09:30:00";"SP";116;227;"GUARULHOS";"Reacao tardia ou ineficiente do condutor";"Colisao lateral mesmo sentido";"Com Vatimas Feridas";"Pleno dia";"Crescente";"Ceu Claro";"Dupla";"Reta";"Sim";3;0;2;0;1;0;2;2;-23,49659264;-46,55648754;"SPRF-SP";"DEL01-SP";"UOP01-DEL01-SP"
582746;2024-02-21;"quarta-feira";"11:54:00";"PR";376;258;"CALIFORNIA";"Ultrapassagem Indevida";"Colisao lateral mesmo sentido";"Sem Vatimas";"Pleno dia";"Crescente";"Ceu Claro";"Simples";"Reta";"Sim";2;0;0;0;1;1;0;2;-23,66802522;-51,35860562;"SPRF-PR";"DEL07-PR";"UOP03-DEL07-PR"
582747;2024-02-23;"sexta-feira";"07:45:00";"PR";376;498;"PONTA GROSSA";"Reacao tardia ou ineficiente do condutor";"Colisao com objeto";"Sem Vatimas";"Pleno dia";"Decrescente";"Ceu Claro";"Dupla";"Reta";"Sim";1;0;0;0;1;0;0;1;-25,14964819;-50,14526659;"SPRF-PR";"DEL03-PR";"UOP04-DEL03-PR"
582748;2024-02-23;"sexta-feira";"10:40:00";"MG";40;511,8;"RIBEIRAO DAS NEVES";"Condutor deixou de manter distancia do veiculo da frente";"Colisao traseira";"Sem Vatimas";"Pleno dia";"Decrescente";"Chuva";"Dupla";"Retorno Regulamentado;Reta;Acl";"Sim";2;0;0;0;2;0;0;2;-19,78164295;-44,11733194;"SPRF-MG";"DEL01-MG";"UOP02-DEL01-MG"
582749;2024-02-23;"sexta-feira";"09:30:00";"SP";116;201;"ARUJA";"Demais falhas mecanicas ou elatricas";"Incendio";"Sem Vatimas";"Pleno dia";"Crescente";"Ceu Claro";"Dupla";"Reta";"Sim";1;0;0;0;1;0;0;1;-23,40362877;-46,33050107;"SPRF-SP";"DEL01-SP";"UOP01-DEL01-SP"
582750;2024-02-23;"sexta-feira";"09:45:00";"GO";40;96,1;"CRISTALINA";"Acessar a via sem observar a presenca dos outros veiculos";"Colisao transversal";"Com Vatimas Feridas";"Pleno dia";"Crescente";"Ceu Claro";"Simples";"Interseaao de Vias";"Sim";2;0;0;1;1;0;1;2;-16,75768;-47,601613;"SPRF-DF";"DEL01-DF";"UOP02-DEL01-DF"
582751;2024-02-23;"sexta-feira";"10:10:00";"RS";290;25,5;"SANTO ANTONIO DA PATRULHA";"Demais falhas mecanicas ou elatricas";"Incendio";"Sem Vatimas";"Pleno dia";"Crescente";"Sol";"Dupla";"Reta";"Nao";1;0;0;0;1;0;0;1;-29,879961;-50,509163;"SPRF-RS";"DEL03-RS";"UOP01-DEL03-RS"
582752;2024-02-23;"sexta-feira";"09:00:00";"RS";116;530;"CAPAO DO LEAO";"Desrespeitar a preferancia no cruzamento";"Colisao transversal";"Com Vatimas Feridas";"Pleno dia";"Decrescente";"Ceu Claro";"Simples";"Interseaao de Vias";"Sim";2;0;1;0;1;0;1;2;-31,7590834;-52,43687971;"SPRF-RS";"DEL07-RS";"UOP01-DEL07-RS"
582753;2024-02-21;"quarta-feira";"22:15:00";"BA";101;69;"ENTRE RIOS";"Reacao tardia ou ineficiente do condutor";"Saida de leito carrocavel";"Sem Vatimas";"Plena Noite";"Decrescente";"Nublado";"Dupla";"Desvio Temporario;Em Obras    ";"Nao";2;0;0;0;2;0;0;1;-11,97325877;-38,18950106;"SPRF-BA";"DEL01-BA";"UOP04-DEL01-BA"
582754;2024-02-23;"sexta-feira";"07:45:00";"RJ";101;50,9;"CAMPOS DOS GOYTACAZES";"Conversao proibida";"Colisao transversal";"Com Vatimas Feridas";"Pleno dia";"Crescente";"Ceu Claro";"Simples";"Reta";"Nao";2;0;1;0;1;0;1;2;-21,63390905;-41,31292839;"SPRF-RJ";"DEL08-RJ";"UOP01-DEL08-RJ"
582757;2024-02-23;"sexta-feira";"10:00:00";"PI";343;264,5;"CAMPO MAIOR";"Condutor deixou de manter distancia do veiculo da frente";"Colisao traseira";"Sem Vatimas";"Pleno dia";"Decrescente";"Nublado";"Simples";"Reta";"Sim";2;0;0;0;1;1;0;2;-4,827662;-42,162594;"SPRF-PI";"DEL01-PI";"UOP03-DEL01-PI"
582760;2024-02-23;"sexta-feira";"11:00:00";"PR";277;134;"BALSA NOVA";"Ausancia de Reacao do condutor";"Colisao traseira";"Sem Vatimas";"Pleno dia";"Crescente";"Nublado";"Dupla";"Reta;Declive                  ";"Nao";2;0;0;0;2;0;0;2;-25,47033;-49,686345;"SPRF-PR";"DEL03-PR";"UOP03-DEL03-PR"
582763;2024-02-23;"sexta-feira";"10:35:00";"PR";476;159,2;"ARAUCARIA";"Manobra de mudanaa de faixa";"Colisao frontal";"Com Vatimas Feridas";"Pleno dia";"Crescente";"Ceu Claro";"Simples";"Reta";"Nao";4;0;3;0;1;0;3;2;-25,613539;-49,424255;"SPRF-PR";"DEL01-PR";"UOP06-DEL01-PR"
582764;2024-02-23;"sexta-feira";"12:00:00";"DF";40;0,9;"BRASILIA";"Condutor deixou de manter distancia do veiculo da frente";"Queda de ocupante de veiculo";"Com Vatimas Feridas";"Pleno dia";"Decrescente";"Ceu Claro";"Dupla";"Reta";"Sim";2;0;1;0;1;0;1;2;-15,98433068;-47,98784137;"SPRF-DF";"DEL01-DF";"UOP01-DEL01-DF"
582770;2024-02-23;"sexta-feira";"11:50:00";"MS";163;568;"BANDEIRANTES";"Pedestre andava na pista";"Atropelamento de Pedestre";"Com Vatimas Feridas";"Pleno dia";"Crescente";"Chuva";"Simples";"Reta";"Nao";2;0;0;1;0;1;1;2;-19,74936496;-54,35623816;"SPRF-MS";"DEL01-MS";"UOP02-DEL01-MS"
582772;2024-02-23;"sexta-feira";"11:43:00";"SC";470;135,7;"RIO DO SUL";"Acessar a via sem observar a presenca dos outros veiculos";"Colisao transversal";"Com Vatimas Feridas";"Pleno dia";"Crescente";"Ceu Claro";"Simples";"Interseaao de Vias;Reta       ";"Sim";2;0;0;1;1;0;1;2;-27,18326455;-49,60237026;"SPRF-SC";"DEL04-SC";"UOP02-DEL04-SC"
582773;2024-02-23;"sexta-feira";"12:30:00";"RS";290;144,5;"ELDORADO DO SUL";"Acessar a via sem observar a presenca dos outros veiculos";"Colisao transversal";"Sem Vatimas";"Pleno dia";"Decrescente";"Sol";"Simples";"Reta";"Sim";2;0;0;0;2;0;0;2;-30,1007307;-51,65725979;"SPRF-RS";"DEL02-RS";"UOP01-DEL02-RS"
582774;2024-02-23;"sexta-feira";"11:00:00";"RJ";116;170;"RIO DE JANEIRO";"Manobra de mudanaa de faixa";"Queda de ocupante de veiculo";"Com Vatimas Feridas";"Pleno dia";"Crescente";"Ceu Claro";"Maltipla";"Reta";"Nao";1;0;1;0;0;0;1;1;-22,81113183;-43,3336729;"SPRF-RJ";"DEL06-RJ";"UOP01-DEL06-RJ"
582776;2024-02-23;"sexta-feira";"11:15:00";"MG";116;780,1;"LEOPOLDINA";"Avarias e/ou desgaste excessivo no pneu";"Saida de leito carrocavel";"Com Vatimas Feridas";"Pleno dia";"Decrescente";"Chuva";"Simples";"Curva";"Nao";1;0;1;0;0;0;1;1;-21,61482397;-42,69263203;"SPRF-MG";"DEL07-MG";"UOP01-DEL07-MG"
582777;2024-02-23;"sexta-feira";"08:45:00";"RJ";101;320;"NITEROI";"Avarias e/ou desgaste excessivo no pneu";"Tombamento";"Com Vatimas Feridas";"Pleno dia";"Crescente";"Nublado";"Dupla";"Curva";"Sim";1;0;1;0;0;0;1;1;-22,86171098;-43,10714015;"SPRF-RJ";"DEL02-RJ";"UOP01-DEL02-RJ"
582778;2024-02-23;"sexta-feira";"12:20:00";"CE";222;11,5;"CAUCAIA";"Ausancia de Reacao do condutor";"Colisao traseira";"Com Vatimas Feridas";"Pleno dia";"Crescente";"Ceu Claro";"Simples";"Interseaao de Vias;Viaduto;Ret";"Nao";2;0;1;0;1;0;1;2;-3,76597908;-38,66221996;"SPRF-CE";"DEL01-CE";"UOP01-DEL01-CE"
582779;2024-02-23;"sexta-feira";"13:15:00";"SP";116;156;"SAO JOSE DOS CAMPOS";"Demais falhas mecanicas ou elatricas";"Incendio";"Sem Vatimas";"Pleno dia";"Crescente";"Ceu Claro";"Maltipla";"Reta";"Sim";1;0;0;0;1;0;0;1;-23,25044084;-45,93572909;"SPRF-SP";"DEL02-SP";"UOP01-DEL02-SP"
582780;2024-02-23;"sexta-feira";"13:25:00";"PR";116;38;"CAMPINA GRANDE DO SUL";"Velocidade Incompatavel";"Saida de leito carrocavel";"Sem Vatimas";"Pleno dia";"Crescente";"Nublado";"Maltipla";"Reta";"Nao";1;0;0;0;1;0;0;1;-25,14802509;-48,85922071;"SPRF-PR";"DEL01-PR";"UOP02-DEL01-PR"
582781;2024-02-23;"sexta-feira";"13:05:00";"SC";282;6;"SAO JOSE";"Manobra de mudanaa de faixa";"Colisao lateral mesmo sentido";"Sem Vatimas";"Pleno dia";"Crescente";"Ceu Claro";"Dupla";"Curva";"Nao";1;0;0;0;1;0;0;1;-27,591936;-48,618244;"SPRF-SC";"DEL01-SC";"UOP01-DEL01-SC"
582782;2024-02-23;"sexta-feira";"13:20:00";"PE";101;79,5;"JABOATAO DOS GUARARAPES";"Ausancia de Reacao do condutor";"Colisao traseira";"Sem Vatimas";"Pleno dia";"Crescente";"Sol";"Dupla";"Curva;Declive                 ";"Sim";3;0;0;0;3;0;0;3;-8,14366112;-34,94723453;"SPRF-PE";"DEL01-PE";"UOP01-DEL01-PE"
582784;2024-02-23;"sexta-feira";"13:30:00";"RJ";101;276;"TANGUA";"Reacao tardia ou ineficiente do condutor";"Queda de ocupante de veiculo";"Com Vatimas Feridas";"Pleno dia";"Decrescente";"Ceu Claro";"Dupla";"Reta";"Sim";1;0;1;0;0;0;1;1;-22,73796393;-42,73871802;"SPRF-RJ";"DEL02-RJ";"UOP03-DEL02-RJ"
582787;2024-02-23;"sexta-feira";"14:00:00";"RS";470;232,1;"CARLOS BARBOSA";"Reacao tardia ou ineficiente do condutor";"Saida de leito carrocavel";"Com Vatimas Feridas";"Pleno dia";"Crescente";"Nublado";"Simples";"Reta;Declive                  ";"Sim";1;0;1;0;0;0;1;1;-29,29409781;-51,4850235;"SPRF-RS";"DEL06-RS";"UOP01-DEL06-RS"
582788;2024-02-23;"sexta-feira";"13:00:00";"BA";324;550;"AMELIA RODRIGUES";"Condutor deixou de manter distancia do veiculo da frente";"Colisao traseira";"Com Vatimas Feridas";"Pleno dia";"Crescente";"Nublado";"Maltipla";"Reta";"Nao";3;0;1;2;0;0;3;2;-12,43832718;-38,72506515;"SPRF-BA";"DEL01-BA";"UOP03-DEL01-BA"
582789;2024-02-23;"sexta-feira";"13:15:00";"TO";153;623,2;"ALIANCA DO TOCANTINS";"Acessar a via sem observar a presenca dos outros veiculos";"Colisao transversal";"Com Vatimas Feridas";"Pleno dia";"Crescente";"Ceu Claro";"Simples";"Reta";"Sim";2;0;0;1;1;0;1;2;-11,30071704;-48,94011265;"SPRF-TO";"DEL01-TO";"UOP02-DEL01-TO"
582793;2024-02-23;"sexta-feira";"13:55:00";"SC";101;286;"IMBITUBA";"Frear bruscamente";"Colisao traseira";"Com Vatimas Feridas";"Pleno dia";"Decrescente";"Ceu Claro";"Dupla";"Curva;Aclive                  ";"Nao";3;0;1;0;2;0;1;2;-28,22947996;-48,70163526;"SPRF-SC";"DEL02-SC";"UOP03-DEL02-SC"
582794;2024-02-23;"sexta-feira";"11:30:00";"MT";70;277;"PRIMAVERA DO LESTE";"Condutor deixou de manter distancia do veiculo da frente";"Engavetamento";"Com Vatimas Feridas";"Pleno dia";"Crescente";"Sol";"Dupla";"Reta";"Sim";4;0;1;0;3;0;1;4;-15,560139;-54,292033;"SPRF-MT";"DEL05-MT";"UOP01-DEL05-MT"
582797;2024-02-23;"sexta-feira";"14:17:00";"PI";343;177;"PIRIPIRI";"Avarias e/ou desgaste excessivo no pneu";"Tombamento";"Com Vatimas Feridas";"Pleno dia";"Crescente";"Ceu Claro";"Simples";"Reta";"Nao";1;0;1;0;0;0;1;1;-4,21867;-41,774715;"SPRF-PI";"DEL02-PI";"UOP01-DEL02-PI"
582798;2024-01-26;"sexta-feira";"13:00:00";"RN";101;72;"NATAL";"Condutor deixou de manter distancia do veiculo da frente";"Colisao traseira";"Com Vatimas Feridas";"Pleno dia";"Decrescente";"Ceu Claro";"Simples";"Reta";"Nao";3;0;1;1;0;1;2;2;-5,69866248;-35,26316835;"SPRF-RN";"DEL02-RN";"UOP01-DEL02-RN"
582800;2024-02-23;"sexta-feira";"15:00:00";"PR";476;158;"ARAUCARIA";"Demais falhas mecanicas ou elatricas";"Incendio";"Sem Vatimas";"Pleno dia";"Crescente";"Sol";"Simples";"Reta";"Sim";1;0;0;0;1;0;0;1;-25,613539;-49,424255;"SPRF-PR";"DEL01-PR";"UOP06-DEL01-PR"
582801;2024-02-23;"sexta-feira";"14:25:00";"CE";116;38;"HORIZONTE";"Ausancia de Reacao do condutor";"Queda de ocupante de veiculo";"Com Vatimas Feridas";"Pleno dia";"Decrescente";"Ceu Claro";"Dupla";"Reta;Declive                  ";"Sim";1;0;1;0;0;0;1;1;-4,07911598;-38,49945391;"SPRF-CE";"DEL01-CE";"UOP02-DEL01-CE"