"id";"data_inversa";"dia_semana";"horario";"uf";"br";"km";"municipio";"causa_acidente";"tipo_acidente";"classificacao_acidente";"fase_dia";"sentido_via";"condicao_metereologica";"tipo_pista";"tracado_via";"uso_solo";"pessoas";"mortos";"feridos_leves";"feridos_graves";"ilesos";"ignorados";"feridos";"veiculos";"latitude";"longitude";"regional";"delegacia";"uop"
582802;2024-02-23;"sexta-feira";"15:20:00";"RJ";101;530;"PARATY";"Ausancia de Reacao do condutor";"Colisao lateral mesmo sentido";"Com Vatimas Feridas";"Pleno dia";"Decrescente";"Vento";"Simples";"Curva";"Nao";3;0;1;0;1;1;1;3;-23,0232454;-44,51684972;"SPRF-RJ";"DEL03-RJ";"UOP03-DEL03-RJ"
582803;2024-02-23;"sexta-feira";"14:30:00";"RJ";116;201;"QUEIMADOS";"Mal sabito do condutor";"Colisao com objeto";"Com Vatimas Feridas";"Pleno dia";"Decrescente";"Ceu Claro";"Dupla";"Reta";"Nao";1;0;0;1;0;0;1;1;-22,73124742;-43,60364806;"SPRF-RJ";"DEL06-RJ";"UOP02-DEL06-RJ"
582805;2024-02-23;"sexta-feira";"14:40:00";"RJ";116;207;"SEROPEDICA";"Retorno proibido";"Colisao transversal";"Com Vatimas Feridas";"Pleno dia";"Decrescente";"Nublado";"Dupla";"Reta";"Nao";2;0;1;0;1;0;1;2;-22,72454443;-43,66145706;"SPRF-RJ";"DEL06-RJ";"UOP02-DEL06-RJ"
582808;2024-02-23;"sexta-feira";"07:23:00";"MA";316;613;"TIMON";"Pista esburacada";"Saida de leito carrocavel";"Sem Vatimas";"Pleno dia";"Decrescente";"Garoa/Chuvisco";"Simples";"Declive";"Nao";4;0;0;0;4;0;0;1;-5,075249;-42,850487;"SPRF-MA";"DEL03-MA";"UOP02-DEL03-MA"
582809;2024-02-23;"sexta-feira";"11:20:00";"GO";50;250,5;"CATALAO";"Ausancia de Reacao do condutor";"Colisao traseira";"Com Vatimas Feridas";"Pleno dia";"Decrescente";"Chuva";"Dupla";"Reta";"Nao";2;0;0;1;1;0;1;2;-17,9676;-47,7962;"SPRF-GO";"DEL06-GO";"UOP01-DEL06-GO"
582810;2024-02-23;"sexta-feira";"16:00:00";"RN";304;298,7;"MACAIBA";"Reacao tardia ou ineficiente do condutor";"Colisao traseira";"Com Vatimas Feridas";"Pleno dia";"Crescente";"Ceu Claro";"Dupla";"Reta";"Sim";2;0;1;0;1;0;1;2;-5,8737673;-35,3150361;"SPRF-RN";"DEL01-RN";"UOP02-DEL01-RN"
582815;2024-02-23;"sexta-feira";"13:00:00";"GO";153;584;"PROFESSOR JAMIL";"Chuva";"Saida de leito carrocavel";"Sem Vatimas";"Pleno dia";"Decrescente";"Chuva";"Dupla";"Curva";"Nao";2;0;0;0;2;0;0;1;-17,4164;-49,2263;"SPRF-GO";"DEL03-GO";"UOP01-DEL03-GO"
582816;2024-02-23;"sexta-feira";"15:40:00";"RJ";101;262;"RIO BONITO";"Ausancia de Reacao do condutor";"Tombamento";"Com Vatimas Feridas";"Pleno dia";"Decrescente";"Ceu Claro";"Dupla";"Curva";"Nao";1;0;1;0;0;0;1;1;-22,71367506;-42,62052996;"SPRF-RJ";"DEL02-RJ";"UOP03-DEL02-RJ"
582820;2024-02-23;"sexta-feira";"15:35:00";"PE";101;65;"RECIFE";"Ausancia de Reacao do condutor";"Colisao transversal";"Com Vatimas Feridas";"Pleno dia";"Decrescente";"Ceu Claro";"Maltipla";"Reta";"Sim";2;0;1;0;1;0;1;2;-8,02478597;-34,94276635;"SPRF-PE";"DEL01-PE";"UOP01-DEL01-PE"
582821;2024-02-23;"sexta-feira";"16:15:00";"SC";101;200,3;"SAO JOSE";"Condutor deixou de manter distancia do veiculo da frente";"Colisao traseira";"Com Vatimas Feridas";"Pleno dia";"Crescente";"Ceu Claro";"Maltipla";"Reta";"Sim";2;0;1;0;1;0;1;2;-27,54018513;-48,62287714;"SPRF-SC";"DEL01-SC";"UOP01-DEL01-SC"
582822;2024-02-23;"sexta-feira";"16:45:00";"SP";116;229;"SAO PAULO";"Reacao tardia ou ineficiente do condutor";"Capotamento";"Com Vatimas Feridas";"Pleno dia";"Crescente";"Garoa/Chuvisco";"Maltipla";"Reta";"Sim";4;0;2;0;2;0;2;3;-23,51291902;-46,57604698;"SPRF-SP";"DEL01-SP";"UOP01-DEL01-SP"
582826;2024-02-23;"sexta-feira";"11:00:00";"PR";153;449,9;"UNIAO DA VITORIA";"Reacao tardia ou ineficiente do condutor";"Colisao com objeto";"Com Vatimas Feridas";"Pleno dia";"Decrescente";"Nublado";"Simples";"Viaduto";"Nao";1;0;0;1;0;0;1;1;-26,20114783;-51,06087327;"SPRF-PR";"DEL02-PR";"UOP03-DEL02-PR"
582827;2024-02-23;"sexta-feira";"16:50:00";"MG";381;778,7;"CAMPANHA";"Demais falhas mecanicas ou elatricas";"Capotamento";"Com Vatimas Feridas";"Pleno dia";"Crescente";"Nublado";"Dupla";"Declive;Curva                 ";"Nao";2;0;1;0;1;0;1;1;-21,83280868;-45,50064606;"SPRF-MG";"DEL16-MG";"UOP02-DEL16-MG"
582828;2024-02-23;"sexta-feira";"17:45:00";"PB";230;36;"SANTA RITA";"Ingestao de alcool pelo condutor";"Colisao com objeto";"Com Vatimas Feridas";"Anoitecer";"Crescente";"Ceu Claro";"Dupla";"Curva";"Nao";1;0;0;1;0;0;1;1;-7,1246;-34,9473;"SPRF-PB";"DEL01-PB";"UOP03-DEL01-PB"
582829;2024-02-23;"sexta-feira";"16:20:00";"SP";153;122;"UBARANA";"Mal sabito do condutor";"Saida de leito carrocavel";"Com Vatimas Feridas";"Pleno dia";"Crescente";"Nublado";"Simples";"Reta";"Nao";1;0;1;0;0;0;1;1;-21,18661376;-49,72333446;"SPRF-SP";"DEL09-SP";"UOP01-DEL09-SP"
582830;2024-02-23;"sexta-feira";"14:34:00";"GO";60;105;"GOIANAPOLIS";"Acumulo de agua sobre o pavimento";"Tombamento";"Com Vatimas Feridas";"Pleno dia";"Crescente";"Chuva";"Dupla";"Reta;Declive                  ";"Sim";1;0;0;1;0;0;1;1;-16,4156;-49,0087;"SPRF-GO";"DEL02-GO";"UOP01-DEL02-GO"
582831;2024-02-23;"sexta-feira";"17:00:00";"SC";470;45,6;"GASPAR";"Acessar a via sem observar a presenca dos outros veiculos";"Colisao lateral mesmo sentido";"Com Vatimas Feridas";"Pleno dia";"Crescente";"Nublado";"Simples";"Em Obras;Reta;Interseaao de Vi";"Sim";2;0;1;0;1;0;1;2;-26,867064;-49,031109;"SPRF-SC";"DEL04-SC";"UOP01-DEL04-SC"
582832;2024-02-23;"sexta-feira";"18:10:00";"PB";101;99;"CONDE";"Acessar a via sem observar a presenca dos outros veiculos";"Colisao lateral mesmo sentido";"Com Vatimas Feridas";"Plena Noite";"Decrescente";"Chuva";"Dupla";"Retorno Regulamentado";"Nao";2;0;1;0;1;0;1;2;-7,26088953;-34,93581176;"SPRF-PB";"DEL01-PB";"UOP02-DEL01-PB"
582833;2024-02-23;"sexta-feira";"14:30:00";"SC";470;123;"IBIRAMA";"Ausancia de Reacao do condutor";"Saida de leito carrocavel";"Com Vatimas Feridas";"Pleno dia";"Decrescente";"Ceu Claro";"Dupla";"Curva";"Nao";1;0;1;0;0;0;1;1;-27,106783;-49,522049;"SPRF-SC";"DEL04-SC";"UOP02-DEL04-SC"
582835;2024-02-23;"sexta-feira";"17:45:00";"RS";470;225,6;"GARIBALDI";"Desrespeitar a preferancia no cruzamento";"Colisao transversal";"Com Vatimas Feridas";"Pleno dia";"Decrescente";"Sol";"Simples";"Retorno Regulamentado";"Sim";3;0;1;0;2;0;1;2;-29,24605996;-51,51613712;"SPRF-RS";"DEL06-RS";"UOP01-DEL06-RS"
582836;2024-02-23;"sexta-feira";"18:00:00";"RS";116;262;"CANOAS";"Manobra de mudanaa de faixa";"Colisao lateral mesmo sentido";"Com Vatimas Feridas";"Pleno dia";"Decrescente";"Ceu Claro";"Dupla";"Reta";"Sim";3;0;0;1;2;0;1;2;-29,896475;-51,17593;"SPRF-RS";"DEL01-RS";"UOP01-DEL01-RS"
582838;2024-02-23;"sexta-feira";"16:30:00";"BA";116;778;"PLANALTO";"Reacao tardia ou ineficiente do condutor";"Colisao traseira";"Com Vatimas Feridas";"Pleno dia";"Crescente";"Nublado";"Simples";"Reta";"Sim";3;0;2;0;1;0;2;2;-14,6157981;-40,44411375;"SPRF-BA";"DEL08-BA";"UOP02-DEL08-BA"
582839;2024-02-23;"sexta-feira";"18:20:00";"ES";101;66;"SAO MATEUS";"Reacao tardia ou ineficiente do condutor";"Tombamento";"Com Vatimas Feridas";"Plena Noite";"Decrescente";"Nublado";"Maltipla";"Reta";"Sim";1;0;1;0;0;0;1;1;-18,7165195;-39,87436378;"SPRF-ES";"DEL04-ES";"UOP02-DEL04-ES"
582840;2024-02-23;"sexta-feira";"16:20:00";"AL";316;118,5;"CACIMBINHAS";"Condutor deixou de manter distancia do veiculo da frente";"Colisao traseira";"Com Vatimas Feridas";"Pleno dia";"Crescente";"Ceu Claro";"Simples";"Reta";"Nao";3;0;0;1;2;0;1;2;-9,3996897;-36,957234;"SPRF-AL";"DEL03-AL";"UOP01-DEL03-AL"
582842;2024-02-23;"sexta-feira";"17:39:00";"MS";163;373;"NOVA ALVORADA DO SUL";"Ausancia de Reacao do condutor";"Colisao com objeto";"Com Vatimas Feridas";"Anoitecer";"Decrescente";"Ceu Claro";"Dupla";"Reta";"Nao";4;0;3;1;0;0;4;1;-21,40151579;-54,40400077;"SPRF-MS";"DEL02-MS";"UOP01-DEL02-MS"
582843;2024-02-23;"sexta-feira";"12:00:00";"SP";381;49;"ATIBAIA";"Objeto estatico sobre o leito carroaavel";"Queda de ocupante de veiculo";"Com Vatimas Feridas";"Pleno dia";"Crescente";"Ceu Claro";"Dupla";"Reta";"Nao";1;0;1;0;0;0;1;1;-23,20535293;-46,59066516;"SPRF-SP";"DEL03-SP";"UOP01-DEL03-SP"
582845;2024-02-03;"sabado";"20:20:00";"PE";423;143;"SAO CAITANO";"Ausancia de Reacao do condutor";"Colisao traseira";"Com Vatimas Feridas";"Plena Noite";"Crescente";"Ceu Claro";"Dupla";"Reta";"Nao";3;0;3;0;0;0;3;2;-8,342421;-36,110232;"SPRF-PE";"DEL03-PE";"UOP01-DEL03-PE"
582846;2024-02-23;"sexta-feira";"16:45:00";"SC";280;78,8;"CORUPA";"Transitar na contramao";"Colisao frontal";"Com Vatimas Feridas";"Pleno dia";"Decrescente";"Chuva";"Simples";"Reta";"Sim";4;0;1;3;0;0;4;2;-26,44270827;-49,21107888;"SPRF-SC";"DEL06-SC";"UOP03-DEL06-SC"
582847;2024-02-23;"sexta-feira";"18:51:00";"RS";290;101,6;"PORTO ALEGRE";"Ausancia de Reacao do condutor";"Colisao traseira";"Com Vatimas Feridas";"Anoitecer";"Crescente";"Ceu Claro";"Maltipla";"Reta";"Sim";5;0;1;0;4;0;1;2;-29,985779;-51,246201;"SPRF-RS";"DEL01-RS";"UOP01-DEL01-RS"
582848;2024-02-22;"quinta-feira";"13:45:00";"RJ";NA;NA;"RIO DE JANEIRO";"Afundamento ou ondulaaao no pavimento";"Colisao com objeto";"Com Vatimas Feridas";"Pleno dia";"Nao Informado";"Nublado";"Maltipla";"Reta;Em Obras                 ";"Sim";1;0;1;0;0;0;1;1;-22,85766384;-43,24780053;"SPRF-RJ";"DEL06-RJ";"UOP01-DEL06-RJ"
582850;2024-02-23;"sexta-feira";"19:00:00";"RJ";101;280,9;"TANGUA";"Pedestre cruzava a pista fora da faixa";"Atropelamento de Pedestre";"Com Vatimas Feridas";"Plena Noite";"Crescente";"Ceu Claro";"Dupla";"Reta";"Sim";2;0;1;0;1;0;1;2;-22,73840017;-42,77718501;"SPRF-RJ";"DEL02-RJ";"UOP02-DEL02-RJ"
582852;2024-02-23;"sexta-feira";"16:53:00";"MG";381;603,8;"OLIVEIRA";"Ausancia de Reacao do condutor";"Capotamento";"Com Vatimas Feridas";"Pleno dia";"Crescente";"Chuva";"Dupla";"Curva";"Nao";3;0;2;0;1;0;2;1;-20,64973798;-44,73551891;"SPRF-MG";"DEL04-MG";"UOP01-DEL04-MG"
582853;2024-02-23;"sexta-feira";"18:09:00";"SP";153;70,7;"SAO JOSE DO RIO PRETO";"Avarias e/ou desgaste excessivo no pneu";"Tombamento";"Com Vatimas Feridas";"Anoitecer";"Crescente";"Ceu Claro";"Dupla";"Reta";"Sim";2;0;2;0;0;0;2;1;-20,85197874;-49,40070263;"SPRF-SP";"DEL09-SP";"UOP01-DEL09-SP"
582855;2024-02-20;"terça-feira";"07:25:00";"SC";470;45,5;"BLUMENAU";"Acessar a via sem observar a presenca dos outros veiculos";"Queda de ocupante de veiculo";"Com Vatimas Feridas";"Pleno dia";"Decrescente";"Ceu Claro";"Simples";"Reta;Interseaao de Vias;Em Obr";"Sim";2;0;1;0;1;0;1;2;-26,867064;-49,031109;"SPRF-SC";"DEL04-SC";"UOP01-DEL04-SC"
582856;2024-02-23;"sexta-feira";"19:30:00";"GO";414;410,7;"ABADIANIA";"Pedestre andava na pista";"Atropelamento de Pedestre";"Com Vatimas Feridas";"Plena Noite";"Crescente";"Nublado";"Simples";"Interseaao de Vias;Reta       ";"Sim";2;0;0;1;1;0;1;2;-16,05664986;-48,85388374;"SPRF-GO";"DEL02-GO";"UOP01-DEL02-GO"
582857;2024-02-15;"quinta-feira";"08:30:00";"PB";230;16;"JOAO PESSOA";"Ausancia de Reacao do condutor";"Engavetamento";"Com Vatimas Feridas";"Pleno dia";"Decrescente";"Chuva";"Dupla";"Declive;Reta                  ";"Sim";9;0;3;0;5;1;3;5;-7,1039;-34,8458;"SPRF-PB";"DEL01-PB";"UOP01-DEL01-PB"
582858;2024-02-23;"sexta-feira";"19:35:00";"RS";116;241,7;"NOVO HAMBURGO";"Ingestao de alcool pelo condutor";"Colisao com objeto";"Sem Vatimas";"Plena Noite";"Decrescente";"Ceu Claro";"Maltipla";"Em Obras;Reta                 ";"Sim";1;0;0;0;1;0;0;1;-29,71396796;-51,1476744;"SPRF-RS";"DEL01-RS";"UOP02-DEL01-RS"
582859;2024-02-23;"sexta-feira";"18:20:00";"BA";242;748;"BARREIRAS";"Reacao tardia ou ineficiente do condutor";"Queda de ocupante de veiculo";"Com Vatimas Feridas";"Anoitecer";"Decrescente";"Chuva";"Simples";"Reta";"Nao";3;0;0;1;0;2;1;2;-12,14271815;-44,72302437;"SPRF-BA";"DEL10-BA";"UOP01-DEL10-BA"
582861;2024-02-23;"sexta-feira";"20:00:00";"PB";101;45;"MAMANGUAPE";"Ingestao de alcool pelo condutor";"Colisao com objeto";"Com Vatimas Feridas";"Plena Noite";"Decrescente";"Ceu Claro";"Dupla";"Reta";"Nao";1;0;0;1;0;0;1;1;-6,88322894;-35,1303459;"SPRF-PB";"DEL01-PB";"UOP04-DEL01-PB"
582862;2024-02-23;"sexta-feira";"19:20:00";"SP";116;151,4;"SAO JOSE DOS CAMPOS";"Ausancia de Reacao do condutor";"Tombamento";"Com Vatimas Fatais";"Plena Noite";"Decrescente";"Nublado";"Maltipla";"Reta";"Sim";2;1;0;0;1;0;0;2;-23,21980694;-45,89991605;"SPRF-SP";"DEL02-SP";"UOP01-DEL02-SP"
582863;2024-02-23;"sexta-feira";"20:00:00";"SP";101;46,2;"UBATUBA";"Acessar a via sem observar a presenca dos outros veiculos";"Colisao transversal";"Com Vatimas Feridas";"Plena Noite";"Crescente";"Ceu Claro";"Simples";"Reta";"Sim";2;0;1;0;1;0;1;2;-23,42403383;-45,07492113;"SPRF-SP";"DEL06-SP";"UOP01-DEL06-SP"
582865;2024-02-23;"sexta-feira";"20:15:00";"RS";468;66,8;"SANTO AUGUSTO";"Ausancia de Reacao do condutor";"Colisao lateral mesmo sentido";"Com Vatimas Feridas";"Plena Noite";"Decrescente";"Ceu Claro";"Simples";"Reta";"Nao";2;0;0;1;1;0;1;2;-27,74402797;-53,83268092;"SPRF-RS";"DEL08-RS";"UOP02-DEL08-RS"
582866;2024-02-23;"sexta-feira";"20:01:00";"PR";369;81,5;"SANTA MARIANA";"Deficiancia do Sistema de Iluminaaao/Sinalizaaao";"Colisao traseira";"Com Vatimas Fatais";"Plena Noite";"Decrescente";"Ceu Claro";"Simples";"Reta";"Nao";9;1;0;0;8;0;0;3;-23,14457255;-50,58465958;"SPRF-PR";"DEL07-PR";"UOP05-DEL07-PR"
582867;2024-02-23;"sexta-feira";"20:10:00";"PR";376;223;"CAMBIRA";"Desrespeitar a preferancia no cruzamento";"Queda de ocupante de veiculo";"Com Vatimas Fatais";"Plena Noite";"Crescente";"Ceu Claro";"Dupla";"Interseaao de Vias";"Sim";3;1;0;0;2;0;0;2;-23,59598373;-51,58043504;"SPRF-PR";"DEL07-PR";"UOP03-DEL07-PR"
582869;2024-02-23;"sexta-feira";"19:30:00";"RJ";116;214;"SEROPEDICA";"Entrada inopinada do pedestre";"Atropelamento de Pedestre";"Com Vatimas Feridas";"Plena Noite";"Decrescente";"Ignorado";"Dupla";"Reta";"Nao";3;0;0;1;1;1;1;2;-22,713438;-43,734085;"SPRF-RJ";"DEL06-RJ";"UOP02-DEL06-RJ"
582870;2024-02-23;"sexta-feira";"20:20:00";"PB";104;140,2;"QUEIMADAS";"Transitar na contramao";"Colisao frontal";"Com Vatimas Feridas";"Plena Noite";"Crescente";"Ceu Claro";"Simples";"Reta";"Nao";3;0;1;0;2;0;1;2;-7,37817097;-35,89737088;"SPRF-PB";"DEL02-PB";"UOP03-DEL02-PB"
582873;2024-02-23;"sexta-feira";"20:40:00";"MS";163;465;"CAMPO GRANDE";"Animais na Pista";"Atropelamento de Animal";"Com Vatimas Feridas";"Plena Noite";"Crescente";"Ceu Claro";"Simples";"Reta";"Nao";1;0;1;0;0;0;1;1;-20,59436908;-54,5809341;"SPRF-MS";"DEL01-MS";"UOP01-DEL01-MS"
582874;2024-02-23;"sexta-feira";"21:20:00";"RS";158;306,7;"ITAARA";"Ingestao de alcool pelo condutor";"Saida de leito carrocavel";"Com Vatimas Feridas";"Plena Noite";"Decrescente";"Ceu Claro";"Simples";"Reta";"Sim";2;0;1;0;1;0;1;1;-29,577898;-53,767208;"SPRF-RS";"DEL09-RS";"UOP01-DEL09-RS"
582875;2024-02-23;"sexta-feira";"15:50:00";"RO";319;61;"PORTO VELHO";"Demais falhas mecanicas ou elatricas";"Incendio";"Sem Vatimas";"Pleno dia";"Decrescente";"Nublado";"Maltipla";"Reta;Rotataria;Retorno Regulam";"Sim";1;0;0;0;1;0;0;1;-8,74083999;-63,88964209;"SPRF-RO";"DEL01-RO";"UOP01-DEL01-RO"
582877;2024-02-23;"sexta-feira";"20:50:00";"SC";101;6,8;"GARUVA";"Objeto estatico sobre o leito carroaavel";"Saida de leito carrocavel";"Com Vatimas Feridas";"Plena Noite";"Crescente";"Ceu Claro";"Dupla";"Reta";"Nao";1;0;0;1;0;0;1;1;-26,03593;-48,860302;"SPRF-SC";"DEL03-SC";"UOP01-DEL03-SC"
582879;2024-02-23;"sexta-feira";"12:45:00";"GO";50;197,7;"CAMPO ALEGRE DE GOIAS";"Velocidade Incompatavel";"Saida de leito carrocavel";"Com Vatimas Feridas";"Pleno dia";"Crescente";"Chuva";"Dupla";"Curva";"Nao";2;0;1;1;0;0;2;1;-17,5541;-47,8302;"SPRF-GO";"DEL06-GO";"UOP01-DEL06-GO"
582880;2024-02-23;"sexta-feira";"20:20:00";"RS";290;176,5;"BUTIA";"Acessar a via sem observar a presenca dos outros veiculos";"Colisao lateral mesmo sentido";"Com Vatimas Feridas";"Plena Noite";"Crescente";"Ceu Claro";"Simples";"Interseaao de Vias;Reta       ";"Sim";2;0;0;1;1;0;1;2;-30,131086;-51,972031;"SPRF-RS";"DEL02-RS";"UOP03-DEL02-RS"
582881;2024-02-23;"sexta-feira";"21:10:00";"MS";163;251,2;"DOURADOS";"Pedestre andava na pista";"Atropelamento de Pedestre";"Com Vatimas Feridas";"Plena Noite";"Crescente";"Chuva";"Simples";"Reta";"Nao";3;0;0;1;2;0;1;2;-22,29688701;-54,82117014;"SPRF-MS";"DEL04-MS";"UOP02-DEL04-MS"
582882;2024-02-23;"sexta-feira";"19:20:00";"RJ";116;196;"QUEIMADOS";"Ausancia de Reacao do condutor";"Colisao com objeto";"Com Vatimas Feridas";"Plena Noite";"Decrescente";"Ceu Claro";"Dupla";"Reta";"Nao";1;0;1;0;0;0;1;1;-22,73336575;-43,55659479;"SPRF-RJ";"DEL06-RJ";"UOP01-DEL06-RJ"
582883;2024-02-23;"sexta-feira";"19:05:00";"MG";116;699,1;"MURIAE";"Acessar a via sem observar a presenca dos outros veiculos";"Colisao transversal";"Com Vatimas Feridas";"Plena Noite";"Crescente";"Ceu Claro";"Simples";"Reta";"Nao";3;0;1;0;2;0;1;2;-21,09470198;-42,37369904;"SPRF-MG";"DEL07-MG";"UOP02-DEL07-MG"
582884;2024-02-23;"sexta-feira";"22:00:00";"SP";381;25;"BRAGANCA PAULISTA";"Acumulo de agua sobre o pavimento";"Colisao com objeto";"Com Vatimas Feridas";"Pleno dia";"Crescente";"Chuva";"Dupla";"Reta";"Nao";2;0;1;0;1;0;1;1;-23,02018004;-46,52966596;"SPRF-SP";"DEL03-SP";"UOP02-DEL03-SP"
582885;2024-02-23;"sexta-feira";"22:00:00";"PE";232;5;"RECIFE";"Condutor deixou de manter distancia do veiculo da frente";"Tombamento";"Com Vatimas Feridas";"Plena Noite";"Decrescente";"Ceu Claro";"Maltipla";"Reta";"Nao";2;0;1;1;0;0;2;1;-8,06795766;-34,94535414;"SPRF-PE";"DEL01-PE";"UOP01-DEL01-PE"
582887;2024-02-23;"sexta-feira";"16:50:00";"ES";262;179;"IBATIBA";"Velocidade Incompatavel";"Queda de ocupante de veiculo";"Com Vatimas Feridas";"Pleno dia";"Decrescente";"Ignorado";"Simples";"Reta";"Nao";1;0;1;0;0;0;1;1;-20,29107069;-41,66027089;"SPRF-ES";"DEL01-ES";"UOP02-DEL01-ES"
582888;2024-02-23;"sexta-feira";"20:50:00";"RO";364;229,2;"CACOAL";"Pista esburacada";"Tombamento";"Com Vatimas Feridas";"Plena Noite";"Crescente";"Ceu Claro";"Simples";"Reta";"Nao";1;0;1;0;0;0;1;1;-11,480908;-61,389245;"SPRF-RO";"DEL02-RO";"UOP02-DEL02-RO"
582889;2024-02-23;"sexta-feira";"22:30:00";"DF";60;6,8;"BRASILIA";"Suicadio (presumido)";"Atropelamento de Pedestre";"Com Vatimas Feridas";"Plena Noite";"Decrescente";"Ceu Claro";"Dupla";"Reta";"Sim";2;0;0;1;1;0;1;2;-15,897939;-48,113056;"SPRF-DF";"DEL03-DF";"UOP01-DEL03-DF"
582892;2024-02-23;"sexta-feira";"22:35:00";"SC";282;215,5;"LAGES";"Ultrapassagem Indevida";"Colisao lateral mesmo sentido";"Com Vatimas Feridas";"Plena Noite";"Crescente";"Ceu Claro";"Simples";"Interseaao de Vias";"Sim";2;0;1;0;1;0;1;2;-27,7942877;-50,2844131;"SPRF-SC";"DEL05-SC";"UOP01-DEL05-SC"
582893;2024-02-23;"sexta-feira";"22:25:00";"PR";376;1;"APUCARANA";"Ausancia de Reacao do condutor";"Saida de leito carrocavel";"Com Vatimas Feridas";"Plena Noite";"Crescente";"Garoa/Chuvisco";"Simples";"Interseaao de Vias";"Nao";1;0;1;0;0;0;1;1;-23,5513;-51,461266;"SPRF-PR";"DEL07-PR";"UOP03-DEL07-PR"
582894;2024-02-23;"sexta-feira";"22:00:00";"SP";381;43;"ATIBAIA";"Condutor deixou de manter distancia do veiculo da frente";"Colisao traseira";"Sem Vatimas";"Plena Noite";"Decrescente";"Nublado";"Dupla";"Reta";"Nao";3;0;0;0;3;0;0;3;-23,15597105;-46,5740155;"SPRF-SP";"DEL03-SP";"UOP01-DEL03-SP"
582895;2024-02-23;"sexta-feira";"21:21:00";"MT";70;709;"CACERES";"Chuva";"Saida de leito carrocavel";"Com Vatimas Feridas";"Plena Noite";"Crescente";"Chuva";"Simples";"Curva";"Nao";4;0;4;0;0;0;4;1;-16,22588292;-57,57110596;"SPRF-MT";"DEL03-MT";"UOP01-DEL03-MT"
582896;2024-02-23;"sexta-feira";"23:24:00";"GO";40;2,9;"VALPARAISO DE GOIAS";"Ausancia de Reacao do condutor";"Colisao com objeto";"Sem Vatimas";"Plena Noite";"Crescente";"Ceu Claro";"Dupla";"Reta";"Sim";1;0;0;0;1;0;0;1;-16,067129;-47,984235;"SPRF-DF";"DEL01-DF";"UOP01-DEL01-DF"
582897;2024-02-23;"sexta-feira";"23:00:00";"PE";101;43,9;"IGARASSU";"Acessar a via sem observar a presenca dos outros veiculos";"Atropelamento de Pedestre";"Com Vatimas Feridas";"Plena Noite";"Crescente";"Vento";"Maltipla";"Reta";"Sim";2;0;0;1;1;0;1;2;-7,84753808;-34,90977038;"SPRF-PE";"DEL01-PE";"UOP02-DEL01-PE"
582899;2024-02-23;"sexta-feira";"18:15:00";"MG";116;416;"GOVERNADOR VALADARES";"Retorno proibido";"Colisao transversal";"Com Vatimas Feridas";"Anoitecer";"Decrescente";"Ceu Claro";"Simples";"Curva";"Sim";2;0;1;0;1;0;1;2;-18,89215187;-41,94699543;"SPRF-MG";"DEL06-MG";"UOP01-DEL06-MG"
582900;2024-02-23;"sexta-feira";"19:00:00";"MA";402;23;"AXIXA";"Transitar na contramao";"Colisao frontal";"Com Vatimas Feridas";"Plena Noite";"Crescente";"Ceu Claro";"Simples";"Reta";"Nao";2;0;0;1;1;0;1;2;-2,916537;-44,143658;"SPRF-MA";"DEL01-MA";"UOP01-DEL01-MA"
582902;2024-02-23;"sexta-feira";"19:15:00";"RS";285;577;"SAO LUIZ GONZAGA";"Ultrapassagem Indevida";"Colisao frontal";"Com Vatimas Feridas";"Anoitecer";"Crescente";"Chuva";"Simples";"Reta";"Nao";3;0;1;0;2;0;1;3;-28,423437;-55,066597;"SPRF-RS";"DEL12-RS";"UOP01-DEL12-RS"
582903;2024-02-23;"sexta-feira";"23:30:00";"MG";354;752,8;"ITAMONTE";"Acessar a via sem observar a presenca dos outros veiculos";"Colisao transversal";"Com Vatimas Feridas";"Plena Noite";"Decrescente";"Nublado";"Simples";"Reta";"Sim";2;0;1;0;0;1;1;2;-22,29340799;-44,86366398;"SPRF-MG";"DEL17-MG";"UOP01-DEL17-MG"
582905;2024-02-24;"sabado";"00:05:00";"RS";285;335;"CARAZINHO";"Condutor Dormindo";"Saida de leito carrocavel";"Sem Vatimas";"Plena Noite";"Decrescente";"Ceu Claro";"Simples";"Curva;Aclive                  ";"Sim";1;0;0;0;1;0;0;1;-28,314695;-52,750206;"SPRF-RS";"DEL08-RS";"UOP03-DEL08-RS"
582906;2024-02-23;"sexta-feira";"20:30:00";"RJ";101;581;"PARATY";"Condutor Dormindo";"Saida de leito carrocavel";"Com Vatimas Feridas";"Plena Noite";"Crescente";"Nublado";"Simples";"Reta";"Nao";1;0;0;1;0;0;1;1;-23,24744793;-44,70081567;"SPRF-RJ";"DEL03-RJ";"UOP04-DEL03-RJ"
582907;2024-02-24;"sabado";"00:15:00";"PE";408;95,4;"SAO LOURENCO DA MATA";"Ausancia de Reacao do condutor";"Colisao traseira";"Com Vatimas Feridas";"Plena Noite";"Crescente";"Nublado";"Dupla";"Aclive;Reta                   ";"Nao";2;0;1;0;1;0;1;2;-8,01186091;-35,04237616;"SPRF-PE";"DEL01-PE";"UOP01-DEL01-PE"
582908;2024-02-24;"sabado";"01:00:00";"PR";376;596,2;"CURITIBA";"Ingestao de alcool pelo condutor";"Saida de leito carrocavel";"Com Vatimas Feridas";"Plena Noite";"Decrescente";"Ceu Claro";"Dupla";"Reta";"Nao";1;0;1;0;0;0;1;1;-25,48479613;-49,34730331;"SPRF-PR";"DEL01-PR";"UOP06-DEL01-PR"
582909;2024-02-24;"sabado";"00:10:00";"RJ";101;456;"ANGRA DOS REIS";"Transitar na contramao";"Colisao transversal";"Com Vatimas Feridas";"Plena Noite";"Crescente";"Ceu Claro";"Simples";"Reta";"Sim";4;0;2;0;2;0;2;2;-23,03162965;-44,17104363;"SPRF-RJ";"DEL03-RJ";"UOP02-DEL03-RJ"