"id";"data_inversa";"dia_semana";"horario";"uf";"br";"km";"municipio";"causa_acidente";"tipo_acidente";"classificacao_acidente";"fase_dia";"sentido_via";"condicao_metereologica";"tipo_pista";"tracado_via";"uso_solo";"pessoas";"mortos";"feridos_leves";"feridos_graves";"ilesos";"ignorados";"feridos";"veiculos";"latitude";"longitude";"regional";"delegacia";"uop"
583034;2024-02-24;"sabado";"13:30:00";"RJ";101;233;"SILVA JARDIM";"Ausancia de Reacao do condutor";"Capotamento";"Com Vatimas Feridas";"Pleno dia";"Crescente";"Nublado";"Dupla";"Curva";"Nao";3;0;3;0;0;0;3;1;-22,59407603;-42,38669139;"SPRF-RJ";"DEL02-RJ";"UOP03-DEL02-RJ"
583035;2024-02-24;"sabado";"06:00:00";"SC";480;126,5;"CHAPECO";"Ingestao de alcool pelo condutor";"Saida de leito carrocavel";"Sem Vatimas";"Amanhecer";"Decrescente";"Ceu Claro";"Dupla";"Reta";"Nao";1;0;0;0;0;1;0;1;-27,020083;-52,636024;"SPRF-SC";"DEL07-SC";"UOP01-DEL07-SC"
583037;2024-02-24;"sabado";"16:30:00";"GO";153;510;"APARECIDA DE GOIANIA";"Ingestao de alcool pelo condutor";"Colisao com objeto";"Sem Vatimas";"Pleno dia";"Crescente";"Ceu Claro";"Dupla";"Reta";"Sim";1;0;0;0;1;0;0;1;-16,7977;-49,2386;"SPRF-GO";"DEL01-GO";"UOP03-DEL01-GO"
583039;2024-02-24;"sabado";"16:00:00";"PI";135;313;"CRISTINO CASTRO";"Ausancia de Reacao do condutor";"Saida de leito carrocavel";"Com Vatimas Feridas";"Pleno dia";"Decrescente";"Ceu Claro";"Simples";"Reta";"Nao";2;0;1;0;1;0;1;1;-8,78128495;-44,19547702;"SPRF-PI";"DEL03-PI";"UOP02-DEL03-PI"
583040;2024-02-24;"sabado";"12:40:00";"BA";242;407;"SEABRA";"Ultrapassagem Indevida";"Colisao frontal";"Com Vatimas Fatais";"Pleno dia";"Crescente";"Ceu Claro";"Simples";"Curva";"Nao";3;1;0;0;2;0;0;2;-12,47696407;-41,74012319;"SPRF-BA";"DEL06-BA";"UOP01-DEL06-BA"
583041;2024-02-24;"sabado";"16:30:00";"MA";135;94,5;"ITAPECURU MIRIM";"Ingestao de alcool pelo condutor";"Colisao transversal";"Com Vatimas Feridas";"Pleno dia";"Crescente";"Ceu Claro";"Simples";"Reta";"Sim";2;0;0;1;1;0;1;2;-3,32118629;-44,43640266;"SPRF-MA";"DEL01-MA";"UOP02-DEL01-MA"
583042;2024-02-24;"sabado";"17:30:00";"RS";116;522,1;"PELOTAS";"Ausancia de Reacao do condutor";"Colisao traseira";"Com Vatimas Feridas";"Pleno dia";"Crescente";"Nublado";"Dupla";"Ponte;Reta                    ";"Nao";5;0;5;0;0;0;5;2;-31,714441;-52,374715;"SPRF-RS";"DEL07-RS";"UOP01-DEL07-RS"
583043;2024-02-24;"sabado";"16:30:00";"PB";230;407;"POMBAL";"Condutor deixou de manter distancia do veiculo da frente";"Colisao traseira";"Com Vatimas Feridas";"Pleno dia";"Crescente";"Ceu Claro";"Simples";"Declive";"Sim";2;0;1;0;1;0;1;2;-6,7733;-37,798;"SPRF-PB";"DEL03-PB";"UOP02-DEL03-PB"
583044;2024-02-24;"sabado";"17:00:00";"PR";376;617;"SAO JOSE DOS PINHAIS";"Reacao tardia ou ineficiente do condutor";"Colisao com objeto";"Com Vatimas Feridas";"Pleno dia";"Crescente";"Nublado";"Maltipla";"Reta";"Sim";2;0;1;0;1;0;1;1;-25,58426494;-49,17618795;"SPRF-PR";"DEL01-PR";"UOP04-DEL01-PR"
583045;2024-02-24;"sabado";"15:45:00";"PR";277;211;"TEIXEIRA SOARES";"Ausancia de Reacao do condutor";"Saida de leito carrocavel";"Com Vatimas Feridas";"Pleno dia";"Crescente";"Ceu Claro";"Simples";"Curva";"Nao";1;0;1;0;0;0;1;1;-25,47028722;-50,3049009;"SPRF-PR";"DEL08-PR";"UOP02-DEL08-PR"
583047;2024-02-24;"sabado";"17:40:00";"DF";70;19;"BRASILIA";"Manobra de mudanaa de faixa";"Colisao traseira";"Com Vatimas Feridas";"Pleno dia";"Crescente";"Ceu Claro";"Dupla";"Declive";"Nao";3;0;2;0;1;0;2;2;-15,788868;-48,220242;"SPRF-DF";"DEL03-DF";"UOP02-DEL03-DF"
583048;2024-02-24;"sabado";"06:30:00";"AP";156;164;"MAZAGAO";"Velocidade Incompatavel";"Saida de leito carrocavel";"Com Vatimas Fatais";"Pleno dia";"Decrescente";"Nublado";"Simples";"Reta;Declive                  ";"Nao";2;1;1;0;0;0;1;1;0,18679;-51,73534;"SPRF-AP";"DEL01-AP";"UOP01-DEL01-AP"
583049;2024-02-24;"sabado";"16:30:00";"MG";116;527,1;"CARATINGA";"Desrespeitar a preferancia no cruzamento";"Colisao transversal";"Com Vatimas Feridas";"Pleno dia";"Decrescente";"Nublado";"Dupla";"Interseaao de Vias";"Sim";2;0;1;0;1;0;1;2;-19,78510701;-42,13445297;"SPRF-MG";"DEL06-MG";"UOP02-DEL06-MG"
583051;2024-02-24;"sabado";"18:30:00";"RS";116;240;"NOVO HAMBURGO";"Ausancia de Reacao do condutor";"Colisao traseira";"Com Vatimas Feridas";"Anoitecer";"Decrescente";"Ceu Claro";"Dupla";"Aclive;Em Obras;Reta          ";"Sim";2;0;1;0;0;1;1;2;-29,70496497;-51,14676523;"SPRF-RS";"DEL01-RS";"UOP02-DEL01-RS"
583052;2024-02-24;"sabado";"17:00:00";"SC";101;443,3;"SANTA ROSA DO SUL";"Ingestao de alcool pelo condutor";"Colisao traseira";"Sem Vatimas";"Pleno dia";"Decrescente";"Ceu Claro";"Simples";"Reta";"Sim";2;0;0;0;2;0;0;2;-29,13596898;-49,70867157;"SPRF-SC";"DEL02-SC";"UOP02-DEL02-SC"
583054;2024-02-24;"sabado";"18:10:00";"PR";116;39;"CAMPINA GRANDE DO SUL";"Chuva";"Saida de leito carrocavel";"Com Vatimas Feridas";"Pleno dia";"Crescente";"Chuva";"Dupla";"Curva";"Nao";4;0;3;0;1;0;3;1;-25,156168;-48,8613401;"SPRF-PR";"DEL01-PR";"UOP02-DEL01-PR"
583055;2024-02-24;"sabado";"17:55:00";"SC";101;148;"ITAPEMA";"Reacao tardia ou ineficiente do condutor";"Colisao lateral mesmo sentido";"Com Vatimas Feridas";"Anoitecer";"Crescente";"Nublado";"Dupla";"Reta";"Sim";4;0;1;0;3;0;1;4;-27,10123686;-48,61807962;"SPRF-SC";"DEL04-SC";"UOP03-DEL04-SC"
583056;2024-02-24;"sabado";"17:15:00";"MG";40;395;"CURVELO";"Ingestao de alcool pelo condutor";"Saida de leito carrocavel";"Sem Vatimas";"Pleno dia";"Crescente";"Ceu Claro";"Simples";"Reta";"Nao";2;0;0;0;2;0;0;1;-18,98817201;-44,66225208;"SPRF-MG";"DEL02-MG";"UOP01-DEL02-MG"
583057;2024-02-24;"sabado";"17:51:00";"MS";376;9;"DOURADOS";"Chuva";"Colisao frontal";"Com Vatimas Feridas";"Anoitecer";"Crescente";"Chuva";"Simples";"Reta";"Nao";3;0;1;0;2;0;1;2;-22,25643617;-54,63792318;"SPRF-MS";"DEL04-MS";"UOP01-DEL04-MS"
583058;2024-02-24;"sabado";"18:35:00";"PE";101;65,5;"RECIFE";"Acessar a via sem observar a presenca dos outros veiculos";"Colisao lateral sentido oposto";"Com Vatimas Feridas";"Plena Noite";"Crescente";"Nublado";"Maltipla";"Reta";"Sim";2;0;1;0;0;1;1;2;-8,028678;-34,943163;"SPRF-PE";"DEL01-PE";"UOP01-DEL01-PE"
583060;2024-02-24;"sabado";"18:15:00";"CE";116;179;"RUSSAS";"Ingestao de alcool pelo condutor";"Colisao com objeto";"Com Vatimas Feridas";"Plena Noite";"Crescente";"Ceu Claro";"Simples";"Reta";"Nao";1;0;0;1;0;0;1;1;-5,03750487;-38,08630013;"SPRF-CE";"DEL03-CE";"UOP01-DEL03-CE"
583061;2024-02-24;"sabado";"18:10:00";"PI";316;39,1;"LAGOA DO PIAUI";"Manobra de mudanaa de faixa";"Colisao frontal";"Com Vatimas Feridas";"Plena Noite";"Decrescente";"Ceu Claro";"Simples";"Reta";"Sim";3;0;0;2;1;0;2;2;-5,39641527;-42,65710034;"SPRF-PI";"DEL01-PI";"UOP02-DEL01-PI"
583062;2024-02-24;"sabado";"19:39:00";"PE";101;42;"IGARASSU";"Ingestao de alcool pelo condutor";"Colisao traseira";"Com Vatimas Feridas";"Plena Noite";"Crescente";"Ceu Claro";"Dupla";"Aclive;Reta                   ";"Nao";3;0;1;0;1;1;1;3;-7,83887431;-34,91196739;"SPRF-PE";"DEL01-PE";"UOP02-DEL01-PE"
583063;2024-02-24;"sabado";"18:35:00";"PB";230;81,4;"BAYEUX";"Reacao tardia ou ineficiente do condutor";"Saida de leito carrocavel";"Sem Vatimas";"Plena Noite";"Crescente";"Ceu Claro";"Dupla";"Aclive;Interseaao de Vias;Reto";"Nao";1;0;0;0;0;1;0;1;-7,12746568;-34,94053602;"SPRF-PB";"DEL01-PB";"UOP03-DEL01-PB"
583065;2024-02-24;"sabado";"18:00:00";"SC";101;343;"TUBARAO";"Ingestao de alcool pelo condutor";"Colisao traseira";"Sem Vatimas";"Pleno dia";"Crescente";"Ceu Claro";"Dupla";"Reta";"Nao";5;0;0;0;5;0;0;2;-28,543668;-49,053424;"SPRF-SC";"DEL02-SC";"UOP01-DEL02-SC"
583067;2024-02-24;"sabado";"19:15:00";"RS";153;45,9;"ERECHIM";"Acessar a via sem observar a presenca dos outros veiculos";"Colisao lateral mesmo sentido";"Com Vatimas Feridas";"Anoitecer";"Crescente";"Ceu Claro";"Simples";"Reta";"Sim";2;0;0;1;1;0;1;2;-27,63214303;-52,23626162;"SPRF-RS";"DEL08-RS";"UOP04-DEL08-RS"
583068;2024-02-24;"sabado";"18:00:00";"PR";116;10;"COLOMBO";"Ausancia de Reacao do condutor";"Colisao traseira";"Com Vatimas Feridas";"Plena Noite";"Crescente";"Chuva";"Dupla";"Reta;Declive                  ";"Sim";3;0;1;0;2;0;1;2;-25,3719;-49,134;"SPRF-PR";"DEL01-PR";"UOP02-DEL01-PR"
583069;2024-02-24;"sabado";"18:10:00";"RS";468;86,8;"BOM PROGRESSO";"Acessar a via sem observar a presenca dos outros veiculos";"Colisao transversal";"Com Vatimas Feridas";"Pleno dia";"Crescente";"Nublado";"Simples";"Reta";"Nao";2;0;1;1;0;0;2;2;-27,56813;-53,86081;"SPRF-RS";"DEL08-RS";"UOP02-DEL08-RS"
583072;2024-02-24;"sabado";"19:00:00";"RS";470;178;"VERANOPOLIS";"Ingestao de alcool pelo condutor";"Colisao traseira";"Sem Vatimas";"Anoitecer";"Decrescente";"Ceu Claro";"Simples";"Interseaao de Vias;Reta       ";"Sim";3;0;0;0;3;0;0;2;-28,94753484;-51,55413312;"SPRF-RS";"DEL06-RS";"UOP02-DEL06-RS"
583073;2024-02-24;"sabado";"17:45:00";"RS";285;571,2;"SAO LUIZ GONZAGA";"Desrespeitar a preferancia no cruzamento";"Colisao transversal";"Com Vatimas Feridas";"Pleno dia";"Crescente";"Ceu Claro";"Simples";"Interseaao de Vias;Reta       ";"Sim";7;0;3;0;4;0;3;2;-28,415785;-55,005928;"SPRF-RS";"DEL12-RS";"UOP01-DEL12-RS"
583074;2024-02-24;"sabado";"19:15:00";"MS";163;11,7;"MUNDO NOVO";"Ausancia de Reacao do condutor";"Eventos atapicos";"Com Vatimas Fatais";"Plena Noite";"Crescente";"Ignorado";"Simples";"Declive;Reta                  ";"Nao";2;1;0;0;1;0;0;2;-23,96872579;-54,32871421;"SPRF-MS";"DEL09-MS";"UOP02-DEL09-MS"
583076;2024-02-24;"sabado";"20:28:00";"RJ";116;179;"NOVA IGUACU";"Condutor usando celular";"Queda de ocupante de veiculo";"Com Vatimas Feridas";"Plena Noite";"Decrescente";"Nublado";"Dupla";"Reta";"Sim";1;0;1;0;0;0;1;1;-22,769902;-43,408036;"SPRF-RJ";"DEL06-RJ";"UOP01-DEL06-RJ"
583077;2024-02-04;"domingo";"17:38:00";"PR";476;351,3;"PAULA FREITAS";"Ultrapassagem Indevida";"Colisao lateral mesmo sentido";"Com Vatimas Feridas";"Pleno dia";"Crescente";"Nublado";"Simples";"Curva";"Nao";6;0;1;4;1;0;5;2;-26,196728;-50,982819;"SPRF-PR";"DEL02-PR";"UOP03-DEL02-PR"
583078;2024-02-24;"sabado";"18:00:00";"SP";381;75;"SAO PAULO";"Chuva";"Saida de leito carrocavel";"Com Vatimas Feridas";"Anoitecer";"Decrescente";"Chuva";"Dupla";"Curva";"Nao";1;0;1;0;0;0;1;1;-23,37660089;-46,56409613;"SPRF-SP";"DEL03-SP";"UOP01-DEL03-SP"
583079;2024-02-24;"sabado";"19:45:00";"ES";101;81;"SAO MATEUS";"Acessar a via sem observar a presenca dos outros veiculos";"Colisao transversal";"Com Vatimas Feridas";"Plena Noite";"Decrescente";"Ceu Claro";"Simples";"Reta";"Nao";3;0;2;0;1;0;2;2;-18,82882736;-39,91225653;"SPRF-ES";"DEL04-ES";"UOP02-DEL04-ES"
583080;2024-02-24;"sabado";"18:45:00";"PR";158;395,2;"LARANJEIRAS DO SUL";"Demais Fenamenos da natureza";"Colisao traseira";"Com Vatimas Feridas";"Anoitecer";"Crescente";"Sol";"Simples";"Aclive;Reta                   ";"Nao";3;0;2;0;1;0;2;2;-25,31274547;-52,32462315;"SPRF-PR";"DEL04-PR";"UOP02-DEL04-PR"
583081;2024-02-24;"sabado";"17:40:00";"MG";381;455,7;"BELO HORIZONTE";"Condutor deixou de manter distancia do veiculo da frente";"Colisao traseira";"Com Vatimas Feridas";"Amanhecer";"Decrescente";"Ceu Claro";"Simples";"Declive;Reta                  ";"Sim";2;0;0;1;1;0;1;2;-19,85777408;-43,90468298;"SPRF-MG";"DEL01-MG";"UOP01-DEL01-MG"
583083;2024-02-24;"sabado";"19:15:00";"SP";101;48,7;"UBATUBA";"Conversao proibida";"Colisao transversal";"Com Vatimas Feridas";"Plena Noite";"Decrescente";"Nublado";"Simples";"Interseaao de Vias;Reta       ";"Sim";2;0;1;0;1;0;1;2;-23,44088403;-45,08692503;"SPRF-SP";"DEL06-SP";"UOP01-DEL06-SP"
583086;2024-02-24;"sabado";"20:15:00";"RS";116;318;"BARRA DO RIBEIRO";"Ausancia de Reacao do condutor";"Saida de leito carrocavel";"Sem Vatimas";"Plena Noite";"Decrescente";"Ceu Claro";"Dupla";"Reta";"Nao";1;0;0;0;1;0;0;1;-30,27278604;-51,40935988;"SPRF-RS";"DEL02-RS";"UOP01-DEL02-RS"
583088;2024-02-24;"sabado";"21:25:00";"SC";280;46,8;"GUARAMIRIM";"Acessar a via sem observar a presenca dos outros veiculos";"Colisao transversal";"Com Vatimas Feridas";"Plena Noite";"Crescente";"Chuva";"Simples";"Aclive;Reta;Interseaao de Vias";"Nao";3;0;0;2;1;0;2;3;-26,45314994;-48,91017795;"SPRF-SC";"DEL03-SC";"UOP03-DEL03-SC"
583089;2024-02-24;"sabado";"20:00:00";"GO";60;102;"ANAPOLIS";"Ingestao de alcool pelo condutor";"Saida de leito carrocavel";"Sem Vatimas";"Plena Noite";"Crescente";"Chuva";"Dupla";"Reta";"Nao";1;0;0;0;1;0;0;1;-16,406;-48,9831;"SPRF-GO";"DEL02-GO";"UOP01-DEL02-GO"
583090;2024-02-24;"sabado";"18:44:00";"SE";235;6;"NOSSA SENHORA DO SOCORRO";"Transitar na contramao";"Colisao frontal";"Com Vatimas Feridas";"Plena Noite";"Crescente";"Ceu Claro";"Dupla";"Aclive;Reta                   ";"Sim";5;0;4;0;1;0;4;2;-10,903851;-37,128677;"SPRF-SE";"DEL01-SE";"UOP01-DEL01-SE"
583093;2024-02-24;"sabado";"19:20:00";"MG";153;1,8;"ARAPORA";"Acessar a via sem observar a presenca dos outros veiculos";"Colisao transversal";"Com Vatimas Feridas";"Plena Noite";"Decrescente";"Ceu Claro";"Dupla";"Retorno Regulamentado;Reta    ";"Sim";7;0;2;0;5;0;2;2;-18,43268286;-49,19127345;"SPRF-MG";"DEL15-MG";"UOP03-DEL15-MG"
583098;2024-02-24;"sabado";"21:20:00";"SE";101;56;"ROSARIO DO CATETE";"Reacao tardia ou ineficiente do condutor";"Colisao lateral sentido oposto";"Com Vatimas Feridas";"Plena Noite";"Crescente";"Ceu Claro";"Simples";"Declive;Reta                  ";"Nao";2;0;0;1;1;0;1;2;-10,6393067;-37,0106971;"SPRF-SE";"DEL02-SE";"UOP02-DEL02-SE"
583100;2024-02-24;"sabado";"22:10:00";"BA";101;877;"TEIXEIRA DE FREITAS";"Transitar na contramao";"Colisao frontal";"Com Vatimas Feridas";"Plena Noite";"Decrescente";"Ceu Claro";"Simples";"Reta";"Sim";2;0;1;0;0;1;1;2;-17,53906508;-39,71501651;"SPRF-BA";"DEL09-BA";"UOP02-DEL09-BA"
583103;2024-02-24;"sabado";"21:54:00";"RJ";101;334;"RIO DE JANEIRO";"Transitar na contramao";"Colisao frontal";"Com Vatimas Feridas";"Plena Noite";"Decrescente";"Ceu Claro";"Maltipla";"Aclive";"Nao";4;0;0;2;2;0;2;2;-22,88517902;-43,21704364;"SPRF-RJ";"DEL02-RJ";"UOP01-DEL02-RJ"
583104;2024-02-24;"sabado";"19:45:00";"AC";364;136;"RIO BRANCO";"Acumulo de areia ou detritos sobre o pavimento";"Queda de ocupante de veiculo";"Com Vatimas Feridas";"Plena Noite";"Decrescente";"Ceu Claro";"Dupla";"Rotataria";"Sim";1;0;1;0;0;0;1;1;-9,977578;-67,8489;"SPRF-AC";"DEL01-AC";"UOP01-DEL01-AC"
583105;2024-02-24;"sabado";"22:30:00";"GO";60;385;"RIO VERDE";"Reacao tardia ou ineficiente do condutor";"Colisao com objeto";"Com Vatimas Feridas";"Plena Noite";"Decrescente";"Nublado";"Maltipla";"Declive;Ponte;Reta            ";"Sim";1;0;1;0;0;0;1;1;-17,8026;-50,9202;"SPRF-GO";"DEL04-GO";"UOP02-DEL04-GO"
583106;2024-02-24;"sabado";"22:20:00";"RJ";116;194;"NOVA IGUACU";"Ausancia de Reacao do condutor";"Tombamento";"Com Vatimas Feridas";"Plena Noite";"Crescente";"Ceu Claro";"Dupla";"Reta";"Nao";3;0;1;1;0;1;2;2;-22,73711632;-43,53793909;"SPRF-RJ";"DEL06-RJ";"UOP01-DEL06-RJ"
583107;2024-02-24;"sabado";"19:00:00";"PB";230;162,6;"CAMPINA GRANDE";"Acessar a via sem observar a presenca dos outros veiculos";"Colisao transversal";"Com Vatimas Fatais";"Plena Noite";"Crescente";"Ceu Claro";"Simples";"Reta";"Nao";4;1;0;1;1;1;1;3;-7,2277;-35,9439;"SPRF-PB";"DEL02-PB";"UOP01-DEL02-PB"
583108;2024-02-24;"sabado";"19:40:00";"MS";163;266;"DOURADOS";"Ausancia de Reacao do condutor";"Colisao traseira";"Com Vatimas Feridas";"Plena Noite";"Crescente";"Chuva";"Dupla";"Reta";"Nao";6;0;1;0;5;0;1;2;-22,21821026;-54,72287079;"SPRF-MS";"DEL04-MS";"UOP01-DEL04-MS"
583109;2024-02-24;"sabado";"16:15:00";"SP";101;41;"UBATUBA";"Avarias e/ou desgaste excessivo no pneu";"Tombamento";"Com Vatimas Feridas";"Pleno dia";"Decrescente";"Nublado";"Simples";"Curva";"Nao";2;0;2;0;0;0;2;1;-23,41971433;-45,0428663;"SPRF-SP";"DEL06-SP";"UOP01-DEL06-SP"
583110;2024-02-24;"sabado";"22:30:00";"PR";277;4,5;"PARANAGUA";"Condutor deixou de manter distancia do veiculo da frente";"Colisao traseira";"Com Vatimas Feridas";"Plena Noite";"Decrescente";"Nublado";"Dupla";"Reta";"Sim";4;0;1;0;3;0;1;2;-25,5319774;-48,5294873;"SPRF-PR";"DEL01-PR";"UOP05-DEL01-PR"
583111;2024-02-24;"sabado";"20:50:00";"PE";101;149;"RIBEIRAO";"Velocidade Incompatavel";"Colisao transversal";"Com Vatimas Feridas";"Plena Noite";"Crescente";"Ceu Claro";"Simples";"Interseaao de Vias";"Sim";3;0;2;0;1;0;2;2;-8,49165198;-35,37459703;"SPRF-PE";"DEL01-PE";"UOP03-DEL01-PE"
583112;2024-02-24;"sabado";"20:30:00";"RJ";40;119;"DUQUE DE CAXIAS";"Manobra de mudanaa de faixa";"Colisao com objeto";"Com Vatimas Feridas";"Plena Noite";"Crescente";"Ceu Claro";"Maltipla";"Reta";"Sim";4;0;1;0;3;0;1;2;-22,76375592;-43,28683062;"SPRF-RJ";"DEL01-RJ";"UOP02-DEL01-RJ"
583113;2024-02-24;"sabado";"16:00:00";"RJ";101;395;"RIO DE JANEIRO";"Reacao tardia ou ineficiente do condutor";"Saida de leito carrocavel";"Com Vatimas Feridas";"Pleno dia";"Crescente";"Ceu Claro";"Maltipla";"Reta";"Nao";3;0;1;0;2;0;1;1;-22,88237391;-43,72205597;"SPRF-RJ";"DEL03-RJ";"UOP01-DEL03-RJ"
583114;2024-02-24;"sabado";"22:40:00";"PE";101;51;"ABREU E LIMA";"Pedestre cruzava a pista fora da faixa";"Atropelamento de Pedestre";"Com Vatimas Fatais";"Plena Noite";"Decrescente";"Ceu Claro";"Dupla";"Reta";"Sim";2;1;0;0;0;1;0;2;-7,9169968;-34,89689272;"SPRF-PE";"DEL01-PE";"UOP02-DEL01-PE"
583115;2024-02-24;"sabado";"21:30:00";"MT";163;1063;"GUARANTA DO NORTE";"Ingestao de alcool pelo condutor";"Colisao lateral sentido oposto";"Sem Vatimas";"Plena Noite";"Crescente";"Ceu Claro";"Simples";"Reta";"Sim";2;0;0;0;2;0;0;2;-10,01111527;-54,90829468;"SPRF-MT";"DEL06-MT";"UOP03-DEL06-MT"
583116;2024-02-24;"sabado";"23:30:00";"SC";101;222;"PALHOCA";"Avarias e/ou desgaste excessivo no pneu";"Queda de ocupante de veiculo";"Com Vatimas Feridas";"Plena Noite";"Crescente";"Nublado";"Dupla";"Reta";"Nao";2;0;2;0;0;0;2;1;-27,70865409;-48,65586407;"SPRF-SC";"DEL01-SC";"UOP02-DEL01-SC"
583117;2024-02-24;"sabado";"22:10:00";"SC";101;454,9;"SAO JOAO DO SUL";"Falta de acostamento";"Colisao traseira";"Com Vatimas Feridas";"Plena Noite";"Decrescente";"Ignorado";"Simples";"Reta";"Sim";2;0;1;1;0;0;2;2;-29,22619351;-49,75982666;"SPRF-SC";"DEL02-SC";"UOP02-DEL02-SC"
583119;2024-02-24;"sabado";"23:00:00";"MA";10;254;"IMPERATRIZ";"Ingestao de alcool pelo condutor";"Colisao traseira";"Sem Vatimas";"Plena Noite";"Crescente";"Ceu Claro";"Simples";"Reta";"Nao";2;0;0;0;2;0;0;2;-5,517879;-47,471581;"SPRF-MA";"DEL04-MA";"UOP01-DEL04-MA"
583120;2024-02-24;"sabado";"22:50:00";"DF";60;5;"BRASILIA";"Manobra de mudanaa de faixa";"Colisao lateral mesmo sentido";"Sem Vatimas";"Plena Noite";"Crescente";"Nublado";"Dupla";"Reta";"Sim";6;0;0;0;6;0;0;2;-15,895438;-48,104771;"SPRF-DF";"DEL03-DF";"UOP01-DEL03-DF"
583121;2024-02-24;"sabado";"22:53:00";"PE";232;122;"CARUARU";"Animais na Pista";"Atropelamento de Animal";"Com Vatimas Feridas";"Plena Noite";"Decrescente";"Ceu Claro";"Dupla";"Reta";"Nao";1;0;1;0;0;0;1;1;-8,30217741;-35,91946793;"SPRF-PE";"DEL02-PE";"UOP01-DEL02-PE"
583122;2024-02-24;"sabado";"22:30:00";"SC";101;13;"GARUVA";"Ingestao de alcool pelo condutor";"Saida de leito carrocavel";"Com Vatimas Feridas";"Plena Noite";"Crescente";"Chuva";"Maltipla";"Declive;Reta                  ";"Nao";4;0;2;0;2;0;2;1;-26,09036771;-48,86377573;"SPRF-SC";"DEL03-SC";"UOP01-DEL03-SC"
583123;2024-02-24;"sabado";"23:00:00";"BA";324;475,7;"TANQUINHO";"Restriaao de visibilidade em curvas horizontais";"Colisao lateral sentido oposto";"Sem Vatimas";"Plena Noite";"Crescente";"Chuva";"Simples";"Curva";"Nao";3;0;0;0;3;0;0;3;-11,978092;-39,10112;"SPRF-BA";"DEL02-BA";"UOP01-DEL02-BA"
583124;2024-02-24;"sabado";"23:30:00";"SP";116;149;"SAO JOSE DOS CAMPOS";"Reacao tardia ou ineficiente do condutor";"Tombamento";"Com Vatimas Feridas";"Plena Noite";"Decrescente";"Ceu Claro";"Dupla";"Reta";"Nao";1;0;0;1;0;0;1;1;-23,20700047;-45,88626861;"SPRF-SP";"DEL02-SP";"UOP01-DEL02-SP"
583126;2024-02-24;"sabado";"23:30:00";"MS";60;424;"SIDROLANDIA";"Reacao tardia ou ineficiente do condutor";"Tombamento";"Com Vatimas Feridas";"Plena Noite";"Crescente";"Ceu Claro";"Simples";"Reta";"Sim";1;0;0;1;0;0;1;1;-20,92148821;-54,9522437;"SPRF-MS";"DEL01-MS";"UOP04-DEL01-MS"
583127;2024-02-24;"sabado";"23:00:00";"MG";381;456;"BELO HORIZONTE";"Ingestao de alcool pelo condutor";"Capotamento";"Sem Vatimas";"Plena Noite";"Decrescente";"Ceu Claro";"Dupla";"Reta";"Nao";1;0;0;0;0;1;0;1;-19,85862954;-43,91292495;"SPRF-MG";"DEL01-MG";"UOP01-DEL01-MG"
583128;2024-02-24;"sabado";"22:20:00";"MG";116;702,4;"MURIAE";"Pedestre andava na pista";"Atropelamento de Pedestre";"Com Vatimas Feridas";"Plena Noite";"Crescente";"Ignorado";"Maltipla";"Reta;Interseaao de Vias       ";"Sim";2;0;1;0;0;1;1;2;-21,11938311;-42,38006362;"SPRF-MG";"DEL07-MG";"UOP02-DEL07-MG"
583130;2024-02-25;"domingo";"00:30:00";"PR";116;14,3;"COLOMBO";"Velocidade Incompatavel";"Capotamento";"Sem Vatimas";"Plena Noite";"Decrescente";"Ceu Claro";"Dupla";"Reta";"Sim";1;0;0;0;0;1;0;1;-25,3818;-49,1643;"SPRF-PR";"DEL01-PR";"UOP02-DEL01-PR"
583131;2024-02-25;"domingo";"00:30:00";"PR";116;98;"SAO JOSE DOS PINHAIS";"Velocidade Incompatavel";"Atropelamento de Pedestre";"Com Vatimas Feridas";"Plena Noite";"Crescente";"Ceu Claro";"Dupla";"Reta";"Sim";2;0;0;1;0;1;1;2;-25,51973222;-49,13431573;"SPRF-PR";"DEL01-PR";"UOP07-DEL01-PR"
583132;2024-02-25;"domingo";"00:55:00";"PB";101;37;"MAMANGUAPE";"Ausancia de Reacao do condutor";"Saida de leito carrocavel";"Com Vatimas Feridas";"Plena Noite";"Crescente";"Ceu Claro";"Dupla";"Reta";"Nao";1;0;1;0;0;0;1;1;-6,8116959726;-35,1396907397;"SPRF-PB";"DEL01-PB";"UOP04-DEL01-PB"
583134;2024-02-25;"domingo";"01:15:00";"SP";116;217;"GUARULHOS";"Ingestao de alcool pelo condutor";"Tombamento";"Com Vatimas Feridas";"Plena Noite";"Decrescente";"Nublado";"Maltipla";"Reta;Aclive                   ";"Nao";1;0;1;0;0;0;1;1;-23,45423824;-46,47119028;"SPRF-SP";"DEL01-SP";"UOP01-DEL01-SP"
583135;2024-02-25;"domingo";"01:30:00";"SC";101;213;"PALHOCA";"Ingestao de alcool pelo condutor";"Saida de leito carrocavel";"Sem Vatimas";"Plena Noite";"Decrescente";"Garoa/Chuvisco";"Dupla";"Reta";"Sim";1;0;0;0;1;0;0;1;-27,63697369;-48,66514142;"SPRF-SC";"DEL01-SC";"UOP02-DEL01-SC"
583136;2024-02-25;"domingo";"01:30:00";"GO";40;1,8;"VALPARAISO DE GOIAS";"Ingestao de alcool pelo condutor";"Capotamento";"Sem Vatimas";"Plena Noite";"Decrescente";"Ceu Claro";"Dupla";"Reta";"Sim";1;0;0;0;1;0;0;1;-16,058245;-47,982825;"SPRF-DF";"DEL01-DF";"UOP01-DEL01-DF"
583137;2024-02-25;"domingo";"01:12:00";"PR";476;193,2;"LAPA";"Pedestre andava na pista";"Atropelamento de Pedestre";"Com Vatimas Fatais";"Plena Noite";"Decrescente";"Ceu Claro";"Simples";"Reta;Aclive                   ";"Nao";2;1;0;0;1;0;0;2;-25,74048;-49,710938;"SPRF-PR";"DEL01-PR";"UOP06-DEL01-PR"