"id";"data_inversa";"dia_semana";"horario";"uf";"br";"km";"municipio";"causa_acidente";"tipo_acidente";"classificacao_acidente";"fase_dia";"sentido_via";"condicao_metereologica";"tipo_pista";"tracado_via";"uso_solo";"pessoas";"mortos";"feridos_leves";"feridos_graves";"ilesos";"ignorados";"feridos";"veiculos";"latitude";"longitude";"regional";"delegacia";"uop"
583138;2024-02-25;"domingo";"01:15:00";"PR";116;31;"CAMPINA GRANDE DO SUL";"Ausancia de Reacao do condutor";"Saida de leito carrocavel";"Com Vatimas Feridas";"Plena Noite";"Crescente";"Chuva";"Simples";"Curva";"Nao";1;0;0;1;0;0;1;1;-25,10517495;-48,84111643;"SPRF-PR";"DEL01-PR";"UOP02-DEL01-PR"
583139;2024-02-25;"domingo";"01:00:00";"SC";101;459;"PASSO DE TORRES";"Ausancia de Reacao do condutor";"Queda de ocupante de veiculo";"Com Vatimas Feridas";"Plena Noite";"Crescente";"Ceu Claro";"Dupla";"Reta";"Nao";2;0;2;0;0;0;2;1;-29,249493;-49,75304901;"SPRF-RS";"DEL03-RS";"UOP02-DEL03-RS"
583140;2024-02-24;"sabado";"23:00:00";"MA";10;180,4;"CAMPESTRE DO MARANHAO";"Ingestao de alcool pelo condutor";"Colisao frontal";"Com Vatimas Feridas";"Plena Noite";"Crescente";"Ceu Claro";"Simples";"Reta";"Nao";5;0;5;0;0;0;5;2;-6,158751;-47,367653;"SPRF-MA";"DEL04-MA";"UOP02-DEL04-MA"
583141;2024-02-25;"domingo";"00:50:00";"RJ";101;500;"ANGRA DOS REIS";"Velocidade Incompatavel";"Tombamento";"Com Vatimas Feridas";"Plena Noite";"Decrescente";"Ceu Claro";"Simples";"Reta";"Nao";1;0;0;1;0;0;1;1;-22,91719505;-44,35485495;"SPRF-RJ";"DEL03-RJ";"UOP03-DEL03-RJ"
583144;2024-02-25;"domingo";"02:05:00";"MG";381;869,1;"POUSO ALEGRE";"Ingestao de alcool pelo condutor";"Saida de leito carrocavel";"Com Vatimas Feridas";"Plena Noite";"Crescente";"Ceu Claro";"Dupla";"Reta";"Nao";2;0;2;0;0;0;2;1;-22,38391151;-45,9495492;"SPRF-MG";"DEL16-MG";"UOP01-DEL16-MG"
583145;2024-02-25;"domingo";"02:30:00";"SP";116;214;"GUARULHOS";"Velocidade Incompatavel";"Colisao traseira";"Sem Vatimas";"Plena Noite";"Decrescente";"Ceu Claro";"Maltipla";"Aclive";"Sim";2;0;0;0;1;1;0;2;-23,44333014;-46,44531294;"SPRF-SP";"DEL01-SP";"UOP01-DEL01-SP"
583147;2024-02-24;"sabado";"11:35:00";"BA";324;625;"SALVADOR";"Avarias e/ou desgaste excessivo no pneu";"Queda de ocupante de veiculo";"Com Vatimas Feridas";"Pleno dia";"Crescente";"Nublado";"Maltipla";"Reta";"Sim";2;0;2;0;0;0;2;1;-12,94194706;-38,47081224;"SPRF-BA";"DEL01-BA";"UOP01-DEL01-BA"
583148;2024-02-25;"domingo";"03:20:00";"SC";470;99,9;"APIUNA";"Velocidade Incompatavel";"Colisao com objeto";"Com Vatimas Feridas";"Plena Noite";"Decrescente";"Ceu Claro";"Simples";"Reta";"Nao";4;0;2;0;1;1;2;2;-27,037956;-49,393417;"SPRF-SC";"DEL04-SC";"UOP02-DEL04-SC"
583149;2024-02-25;"domingo";"03:10:00";"MG";262;361;"BETIM";"Ausancia de Reacao do condutor";"Atropelamento de Animal";"Com Vatimas Feridas";"Plena Noite";"Crescente";"Nevoeiro/Neblina";"Dupla";"Reta";"Sim";2;0;2;0;0;0;2;1;-19,97906129;-44,21765208;"SPRF-MG";"DEL01-MG";"UOP03-DEL01-MG"
583151;2024-02-24;"sabado";"20:35:00";"RN";110;49,2;"MOSSORO";"Reacao tardia ou ineficiente do condutor";"Colisao traseira";"Sem Vatimas";"Plena Noite";"Decrescente";"Ceu Claro";"Maltipla";"Reta";"Sim";2;0;0;0;1;1;0;2;-5,21645975;-37,32927128;"SPRF-RN";"DEL04-RN";"UOP01-DEL04-RN"
583153;2024-02-25;"domingo";"03:00:00";"ES";101;363,2;"ANCHIETA";"Velocidade Incompatavel";"Queda de ocupante de veiculo";"Com Vatimas Feridas";"Plena Noite";"Decrescente";"Ceu Claro";"Dupla";"Reta";"Nao";1;0;1;0;0;0;1;1;-20,72058178;-40,73858925;"SPRF-ES";"DEL03-ES";"UOP01-DEL03-ES"
583154;2024-02-25;"domingo";"02:40:00";"RJ";356;2;"ITAPERUNA";"Condutor Dormindo";"Colisao com objeto";"Com Vatimas Feridas";"Plena Noite";"Decrescente";"Ceu Claro";"Simples";"Reta;Declive                  ";"Nao";2;0;2;0;0;0;2;1;-21,14747369;-42,16443672;"SPRF-RJ";"DEL08-RJ";"UOP03-DEL08-RJ"
583155;2024-02-25;"domingo";"03:30:00";"PI";343;12,8;"PARNAIBA";"Condutor desrespeitou a iluminaaao vermelha do semaforo";"Colisao transversal";"Com Vatimas Feridas";"Plena Noite";"Crescente";"Ceu Claro";"Simples";"Interseaao de Vias";"Sim";2;0;0;1;0;1;1;2;-2,910035;-41,753662;"SPRF-PI";"DEL05-PI";"UOP01-DEL05-PI"
583156;2024-02-25;"domingo";"02:40:00";"PR";116;148;"MANDIRITUBA";"Velocidade Incompatavel";"Colisao com objeto";"Com Vatimas Feridas";"Plena Noite";"Decrescente";"Nublado";"Dupla";"Curva";"Nao";2;0;2;0;0;0;2;1;-25,79935303;-49,32952786;"SPRF-PR";"DEL01-PR";"UOP03-DEL01-PR"
583157;2024-02-25;"domingo";"03:55:00";"PE";101;80;"JABOATAO DOS GUARARAPES";"Estacionar ou parar em local proibido";"Atropelamento de Pedestre";"Sem Vatimas";"Plena Noite";"Crescente";"Nublado";"Dupla";"Reta";"Sim";2;0;0;0;1;1;0;2;-8,15592867;-34,94171619;"SPRF-PE";"DEL01-PE";"UOP01-DEL01-PE"
583158;2024-02-25;"domingo";"03:40:00";"PI";343;340,5;"TERESINA";"Ausancia de Reacao do condutor";"Colisao com objeto";"Com Vatimas Feridas";"Plena Noite";"Crescente";"Ceu Claro";"Dupla";"Reta";"Sim";1;0;1;0;0;0;1;1;-5,076088;-42,739843;"SPRF-PI";"DEL01-PI";"UOP01-DEL01-PI"
583159;2024-02-25;"domingo";"04:00:00";"GO";60;83;"ANAPOLIS";"Ingestao de alcool pelo condutor";"Saida de leito carrocavel";"Sem Vatimas";"Amanhecer";"Crescente";"Ceu Claro";"Dupla";"Reta";"Nao";1;0;0;0;1;0;0;1;-16,3149;-48,846;"SPRF-GO";"DEL02-GO";"UOP01-DEL02-GO"
583161;2024-02-25;"domingo";"04:00:00";"BA";101;220;"CRUZ DAS ALMAS";"Ultrapassagem Indevida";"Colisao frontal";"Com Vatimas Fatais";"Amanhecer";"Decrescente";"Nublado";"Simples";"Reta";"Nao";4;1;0;2;0;1;2;2;-12,654;-39,122;"SPRF-BA";"DEL01-BA";"UOP02-DEL01-BA"
583162;2024-02-25;"domingo";"04:13:00";"CE";116;5,1;"FORTALEZA";"Acumulo de agua sobre o pavimento";"Colisao com objeto";"Com Vatimas Feridas";"Plena Noite";"Crescente";"Nublado";"Dupla";"Reta";"Sim";4;0;4;0;0;0;4;1;-3,79467116;-38,50772734;"SPRF-CE";"DEL01-CE";"UOP02-DEL01-CE"
583164;2024-02-25;"domingo";"05:00:00";"PR";376;202;"MANDAGUARI";"Estacionar ou parar em local proibido";"Colisao traseira";"Com Vatimas Feridas";"Amanhecer";"Crescente";"Ceu Claro";"Dupla";"Curva";"Nao";3;0;1;0;2;0;1;2;-23,50951388;-51,72140497;"SPRF-PR";"DEL09-PR";"UOP01-DEL09-PR"
583165;2024-02-25;"domingo";"05:30:00";"SP";116;227;"GUARULHOS";"Reacao tardia ou ineficiente do condutor";"Colisao com objeto";"Com Vatimas Feridas";"Amanhecer";"Crescente";"Nublado";"Maltipla";"Reta;Interseaao de Vias;Decliv";"Sim";1;0;0;1;0;0;1;1;-23,49659264;-46,55648754;"SPRF-SP";"DEL01-SP";"UOP01-DEL01-SP"
583166;2024-02-25;"domingo";"05:30:00";"SC";101;121;"ITAJAI";"Ingestao de alcool pelo condutor";"Colisao com objeto";"Com Vatimas Feridas";"Amanhecer";"Crescente";"Nublado";"Dupla";"Reta";"Nao";1;0;1;0;0;0;1;1;-26,92103178;-48,70856446;"SPRF-SC";"DEL04-SC";"UOP04-DEL04-SC"
583169;2024-02-25;"domingo";"04:50:00";"RN";101;109;"SAO JOSE DE MIPIBU";"Ingestao de alcool pelo condutor";"Colisao com objeto";"Com Vatimas Feridas";"Amanhecer";"Crescente";"Ceu Claro";"Dupla";"Curva";"Sim";1;0;1;0;0;0;1;1;-5,973247;-35,26489;"SPRF-RN";"DEL01-RN";"UOP01-DEL01-RN"
583171;2024-02-25;"domingo";"04:16:00";"AC";364;136;"RIO BRANCO";"Ausancia de Reacao do condutor";"Queda de ocupante de veiculo";"Com Vatimas Feridas";"Amanhecer";"Crescente";"Ceu Claro";"Dupla";"Reta;Aclive                   ";"Nao";1;0;1;0;0;0;1;1;-9,977578;-67,8489;"SPRF-AC";"DEL01-AC";"UOP01-DEL01-AC"
583172;2024-02-25;"domingo";"06:55:00";"SC";101;203;"SAO JOSE";"Reacao tardia ou ineficiente do condutor";"Colisao com objeto";"Com Vatimas Feridas";"Pleno dia";"Crescente";"Chuva";"Maltipla";"Reta";"Sim";2;0;1;1;0;0;2;1;-27,55711595;-48,61897889;"SPRF-SC";"DEL01-SC";"UOP01-DEL01-SC"
583173;2024-02-25;"domingo";"06:15:00";"SP";116;81,8;"ROSEIRA";"Reacao tardia ou ineficiente do condutor";"Colisao lateral mesmo sentido";"Com Vatimas Feridas";"Amanhecer";"Crescente";"Nevoeiro/Neblina";"Dupla";"Reta";"Nao";3;0;2;0;1;0;2;2;-22,90796442;-45,31683755;"SPRF-SP";"DEL08-SP";"UOP01-DEL08-SP"
583174;2024-02-25;"domingo";"05:05:00";"MS";376;162;"NOVA ANDRADINA";"Ausancia de Reacao do condutor";"Saida de leito carrocavel";"Com Vatimas Feridas";"Amanhecer";"Crescente";"Ceu Claro";"Simples";"Reta";"Nao";1;0;0;1;0;0;1;1;-22,3292839;-53,46611603;"SPRF-MS";"DEL04-MS";"UOP04-DEL04-MS"
583176;2024-02-25;"domingo";"05:30:00";"PR";153;340;"IRATI";"Velocidade Incompatavel";"Saida de leito carrocavel";"Com Vatimas Feridas";"Amanhecer";"Crescente";"Nublado";"Simples";"Declive;Reta                  ";"Nao";3;0;2;0;1;0;2;1;-25,53915013;-50,6596756;"SPRF-PR";"DEL08-PR";"UOP02-DEL08-PR"
583177;2024-02-25;"domingo";"05:00:00";"RO";174;15;"VILHENA";"Ausancia de Reacao do condutor";"Queda de ocupante de veiculo";"Com Vatimas Feridas";"Plena Noite";"Crescente";"Ceu Claro";"Simples";"Reta";"Nao";1;0;1;0;0;0;1;1;-12,723321;-60,12801;"SPRF-RO";"DEL04-RO";"UOP01-DEL04-RO"
583178;2024-02-25;"domingo";"07:00:00";"SP";381;89,8;"GUARULHOS";"Reacao tardia ou ineficiente do condutor";"Colisao com objeto";"Com Vatimas Feridas";"Pleno dia";"Decrescente";"Ceu Claro";"Dupla";"Curva";"Sim";1;0;1;0;0;0;1;1;-23,48469299;-46,55983288;"SPRF-SP";"DEL03-SP";"UOP01-DEL03-SP"
583179;2024-02-25;"domingo";"03:00:00";"MG";50;172;"UBERABA";"Ausancia de Reacao do condutor";"Saida de leito carrocavel";"Sem Vatimas";"Plena Noite";"Decrescente";"Ceu Claro";"Dupla";"Reta";"Sim";1;0;0;0;0;1;0;1;-19,758095;-47,978807;"SPRF-MG";"DEL13-MG";"UOP01-DEL13-MG"
583180;2024-02-25;"domingo";"06:30:00";"RJ";101;261,9;"RIO BONITO";"Ausancia de Reacao do condutor";"Tombamento";"Com Vatimas Feridas";"Amanhecer";"Decrescente";"Ceu Claro";"Dupla";"Curva;Aclive                  ";"Nao";2;0;0;2;0;0;2;1;-22,71139378;-42,61157199;"SPRF-RJ";"DEL02-RJ";"UOP03-DEL02-RJ"
583181;2024-02-25;"domingo";"07:10:00";"CE";116;157,9;"RUSSAS";"Ausancia de Reacao do condutor";"Colisao traseira";"Com Vatimas Feridas";"Pleno dia";"Crescente";"Ceu Claro";"Simples";"Reta";"Nao";2;0;0;1;1;0;1;2;-4,89917199;-38,00907599;"SPRF-CE";"DEL03-CE";"UOP01-DEL03-CE"
583182;2024-02-25;"domingo";"06:30:00";"PR";369;184,6;"ARAPONGAS";"Ausancia de Reacao do condutor";"Queda de ocupante de veiculo";"Com Vatimas Feridas";"Amanhecer";"Decrescente";"Nublado";"Simples";"Reta";"Sim";3;0;1;1;1;0;2;3;-23,403217;-51,428201;"SPRF-PR";"DEL07-PR";"UOP03-DEL07-PR"
583183;2024-02-25;"domingo";"06:05:00";"MT";174;2;"PONTES E LACERDA";"Condutor usando celular";"Saida de leito carrocavel";"Com Vatimas Feridas";"Pleno dia";"Crescente";"Nublado";"Simples";"Rotataria";"Sim";1;0;1;0;0;0;1;1;-15,25176842;-59,32991624;"SPRF-MT";"DEL03-MT";"UOP01-DEL03-MT"
583184;2024-02-25;"domingo";"06:30:00";"MG";262;110;"SANTO ANTONIO DO GRAMA";"Reacao tardia ou ineficiente do condutor";"Saida de leito carrocavel";"Com Vatimas Feridas";"Pleno dia";"Crescente";"Ceu Claro";"Simples";"Declive;Curva                 ";"Nao";1;0;0;1;0;0;1;1;-20,269447;-42,586014;"SPRF-MG";"DEL03-MG";"UOP03-DEL03-MG"
583185;2024-02-25;"domingo";"07:40:00";"SC";101;49;"JOINVILLE";"Pista Escorregadia";"Tombamento";"Com Vatimas Feridas";"Pleno dia";"Crescente";"Chuva";"Dupla";"Reta";"Nao";2;0;0;1;1;0;1;1;-26,38560338;-48,84774685;"SPRF-SC";"DEL03-SC";"UOP01-DEL03-SC"
583186;2024-02-25;"domingo";"05:30:00";"MS";163;264,4;"DOURADOS";"Animais na Pista";"Tombamento";"Com Vatimas Feridas";"Amanhecer";"Crescente";"Ceu Claro";"Dupla";"Reta";"Sim";1;0;1;0;0;0;1;1;-22,2316424;-54,7478208;"SPRF-MS";"DEL04-MS";"UOP01-DEL04-MS"
583187;2024-02-25;"domingo";"05:30:00";"PR";376;487,5;"PONTA GROSSA";"Condutor Dormindo";"Saida de leito carrocavel";"Com Vatimas Feridas";"Amanhecer";"Decrescente";"Ceu Claro";"Simples";"Viaduto;Aclive;Interseaao de V";"Sim";1;0;1;0;0;0;1;1;-25,1299284;-50,17293423;"SPRF-PR";"DEL03-PR";"UOP01-DEL03-PR"
583188;2024-02-24;"sabado";"21:40:00";"RJ";116;135;"MAGE";"Ingestao de alcool pelo condutor";"Queda de ocupante de veiculo";"Com Vatimas Feridas";"Plena Noite";"Decrescente";"Ceu Claro";"Simples";"Viaduto;Curva                 ";"Nao";1;0;1;0;0;0;1;1;-22,64835353;-43,1803894;"SPRF-RJ";"DEL04-RJ";"UOP02-DEL04-RJ"
583189;2024-02-25;"domingo";"08:10:00";"MG";262;359,7;"BETIM";"Velocidade Incompatavel";"Tombamento";"Com Vatimas Feridas";"Pleno dia";"Crescente";"Sol";"Dupla";"Reta";"Nao";2;0;0;2;0;0;2;1;-19,978241;-44,2564294;"SPRF-MG";"DEL01-MG";"UOP03-DEL01-MG"
583190;2024-02-25;"domingo";"07:50:00";"SC";101;138,6;"BALNEARIO CAMBORIU";"Pista Escorregadia";"Colisao com objeto";"Com Vatimas Feridas";"Pleno dia";"Decrescente";"Chuva";"Simples";"Curva";"Nao";1;0;1;0;0;0;1;1;-27,02397426;-48,60761649;"SPRF-SC";"DEL04-SC";"UOP03-DEL04-SC"
583191;2024-02-25;"domingo";"08:00:00";"RS";116;221;"DOIS IRMAOS";"Acessar a via sem observar a presenca dos outros veiculos";"Colisao transversal";"Com Vatimas Feridas";"Pleno dia";"Decrescente";"Ceu Claro";"Simples";"Curva";"Sim";2;0;1;0;1;0;1;2;-29,57244205;-51,09624556;"SPRF-RS";"DEL01-RS";"UOP02-DEL01-RS"
583192;2024-02-25;"domingo";"00:40:00";"BA";101;817;"ITAMARAJU";"Reacao tardia ou ineficiente do condutor";"Capotamento";"Sem Vatimas";"Plena Noite";"Crescente";"Ceu Claro";"Simples";"Curva";"Nao";1;0;0;0;1;0;0;1;-17,09187211;-39,57030383;"SPRF-BA";"DEL09-BA";"UOP02-DEL09-BA"
583193;2024-02-20;"terça-feira";"09:40:00";"RJ";40;120;"DUQUE DE CAXIAS";"Condutor deixou de manter distancia do veiculo da frente";"Colisao traseira";"Com Vatimas Feridas";"Pleno dia";"Crescente";"Ceu Claro";"Dupla";"Reta";"Sim";2;0;1;0;1;0;1;2;-22,77280597;-43,28626763;"SPRF-RJ";"DEL01-RJ";"UOP02-DEL01-RJ"
583194;2024-02-25;"domingo";"07:30:00";"PE";407;90;"PETROLINA";"Acesso irregular";"Colisao traseira";"Com Vatimas Feridas";"Pleno dia";"Decrescente";"Ceu Claro";"Simples";"Reta";"Nao";2;0;1;1;0;0;2;2;-9,09108986;-40,65584672;"SPRF-PE";"DEL06-PE";"UOP02-DEL06-PE"
583195;2024-02-25;"domingo";"04:35:00";"SC";480;125,4;"CHAPECO";"Ingestao de alcool pelo condutor";"Colisao com objeto";"Com Vatimas Feridas";"Plena Noite";"Decrescente";"Ceu Claro";"Dupla";"Interseaao de Vias;Retorno Reg";"Nao";1;0;1;0;0;0;1;1;-27,014944;-52,637511;"SPRF-SC";"DEL07-SC";"UOP01-DEL07-SC"
583197;2024-02-25;"domingo";"05:55:00";"PE";232;408,9;"SERRA TALHADA";"Transitar na contramao";"Queda de ocupante de veiculo";"Com Vatimas Feridas";"Pleno dia";"Crescente";"Nublado";"Simples";"Reta;Declive                  ";"Sim";2;0;1;0;1;0;1;2;-7,98371447;-38,28047709;"SPRF-PE";"DEL04-PE";"UOP01-DEL04-PE"
583198;2024-02-25;"domingo";"09:00:00";"RS";153;44,4;"ERECHIM";"Acessar a via sem observar a presenca dos outros veiculos";"Colisao transversal";"Com Vatimas Feridas";"Pleno dia";"Decrescente";"Ceu Claro";"Simples";"Rotataria";"Nao";2;0;1;0;1;0;1;2;-27,62210796;-52,23772645;"SPRF-RS";"DEL08-RS";"UOP04-DEL08-RS"
583199;2024-02-25;"domingo";"07:40:00";"MG";116;326;"CAMPANARIO";"Reacao tardia ou ineficiente do condutor";"Saida de leito carrocavel";"Com Vatimas Feridas";"Pleno dia";"Crescente";"Ceu Claro";"Simples";"Declive;Reta                  ";"Nao";3;0;1;1;0;1;2;2;-18,20628001;-41,7181012;"SPRF-MG";"DEL11-MG";"UOP01-DEL11-MG"
583200;2024-02-21;"quarta-feira";"19:30:00";"GO";60;198;"GUAPO";"Reacao tardia ou ineficiente do condutor";"Capotamento";"Com Vatimas Feridas";"Plena Noite";"Crescente";"Ceu Claro";"Dupla";"Reta";"Nao";1;0;1;0;0;0;1;1;-16,8596;-49,6031;"SPRF-GO";"DEL01-GO";"UOP02-DEL01-GO"
583203;2024-02-25;"domingo";"10:00:00";"MG";262;385;"MATEUS LEME";"Ausancia de Reacao do condutor";"Colisao traseira";"Com Vatimas Feridas";"Pleno dia";"Decrescente";"Ceu Claro";"Dupla";"Declive;Reta                  ";"Nao";3;0;0;1;0;2;1;3;-19,9209007;-44,469945;"SPRF-MG";"DEL01-MG";"UOP03-DEL01-MG"
583204;2024-02-25;"domingo";"09:25:00";"GO";60;384;"RIO VERDE";"Objeto estatico sobre o leito carroaavel";"Queda de ocupante de veiculo";"Com Vatimas Feridas";"Pleno dia";"Crescente";"Ceu Claro";"Dupla";"Reta";"Sim";1;0;1;0;0;0;1;1;-17,7906;-50,9071;"SPRF-GO";"DEL04-GO";"UOP02-DEL04-GO"
583205;2024-02-25;"domingo";"08:25:00";"RS";116;152,4;"CAXIAS DO SUL";"Ingestao de alcool pelo condutor";"Saida de leito carrocavel";"Com Vatimas Feridas";"Pleno dia";"Decrescente";"Sol";"Maltipla";"Curva";"Sim";1;0;1;0;0;0;1;1;-29,1829343;-51,16801501;"SPRF-RS";"DEL05-RS";"UOP01-DEL05-RS"
583206;2024-02-24;"sabado";"22:00:00";"ES";101;9;"SERRA";"Animais na Pista";"Colisao com objeto";"Sem Vatimas";"Plena Noite";"Crescente";"Ceu Claro";"Dupla";"Reta";"Nao";1;0;0;0;1;0;0;1;-20,12174391;-40,3635182;"SPRF-ES";"DEL02-ES";"UOP01-DEL02-ES"
583209;2024-02-25;"domingo";"11:20:00";"MG";262;393,9;"PARA DE MINAS";"Velocidade Incompatavel";"Colisao traseira";"Com Vatimas Feridas";"Pleno dia";"Crescente";"Sol";"Dupla";"Reta";"Nao";4;0;2;1;1;0;3;2;-19,9011832;-44,5490394;"SPRF-MG";"DEL01-MG";"UOP03-DEL01-MG"
583210;2024-02-25;"domingo";"10:30:00";"RS";392;323;"SAO SEPE";"Afundamento ou ondulaaao no pavimento";"Tombamento";"Com Vatimas Feridas";"Pleno dia";"Decrescente";"Ceu Claro";"Simples";"Reta";"Nao";1;0;1;0;0;0;1;1;-29,95914689;-53,69634281;"SPRF-RS";"DEL09-RS";"UOP01-DEL09-RS"
583211;2024-02-25;"domingo";"09:00:00";"MG";116;372;"FREI INOCENCIO";"Acessar a via sem observar a presenca dos outros veiculos";"Colisao transversal";"Com Vatimas Feridas";"Pleno dia";"Crescente";"Sol";"Simples";"Reta";"Nao";2;0;1;0;1;0;1;2;-18,562553;-41,906752;"SPRF-MG";"DEL11-MG";"UOP01-DEL11-MG"
583214;2024-02-25;"domingo";"12:00:00";"RJ";116;128;"MAGE";"Demais falhas mecanicas ou elatricas";"Capotamento";"Com Vatimas Feridas";"Pleno dia";"Crescente";"Ceu Claro";"Dupla";"Reta";"Nao";2;0;0;2;0;0;2;1;-22,6657139;-43,10092001;"SPRF-RJ";"DEL04-RJ";"UOP02-DEL04-RJ"
583215;2024-02-25;"domingo";"12:00:00";"MG";381;457,1;"BELO HORIZONTE";"Velocidade Incompatavel";"Engavetamento";"Sem Vatimas";"Pleno dia";"Crescente";"Ceu Claro";"Dupla";"Aclive;Reta                   ";"Sim";3;0;0;0;2;1;0;3;-19,8506337;-43,8880639;"SPRF-MG";"DEL01-MG";"UOP01-DEL01-MG"
583217;2024-02-25;"domingo";"09:50:00";"MG";365;472;"PATROCINIO";"Condutor deixou de manter distancia do veiculo da frente";"Engavetamento";"Com Vatimas Feridas";"Pleno dia";"Crescente";"Ceu Claro";"Simples";"Reta";"Sim";7;0;4;0;3;0;4;4;-18,923688;-46,995663;"SPRF-MG";"DEL10-MG";"UOP01-DEL10-MG"
583218;2024-02-25;"domingo";"12:30:00";"SP";116;113;"TAUBATE";"Avarias e/ou desgaste excessivo no pneu";"Tombamento";"Com Vatimas Feridas";"Pleno dia";"Decrescente";"Sol";"Dupla";"Reta";"Nao";2;0;1;1;0;0;2;1;-23,0440828;-45,58041405;"SPRF-SP";"DEL02-SP";"UOP02-DEL02-SP"
583220;2024-02-25;"domingo";"10:45:00";"RS";293;341;"SANTANA DO LIVRAMENTO";"Suicadio (presumido)";"Saida de leito carrocavel";"Com Vatimas Feridas";"Pleno dia";"Crescente";"Ceu Claro";"Simples";"Reta";"Sim";1;0;1;0;0;0;1;1;-30,8544099;-55,54430897;"SPRF-RS";"DEL11-RS";"UOP01-DEL11-RS"
583222;2024-02-25;"domingo";"13:28:00";"SP";101;46;"UBATUBA";"Retorno proibido";"Colisao lateral mesmo sentido";"Com Vatimas Feridas";"Pleno dia";"Crescente";"Ceu Claro";"Simples";"Retorno Regulamentado;Reta    ";"Sim";2;0;1;0;1;0;1;2;-23,42403383;-45,07492113;"SPRF-SP";"DEL06-SP";"UOP01-DEL06-SP"
583223;2024-02-25;"domingo";"13:20:00";"SP";116;508;"CAJATI";"Reacao tardia ou ineficiente do condutor";"Queda de ocupante de veiculo";"Com Vatimas Feridas";"Pleno dia";"Crescente";"Chuva";"Dupla";"Curva";"Nao";2;0;1;0;1;0;1;1;-24,81333299;-48,21310484;"SPRF-SP";"DEL05-SP";"UOP02-DEL05-SP"
583224;2024-02-25;"domingo";"13:40:00";"SC";101;206,8;"FLORIANOPOLIS";"Ausancia de Reacao do condutor";"Tombamento";"Com Vatimas Feridas";"Pleno dia";"Crescente";"Ceu Claro";"Maltipla";"Reta";"Sim";2;0;2;0;0;0;2;1;-27,59193546;-48,61824557;"SPRF-SC";"DEL01-SC";"UOP01-DEL01-SC"
583225;2024-02-25;"domingo";"12:30:00";"PR";476;194;"LAPA";"Reacao tardia ou ineficiente do condutor";"Saida de leito carrocavel";"Com Vatimas Feridas";"Pleno dia";"Decrescente";"Nublado";"Simples";"Reta";"Sim";1;0;1;0;0;0;1;1;-25,74342832;-49,71442223;"SPRF-PR";"DEL01-PR";"UOP06-DEL01-PR"
583226;2024-02-25;"domingo";"13:15:00";"CE";116;6;"FORTALEZA";"Ingestao de alcool pelo condutor";"Colisao lateral mesmo sentido";"Sem Vatimas";"Pleno dia";"Crescente";"Sol";"Maltipla";"Reta";"Sim";3;0;0;0;1;2;0;2;-3,802624;-38,50400499;"SPRF-CE";"DEL01-CE";"UOP02-DEL01-CE"
583227;2024-01-26;"sexta-feira";"08:50:00";"RN";101;81,3;"NATAL";"Acessar a via sem observar a presenca dos outros veiculos";"Colisao transversal";"Com Vatimas Feridas";"Pleno dia";"Decrescente";"Sol";"Dupla";"Interseaao de Vias;Reta       ";"Sim";2;0;0;1;0;1;1;2;-5,76469466;-35,28295988;"SPRF-RN";"DEL02-RN";"UOP01-DEL02-RN"
583228;2024-02-25;"domingo";"13:00:00";"GO";20;22;"FORMOSA";"Ausancia de Reacao do condutor";"Queda de ocupante de veiculo";"Com Vatimas Feridas";"Pleno dia";"Crescente";"Ceu Claro";"Simples";"Reta";"Nao";1;0;1;0;0;0;1;1;-15,545656;-47,1605;"SPRF-DF";"DEL02-DF";"UOP02-DEL02-DF"
583229;2024-02-25;"domingo";"11:20:00";"RJ";356;25;"ITAPERUNA";"Manobra de mudanaa de faixa";"Colisao lateral mesmo sentido";"Com Vatimas Feridas";"Pleno dia";"Crescente";"Ceu Claro";"Simples";"Reta";"Nao";9;0;2;0;7;0;2;2;-21,17930593;-41,96405499;"SPRF-RJ";"DEL08-RJ";"UOP03-DEL08-RJ"
583230;2024-02-25;"domingo";"12:33:00";"RJ";101;239,9;"SILVA JARDIM";"Reacao tardia ou ineficiente do condutor";"Saida de leito carrocavel";"Com Vatimas Feridas";"Pleno dia";"Decrescente";"Ceu Claro";"Dupla";"Reta";"Nao";1;0;1;0;0;0;1;1;-22,62542413;-42,42802593;"SPRF-RJ";"DEL02-RJ";"UOP03-DEL02-RJ"
583235;2024-02-25;"domingo";"14:50:00";"PB";230;136;"MASSARANDUBA";"Reacao tardia ou ineficiente do condutor";"Saida de leito carrocavel";"Com Vatimas Feridas";"Pleno dia";"Crescente";"Nublado";"Dupla";"Curva;Retorno Regulamentado   ";"Nao";3;0;1;0;2;0;1;1;-7,2818;-35,7675;"SPRF-PB";"DEL02-PB";"UOP01-DEL02-PB"
583236;2024-02-25;"domingo";"14:30:00";"RS";285;208,5;"LAGOA VERMELHA";"Desrespeitar a preferancia no cruzamento";"Colisao transversal";"Com Vatimas Feridas";"Pleno dia";"Decrescente";"Ceu Claro";"Simples";"Interseaao de Vias;Reta       ";"Nao";5;0;2;0;3;0;2;2;-28,224105;-51,610714;"SPRF-RS";"DEL08-RS";"UOP05-DEL08-RS"
583237;2024-02-25;"domingo";"14:25:00";"RS";386;175,3;"CARAZINHO";"Ausancia de Reacao do condutor";"Saida de leito carrocavel";"Com Vatimas Feridas";"Pleno dia";"Crescente";"Ceu Claro";"Simples";"Reta";"Nao";2;0;0;1;0;1;1;2;-28,269968;-52,779514;"SPRF-RS";"DEL08-RS";"UOP01-DEL08-RS"