"id";"data_inversa";"dia_semana";"horario";"uf";"br";"km";"municipio";"causa_acidente";"tipo_acidente";"classificacao_acidente";"fase_dia";"sentido_via";"condicao_metereologica";"tipo_pista";"tracado_via";"uso_solo";"pessoas";"mortos";"feridos_leves";"feridos_graves";"ilesos";"ignorados";"feridos";"veiculos";"latitude";"longitude";"regional";"delegacia";"uop"
583332;2024-02-25;"domingo";"21:05:00";"PB";230;22;"JOAO PESSOA";"Chuva";"Tombamento";"Com Vatimas Feridas";"Plena Noite";"Crescente";"Chuva";"Dupla";"Reta";"Sim";2;0;2;0;0;0;2;1;-7,1495;-34,8517;"SPRF-PB";"DEL01-PB";"UOP01-DEL01-PB"
583333;2024-02-25;"domingo";"19:10:00";"GO";80;34;"PADRE BERNARDO";"Transitar no Acostamento";"Colisao traseira";"Com Vatimas Feridas";"Plena Noite";"Crescente";"Ceu Claro";"Simples";"Reta";"Nao";2;0;2;0;0;0;2;2;-15,272153;-48,262239;"SPRF-DF";"DEL03-DF";"UOP02-DEL03-DF"
583334;2024-02-25;"domingo";"22:52:00";"SC";101;136,4;"BALNEARIO CAMBORIU";"Velocidade Incompatavel";"Tombamento";"Com Vatimas Feridas";"Plena Noite";"Crescente";"Ceu Claro";"Simples";"Viaduto;Curva                 ";"Sim";1;0;1;0;0;0;1;1;-27,0121846;-48,61546755;"SPRF-SC";"DEL04-SC";"UOP03-DEL04-SC"
583336;2024-02-25;"domingo";"22:45:00";"GO";60;203;"GUAPO";"Ingestao de alcool pelo condutor";"Saida de leito carrocavel";"Sem Vatimas";"Plena Noite";"Crescente";"Ceu Claro";"Dupla";"Curva";"Nao";1;0;0;0;0;1;0;1;-16,89936399;-49,63832444;"SPRF-GO";"DEL01-GO";"UOP02-DEL01-GO"
583338;2024-02-25;"domingo";"22:10:00";"RJ";101;80;"CAMPOS DOS GOYTACAZES";"Reacao tardia ou ineficiente do condutor";"Colisao transversal";"Com Vatimas Feridas";"Plena Noite";"Crescente";"Ceu Claro";"Simples";"Reta";"Sim";5;0;2;0;3;0;2;2;-21,83496009;-41,43663168;"SPRF-RJ";"DEL08-RJ";"UOP02-DEL08-RJ"
583339;2024-02-25;"domingo";"23:40:00";"PE";232;142;"SAO CAITANO";"Animais na Pista";"Atropelamento de Animal";"Com Vatimas Feridas";"Plena Noite";"Crescente";"Ceu Claro";"Dupla";"Reta";"Nao";2;0;2;0;0;0;2;1;-8,32242118;-36,09480698;"SPRF-PE";"DEL03-PE";"UOP02-DEL03-PE"
583340;2024-02-25;"domingo";"23:48:00";"SC";101;420,5;"ARARANGUA";"Pista Escorregadia";"Tombamento";"Com Vatimas Feridas";"Plena Noite";"Decrescente";"Garoa/Chuvisco";"Simples";"Reta";"Nao";1;0;1;0;0;0;1;1;-29,002602;-49,559422;"SPRF-SC";"DEL02-SC";"UOP02-DEL02-SC"
583341;2024-02-25;"domingo";"18:20:00";"SC";282;91,5;"ALFREDO WAGNER";"Pedestre - Ingestao de alcool/ substancias psicoativas";"Queda de ocupante de veiculo";"Com Vatimas Feridas";"Pleno dia";"Crescente";"Nublado";"Simples";"Reta";"Sim";1;0;1;0;0;0;1;1;-27,71060937;-49,2670083;"SPRF-SC";"DEL01-SC";"UOP03-DEL01-SC"
583342;2024-02-25;"domingo";"22:00:00";"SP";153;156;"PROMISSAO";"Animais na Pista";"Saida de leito carrocavel";"Com Vatimas Feridas";"Plena Noite";"Crescente";"Ceu Claro";"Simples";"Reta";"Nao";2;0;2;0;0;0;2;1;-21,471328;-49,78182302;"SPRF-SP";"DEL07-SP";"UOP01-DEL07-SP"
583343;2024-02-25;"domingo";"22:30:00";"RS";386;43;"SEBERI";"Reacao tardia ou ineficiente do condutor";"Saida de leito carrocavel";"Sem Vatimas";"Plena Noite";"Crescente";"Garoa/Chuvisco";"Simples";"Reta";"Nao";1;0;0;0;0;1;0;1;-27,430225;-53,420662;"SPRF-RS";"DEL08-RS";"UOP02-DEL08-RS"
583344;2024-02-25;"domingo";"15:45:00";"PA";230;220;"NOVO REPARTIMENTO";"Transitar na contramao";"Colisao frontal";"Com Vatimas Fatais";"Pleno dia";"Crescente";"Ceu Claro";"Simples";"Curva";"Nao";2;1;0;0;1;0;0;2;-4,80931615;-49,56715219;"SPRF-PA";"DEL03-PA";"UOP01-DEL03-PA"
583346;2024-02-26;"segunda-feira";"00:30:00";"SP";116;157;"SAO JOSE DOS CAMPOS";"Ausancia de Reacao do condutor";"Colisao lateral mesmo sentido";"Com Vatimas Feridas";"Plena Noite";"Crescente";"Ceu Claro";"Dupla";"Declive";"Sim";1;0;1;0;0;0;1;1;-23,25558031;-45,9437828;"SPRF-SP";"DEL02-SP";"UOP01-DEL02-SP"
583347;2024-02-25;"domingo";"23:55:00";"RS";290;218,4;"PANTANO GRANDE";"Pedestre andava na pista";"Atropelamento de Pedestre";"Com Vatimas Fatais";"Plena Noite";"Crescente";"Ceu Claro";"Simples";"Declive;Reta                  ";"Nao";4;1;0;0;3;0;0;2;-30,19744025;-52,40723133;"SPRF-RS";"DEL02-RS";"UOP03-DEL02-RS"
583349;2024-02-26;"segunda-feira";"00:11:00";"PB";101;85;"BAYEUX";"Ingestao de alcool pelo condutor";"Saida de leito carrocavel";"Sem Vatimas";"Plena Noite";"Decrescente";"Chuva";"Dupla";"Reta";"Sim";2;0;0;0;2;0;0;1;-7,14538184;-34,91662887;"SPRF-PB";"DEL01-PB";"UOP01-DEL01-PB"
583350;2024-02-26;"segunda-feira";"00:20:00";"CE";222;310;"TIANGUA";"Ingestao de alcool pelo condutor";"Queda de ocupante de veiculo";"Com Vatimas Feridas";"Plena Noite";"Crescente";"Nublado";"Simples";"Viaduto";"Sim";1;0;1;0;0;0;1;1;-3,70670595;-40,97707006;"SPRF-CE";"DEL04-CE";"UOP02-DEL04-CE"
583351;2024-02-25;"domingo";"23:15:00";"GO";153;201;"URUACU";"area urbana sem a presenca de local apropriado para a travessia de pedestres";"Atropelamento de Pedestre";"Com Vatimas Fatais";"Plena Noite";"Crescente";"Ceu Claro";"Simples";"Reta";"Sim";5;1;0;0;4;0;0;2;-14,543228;-49,161707;"SPRF-GO";"DEL07-GO";"UOP02-DEL07-GO"
583352;2024-02-26;"segunda-feira";"00:30:00";"PR";277;708;"SANTA TEREZINHA DE ITAIPU";"Acesso irregular";"Saida de leito carrocavel";"Sem Vatimas";"Plena Noite";"Decrescente";"Ceu Claro";"Dupla";"Reta";"Sim";2;0;0;0;0;2;0;2;-25,44290885;-54,39565306;"SPRF-PR";"DEL05-PR";"UOP01-DEL05-PR"
583353;2024-02-26;"segunda-feira";"01:55:00";"SC";101;160,6;"TIJUCAS";"Acesso irregular";"Saida de leito carrocavel";"Sem Vatimas";"Plena Noite";"Decrescente";"Nublado";"Maltipla";"Reta";"Nao";1;0;0;0;0;1;0;1;-27,20831288;-48,61987922;"SPRF-SC";"DEL04-SC";"UOP03-DEL04-SC"
583354;2024-02-26;"segunda-feira";"01:53:00";"MG";40;575,5;"ITABIRITO";"Ausancia de Reacao do condutor";"Saida de leito carrocavel";"Com Vatimas Feridas";"Plena Noite";"Crescente";"Nublado";"Simples";"Reta";"Nao";2;0;1;0;1;0;1;1;-20,25658707;-43,96098023;"SPRF-MG";"DEL01-MG";"UOP02-DEL01-MG"
583355;2024-02-26;"segunda-feira";"02:00:00";"SP";116;215,6;"GUARULHOS";"Entrada inopinada do pedestre";"Atropelamento de Pedestre";"Com Vatimas Feridas";"Plena Noite";"Crescente";"Nublado";"Maltipla";"Reta";"Sim";2;0;1;0;1;0;1;2;-23,44695693;-46,45394103;"SPRF-SP";"DEL01-SP";"UOP01-DEL01-SP"
583357;2024-02-26;"segunda-feira";"02:15:00";"DF";20;6;"BRASILIA";"Ausancia de Reacao do condutor";"Colisao com objeto";"Com Vatimas Feridas";"Plena Noite";"Crescente";"Ceu Claro";"Dupla";"Reta";"Sim";1;0;1;0;0;0;1;1;-15,665888;-47,808308;"SPRF-DF";"DEL02-DF";"UOP01-DEL02-DF"
583359;2024-02-26;"segunda-feira";"02:30:00";"SP";116;465;"REGISTRO";"Ausancia de Reacao do condutor";"Saida de leito carrocavel";"Com Vatimas Feridas";"Plena Noite";"Crescente";"Chuva";"Dupla";"Curva";"Nao";1;0;1;0;0;0;1;1;-24,64131463;-47,91527636;"SPRF-SP";"DEL05-SP";"UOP01-DEL05-SP"
583360;2024-02-26;"segunda-feira";"01:00:00";"MG";40;513,8;"RIBEIRAO DAS NEVES";"Ingestao de alcool pelo condutor";"Saida de leito carrocavel";"Sem Vatimas";"Plena Noite";"Crescente";"Ceu Claro";"Dupla";"Curva";"Sim";1;0;0;0;0;1;0;1;-19,7970544;-44,1080512;"SPRF-MG";"DEL01-MG";"UOP02-DEL01-MG"
583361;2024-02-26;"segunda-feira";"02:00:00";"SC";101;131,5;"BALNEARIO CAMBORIU";"Suicadio (presumido)";"Atropelamento de Pedestre";"Com Vatimas Feridas";"Plena Noite";"Crescente";"Nublado";"Maltipla";"Curva";"Sim";2;0;1;0;0;1;1;2;-26,99064209;-48,66310912;"SPRF-SC";"DEL04-SC";"UOP03-DEL04-SC"
583362;2024-02-26;"segunda-feira";"03:30:00";"SC";101;425;"ARARANGUA";"Avarias e/ou desgaste excessivo no pneu";"Tombamento";"Com Vatimas Feridas";"Plena Noite";"Crescente";"Chuva";"Dupla";"Viaduto;Reta                  ";"Sim";2;0;2;0;0;0;2;1;-29,02228883;-49,59373355;"SPRF-SC";"DEL02-SC";"UOP02-DEL02-SC"
583363;2024-02-25;"domingo";"18:10:00";"SC";470;111;"APIUNA";"Afundamento ou ondulaaao no pavimento";"Tombamento";"Com Vatimas Feridas";"Pleno dia";"Crescente";"Ceu Claro";"Simples";"Ponte;Curva                   ";"Nao";1;0;1;0;0;0;1;1;-27,095388;-49,457878;"SPRF-SC";"DEL04-SC";"UOP02-DEL04-SC"
583367;2024-02-26;"segunda-feira";"04:20:00";"PR";376;312,8;"ORTIGUEIRA";"Ausancia de Reacao do condutor";"Queda de ocupante de veiculo";"Com Vatimas Feridas";"Amanhecer";"Decrescente";"Vento";"Dupla";"Declive;Curva                 ";"Nao";1;0;1;0;0;0;1;1;-23,978087;-51,09294891;"SPRF-PR";"DEL07-PR";"UOP02-DEL07-PR"
583368;2024-02-26;"segunda-feira";"06:00:00";"SP";116;202;"ARUJA";"Ausancia de Reacao do condutor";"Queda de ocupante de veiculo";"Com Vatimas Feridas";"Pleno dia";"Decrescente";"Ceu Claro";"Dupla";"Reta";"Sim";1;0;1;0;0;0;1;1;-23,40809408;-46,33859597;"SPRF-SP";"DEL01-SP";"UOP01-DEL01-SP"
583370;2024-02-26;"segunda-feira";"06:10:00";"PR";116;46;"CAMPINA GRANDE DO SUL";"Acumulo de agua sobre o pavimento";"Saida de leito carrocavel";"Com Vatimas Feridas";"Amanhecer";"Decrescente";"Chuva";"Dupla";"Curva";"Nao";1;0;0;1;0;0;1;1;-25,20185401;-48,8962139;"SPRF-PR";"DEL01-PR";"UOP02-DEL01-PR"
583372;2024-02-26;"segunda-feira";"07:16:00";"BA";324;616;"SALVADOR";"Condutor deixou de manter distancia do veiculo da frente";"Colisao lateral mesmo sentido";"Com Vatimas Feridas";"Pleno dia";"Decrescente";"Ceu Claro";"Dupla";"Reta";"Nao";2;0;1;0;1;0;1;2;-12,87957905;-38,43213893;"SPRF-BA";"DEL01-BA";"UOP01-DEL01-BA"
583373;2024-02-26;"segunda-feira";"07:20:00";"ES";101;141,8;"LINHARES";"Ausancia de Reacao do condutor";"Colisao traseira";"Com Vatimas Feridas";"Pleno dia";"Decrescente";"Ceu Claro";"Dupla";"Reta";"Nao";2;0;0;1;1;0;1;2;-19,32655693;-40,07192387;"SPRF-ES";"DEL04-ES";"UOP01-DEL04-ES"
583374;2024-02-26;"segunda-feira";"07:00:00";"SC";101;233,4;"PALHOCA";"Reacao tardia ou ineficiente do condutor";"Queda de ocupante de veiculo";"Com Vatimas Feridas";"Pleno dia";"Crescente";"Chuva";"Dupla";"Curva;Declive                 ";"Nao";1;0;0;1;0;0;1;1;-27,80376397;-48,63826211;"SPRF-SC";"DEL01-SC";"UOP02-DEL01-SC"
583377;2024-02-26;"segunda-feira";"05:40:00";"PR";369;120;"JATAIZINHO";"Acumulo de areia ou detritos sobre o pavimento";"Capotamento";"Com Vatimas Feridas";"Amanhecer";"Crescente";"Nublado";"Dupla";"Curva";"Nao";3;0;0;2;1;0;2;1;-23,2785724;-50,86006343;"SPRF-PR";"DEL07-PR";"UOP05-DEL07-PR"
583378;2024-02-26;"segunda-feira";"07:00:00";"RS";386;175;"CARAZINHO";"Conversao proibida";"Colisao transversal";"Com Vatimas Feridas";"Pleno dia";"Crescente";"Ceu Claro";"Simples";"Reta";"Nao";2;0;1;0;1;0;1;2;-28,270662;-52,778925;"SPRF-RS";"DEL08-RS";"UOP01-DEL08-RS"
583379;2024-02-26;"segunda-feira";"07:00:00";"MG";116;410;"GOVERNADOR VALADARES";"Acessar a via sem observar a presenca dos outros veiculos";"Colisao transversal";"Com Vatimas Feridas";"Pleno dia";"Decrescente";"Ceu Claro";"Dupla";"Reta";"Sim";2;0;1;0;1;0;1;2;-18,855625;-41,975623;"SPRF-MG";"DEL06-MG";"UOP01-DEL06-MG"
583380;2024-02-26;"segunda-feira";"06:45:00";"ES";101;266,9;"SERRA";"Reacao tardia ou ineficiente do condutor";"Tombamento";"Com Vatimas Feridas";"Pleno dia";"Crescente";"Ceu Claro";"Dupla";"Reta";"Sim";2;0;1;0;1;0;1;2;-20,190199;-40,26828891;"SPRF-ES";"DEL02-ES";"UOP01-DEL02-ES"
583381;2024-02-26;"segunda-feira";"06:23:00";"SP";116;146,3;"SAO JOSE DOS CAMPOS";"Reacao tardia ou ineficiente do condutor";"Tombamento";"Com Vatimas Feridas";"Amanhecer";"Decrescente";"Nublado";"Dupla";"Aclive";"Sim";2;0;1;0;1;0;1;1;-23,19122919;-45,86327591;"SPRF-SP";"DEL02-SP";"UOP01-DEL02-SP"
583382;2024-02-26;"segunda-feira";"07:30:00";"ES";101;255;"SERRA";"Entrada inopinada do pedestre";"Atropelamento de Pedestre";"Com Vatimas Feridas";"Pleno dia";"Crescente";"Ceu Claro";"Simples";"Reta";"Sim";2;0;2;0;0;0;2;2;-20,11487935;-40,31943619;"SPRF-ES";"DEL02-ES";"UOP01-DEL02-ES"
583384;2024-02-26;"segunda-feira";"07:30:00";"PB";230;5;"CABEDELO";"Ausancia de Reacao do condutor";"Colisao com objeto";"Sem Vatimas";"Pleno dia";"Crescente";"Nublado";"Dupla";"Reta";"Sim";1;0;0;0;0;1;0;1;-7,015166;-34,833631;"SPRF-PB";"DEL01-PB";"UOP01-DEL01-PB"
583385;2024-02-26;"segunda-feira";"07:38:00";"PR";277;562,2;"CASCAVEL";"Avarias e/ou desgaste excessivo no pneu";"Saida de leito carrocavel";"Com Vatimas Feridas";"Pleno dia";"Crescente";"Sol";"Simples";"Reta";"Nao";2;0;2;0;0;0;2;1;-25,052431;-53,230503;"SPRF-PR";"DEL04-PR";"UOP04-DEL04-PR"
583386;2024-02-26;"segunda-feira";"02:40:00";"RJ";101;310,9;"SAO GONCALO";"Acessar a via sem observar a presenca dos outros veiculos";"Atropelamento de Pedestre";"Com Vatimas Fatais";"Plena Noite";"Crescente";"Ceu Claro";"Maltipla";"Reta";"Sim";2;1;0;0;0;1;0;2;-22,79717023;-43,04404993;"SPRF-RJ";"DEL02-RJ";"UOP02-DEL02-RJ"
583387;2024-02-26;"segunda-feira";"08:00:00";"PB";230;479,8;"MARIZOPOLIS";"Acessar a via sem observar a presenca dos outros veiculos";"Colisao traseira";"Com Vatimas Feridas";"Pleno dia";"Crescente";"Ceu Claro";"Simples";"Reta;Aclive                   ";"Sim";2;0;2;0;0;0;2;2;-6,84770664;-38,35793495;"SPRF-PB";"DEL03-PB";"UOP03-DEL03-PB"
583388;2024-02-26;"segunda-feira";"06:30:00";"PI";343;147;"PIRACURUCA";"Condutor deixou de manter distancia do veiculo da frente";"Saida de leito carrocavel";"Com Vatimas Feridas";"Amanhecer";"Decrescente";"Ceu Claro";"Simples";"Reta";"Nao";3;0;2;1;0;0;3;1;-3,967359;-41,747059;"SPRF-PI";"DEL02-PI";"UOP01-DEL02-PI"
583389;2024-02-26;"segunda-feira";"08:00:00";"SC";280;27,4;"ARAQUARI";"Ultrapassagem Indevida";"Colisao transversal";"Com Vatimas Feridas";"Pleno dia";"Decrescente";"Chuva";"Simples";"Reta";"Sim";2;0;1;0;1;0;1;2;-26,39685622;-48,74021969;"SPRF-SC";"DEL03-SC";"UOP03-DEL03-SC"
583392;2024-02-26;"segunda-feira";"07:00:00";"ES";101;150;"LINHARES";"Ingestao de alcool pelo condutor";"Colisao traseira";"Sem Vatimas";"Pleno dia";"Crescente";"Ceu Claro";"Simples";"Interseaao de Vias;Declive    ";"Sim";2;0;0;0;2;0;0;2;-19,40436634;-40,06078896;"SPRF-ES";"DEL04-ES";"UOP01-DEL04-ES"
583393;2024-02-26;"segunda-feira";"07:13:00";"CE";116;32;"AQUIRAZ";"Ausancia de Reacao do condutor";"Colisao traseira";"Com Vatimas Feridas";"Pleno dia";"Decrescente";"Chuva";"Dupla";"Reta";"Nao";3;0;1;0;2;0;1;2;-4,02676186;-38,51392889;"SPRF-CE";"DEL01-CE";"UOP02-DEL01-CE"
583394;2024-02-25;"domingo";"08:00:00";"BA";101;358;"WENCESLAU GUIMARAES";"Manobra de mudanaa de faixa";"Saida de leito carrocavel";"Com Vatimas Feridas";"Pleno dia";"Crescente";"Ceu Claro";"Simples";"Reta";"Sim";1;0;0;1;0;0;1;1;-13,68752;-39,48073;"SPRF-BA";"DEL05-BA";"UOP03-DEL05-BA"
583395;2024-02-26;"segunda-feira";"08:10:00";"BA";324;516,9;"FEIRA DE SANTANA";"Acesso irregular";"Colisao frontal";"Com Vatimas Feridas";"Pleno dia";"Decrescente";"Ceu Claro";"Simples";"Reta";"Sim";2;0;0;1;1;0;1;2;-12,2417119;-38,93768485;"SPRF-BA";"DEL02-BA";"UOP01-DEL02-BA"
583396;2024-02-26;"segunda-feira";"07:40:00";"MS";267;480;"JARDIM";"Reacao tardia ou ineficiente do condutor";"Colisao traseira";"Com Vatimas Feridas";"Pleno dia";"Decrescente";"Ceu Claro";"Simples";"Reta";"Sim";2;0;0;1;1;0;1;2;-21,47178327;-56,13379061;"SPRF-MS";"DEL05-MS";"UOP01-DEL05-MS"
583397;2024-02-26;"segunda-feira";"05:40:00";"RS";471;152;"SANTA CRUZ DO SUL";"Animais na Pista";"Atropelamento de Animal";"Sem Vatimas";"Pleno dia";"Decrescente";"Nublado";"Simples";"Reta";"Nao";1;0;0;0;0;1;0;1;-29,79081005;-52,40907669;"SPRF-RS";"DEL02-RS";"UOP03-DEL02-RS"
583398;2024-02-26;"segunda-feira";"05:40:00";"RN";226;150,5;"CURRAIS NOVOS";"Ultrapassagem Indevida";"Colisao frontal";"Com Vatimas Fatais";"Pleno dia";"Decrescente";"Ceu Claro";"Simples";"Reta";"Nao";11;2;3;1;5;0;4;3;-6,20967972;-36,30801917;"SPRF-RN";"DEL03-RN";"UOP02-DEL03-RN"
583399;2024-02-26;"segunda-feira";"08:00:00";"PR";277;112;"CAMPO LARGO";"Reacao tardia ou ineficiente do condutor";"Colisao com objeto";"Com Vatimas Feridas";"Pleno dia";"Crescente";"Nublado";"Dupla";"Declive;Reta                  ";"Nao";2;0;1;0;1;0;1;1;-25,43257515;-49,36978297;"SPRF-PR";"DEL03-PR";"UOP03-DEL03-PR"
583400;2024-02-25;"domingo";"19:40:00";"BA";324;404;"NOVA FATIMA";"Ingestao de alcool pelo condutor";"Colisao transversal";"Com Vatimas Feridas";"Plena Noite";"Crescente";"Ceu Claro";"Simples";"Reta;Interseaao de Vias       ";"Sim";2;0;1;0;1;0;1;2;-11,60427899;-39,6312174;"SPRF-BA";"DEL04-BA";"UOP02-DEL04-BA"
583401;2024-02-26;"segunda-feira";"08:40:00";"MG";50;173;"UBERABA";"Avarias e/ou desgaste excessivo no pneu";"Queda de ocupante de veiculo";"Com Vatimas Feridas";"Pleno dia";"Crescente";"Ceu Claro";"Dupla";"Reta";"Sim";1;0;1;0;0;0;1;1;-19,7624352;-47,97701547;"SPRF-MG";"DEL13-MG";"UOP01-DEL13-MG"
583402;2024-02-26;"segunda-feira";"08:00:00";"RS";116;147;"CAXIAS DO SUL";"Reacao tardia ou ineficiente do condutor";"Colisao transversal";"Com Vatimas Feridas";"Pleno dia";"Crescente";"Ceu Claro";"Dupla";"Interseaao de Vias;Reta       ";"Sim";2;0;1;0;1;0;1;2;-29,14908014;-51,1429969;"SPRF-RS";"DEL05-RS";"UOP01-DEL05-RS"
583403;2024-02-26;"segunda-feira";"08:42:00";"PR";376;161;"MARINGA";"Ultrapassagem Indevida";"Colisao transversal";"Com Vatimas Feridas";"Pleno dia";"Crescente";"Ceu Claro";"Dupla";"Reta";"Sim";3;0;2;1;0;0;3;2;-23,36667638;-52,07026152;"SPRF-PR";"DEL09-PR";"UOP01-DEL09-PR"
583405;2024-02-26;"segunda-feira";"07:20:00";"RS";116;232;"ESTANCIA VELHA";"Transitar no Acostamento";"Colisao transversal";"Com Vatimas Feridas";"Plena Noite";"Crescente";"Nublado";"Simples";"Declive;Curva;Interseaao de Vi";"Sim";2;0;1;0;1;0;1;2;-29,63300002;-51,14325106;"SPRF-RS";"DEL01-RS";"UOP02-DEL01-RS"
583406;2024-02-26;"segunda-feira";"08:40:00";"ES";101;290;"CARIACICA";"Desrespeitar a preferancia no cruzamento";"Colisao transversal";"Com Vatimas Feridas";"Pleno dia";"Crescente";"Ceu Claro";"Dupla";"Reta";"Sim";5;0;2;1;2;0;3;2;-20,29410967;-40,39305925;"SPRF-ES";"DEL01-ES";"UOP01-DEL01-ES"
583410;2024-01-10;"quarta-feira";"05:52:00";"PE";407;127;"PETROLINA";"Condutor desrespeitou a iluminaaao vermelha do semaforo";"Colisao transversal";"Com Vatimas Feridas";"Amanhecer";"Decrescente";"Ceu Claro";"Simples";"Interseaao de Vias";"Sim";2;0;1;1;0;0;2;2;-9,39138879;-40,51900506;"SPRF-PE";"DEL06-PE";"UOP01-DEL06-PE"
583411;2024-02-26;"segunda-feira";"07:15:00";"PI";316;305,5;"PICOS";"Acesso irregular";"Colisao transversal";"Com Vatimas Feridas";"Pleno dia";"Decrescente";"Ceu Claro";"Maltipla";"Curva;Aclive                  ";"Sim";7;0;0;2;3;2;2;2;-7,06858767;-41,50981752;"SPRF-PI";"DEL04-PI";"UOP01-DEL04-PI"
583412;2024-02-26;"segunda-feira";"07:12:00";"RJ";116;170;"RIO DE JANEIRO";"Frear bruscamente";"Colisao traseira";"Com Vatimas Feridas";"Pleno dia";"Decrescente";"Ceu Claro";"Dupla";"Reta";"Sim";4;0;1;0;3;0;1;3;-22,81113183;-43,3336729;"SPRF-RJ";"DEL06-RJ";"UOP01-DEL06-RJ"
583414;2024-02-26;"segunda-feira";"07:30:00";"SC";101;215,5;"PALHOCA";"Frear bruscamente";"Queda de ocupante de veiculo";"Com Vatimas Feridas";"Pleno dia";"Decrescente";"Garoa/Chuvisco";"Maltipla";"Reta";"Sim";1;0;0;1;0;0;1;1;-27,65184843;-48,67604941;"SPRF-SC";"DEL01-SC";"UOP02-DEL01-SC"
583415;2024-02-26;"segunda-feira";"09:00:00";"SC";282;539,8;"CHAPECO";"Condutor usando celular";"Saida de leito carrocavel";"Com Vatimas Feridas";"Pleno dia";"Decrescente";"Sol";"Simples";"Reta";"Nao";1;0;1;0;0;0;1;1;-26,993254;-52,681767;"SPRF-SC";"DEL07-SC";"UOP01-DEL07-SC"
583416;2024-02-26;"segunda-feira";"09:00:00";"PR";376;177,1;"MARINGA";"Mal sabito do condutor";"Eventos atapicos";"Com Vatimas Feridas";"Pleno dia";"Crescente";"Ceu Claro";"Maltipla";"Reta";"Sim";1;0;0;1;0;0;1;1;-23,41414666;-51,92793131;"SPRF-PR";"DEL09-PR";"UOP01-DEL09-PR"
583418;2024-02-09;"sexta-feira";"12:15:00";"PR";277;300;"PRUDENTOPOLIS";"Acessar a via sem observar a presenca dos outros veiculos";"Colisao transversal";"Com Vatimas Feridas";"Pleno dia";"Crescente";"Ceu Claro";"Simples";"Reta;Retorno Regulamentado    ";"Nao";5;0;3;0;2;0;3;2;-25,298392;-51,143331;"SPRF-PR";"DEL08-PR";"UOP01-DEL08-PR"
583419;2024-02-26;"segunda-feira";"06:58:00";"PE";428;190,8;"SANTA MARIA DA BOA VISTA";"Ausancia de Reacao do condutor";"Saida de leito carrocavel";"Com Vatimas Feridas";"Pleno dia";"Decrescente";"Ceu Claro";"Simples";"Reta;Aclive                   ";"Nao";1;0;0;1;0;0;1;1;-8,793147;-39,882423;"SPRF-PE";"DEL06-PE";"UOP01-DEL06-PE"
583422;2024-02-26;"segunda-feira";"10:10:00";"SC";101;207,5;"SAO JOSE";"Condutor deixou de manter distancia do veiculo da frente";"Colisao traseira";"Com Vatimas Feridas";"Pleno dia";"Decrescente";"Nublado";"Maltipla";"Declive;Reta                  ";"Sim";2;0;1;0;1;0;1;2;-27,60199525;-48,62811685;"SPRF-SC";"DEL01-SC";"UOP01-DEL01-SC"
583423;2024-01-01;"segunda-feira";"21:00:00";"RR";174;11;"BOA VISTA";"Condutor Dormindo";"Queda de ocupante de veiculo";"Com Vatimas Feridas";"Plena Noite";"Crescente";"Ceu Claro";"Simples";"Rotataria";"Nao";1;0;1;0;0;0;1;1;2,819364;-60,673775;"SPRF-RR";"DEL01-RR";"UOP01-DEL01-RR"
583424;2024-02-26;"segunda-feira";"10:37:00";"PE";232;13,9;"JABOATAO DOS GUARARAPES";"Demais falhas mecanicas ou elatricas";"Incendio";"Sem Vatimas";"Pleno dia";"Crescente";"Ceu Claro";"Dupla";"Reta";"Nao";1;0;0;0;1;0;0;1;-8,08831567;-35,01203806;"SPRF-PE";"DEL01-PE";"UOP01-DEL01-PE"
583425;2024-02-26;"segunda-feira";"08:45:00";"RJ";101;316;"SAO GONCALO";"Condutor Dormindo";"Queda de ocupante de veiculo";"Com Vatimas Feridas";"Pleno dia";"Crescente";"Ceu Claro";"Dupla";"Reta";"Nao";1;0;1;0;0;0;1;1;-22,82835879;-43,09208739;"SPRF-RJ";"DEL02-RJ";"UOP02-DEL02-RJ"
583426;2024-02-26;"segunda-feira";"06:36:00";"RJ";101;396;"RIO DE JANEIRO";"Reacao tardia ou ineficiente do condutor";"Saida de leito carrocavel";"Com Vatimas Feridas";"Amanhecer";"Crescente";"Nublado";"Dupla";"Reta";"Nao";30;0;18;6;6;0;24;1;-22,874033;-43,741343;"SPRF-RJ";"DEL03-RJ";"UOP01-DEL03-RJ"
583427;2024-02-26;"segunda-feira";"10:30:00";"SC";101;205,6;"SAO JOSE";"Condutor deixou de manter distancia do veiculo da frente";"Colisao traseira";"Com Vatimas Feridas";"Pleno dia";"Decrescente";"Nublado";"Maltipla";"Reta";"Sim";3;0;1;0;2;0;1;3;-27,58313237;-48,61532885;"SPRF-SC";"DEL01-SC";"UOP01-DEL01-SC"
583428;2024-02-26;"segunda-feira";"01:50:00";"RJ";101;68;"CAMPOS DOS GOYTACAZES";"Ausancia de Reacao do condutor";"Saida de leito carrocavel";"Sem Vatimas";"Plena Noite";"Decrescente";"Ceu Claro";"Simples";"Reta";"Nao";1;0;0;0;0;1;0;1;-21,77354883;-41,36013508;"SPRF-RJ";"DEL08-RJ";"UOP02-DEL08-RJ"
583429;2024-02-26;"segunda-feira";"10:10:00";"MG";262;42,5;"MANHUACU";"Acessar a via sem observar a presenca dos outros veiculos";"Colisao transversal";"Com Vatimas Feridas";"Pleno dia";"Decrescente";"Sol";"Simples";"Reta";"Nao";3;0;1;0;1;1;1;3;-20,26976316;-42,06894006;"SPRF-MG";"DEL06-MG";"UOP03-DEL06-MG"