"id";"data_inversa";"dia_semana";"horario";"uf";"br";"km";"municipio";"causa_acidente";"tipo_acidente";"classificacao_acidente";"fase_dia";"sentido_via";"condicao_metereologica";"tipo_pista";"tracado_via";"uso_solo";"pessoas";"mortos";"feridos_leves";"feridos_graves";"ilesos";"ignorados";"feridos";"veiculos";"latitude";"longitude";"regional";"delegacia";"uop"
583651;2024-02-27;"terça-feira";"06:50:00";"MT";158;678,9;"NOVA XAVANTINA";"Demais falhas mecanicas ou elatricas";"Incendio";"Sem Vatimas";"Pleno dia";"Crescente";"Ceu Claro";"Simples";"Reta";"Nao";2;0;0;0;2;0;0;1;-14,87079792;-52,28852877;"SPRF-MT";"DEL07-MT";"UOP01-DEL07-MT"
583653;2024-02-27;"terça-feira";"12:30:00";"PA";316;22;"BENEVIDES";"Acessar a via sem observar a presenca dos outros veiculos";"Colisao transversal";"Com Vatimas Feridas";"Pleno dia";"Crescente";"Ceu Claro";"Dupla";"Reta";"Sim";4;0;1;1;2;0;2;3;-1,3534463;-48,2570266;"SPRF-PA";"DEL01-PA";"UOP01-DEL01-PA"
583654;2024-02-27;"terça-feira";"12:15:00";"RS";153;394,3;"CACHOEIRA DO SUL";"Retorno proibido";"Colisao transversal";"Com Vatimas Feridas";"Pleno dia";"Decrescente";"Ceu Claro";"Simples";"Curva";"Nao";5;0;3;0;2;0;3;2;-29,9232127;-52,97120333;"SPRF-RS";"DEL02-RS";"UOP03-DEL02-RS"
583656;2024-01-23;"terça-feira";"05:20:00";"BA";101;612;"MASCOTE";"Chuva";"Colisao com objeto";"Com Vatimas Feridas";"Amanhecer";"Crescente";"Chuva";"Simples";"Curva";"Nao";4;0;4;0;0;0;4;1;-15,59089472;-39,42611672;"SPRF-BA";"DEL05-BA";"UOP02-DEL05-BA"
583657;2024-02-27;"terça-feira";"12:30:00";"MG";381;453;"BELO HORIZONTE";"Ausancia de Reacao do condutor";"Colisao transversal";"Com Vatimas Feridas";"Pleno dia";"Decrescente";"Ceu Claro";"Simples";"Reta";"Sim";2;0;1;0;1;0;1;2;-19,85197588;-43,88851019;"SPRF-MG";"DEL01-MG";"UOP01-DEL01-MG"
583658;2024-02-27;"terça-feira";"13:10:00";"AL";316;149;"PALMEIRA DOS INDIOS";"Acessar a via sem observar a presenca dos outros veiculos";"Colisao transversal";"Com Vatimas Feridas";"Pleno dia";"Crescente";"Sol";"Simples";"Reta";"Nao";4;0;1;0;3;0;1;2;-9,41201539;-36,68062126;"SPRF-AL";"DEL03-AL";"UOP01-DEL03-AL"
583660;2024-02-27;"terça-feira";"13:03:00";"PB";230;18,3;"JOAO PESSOA";"Pedestre andava na pista";"Atropelamento de Pedestre";"Com Vatimas Fatais";"Pleno dia";"Crescente";"Ceu Claro";"Dupla";"Reta";"Nao";4;1;0;0;3;0;0;4;-7,1198;-34,8453;"SPRF-PB";"DEL01-PB";"UOP01-DEL01-PB"
583662;2024-02-27;"terça-feira";"10:30:00";"MG";381;482,6;"BETIM";"Ingestao de alcool pelo condutor";"Colisao lateral mesmo sentido";"Sem Vatimas";"Pleno dia";"Decrescente";"Ceu Claro";"Dupla";"Curva";"Nao";4;0;0;0;3;1;0;3;-19,955532;-44,097209;"SPRF-MG";"DEL01-MG";"UOP03-DEL01-MG"
583665;2024-02-23;"sexta-feira";"15:15:00";"BA";116;16,2;"VITORIA DA CONQUISTA";"Retorno proibido";"Colisao transversal";"Com Vatimas Feridas";"Pleno dia";"Decrescente";"Chuva";"Simples";"Reta";"Nao";3;0;1;0;1;1;1;3;-14,902499;-40,848686;"SPRF-BA";"DEL08-BA";"UOP01-DEL08-BA"
583669;2024-02-27;"terça-feira";"08:30:00";"AM";174;1015;"PRESIDENTE FIGUEIREDO";"Reacao tardia ou ineficiente do condutor";"Saida de leito carrocavel";"Com Vatimas Feridas";"Pleno dia";"Decrescente";"Nublado";"Simples";"Curva;Declive                 ";"Nao";4;0;3;0;0;1;3;2;-1,85459896;-60,09840096;"SPRF-AM";"DEL01-AM";"UOP02-DEL01-AM"
583670;2024-02-27;"terça-feira";"14:40:00";"PR";277;3,5;"PARANAGUA";"Condutor deixou de manter distancia do veiculo da frente";"Colisao traseira";"Com Vatimas Feridas";"Pleno dia";"Crescente";"Ceu Claro";"Dupla";"Reta";"Sim";2;0;1;0;1;0;1;2;-25,5205;-48,5095;"SPRF-PR";"DEL01-PR";"UOP05-DEL01-PR"
583671;2024-02-04;"domingo";"09:25:00";"PA";316;80;"SAO FRANCISCO DO PARA";"Ausancia de Reacao do condutor";"Colisao traseira";"Com Vatimas Fatais";"Pleno dia";"Decrescente";"Ceu Claro";"Simples";"Reta";"Nao";3;1;1;0;0;1;1;3;-1,304611;-47,776382;"SPRF-PA";"DEL01-PA";"UOP02-DEL01-PA"
583672;2024-02-27;"terça-feira";"14:45:00";"TO";153;499,7;"PARAISO DO TOCANTINS";"Problema com o freio";"Colisao traseira";"Sem Vatimas";"Pleno dia";"Decrescente";"Nublado";"Simples";"Declive;Reta                  ";"Sim";2;0;0;0;2;0;0;2;-10,195273;-48,877344;"SPRF-TO";"DEL01-TO";"UOP01-DEL01-TO"
583673;2024-02-27;"terça-feira";"11:20:00";"MT";70;79;"CACERES";"Condutor deixou de manter distancia do veiculo da frente";"Colisao traseira";"Com Vatimas Feridas";"Pleno dia";"Decrescente";"Ceu Claro";"Simples";"Reta";"Nao";2;0;2;0;0;0;2;1;-15,99235484;-57,75272369;"SPRF-MT";"DEL07-MT";"UOP01-DEL07-MT"
583674;2024-02-27;"terça-feira";"14:20:00";"PR";369;493,9;"CASCAVEL";"Ultrapassagem Indevida";"Colisao transversal";"Com Vatimas Fatais";"Pleno dia";"Decrescente";"Sol";"Simples";"Reta;Interseaao de Vias       ";"Nao";4;1;0;1;1;1;1;3;-24,86279181;-53,33671859;"SPRF-PR";"DEL04-PR";"UOP03-DEL04-PR"
583675;2024-02-27;"terça-feira";"14:40:00";"MA";135;13;"SAO LUIS";"Reacao tardia ou ineficiente do condutor";"Colisao traseira";"Sem Vatimas";"Pleno dia";"Decrescente";"Chuva";"Dupla";"Reta;Aclive                   ";"Sim";2;0;0;0;2;0;0;2;-2,68053538;-44,29512283;"SPRF-MA";"DEL01-MA";"UOP01-DEL01-MA"
583676;2024-02-27;"terça-feira";"12:10:00";"PR";163;7,8;"BARRACAO";"Desrespeitar a preferancia no cruzamento";"Colisao transversal";"Com Vatimas Feridas";"Pleno dia";"Decrescente";"Sol";"Simples";"Interseaao de Vias";"Sim";2;0;1;0;1;0;1;2;-26,257735;-53,618448;"SPRF-PR";"DEL02-PR";"UOP02-DEL02-PR"
583678;2024-02-27;"terça-feira";"14:21:00";"MS";163;471;"CAMPO GRANDE";"Transitar no Acostamento";"Colisao traseira";"Com Vatimas Feridas";"Pleno dia";"Decrescente";"Nublado";"Simples";"Aclive;Reta                   ";"Nao";2;0;1;0;1;0;1;2;-20,55130516;-54,5571612;"SPRF-MS";"DEL01-MS";"UOP01-DEL01-MS"
583681;2024-02-27;"terça-feira";"15:20:00";"PE";428;186;"PETROLINA";"Acessar a via sem observar a presenca dos outros veiculos";"Colisao transversal";"Com Vatimas Feridas";"Pleno dia";"Crescente";"Nublado";"Simples";"Interseaao de Vias";"Sim";2;0;1;0;1;0;1;2;-9,34807826;-40,47441248;"SPRF-PE";"DEL06-PE";"UOP01-DEL06-PE"
583682;2024-01-22;"segunda-feira";"17:34:00";"RR";174;428;"MUCAJAI";"Condutor Dormindo";"Saida de leito carrocavel";"Com Vatimas Feridas";"Anoitecer";"Decrescente";"Ceu Claro";"Simples";"Reta";"Nao";1;0;1;0;0;0;1;1;2,288826;-60,948849;"SPRF-RR";"DEL01-RR";"UOP01-DEL01-RR"
583683;2024-02-27;"terça-feira";"11:20:00";"MG";381;479,8;"CONTAGEM";"Manobra de mudanaa de faixa";"Colisao lateral mesmo sentido";"Com Vatimas Feridas";"Pleno dia";"Crescente";"Sol";"Dupla";"Reta";"Nao";3;0;1;0;2;0;1;3;-19,96152448;-44,05085206;"SPRF-MG";"DEL01-MG";"UOP03-DEL01-MG"
583685;2024-02-27;"terça-feira";"15:55:00";"PB";230;16,8;"JOAO PESSOA";"Trafegar com motocicleta (ou similar) entre as faixas";"Colisao traseira";"Com Vatimas Feridas";"Pleno dia";"Crescente";"Nublado";"Dupla";"Reta;Declive                  ";"Sim";2;0;1;0;1;0;1;2;-7,1039;-34,8458;"SPRF-PB";"DEL01-PB";"UOP01-DEL01-PB"
583688;2024-02-27;"terça-feira";"16:10:00";"GO";40;1,8;"VALPARAISO DE GOIAS";"Condutor deixou de manter distancia do veiculo da frente";"Colisao traseira";"Com Vatimas Feridas";"Pleno dia";"Decrescente";"Sol";"Dupla";"Reta";"Sim";2;0;1;0;1;0;1;2;-16,058245;-47,982825;"SPRF-DF";"DEL01-DF";"UOP01-DEL01-DF"
583689;2024-02-27;"terça-feira";"15:15:00";"RJ";465;1;"SEROPEDICA";"Acessar a via sem observar a presenca dos outros veiculos";"Colisao transversal";"Com Vatimas Feridas";"Pleno dia";"Crescente";"Sol";"Simples";"Reta";"Sim";2;0;1;0;1;0;1;2;-22,719835;-43,725739;"SPRF-RJ";"DEL06-RJ";"UOP02-DEL06-RJ"
583690;2024-02-27;"terça-feira";"16:20:00";"RS";392;36,1;"RIO GRANDE";"Problema na suspensao";"Saida de leito carrocavel";"Com Vatimas Feridas";"Pleno dia";"Crescente";"Nublado";"Dupla";"Reta";"Nao";3;0;2;0;1;0;2;1;-31,99762093;-52,28884683;"SPRF-RS";"DEL07-RS";"UOP02-DEL07-RS"
583691;2024-02-27;"terça-feira";"14:05:00";"SP";116;421;"JUQUIA";"Reacao tardia ou ineficiente do condutor";"Atropelamento de Pedestre";"Com Vatimas Feridas";"Pleno dia";"Crescente";"Ceu Claro";"Dupla";"Reta";"Sim";2;0;1;0;1;0;1;2;-24,35801488;-47,68588212;"SPRF-SP";"DEL05-SP";"UOP01-DEL05-SP"
583692;2024-02-27;"terça-feira";"16:20:00";"DF";20;9,6;"BRASILIA";"Pedestre cruzava a pista fora da faixa";"Atropelamento de Pedestre";"Com Vatimas Feridas";"Pleno dia";"Crescente";"Sol";"Dupla";"Reta";"Sim";4;0;0;1;3;0;1;2;-15,654671;-47,782917;"SPRF-DF";"DEL02-DF";"UOP01-DEL02-DF"
583694;2024-02-27;"terça-feira";"17:10:00";"SP";153;63,5;"SAO JOSE DO RIO PRETO";"Manobra de mudanaa de faixa";"Colisao lateral mesmo sentido";"Com Vatimas Feridas";"Pleno dia";"Crescente";"Ceu Claro";"Dupla";"Reta";"Sim";2;0;1;0;1;0;1;2;-20,82149698;-49,35764818;"SPRF-SP";"DEL09-SP";"UOP01-DEL09-SP"
583695;2024-02-27;"terça-feira";"17:00:00";"BA";116;410,9;"FEIRA DE SANTANA";"Acessar a via sem observar a presenca dos outros veiculos";"Colisao transversal";"Com Vatimas Feridas";"Pleno dia";"Decrescente";"Sol";"Dupla";"Retorno Regulamentado;Reta    ";"Nao";2;0;1;0;1;0;1;2;-12,12979564;-38,96807671;"SPRF-BA";"DEL02-BA";"UOP01-DEL02-BA"
583696;2024-02-27;"terça-feira";"16:15:00";"RS";285;128,8;"VACARIA";"Reacao tardia ou ineficiente do condutor";"Saida de leito carrocavel";"Sem Vatimas";"Pleno dia";"Crescente";"Chuva";"Simples";"Reta";"Nao";1;0;0;0;1;0;0;1;-28,403036;-51,04961;"SPRF-RS";"DEL05-RS";"UOP03-DEL05-RS"
583698;2024-02-27;"terça-feira";"15:30:00";"RJ";116;188;"NOVA IGUACU";"Manobra de mudanaa de faixa";"Colisao lateral mesmo sentido";"Com Vatimas Feridas";"Pleno dia";"Crescente";"Ceu Claro";"Dupla";"Reta";"Sim";4;0;1;0;3;0;1;2;-22,7380709;-43,48213999;"SPRF-RJ";"DEL06-RJ";"UOP01-DEL06-RJ"
583699;2024-02-27;"terça-feira";"16:15:00";"SC";101;141;"ITAPEMA";"Reacao tardia ou ineficiente do condutor";"Tombamento";"Com Vatimas Feridas";"Pleno dia";"Crescente";"Sol";"Dupla";"Declive;Curva                 ";"Nao";1;0;1;0;0;0;1;1;-27,04761729;-48,59995855;"SPRF-SC";"DEL04-SC";"UOP03-DEL04-SC"
583700;2024-02-27;"terça-feira";"17:55:00";"SC";101;116,9;"ITAJAI";"Ausancia de Reacao do condutor";"Tombamento";"Com Vatimas Feridas";"Pleno dia";"Crescente";"Nublado";"Dupla";"Reta";"Nao";1;0;0;1;0;0;1;1;-26,87905605;-48,72603512;"SPRF-SC";"DEL04-SC";"UOP04-DEL04-SC"
583702;2024-02-27;"terça-feira";"17:00:00";"RJ";116;171;"RIO DE JANEIRO";"Condutor deixou de manter distancia do veiculo da frente";"Colisao traseira";"Com Vatimas Feridas";"Pleno dia";"Crescente";"Ceu Claro";"Maltipla";"Reta";"Sim";2;0;1;0;1;0;1;2;-22,8060415;-43,34289573;"SPRF-RJ";"DEL06-RJ";"UOP01-DEL06-RJ"
583703;2024-02-27;"terça-feira";"18:10:00";"GO";153;500;"GOIANIA";"Manobra de mudanaa de faixa";"Colisao lateral mesmo sentido";"Com Vatimas Feridas";"Pleno dia";"Crescente";"Ceu Claro";"Dupla";"Reta";"Sim";2;0;1;0;1;0;1;2;-16,7118;-49,2324;"SPRF-GO";"DEL01-GO";"UOP01-DEL01-GO"
583704;2024-02-27;"terça-feira";"17:45:00";"PE";101;78;"RECIFE";"Trafegar com motocicleta (ou similar) entre as faixas";"Queda de ocupante de veiculo";"Com Vatimas Feridas";"Anoitecer";"Decrescente";"Ceu Claro";"Dupla";"Reta";"Nao";2;0;2;0;0;0;2;1;-8,13496499;-34,94738614;"SPRF-PE";"DEL01-PE";"UOP01-DEL01-PE"
583705;2024-02-27;"terça-feira";"17:40:00";"PR";376;217;"JANDAIA DO SUL";"Pedestre cruzava a pista fora da faixa";"Atropelamento de Pedestre";"Com Vatimas Feridas";"Pleno dia";"Crescente";"Ceu Claro";"Simples";"Aclive;Reta                   ";"Sim";2;0;2;0;0;0;2;2;-23,5978436;-51,62416462;"SPRF-PR";"DEL09-PR";"UOP01-DEL09-PR"
583706;2024-02-27;"terça-feira";"16:40:00";"MS";262;539,2;"MIRANDA";"Reacao tardia ou ineficiente do condutor";"Colisao com objeto";"Com Vatimas Feridas";"Pleno dia";"Decrescente";"Chuva";"Simples";"Curva";"Nao";1;0;1;0;0;0;1;1;-20,32020041;-56,22051707;"SPRF-MS";"DEL03-MS";"UOP02-DEL03-MS"
583707;2024-02-27;"terça-feira";"18:10:00";"PR";116;99,2;"SAO JOSE DOS PINHAIS";"Trafegar com motocicleta (ou similar) entre as faixas";"Colisao lateral mesmo sentido";"Com Vatimas Feridas";"Anoitecer";"Crescente";"Nublado";"Dupla";"Curva";"Sim";3;0;1;0;0;2;1;3;-25,56180384;-49,15272743;"SPRF-PR";"DEL01-PR";"UOP07-DEL01-PR"
583708;2024-02-27;"terça-feira";"18:05:00";"RJ";116;287;"BARRA MANSA";"Demais falhas mecanicas ou elatricas";"Colisao traseira";"Com Vatimas Feridas";"Pleno dia";"Crescente";"Ceu Claro";"Dupla";"Reta";"Nao";2;0;1;0;1;0;1;2;-22,49295305;-44,24252706;"SPRF-RJ";"DEL07-RJ";"UOP02-DEL07-RJ"
583709;2024-02-27;"terça-feira";"17:00:00";"SC";101;264;"PAULO LOPES";"Ausancia de Reacao do condutor";"Colisao com objeto";"Com Vatimas Feridas";"Pleno dia";"Decrescente";"Sol";"Dupla";"Reta";"Nao";3;0;1;1;1;0;2;2;-28,05149404;-48,71632789;"SPRF-SC";"DEL02-SC";"UOP03-DEL02-SC"
583711;2024-02-27;"terça-feira";"17:30:00";"PR";369;149;"LONDRINA";"Condutor deixou de manter distancia do veiculo da frente";"Colisao traseira";"Com Vatimas Feridas";"Pleno dia";"Crescente";"Nublado";"Dupla";"Declive;Reta                  ";"Sim";2;0;0;1;1;0;1;2;-23,29283247;-51,14785373;"SPRF-PR";"DEL07-PR";"UOP01-DEL07-PR"
583712;2024-02-27;"terça-feira";"18:20:00";"RJ";101;481,5;"ANGRA DOS REIS";"Transitar na contramao";"Colisao lateral sentido oposto";"Com Vatimas Feridas";"Plena Noite";"Crescente";"Nublado";"Simples";"Curva";"Nao";4;0;2;2;0;0;4;2;-22,999526;-44,300644;"SPRF-RJ";"DEL03-RJ";"UOP03-DEL03-RJ"
583713;2024-02-27;"terça-feira";"18:00:00";"MG";116;275,7;"TEOFILO OTONI";"Velocidade Incompatavel";"Atropelamento de Pedestre";"Com Vatimas Feridas";"Anoitecer";"Decrescente";"Nublado";"Simples";"Reta";"Sim";3;0;2;1;0;0;3;2;-17,84235093;-41,51410418;"SPRF-MG";"DEL11-MG";"UOP01-DEL11-MG"
583714;2024-02-27;"terça-feira";"18:15:00";"PR";369;178,8;"ARAPONGAS";"Demais falhas mecanicas ou elatricas";"Queda de ocupante de veiculo";"Com Vatimas Feridas";"Anoitecer";"Decrescente";"Ceu Claro";"Dupla";"Desvio Temporario";"Nao";1;0;1;0;0;0;1;1;-23,36160946;-51,399647;"SPRF-PR";"DEL07-PR";"UOP01-DEL07-PR"
583715;2024-02-27;"terça-feira";"12:30:00";"GO";452;65;"MAURILANDIA";"Acessar a via sem observar a presenca dos outros veiculos";"Colisao transversal";"Com Vatimas Feridas";"Pleno dia";"Crescente";"Ceu Claro";"Simples";"Retorno Regulamentado;Intersea";"Nao";2;0;1;0;1;0;1;2;-18,0159994;-50,34680974;"SPRF-GO";"DEL04-GO";"UOP01-DEL04-GO"
583720;2024-02-27;"terça-feira";"19:20:00";"ES";101;79;"SAO MATEUS";"Reacao tardia ou ineficiente do condutor";"Colisao com objeto";"Com Vatimas Feridas";"Plena Noite";"Crescente";"Nublado";"Simples";"Ponte;Reta                    ";"Nao";4;0;1;1;2;0;2;2;-18,81417602;-39,90121797;"SPRF-ES";"DEL04-ES";"UOP02-DEL04-ES"
583721;2024-02-27;"terça-feira";"17:30:00";"SC";101;207,3;"SAO JOSE";"Chuva";"Tombamento";"Com Vatimas Feridas";"Anoitecer";"Crescente";"Chuva";"Maltipla";"Reta";"Nao";1;0;1;0;0;0;1;1;-27,60001226;-48,6226467;"SPRF-SC";"DEL01-SC";"UOP01-DEL01-SC"
583724;2024-02-27;"terça-feira";"19:30:00";"MG";365;605;"UBERLANDIA";"Ausancia de Reacao do condutor";"Queda de ocupante de veiculo";"Com Vatimas Feridas";"Plena Noite";"Crescente";"Ceu Claro";"Simples";"Reta;Aclive                   ";"Nao";1;0;1;0;0;0;1;1;-18,91046419;-48,17036078;"SPRF-MG";"DEL15-MG";"UOP01-DEL15-MG"
583726;2024-02-27;"terça-feira";"19:45:00";"SP";116;108;"TAUBATE";"Pedestre cruzava a pista fora da faixa";"Colisao com objeto";"Com Vatimas Feridas";"Pleno dia";"Crescente";"Nublado";"Dupla";"Reta";"Sim";2;0;1;0;0;1;1;2;-23,0233097;-45,53763622;"SPRF-SP";"DEL02-SP";"UOP02-DEL02-SP"
583727;2024-02-27;"terça-feira";"15:15:00";"MG";40;702,2;"BARBACENA";"Condutor deixou de manter distancia do veiculo da frente";"Colisao traseira";"Com Vatimas Feridas";"Pleno dia";"Crescente";"Sol";"Dupla";"Curva;Declive                 ";"Nao";2;0;1;0;1;0;1;2;-21,19178602;-43,75167711;"SPRF-MG";"DEL05-MG";"UOP02-DEL05-MG"
583728;2024-02-27;"terça-feira";"20:25:00";"RS";116;517;"PELOTAS";"Ingestao de alcool pelo condutor";"Saida de leito carrocavel";"Sem Vatimas";"Plena Noite";"Decrescente";"Ceu Claro";"Dupla";"Reta";"Sim";1;0;0;0;1;0;0;1;-31,67908686;-52,34256731;"SPRF-RS";"DEL07-RS";"UOP01-DEL07-RS"
583729;2024-02-27;"terça-feira";"19:00:00";"PA";230;750;"MEDICILANDIA";"Transitar na contramao";"Colisao frontal";"Com Vatimas Fatais";"Plena Noite";"Crescente";"Ceu Claro";"Simples";"Reta";"Sim";2;1;0;0;0;1;0;2;-3,46293657;-52,93686568;"SPRF-PA";"DEL04-PA";"UOP01-DEL04-PA"
583730;2024-02-27;"terça-feira";"19:40:00";"MG";381;676,5;"PERDOES";"Desrespeitar a preferancia no cruzamento";"Colisao transversal";"Com Vatimas Feridas";"Plena Noite";"Decrescente";"Ignorado";"Simples";"Interseaao de Vias;Declive    ";"Sim";2;0;1;0;1;0;1;2;-21,12375684;-45,09790729;"SPRF-MG";"DEL04-MG";"UOP02-DEL04-MG"
583731;2024-02-27;"terça-feira";"20:00:00";"PI";343;306;"ALTOS";"Condutor deixou de manter distancia do veiculo da frente";"Colisao lateral mesmo sentido";"Sem Vatimas";"Plena Noite";"Decrescente";"Ceu Claro";"Simples";"Reta";"Sim";2;0;0;0;2;0;0;2;-5,038756;-42,450893;"SPRF-PI";"DEL01-PI";"UOP01-DEL01-PI"
583732;2024-02-27;"terça-feira";"19:30:00";"DF";20;18;"BRASILIA";"Manobra de mudanaa de faixa";"Colisao lateral mesmo sentido";"Com Vatimas Feridas";"Plena Noite";"Crescente";"Ceu Claro";"Dupla";"Declive";"Sim";4;0;1;0;2;1;1;3;-15,616901;-47,708927;"SPRF-DF";"DEL02-DF";"UOP01-DEL02-DF"
583733;2024-02-27;"terça-feira";"20:00:00";"SC";101;104,5;"PENHA";"Conversao proibida";"Colisao com objeto";"Com Vatimas Feridas";"Plena Noite";"Crescente";"Nublado";"Dupla";"Viaduto;Reta                  ";"Sim";3;0;0;3;0;0;3;1;-26,79281742;-48,68080819;"SPRF-SC";"DEL03-SC";"UOP02-DEL03-SC"
583734;2024-02-27;"terça-feira";"20:55:00";"MG";40;552;"NOVA LIMA";"Demais falhas mecanicas ou elatricas";"Tombamento";"Com Vatimas Feridas";"Plena Noite";"Decrescente";"Nublado";"Dupla";"Reta";"Sim";2;0;2;0;0;0;2;1;-20,06084086;-43,97716423;"SPRF-MG";"DEL01-MG";"UOP02-DEL01-MG"
583736;2024-02-27;"terça-feira";"20:10:00";"SP";116;282;"EMBU DAS ARTES";"Demais falhas mecanicas ou elatricas";"Colisao com objeto";"Com Vatimas Feridas";"Plena Noite";"Crescente";"Ceu Claro";"Dupla";"Reta";"Nao";1;0;1;0;0;0;1;1;-23,68570216;-46,85970975;"SPRF-SP";"DEL04-SP";"UOP01-DEL04-SP"
583737;2024-02-13;"terça-feira";"09:40:00";"PE";101;31,6;"ITAPISSUMA";"Entrada inopinada do pedestre";"Tombamento";"Com Vatimas Feridas";"Pleno dia";"Crescente";"Ceu Claro";"Dupla";"Curva";"Sim";1;0;0;1;0;0;1;1;-7,74443874;-34,93872764;"SPRF-PE";"DEL01-PE";"UOP02-DEL01-PE"
583738;2024-02-27;"terça-feira";"17:50:00";"SC";101;381,7;"ICARA";"Demais falhas mecanicas ou elatricas";"Saida de leito carrocavel";"Com Vatimas Feridas";"Pleno dia";"Decrescente";"Nublado";"Dupla";"Reta";"Nao";2;0;1;1;0;0;2;1;-28,766633;-49,297711;"SPRF-SC";"DEL02-SC";"UOP02-DEL02-SC"
583739;2024-02-27;"terça-feira";"21:50:00";"SP";116;221;"GUARULHOS";"Trafegar com motocicleta (ou similar) entre as faixas";"Colisao lateral mesmo sentido";"Com Vatimas Feridas";"Plena Noite";"Crescente";"Ceu Claro";"Maltipla";"Reta";"Nao";2;0;1;0;1;0;1;2;-23,46802395;-46,50704901;"SPRF-SP";"DEL01-SP";"UOP01-DEL01-SP"
583741;2024-02-27;"terça-feira";"17:50:00";"MS";163;485;"CAMPO GRANDE";"Ausancia de Reacao do condutor";"Tombamento";"Com Vatimas Feridas";"Plena Noite";"Crescente";"Ceu Claro";"Simples";"Reta";"Sim";1;0;0;1;0;0;1;1;-20,44233707;-54,54201834;"SPRF-MS";"DEL01-MS";"UOP02-DEL01-MS"
583742;2024-02-27;"terça-feira";"22:15:00";"ES";101;66,5;"SAO MATEUS";"Ausancia de Reacao do condutor";"Atropelamento de Pedestre";"Com Vatimas Feridas";"Plena Noite";"Crescente";"Ceu Claro";"Simples";"Interseaao de Vias;Reta       ";"Sim";2;0;1;0;1;0;1;2;-18,7165195;-39,87436378;"SPRF-ES";"DEL04-ES";"UOP02-DEL04-ES"
583744;2024-02-27;"terça-feira";"19:00:00";"PR";277;365;"GUARAPUAVA";"Reacao tardia ou ineficiente do condutor";"Saida de leito carrocavel";"Com Vatimas Feridas";"Plena Noite";"Crescente";"Nublado";"Simples";"Reta";"Nao";1;0;1;0;0;0;1;1;-25,43002721;-51,65736437;"SPRF-PR";"DEL08-PR";"UOP01-DEL08-PR"
583745;2024-02-27;"terça-feira";"21:09:00";"RR";401;20;"CANTA";"Avarias e/ou desgaste excessivo no pneu";"Tombamento";"Com Vatimas Feridas";"Plena Noite";"Crescente";"Ceu Claro";"Dupla";"Reta";"Sim";2;0;1;1;0;0;2;1;2,799441;-60,631646;"SPRF-RR";"DEL01-RR";"UOP01-DEL01-RR"
583749;2024-02-27;"terça-feira";"20:00:00";"PB";230;114,2;"INGA";"Ingestao de alcool pelo condutor";"Colisao com objeto";"Com Vatimas Feridas";"Plena Noite";"Crescente";"Ceu Claro";"Dupla";"Reta";"Nao";1;0;0;1;0;0;1;1;-7,2215;-35,5969;"SPRF-PB";"DEL01-PB";"UOP03-DEL01-PB"
583752;2024-02-27;"terça-feira";"22:40:00";"RJ";393;133;"SAPUCAIA";"Reacao tardia ou ineficiente do condutor";"Colisao traseira";"Com Vatimas Feridas";"Plena Noite";"Crescente";"Ceu Claro";"Simples";"Reta";"Sim";2;0;0;2;0;0;2;2;-21,98473799;-42,89796901;"SPRF-RJ";"DEL05-RJ";"UOP01-DEL05-RJ"
583754;2024-02-27;"terça-feira";"19:45:00";"RJ";40;104;"DUQUE DE CAXIAS";"Acessar a via sem observar a presenca dos outros veiculos";"Colisao transversal";"Com Vatimas Feridas";"Plena Noite";"Decrescente";"Ceu Claro";"Maltipla";"Interseaao de Vias;Declive    ";"Sim";3;0;1;0;2;0;1;3;-22,62897902;-43,28579508;"SPRF-RJ";"DEL01-RJ";"UOP02-DEL01-RJ"
583757;2024-02-28;"quarta-feira";"00:45:00";"PR";116;125;"FAZENDA RIO GRANDE";"Condutor Dormindo";"Colisao com objeto";"Com Vatimas Feridas";"Plena Noite";"Decrescente";"Nublado";"Dupla";"Reta";"Sim";2;0;0;1;1;0;1;1;-25,59505309;-49,31630659;"SPRF-PR";"DEL01-PR";"UOP03-DEL01-PR"
583758;2024-02-28;"quarta-feira";"00:50:00";"PR";376;474;"PONTA GROSSA";"Reacao tardia ou ineficiente do condutor";"Saida de leito carrocavel";"Com Vatimas Feridas";"Plena Noite";"Crescente";"Nevoeiro/Neblina";"Dupla";"Declive;Interseaao de Vias;Ret";"Nao";1;0;1;0;0;0;1;1;-25,03527832;-50,30138778;"SPRF-PR";"DEL03-PR";"UOP01-DEL03-PR"
583759;2024-02-28;"quarta-feira";"02:15:00";"DF";20;13;"BRASILIA";"Velocidade Incompatavel";"Colisao traseira";"Com Vatimas Feridas";"Plena Noite";"Crescente";"Ceu Claro";"Dupla";"Reta";"Sim";2;0;0;1;0;1;1;2;-15,638752;-47,749599;"SPRF-DF";"DEL02-DF";"UOP01-DEL02-DF"
583760;2024-02-28;"quarta-feira";"01:30:00";"GO";70;17;"AGUAS LINDAS DE GOIAS";"Reacao tardia ou ineficiente do condutor";"Saida de leito carrocavel";"Sem Vatimas";"Plena Noite";"Decrescente";"Ceu Claro";"Dupla";"Reta;Ponte                    ";"Nao";1;0;0;0;0;1;0;1;-15,75060673;-48,34984959;"SPRF-DF";"DEL03-DF";"UOP02-DEL03-DF"
583761;2024-02-28;"quarta-feira";"03:00:00";"PR";277;97,8;"CURITIBA";"Ausancia de Reacao do condutor";"Saida de leito carrocavel";"Com Vatimas Feridas";"Plena Noite";"Decrescente";"Ceu Claro";"Dupla";"Reta";"Sim";2;0;1;0;1;0;1;1;-25,43036341;-49,34739947;"SPRF-PR";"DEL01-PR";"UOP06-DEL01-PR"