"id";"data_inversa";"dia_semana";"horario";"uf";"br";"km";"municipio";"causa_acidente";"tipo_acidente";"classificacao_acidente";"fase_dia";"sentido_via";"condicao_metereologica";"tipo_pista";"tracado_via";"uso_solo";"pessoas";"mortos";"feridos_leves";"feridos_graves";"ilesos";"ignorados";"feridos";"veiculos";"latitude";"longitude";"regional";"delegacia";"uop"
583892;2024-02-28;"quarta-feira";"18:00:00";"SC";101;113;"ITAJAI";"Condutor deixou de manter distancia do veiculo da frente";"Colisao traseira";"Com Vatimas Feridas";"Pleno dia";"Decrescente";"Ceu Claro";"Dupla";"Reta";"Nao";2;0;1;0;1;0;1;2;-26,85311393;-48,72689927;"SPRF-SC";"DEL04-SC";"UOP04-DEL04-SC"
583894;2024-02-28;"quarta-feira";"17:50:00";"RJ";101;436;"MANGARATIBA";"Condutor deixou de manter distancia do veiculo da frente";"Colisao traseira";"Com Vatimas Feridas";"Pleno dia";"Decrescente";"Ceu Claro";"Simples";"Aclive;Reta                   ";"Nao";2;0;1;0;1;0;1;2;-22,94335387;-44,06046308;"SPRF-RJ";"DEL03-RJ";"UOP02-DEL03-RJ"
583895;2024-02-28;"quarta-feira";"18:15:00";"GO";60;101,5;"ANAPOLIS";"Ingestao de alcool pelo condutor";"Colisao traseira";"Sem Vatimas";"Pleno dia";"Crescente";"Ceu Claro";"Dupla";"Interseaao de Vias;Reta       ";"Sim";4;0;0;0;4;0;0;3;-16,4022;-48,9745;"SPRF-GO";"DEL02-GO";"UOP01-DEL02-GO"
583896;2024-02-28;"quarta-feira";"16:23:00";"PR";153;337;"IRATI";"Acessar a via sem observar a presenca dos outros veiculos";"Colisao transversal";"Com Vatimas Feridas";"Pleno dia";"Crescente";"Ceu Claro";"Simples";"Reta";"Sim";2;0;0;1;1;0;1;2;-25,50616511;-50,6512107;"SPRF-PR";"DEL08-PR";"UOP02-DEL08-PR"
583897;2024-02-28;"quarta-feira";"08:00:00";"SC";101;330;"TUBARAO";"Demais falhas mecanicas ou elatricas";"Queda de ocupante de veiculo";"Com Vatimas Feridas";"Pleno dia";"Decrescente";"Nublado";"Dupla";"Reta";"Nao";2;0;2;0;0;0;2;1;-28,45115639;-48,97286879;"SPRF-SC";"DEL02-SC";"UOP01-DEL02-SC"
583899;2024-02-28;"quarta-feira";"19:05:00";"SE";101;92;"NOSSA SENHORA DO SOCORRO";"Entrada inopinada do pedestre";"Atropelamento de Pedestre";"Com Vatimas Feridas";"Plena Noite";"Crescente";"Ceu Claro";"Dupla";"Reta";"Sim";4;0;1;0;3;0;1;2;-10,90169474;-37,13619222;"SPRF-SE";"DEL01-SE";"UOP01-DEL01-SE"
583900;2024-02-13;"terça-feira";"18:15:00";"PR";376;590;"CURITIBA";"Demais falhas mecanicas ou elatricas";"Queda de ocupante de veiculo";"Com Vatimas Feridas";"Anoitecer";"Decrescente";"Ceu Claro";"Dupla";"Reta";"Sim";1;0;1;0;0;0;1;1;-25,43521371;-49,36500549;"SPRF-PR";"DEL01-PR";"UOP06-DEL01-PR"
583903;2024-02-28;"quarta-feira";"17:10:00";"RJ";101;488;"ANGRA DOS REIS";"Acessar a via sem observar a presenca dos outros veiculos";"Colisao transversal";"Com Vatimas Feridas";"Pleno dia";"Crescente";"Nublado";"Simples";"Rotataria;Reta;Interseaao de V";"Nao";2;0;0;1;1;0;1;2;-22,96228558;-44,29734707;"SPRF-RJ";"DEL03-RJ";"UOP03-DEL03-RJ"
583904;2024-02-28;"quarta-feira";"19:40:00";"MG";381;831;"SAO SEBASTIAO DA BELA VISTA";"Ausancia de Reacao do condutor";"Atropelamento de Pedestre";"Com Vatimas Feridas";"Pleno dia";"Crescente";"Ceu Claro";"Dupla";"Reta";"Nao";2;0;0;1;0;1;1;2;-22,12169;-45,773262;"SPRF-MG";"DEL16-MG";"UOP01-DEL16-MG"
583905;2024-02-28;"quarta-feira";"19:00:00";"RJ";116;191;"NOVA IGUACU";"Ausancia de Reacao do condutor";"Colisao transversal";"Com Vatimas Feridas";"Plena Noite";"Crescente";"Ceu Claro";"Dupla";"Curva";"Sim";2;0;1;0;1;0;1;2;-22,74421443;-43,509822;"SPRF-RJ";"DEL06-RJ";"UOP01-DEL06-RJ"
583906;2024-02-28;"quarta-feira";"19:23:00";"RS";285;297;"PASSO FUNDO";"Acumulo de agua sobre o pavimento";"Tombamento";"Com Vatimas Feridas";"Plena Noite";"Decrescente";"Chuva";"Simples";"Reta";"Sim";1;0;1;0;0;0;1;1;-28,235136;-52,413391;"SPRF-RS";"DEL08-RS";"UOP03-DEL08-RS"
583907;2024-02-28;"quarta-feira";"19:15:00";"SP";116;448;"REGISTRO";"Acessar a via sem observar a presenca dos outros veiculos";"Colisao traseira";"Com Vatimas Feridas";"Plena Noite";"Crescente";"Ceu Claro";"Dupla";"Reta";"Sim";2;0;1;0;1;0;1;2;-24,52099699;-47,85336602;"SPRF-SP";"DEL05-SP";"UOP01-DEL05-SP"
583908;2024-02-28;"quarta-feira";"19:50:00";"PB";230;35,8;"SANTA RITA";"Ingestao de alcool pelo condutor";"Colisao transversal";"Sem Vatimas";"Plena Noite";"Crescente";"Ceu Claro";"Dupla";"Curva";"Sim";2;0;0;0;2;0;0;2;-7,1268;-34,9412;"SPRF-PB";"DEL01-PB";"UOP03-DEL01-PB"
583909;2024-02-28;"quarta-feira";"19:00:00";"PA";230;105;"MARABA";"Manobra de mudanaa de faixa";"Colisao frontal";"Com Vatimas Feridas";"Plena Noite";"Decrescente";"Ceu Claro";"Simples";"Aclive;Reta                   ";"Nao";3;0;1;1;1;0;2;2;-5,38442309;-48,98761403;"SPRF-PA";"DEL03-PA";"UOP01-DEL03-PA"
583910;2024-02-28;"quarta-feira";"20:05:00";"MG";40;699;"BARBACENA";"Animais na Pista";"Atropelamento de Animal";"Sem Vatimas";"Plena Noite";"Crescente";"Nublado";"Dupla";"Curva";"Nao";3;0;0;0;3;0;0;1;-21,16945;-43,756498;"SPRF-MG";"DEL05-MG";"UOP02-DEL05-MG"
583911;2024-02-28;"quarta-feira";"19:55:00";"MS";163;486;"CAMPO GRANDE";"Acessar a via sem observar a presenca dos outros veiculos";"Colisao transversal";"Com Vatimas Feridas";"Plena Noite";"Crescente";"Ceu Claro";"Simples";"Interseaao de Vias;Reta       ";"Sim";2;0;2;0;0;0;2;2;-20,447491;-54,540693;"SPRF-MS";"DEL01-MS";"UOP02-DEL01-MS"
583914;2024-02-28;"quarta-feira";"19:20:00";"GO";50;278,9;"CATALAO";"Reacao tardia ou ineficiente do condutor";"Tombamento";"Sem Vatimas";"Plena Noite";"Crescente";"Ceu Claro";"Simples";"Reta";"Sim";1;0;0;0;0;1;0;1;-18,1696;-47,92;"SPRF-GO";"DEL06-GO";"UOP01-DEL06-GO"
583915;2024-02-28;"quarta-feira";"20:35:00";"RJ";101;330;"RIO DE JANEIRO";"Demais falhas mecanicas ou elatricas";"Incendio";"Sem Vatimas";"Plena Noite";"Decrescente";"Ceu Claro";"Dupla";"Reta";"Sim";1;0;0;0;1;0;0;1;-22,8684989;-43,18548699;"SPRF-RJ";"DEL02-RJ";"UOP01-DEL02-RJ"
583917;2024-02-28;"quarta-feira";"21:25:00";"RJ";101;327;"RIO DE JANEIRO";"Demais falhas mecanicas ou elatricas";"Colisao traseira";"Com Vatimas Feridas";"Plena Noite";"Decrescente";"Nublado";"Simples";"Reta;Ponte                    ";"Sim";3;0;2;0;1;0;2;2;-22,87117393;-43,15595099;"SPRF-RJ";"DEL02-RJ";"UOP01-DEL02-RJ"
583919;2024-02-28;"quarta-feira";"19:40:00";"ES";259;102;"BAIXO GUANDU";"Acessar a via sem observar a presenca dos outros veiculos";"Colisao frontal";"Com Vatimas Feridas";"Plena Noite";"Crescente";"Nublado";"Simples";"Reta";"Nao";2;0;1;1;0;0;2;2;-19,522022;-41,01212;"SPRF-ES";"DEL02-ES";"UOP01-DEL02-ES"
583920;2024-01-19;"sexta-feira";"17:20:00";"MG";262;362;"BETIM";"Afundamento ou ondulaaao no pavimento";"Queda de ocupante de veiculo";"Com Vatimas Feridas";"Pleno dia";"Crescente";"Garoa/Chuvisco";"Maltipla";"Reta;Declive                  ";"Nao";1;0;1;0;0;0;1;1;-19,98025969;-44,22672112;"SPRF-MG";"DEL01-MG";"UOP03-DEL01-MG"
583921;2024-02-28;"quarta-feira";"19:00:00";"PR";277;129,8;"BALSA NOVA";"Chuva";"Saida de leito carrocavel";"Com Vatimas Feridas";"Plena Noite";"Decrescente";"Chuva";"Dupla";"Declive;Curva                 ";"Nao";2;0;1;0;1;0;1;1;-25,47301946;-49,63487729;"SPRF-PR";"DEL03-PR";"UOP03-DEL03-PR"
583927;2024-02-28;"quarta-feira";"20:10:00";"PA";163;624;"TRAIRAO";"Curva acentuada";"Colisao lateral sentido oposto";"Com Vatimas Feridas";"Plena Noite";"Crescente";"Nublado";"Simples";"Curva;Aclive                  ";"Sim";9;0;2;1;6;0;3;2;-4,70629765;-56,00399883;"SPRF-PA";"DEL05-PA";"UOP02-DEL05-PA"
583930;2024-02-28;"quarta-feira";"22:20:00";"SC";470;126;"LONTRAS";"Reacao tardia ou ineficiente do condutor";"Saida de leito carrocavel";"Com Vatimas Fatais";"Plena Noite";"Crescente";"Chuva";"Simples";"Curva";"Nao";1;1;0;0;0;0;0;1;-27,131186;-49,5384827;"SPRF-SC";"DEL04-SC";"UOP02-DEL04-SC"
583932;2024-02-28;"quarta-feira";"23:15:00";"PE";428;188,9;"PETROLINA";"Acessar a via sem observar a presenca dos outros veiculos";"Colisao traseira";"Com Vatimas Feridas";"Plena Noite";"Crescente";"Ceu Claro";"Dupla";"Reta";"Sim";5;0;1;0;3;1;1;3;-9,37197508;-40,48679585;"SPRF-PE";"DEL06-PE";"UOP01-DEL06-PE"
583934;2024-02-28;"quarta-feira";"23:50:00";"SP";116;141,4;"SAO JOSE DOS CAMPOS";"Demais falhas mecanicas ou elatricas";"Tombamento";"Com Vatimas Feridas";"Plena Noite";"Decrescente";"Ceu Claro";"Dupla";"Reta";"Nao";2;0;2;0;0;0;2;1;-23,17004717;-45,82091491;"SPRF-SP";"DEL02-SP";"UOP01-DEL02-SP"
583936;2024-02-28;"quarta-feira";"23:15:00";"PR";373;183,5;"PONTA GROSSA";"Reacao tardia ou ineficiente do condutor";"Saida de leito carrocavel";"Sem Vatimas";"Plena Noite";"Crescente";"Ceu Claro";"Dupla";"Curva";"Nao";1;0;0;0;1;0;0;1;-25,03935712;-50,2767641;"SPRF-PR";"DEL03-PR";"UOP01-DEL03-PR"
583937;2024-02-28;"quarta-feira";"23:30:00";"SP";116;95,2;"PINDAMONHANGABA";"Reacao tardia ou ineficiente do condutor";"Tombamento";"Com Vatimas Feridas";"Plena Noite";"Crescente";"Nublado";"Dupla";"Reta";"Nao";1;0;1;0;0;0;1;1;-22,96622293;-45,43259525;"SPRF-SP";"DEL08-SP";"UOP01-DEL08-SP"
583938;2024-02-29;"quinta-feira";"00:31:00";"RJ";40;111;"DUQUE DE CAXIAS";"Animais na Pista";"Atropelamento de Animal";"Com Vatimas Feridas";"Plena Noite";"Decrescente";"Ceu Claro";"Maltipla";"Aclive;Reta                   ";"Sim";1;0;1;0;0;0;1;1;-22,691868;-43,287453;"SPRF-RJ";"DEL01-RJ";"UOP02-DEL01-RJ"
583939;2024-02-28;"quarta-feira";"23:50:00";"MG";116;503;"INHAPIM";"Ausancia de Reacao do condutor";"Tombamento";"Com Vatimas Feridas";"Plena Noite";"Crescente";"Ceu Claro";"Simples";"Curva";"Nao";1;0;1;0;0;0;1;1;-19,58559493;-42,11244886;"SPRF-MG";"DEL06-MG";"UOP02-DEL06-MG"
583940;2024-02-29;"quinta-feira";"01:00:00";"SC";101;198,9;"SAO JOSE";"Reacao tardia ou ineficiente do condutor";"Tombamento";"Com Vatimas Feridas";"Plena Noite";"Decrescente";"Nublado";"Maltipla";"Curva";"Sim";2;0;2;0;0;0;2;1;-27,52658712;-48,63506019;"SPRF-SC";"DEL01-SC";"UOP01-DEL01-SC"
583941;2024-02-29;"quinta-feira";"00:50:00";"BA";324;622;"SALVADOR";"Transitar na contramao";"Colisao frontal";"Com Vatimas Feridas";"Plena Noite";"Crescente";"Ceu Claro";"Dupla";"Curva";"Sim";3;0;1;0;2;0;1;2;-12,91888605;-38,46502095;"SPRF-BA";"DEL01-BA";"UOP01-DEL01-BA"
583942;2024-02-29;"quinta-feira";"00:30:00";"BA";20;187;"LUIS EDUARDO MAGALHAES";"Animais na Pista";"Atropelamento de Animal";"Sem Vatimas";"Plena Noite";"Decrescente";"Ceu Claro";"Simples";"Reta";"Nao";1;0;0;0;0;1;0;1;-12,353653;-45,859799;"SPRF-BA";"DEL10-BA";"UOP01-DEL10-BA"
583943;2024-02-29;"quinta-feira";"00:20:00";"BA";110;150;"RIBEIRA DO POMBAL";"Animais na Pista";"Atropelamento de Animal";"Com Vatimas Feridas";"Plena Noite";"Crescente";"Ceu Claro";"Simples";"Reta";"Nao";2;0;1;1;0;0;2;1;-10,69245302;-38,44478799;"SPRF-BA";"DEL07-BA";"UOP02-DEL07-BA"
583944;2024-02-28;"quarta-feira";"23:50:00";"PR";369;66;"SANTA MARIANA";"Animais na Pista";"Atropelamento de Animal";"Com Vatimas Feridas";"Plena Noite";"Decrescente";"Ceu Claro";"Simples";"Reta";"Nao";2;0;2;0;0;0;2;1;-23,15658799;-50,52852631;"SPRF-PR";"DEL07-PR";"UOP05-DEL07-PR"
583946;2024-02-29;"quinta-feira";"02:30:00";"SP";116;230;"SAO PAULO";"Ausancia de Reacao do condutor";"Queda de ocupante de veiculo";"Com Vatimas Feridas";"Plena Noite";"Decrescente";"Nublado";"Maltipla";"Reta";"Nao";1;0;1;0;0;0;1;1;-23,52251783;-46,5855702;"SPRF-SP";"DEL01-SP";"UOP01-DEL01-SP"
583947;2024-02-28;"quarta-feira";"19:30:00";"GO";80;237;"ALTO HORIZONTE";"Animais na Pista";"Atropelamento de Animal";"Sem Vatimas";"Plena Noite";"Decrescente";"Ceu Claro";"Simples";"Reta";"Nao";2;0;0;0;1;1;0;2;-14,192757;-49,447757;"SPRF-GO";"DEL07-GO";"UOP01-DEL07-GO"
583949;2024-02-29;"quinta-feira";"02:00:00";"SC";101;149;"ITAPEMA";"Ingestao de alcool pelo condutor";"Colisao com objeto";"Sem Vatimas";"Plena Noite";"Decrescente";"Nublado";"Maltipla";"Reta";"Sim";1;0;0;0;0;1;0;1;-27,1089649;-48,61277586;"SPRF-SC";"DEL04-SC";"UOP03-DEL04-SC"
583958;2024-02-29;"quinta-feira";"01:30:00";"PI";407;477;"JAICOS";"Condutor Dormindo";"Saida de leito carrocavel";"Com Vatimas Feridas";"Plena Noite";"Crescente";"Nublado";"Simples";"Reta";"Nao";1;0;0;1;0;0;1;1;-7,41962911;-41,19187493;"SPRF-PI";"DEL04-PI";"UOP01-DEL04-PI"
583961;2024-02-29;"quinta-feira";"04:50:00";"PR";369;437,3;"UBIRATA";"Animais na Pista";"Atropelamento de Animal";"Com Vatimas Feridas";"Plena Noite";"Crescente";"Ceu Claro";"Simples";"Reta";"Nao";3;0;1;0;2;0;1;1;-24,549917;-53,033805;"SPRF-PR";"DEL04-PR";"UOP03-DEL04-PR"
583962;2024-02-28;"quarta-feira";"09:30:00";"SC";101;20;"JOINVILLE";"Demais falhas mecanicas ou elatricas";"Incendio";"Sem Vatimas";"Pleno dia";"Decrescente";"Ceu Claro";"Maltipla";"Reta";"Nao";3;0;0;0;3;0;0;1;-26,14068354;-48,90289307;"SPRF-SC";"DEL03-SC";"UOP01-DEL03-SC"
583964;2024-02-29;"quinta-feira";"04:40:00";"MG";381;293;"ANTONIO DIAS";"Condutor Dormindo";"Colisao com objeto";"Com Vatimas Feridas";"Plena Noite";"Crescente";"Ceu Claro";"Dupla";"Curva;Aclive                  ";"Nao";3;0;2;0;1;0;2;1;-19,61823684;-42,84746491;"SPRF-MG";"DEL03-MG";"UOP02-DEL03-MG"
583965;2024-02-29;"quinta-feira";"05:52:00";"PB";101;113;"ALHANDRA";"Ausancia de Reacao do condutor";"Colisao lateral mesmo sentido";"Sem Vatimas";"Pleno dia";"Decrescente";"Ceu Claro";"Dupla";"Aclive;Reta                   ";"Nao";1;0;0;0;0;1;0;1;-7,37852293;-34,95673822;"SPRF-PB";"DEL01-PB";"UOP02-DEL01-PB"
583967;2024-02-29;"quinta-feira";"02:30:00";"RJ";101;503;"ANGRA DOS REIS";"area urbana sem a presenca de local apropriado para a travessia de pedestres";"Atropelamento de Pedestre";"Com Vatimas Feridas";"Plena Noite";"Crescente";"Ceu Claro";"Simples";"Reta";"Sim";2;0;0;1;1;0;1;2;-22,93053171;-44,38440084;"SPRF-RJ";"DEL03-RJ";"UOP03-DEL03-RJ"
583969;2024-02-29;"quinta-feira";"05:20:00";"SC";101;33;"JOINVILLE";"Ausancia de Reacao do condutor";"Colisao traseira";"Com Vatimas Feridas";"Plena Noite";"Decrescente";"Garoa/Chuvisco";"Maltipla";"Curva";"Nao";2;0;1;0;1;0;1;2;-26,23320493;-48,91666889;"SPRF-SC";"DEL03-SC";"UOP01-DEL03-SC"
583970;2024-02-29;"quinta-feira";"02:20:00";"MG";262;418;"PARA DE MINAS";"Reacao tardia ou ineficiente do condutor";"Tombamento";"Com Vatimas Feridas";"Plena Noite";"Crescente";"Ignorado";"Dupla";"Reta";"Nao";2;0;1;0;1;0;1;1;-19,89963382;-44,69608755;"SPRF-MG";"DEL08-MG";"UOP03-DEL08-MG"
583973;2024-02-29;"quinta-feira";"05:00:00";"MG";153;106,5;"PRATA";"Ausancia de Reacao do condutor";"Saida de leito carrocavel";"Com Vatimas Feridas";"Amanhecer";"Crescente";"Ceu Claro";"Simples";"Reta";"Nao";1;0;1;0;0;0;1;1;-19,28824388;-48,91115575;"SPRF-MG";"DEL15-MG";"UOP03-DEL15-MG"
583974;2024-02-29;"quinta-feira";"05:00:00";"PE";101;205;"XEXEU";"Retorno proibido";"Colisao transversal";"Com Vatimas Feridas";"Amanhecer";"Decrescente";"Ceu Claro";"Dupla";"Curva";"Nao";4;0;2;0;2;0;2;2;-8,813152;-35,63283;"SPRF-PE";"DEL01-PE";"UOP03-DEL01-PE"
583975;2024-02-28;"quarta-feira";"18:30:00";"MG";381;942;"EXTREMA";"Reacao tardia ou ineficiente do condutor";"Saida de leito carrocavel";"Com Vatimas Feridas";"Plena Noite";"Decrescente";"Ceu Claro";"Dupla";"Aclive;Reta                   ";"Nao";1;0;1;0;0;0;1;1;-22,86605937;-46,34940386;"SPRF-MG";"DEL16-MG";"UOP03-DEL16-MG"
583976;2024-02-29;"quinta-feira";"06:15:00";"DF";40;2;"BRASILIA";"Manobra de mudanaa de faixa";"Colisao lateral mesmo sentido";"Com Vatimas Feridas";"Pleno dia";"Crescente";"Sol";"Dupla";"Reta";"Sim";3;0;1;0;2;0;1;2;-15,99435;-47,985947;"SPRF-DF";"DEL01-DF";"UOP01-DEL01-DF"
583977;2024-02-29;"quinta-feira";"06:35:00";"RS";470;216;"BENTO GONCALVES";"Acessar a via sem observar a presenca dos outros veiculos";"Colisao transversal";"Com Vatimas Feridas";"Pleno dia";"Decrescente";"Nevoeiro/Neblina";"Dupla";"Retorno Regulamentado";"Sim";3;0;0;1;2;0;1;3;-29,17154558;-51,52436614;"SPRF-RS";"DEL06-RS";"UOP01-DEL06-RS"
583978;2024-02-29;"quinta-feira";"07:00:00";"RS";290;92;"PORTO ALEGRE";"Demais falhas mecanicas ou elatricas";"Colisao com objeto";"Com Vatimas Feridas";"Pleno dia";"Crescente";"Ceu Claro";"Dupla";"Viaduto;Curva                 ";"Sim";1;0;0;1;0;0;1;1;-29,96839095;-51,17623895;"SPRF-RS";"DEL01-RS";"UOP01-DEL01-RS"
583979;2024-02-29;"quinta-feira";"07:00:00";"SC";282;3;"FLORIANOPOLIS";"Condutor deixou de manter distancia do veiculo da frente";"Queda de ocupante de veiculo";"Com Vatimas Feridas";"Pleno dia";"Decrescente";"Ceu Claro";"Dupla";"Reta";"Sim";1;0;1;0;0;0;1;1;-27,600384;-48,599705;"SPRF-SC";"DEL01-SC";"UOP01-DEL01-SC"
583981;2024-02-29;"quinta-feira";"06:45:00";"SC";280;92;"CORUPA";"Velocidade Incompatavel";"Saida de leito carrocavel";"Com Vatimas Feridas";"Pleno dia";"Decrescente";"Garoa/Chuvisco";"Simples";"Curva;Declive                 ";"Nao";2;0;2;0;0;0;2;1;-26,39448258;-49,2950379;"SPRF-SC";"DEL06-SC";"UOP03-DEL06-SC"
583982;2024-01-29;"segunda-feira";"12:01:00";"BA";324;615;"SALVADOR";"Condutor deixou de manter distancia do veiculo da frente";"Colisao traseira";"Com Vatimas Feridas";"Pleno dia";"Decrescente";"Ceu Claro";"Dupla";"Reta";"Nao";1;0;1;0;0;0;1;1;-12,87206398;-38,42746403;"SPRF-BA";"DEL01-BA";"UOP01-DEL01-BA"
583983;2024-02-29;"quinta-feira";"07:00:00";"PR";153;39;"SANTO ANTONIO DA PLATINA";"Acesso irregular";"Tombamento";"Com Vatimas Feridas";"Amanhecer";"Crescente";"Ceu Claro";"Simples";"Rotataria";"Nao";1;0;1;0;0;0;1;1;-23,27231767;-50,05734289;"SPRF-PR";"DEL07-PR";"UOP04-DEL07-PR"
583984;2024-02-29;"quinta-feira";"07:30:00";"SP";116;227;"GUARULHOS";"Reacao tardia ou ineficiente do condutor";"Queda de ocupante de veiculo";"Com Vatimas Feridas";"Pleno dia";"Crescente";"Ceu Claro";"Maltipla";"Reta;Em Obras                 ";"Sim";1;0;1;0;0;0;1;1;-23,49659264;-46,55648754;"SPRF-SP";"DEL01-SP";"UOP01-DEL01-SP"
583985;2024-02-28;"quarta-feira";"23:05:00";"PR";163;11;"BARRACAO";"Ingestao de alcool pelo condutor";"Saida de leito carrocavel";"Sem Vatimas";"Plena Noite";"Decrescente";"Chuva";"Simples";"Declive;Reta                  ";"Nao";1;0;0;0;0;1;0;1;-26,25066;-53,635523;"SPRF-PR";"DEL02-PR";"UOP02-DEL02-PR"
583987;2024-02-29;"quinta-feira";"03:00:00";"RJ";495;29;"PETROPOLIS";"Ausancia de Reacao do condutor";"Colisao com objeto";"Com Vatimas Feridas";"Plena Noite";"Crescente";"Nublado";"Simples";"Reta";"Nao";2;0;1;1;0;0;2;1;-22,391611;-43,126202;"SPRF-RJ";"DEL05-RJ";"UOP02-DEL05-RJ"
583990;2024-02-29;"quinta-feira";"08:00:00";"PR";376;617;"SAO JOSE DOS PINHAIS";"Reacao tardia ou ineficiente do condutor";"Saida de leito carrocavel";"Com Vatimas Feridas";"Pleno dia";"Crescente";"Nublado";"Dupla";"Declive;Curva                 ";"Sim";1;0;1;0;0;0;1;1;-25,58426494;-49,17618795;"SPRF-PR";"DEL01-PR";"UOP04-DEL01-PR"
583991;2024-02-29;"quinta-feira";"06:40:00";"MG";40;136,8;"JOAO PINHEIRO";"Condutor deixou de manter distancia do veiculo da frente";"Colisao traseira";"Com Vatimas Feridas";"Pleno dia";"Decrescente";"Ceu Claro";"Simples";"Reta";"Nao";3;0;1;0;2;0;1;2;-17,7219829;-46,23179198;"SPRF-MG";"DEL14-MG";"UOP01-DEL14-MG"
583992;2024-02-29;"quinta-feira";"07:45:00";"PB";101;101,1;"CONDE";"Ausancia de Reacao do condutor";"Tombamento";"Com Vatimas Feridas";"Pleno dia";"Crescente";"Ceu Claro";"Dupla";"Reta;Em Obras                 ";"Nao";2;0;1;0;0;1;1;2;-7,27367006;-34,93816262;"SPRF-PB";"DEL01-PB";"UOP02-DEL01-PB"
583993;2024-02-29;"quinta-feira";"07:30:00";"MG";381;478;"CONTAGEM";"Trafegar com motocicleta (ou similar) entre as faixas";"Colisao lateral mesmo sentido";"Com Vatimas Feridas";"Pleno dia";"Decrescente";"Ceu Claro";"Dupla";"Reta";"Sim";3;0;2;0;1;0;2;2;-19,959707;-44,033887;"SPRF-MG";"DEL01-MG";"UOP03-DEL01-MG"
583994;2024-02-29;"quinta-feira";"08:00:00";"MG";381;486;"BETIM";"Pista Escorregadia";"Tombamento";"Com Vatimas Feridas";"Pleno dia";"Decrescente";"Nublado";"Maltipla";"Reta";"Sim";2;0;1;0;0;1;1;2;-19,9545821;-44,1099118;"SPRF-MG";"DEL01-MG";"UOP03-DEL01-MG"
583995;2024-02-29;"quinta-feira";"08:10:00";"PR";476;153;"ARAUCARIA";"Demais falhas mecanicas ou elatricas";"Tombamento";"Com Vatimas Feridas";"Pleno dia";"Decrescente";"Chuva";"Dupla";"Reta";"Nao";1;0;1;0;0;0;1;1;-25,577307;-49,392338;"SPRF-PR";"DEL01-PR";"UOP06-DEL01-PR"
583996;2024-02-29;"quinta-feira";"08:01:00";"SP";116;545;"BARRA DO TURVO";"Reacao tardia ou ineficiente do condutor";"Saida de leito carrocavel";"Com Vatimas Feridas";"Pleno dia";"Crescente";"Chuva";"Dupla";"Curva";"Nao";1;0;1;0;0;0;1;1;-24,95016699;-48,42400302;"SPRF-SP";"DEL05-SP";"UOP02-DEL05-SP"
583997;2024-02-29;"quinta-feira";"07:20:00";"CE";222;2,8;"FORTALEZA";"Ausancia de Reacao do condutor";"Colisao traseira";"Com Vatimas Feridas";"Pleno dia";"Decrescente";"Sol";"Maltipla";"Reta";"Sim";3;0;2;0;1;0;2;2;-3,73911117;-38,58687498;"SPRF-CE";"DEL01-CE";"UOP01-DEL01-CE"
583998;2024-02-28;"quarta-feira";"23:00:00";"RJ";101;583;"PARATY";"Transitar na contramao";"Colisao frontal";"Com Vatimas Feridas";"Plena Noite";"Crescente";"Nublado";"Simples";"Reta";"Nao";3;0;0;1;2;0;1;2;-23,26024009;-44,69222399;"SPRF-RJ";"DEL03-RJ";"UOP04-DEL03-RJ"
583999;2024-02-29;"quinta-feira";"07:56:00";"SC";101;134,1;"BALNEARIO CAMBORIU";"Trafegar com motocicleta (ou similar) entre as faixas";"Colisao traseira";"Com Vatimas Feridas";"Pleno dia";"Decrescente";"Ceu Claro";"Maltipla";"Reta";"Nao";2;0;1;0;1;0;1;2;-27,00218;-48,636433;"SPRF-SC";"DEL04-SC";"UOP03-DEL04-SC"
584001;2024-02-29;"quinta-feira";"07:20:00";"SC";101;118;"ITAJAI";"Ausancia de Reacao do condutor";"Colisao lateral sentido oposto";"Com Vatimas Feridas";"Pleno dia";"Crescente";"Ceu Claro";"Simples";"Reta";"Nao";2;0;1;0;0;1;1;2;-26,895859;-48,71903;"SPRF-SC";"DEL04-SC";"UOP04-DEL04-SC"
584005;2024-02-29;"quinta-feira";"09:00:00";"PR";116;100;"SAO JOSE DOS PINHAIS";"Avarias e/ou desgaste excessivo no pneu";"Tombamento";"Com Vatimas Feridas";"Pleno dia";"Decrescente";"Nublado";"Dupla";"Reta";"Nao";1;0;0;1;0;0;1;1;-25,53379421;-49,14663578;"SPRF-PR";"DEL01-PR";"UOP07-DEL01-PR"
584006;2024-02-29;"quinta-feira";"07:00:00";"PR";376;602;"CURITIBA";"Manobra de mudanaa de faixa";"Colisao traseira";"Com Vatimas Feridas";"Pleno dia";"Decrescente";"Nublado";"Dupla";"Reta";"Sim";2;0;1;0;1;0;1;2;-25,54329052;-49,30719981;"SPRF-PR";"DEL01-PR";"UOP06-DEL01-PR"
584010;2024-02-29;"quinta-feira";"09:00:00";"MG";381;483,1;"BETIM";"Ausancia de Reacao do condutor";"Engavetamento";"Com Vatimas Feridas";"Pleno dia";"Decrescente";"Ceu Claro";"Dupla";"Curva;Aclive                  ";"Sim";3;0;1;0;1;1;1;3;-19,95594491;-44,10721699;"SPRF-MG";"DEL01-MG";"UOP03-DEL01-MG"