"id";"data_inversa";"dia_semana";"horario";"uf";"br";"km";"municipio";"causa_acidente";"tipo_acidente";"classificacao_acidente";"fase_dia";"sentido_via";"condicao_metereologica";"tipo_pista";"tracado_via";"uso_solo";"pessoas";"mortos";"feridos_leves";"feridos_graves";"ilesos";"ignorados";"feridos";"veiculos";"latitude";"longitude";"regional";"delegacia";"uop"
584013;2024-02-29;"quinta-feira";"09:30:00";"TO";153;144;"ARAGUAINA";"Acessar a via sem observar a presenca dos outros veiculos";"Colisao traseira";"Com Vatimas Feridas";"Pleno dia";"Crescente";"Ceu Claro";"Dupla";"Reta";"Sim";2;0;1;0;1;0;1;2;-7,19662811;-48,23636977;"SPRF-TO";"DEL02-TO";"UOP01-DEL02-TO"
584014;2024-01-24;"quarta-feira";"07:20:00";"MG";40;517;"RIBEIRAO DAS NEVES";"Desrespeitar a preferancia no cruzamento";"Colisao transversal";"Sem Vatimas";"Pleno dia";"Crescente";"Nublado";"Dupla";"Reta";"Sim";2;0;0;0;1;1;0;2;-19,82351202;-44,08438913;"SPRF-MG";"DEL01-MG";"UOP02-DEL01-MG"
584016;2024-02-29;"quinta-feira";"10:00:00";"PR";277;83;"CURITIBA";"Manobra de mudanaa de faixa";"Colisao lateral mesmo sentido";"Com Vatimas Feridas";"Pleno dia";"Crescente";"Ceu Claro";"Dupla";"Reta";"Sim";3;0;2;0;1;0;2;2;-25,460026;-49,220391;"SPRF-PR";"DEL01-PR";"UOP07-DEL01-PR"
584017;2024-02-29;"quinta-feira";"09:10:00";"PR";376;503;"PONTA GROSSA";"Retorno proibido";"Colisao transversal";"Com Vatimas Feridas";"Pleno dia";"Crescente";"Sol";"Dupla";"Retorno Regulamentado";"Sim";2;0;1;1;0;0;2;2;-25,173843;-50,103882;"SPRF-PR";"DEL03-PR";"UOP04-DEL03-PR"
584020;2024-02-29;"quinta-feira";"10:10:00";"RS";392;294;"SAO SEPE";"Acesso irregular";"Saida de leito carrocavel";"Com Vatimas Feridas";"Pleno dia";"Decrescente";"Ceu Claro";"Simples";"Reta";"Nao";2;0;1;0;1;0;1;1;-30,18664127;-53,5656134;"SPRF-RS";"DEL09-RS";"UOP02-DEL09-RS"
584021;2024-02-10;"sabado";"01:00:00";"PE";428;190;"PETROLINA";"Ingestao de alcool pelo condutor";"Colisao transversal";"Com Vatimas Feridas";"Plena Noite";"Decrescente";"Garoa/Chuvisco";"Dupla";"Interseaao de Vias";"Sim";2;0;0;1;1;0;1;2;-9,38089026;-40,5109835;"SPRF-PE";"DEL06-PE";"UOP01-DEL06-PE"
584023;2024-02-29;"quinta-feira";"09:30:00";"SE";101;97;"SAO CRISTOVAO";"Velocidade Incompatavel";"Colisao com objeto";"Sem Vatimas";"Pleno dia";"Decrescente";"Ceu Claro";"Dupla";"Retorno Regulamentado;Curva   ";"Nao";1;0;0;0;0;1;0;1;-10,92296794;-37,17475104;"SPRF-SE";"DEL02-SE";"UOP01-DEL02-SE"
584024;2024-02-29;"quinta-feira";"11:15:00";"MG";381;482,8;"BETIM";"Manobra de mudanaa de faixa";"Colisao lateral mesmo sentido";"Com Vatimas Feridas";"Pleno dia";"Decrescente";"Ceu Claro";"Maltipla";"Aclive;Reta                   ";"Sim";2;0;1;0;1;0;1;2;-19,9582115;-44,0770685;"SPRF-MG";"DEL01-MG";"UOP03-DEL01-MG"
584025;2024-02-29;"quinta-feira";"11:30:00";"MG";381;485,1;"BETIM";"Demais falhas mecanicas ou elatricas";"Colisao com objeto";"Com Vatimas Feridas";"Pleno dia";"Decrescente";"Ceu Claro";"Maltipla";"Declive";"Sim";2;0;1;0;1;0;1;2;-19,9556648;-44,096834;"SPRF-MG";"DEL01-MG";"UOP03-DEL01-MG"
584028;2024-02-29;"quinta-feira";"07:15:00";"GO";NA;NA;"CATALAO";"Frear bruscamente";"Colisao traseira";"Com Vatimas Feridas";"Pleno dia";"Nao Informado";"Nublado";"Simples";"Reta";"Sim";3;0;1;0;2;0;1;2;-18,17876;-47,9487;"SPRF-GO";"DEL06-GO";"UOP01-DEL06-GO"
584031;2024-02-29;"quinta-feira";"12:20:00";"AL";316;53;"CANAPI";"Condutor Dormindo";"Saida de leito carrocavel";"Com Vatimas Feridas";"Pleno dia";"Decrescente";"Nublado";"Simples";"Reta;Declive                  ";"Nao";2;0;2;0;0;0;2;2;-9,21329588;-37,48442292;"SPRF-AL";"DEL03-AL";"UOP02-DEL03-AL"
584032;2024-02-29;"quinta-feira";"13:00:00";"SC";470;53,2;"BLUMENAU";"Desrespeitar a preferancia no cruzamento";"Colisao transversal";"Com Vatimas Feridas";"Pleno dia";"Crescente";"Ceu Claro";"Maltipla";"Interseaao de Vias";"Sim";2;0;1;0;1;0;1;2;-26,871065;-49,110374;"SPRF-SC";"DEL04-SC";"UOP01-DEL04-SC"
584033;2024-02-09;"sexta-feira";"09:55:00";"MG";381;500;"BETIM";"Condutor deixou de manter distancia do veiculo da frente";"Engavetamento";"Com Vatimas Feridas";"Pleno dia";"Decrescente";"Sol";"Dupla";"Reta;Aclive                   ";"Nao";3;0;2;0;1;0;2;3;-20,00182206;-44,21181679;"SPRF-MG";"DEL01-MG";"UOP03-DEL01-MG"
584035;2024-02-29;"quinta-feira";"13:35:00";"SE";235;50,9;"ITABAIANA";"Ausancia de Reacao do condutor";"Colisao traseira";"Com Vatimas Feridas";"Pleno dia";"Crescente";"Ceu Claro";"Maltipla";"Reta";"Sim";2;0;0;1;1;0;1;2;-10,700226;-37,431423;"SPRF-SE";"DEL01-SE";"UOP02-DEL01-SE"
584036;2024-02-17;"sabado";"05:40:00";"RS";290;273;"CACHOEIRA DO SUL";"Ingestao de alcool pelo condutor";"Colisao frontal";"Com Vatimas Fatais";"Amanhecer";"Crescente";"Garoa/Chuvisco";"Simples";"Reta";"Nao";4;1;0;3;0;0;3;2;-30,271566;-52,956188;"SPRF-RS";"DEL02-RS";"UOP03-DEL02-RS"
584039;2024-02-29;"quinta-feira";"13:05:00";"MG";50;1;"ARAGUARI";"Velocidade Incompatavel";"Saida de leito carrocavel";"Com Vatimas Feridas";"Pleno dia";"Crescente";"Nublado";"Dupla";"Declive;Reta                  ";"Nao";1;0;1;0;0;0;1;1;-18,43070074;-48,0618566;"SPRF-MG";"DEL15-MG";"UOP02-DEL15-MG"
584040;2024-02-29;"quinta-feira";"13:20:00";"PI";316;3;"TERESINA";"Ausancia de Reacao do condutor";"Colisao traseira";"Com Vatimas Feridas";"Pleno dia";"Crescente";"Ceu Claro";"Dupla";"Reta";"Sim";2;0;0;1;1;0;1;2;-5,12826443;-42,79292384;"SPRF-PI";"DEL01-PI";"UOP02-DEL01-PI"
584042;2024-02-29;"quinta-feira";"14:17:00";"PR";376;1;"APUCARANA";"Acessar a via sem observar a presenca dos outros veiculos";"Colisao transversal";"Com Vatimas Feridas";"Pleno dia";"Decrescente";"Nublado";"Simples";"Reta;Declive                  ";"Nao";4;0;3;0;1;0;3;2;-23,5513;-51,461266;"SPRF-PR";"DEL07-PR";"UOP03-DEL07-PR"
584043;2024-02-29;"quinta-feira";"13:30:00";"RJ";356;174;"SAO JOAO DA BARRA";"Acessar a via sem observar a presenca dos outros veiculos";"Colisao transversal";"Com Vatimas Feridas";"Pleno dia";"Crescente";"Nublado";"Simples";"Curva";"Nao";2;0;0;1;1;0;1;2;-21,707642;-41,05687;"SPRF-RJ";"DEL08-RJ";"UOP02-DEL08-RJ"
584044;2024-02-29;"quinta-feira";"10:55:00";"BA";324;568;"SAO SEBASTIAO DO PASSE";"Reacao tardia ou ineficiente do condutor";"Saida de leito carrocavel";"Com Vatimas Feridas";"Pleno dia";"Crescente";"Sol";"Dupla";"Reta";"Nao";1;0;1;0;0;0;1;1;-12,53527699;-38,59595575;"SPRF-BA";"DEL01-BA";"UOP01-DEL01-BA"
584045;2024-02-29;"quinta-feira";"11:40:00";"MG";262;37;"MANHUACU";"Reacao tardia ou ineficiente do condutor";"Colisao transversal";"Com Vatimas Feridas";"Pleno dia";"Crescente";"Nublado";"Simples";"Reta";"Sim";2;0;1;0;1;0;1;2;-20,25748975;-42,03048732;"SPRF-MG";"DEL06-MG";"UOP03-DEL06-MG"
584047;2024-02-29;"quinta-feira";"15:00:00";"RN";101;106;"PARNAMIRIM";"Condutor Dormindo";"Colisao traseira";"Com Vatimas Feridas";"Pleno dia";"Crescente";"Ceu Claro";"Maltipla";"Viaduto";"Sim";2;0;1;0;1;0;1;2;-5,91056401;-35,26130795;"SPRF-RN";"DEL01-RN";"UOP01-DEL01-RN"
584053;2024-02-29;"quinta-feira";"11:40:00";"MT";163;1023;"TERRA NOVA DO NORTE";"Pista esburacada";"Queda de ocupante de veiculo";"Com Vatimas Feridas";"Pleno dia";"Crescente";"Ceu Claro";"Simples";"Reta;Declive                  ";"Nao";1;0;0;1;0;0;1;1;-10,42214799;-55,05698507;"SPRF-MT";"DEL06-MT";"UOP03-DEL06-MT"
584054;2024-02-29;"quinta-feira";"15:25:00";"SC";101;199,4;"SAO JOSE";"Reacao tardia ou ineficiente do condutor";"Colisao traseira";"Com Vatimas Feridas";"Pleno dia";"Crescente";"Nublado";"Maltipla";"Reta";"Sim";2;0;1;0;1;0;1;2;-27,53413705;-48,63003205;"SPRF-SC";"DEL01-SC";"UOP01-DEL01-SC"
584056;2024-02-29;"quinta-feira";"11:45:00";"RJ";465;19;"NOVA IGUACU";"Manobra de mudanaa de faixa";"Colisao lateral mesmo sentido";"Com Vatimas Feridas";"Pleno dia";"Decrescente";"Nublado";"Simples";"Reta";"Sim";2;0;0;1;1;0;1;2;-22,839184;-43,610451;"SPRF-RJ";"DEL06-RJ";"UOP02-DEL06-RJ"
584057;2024-02-29;"quinta-feira";"16:00:00";"GO";60;97,1;"ANAPOLIS";"Acumulo de aleo sobre o pavimento";"Tombamento";"Com Vatimas Feridas";"Pleno dia";"Decrescente";"Ceu Claro";"Dupla";"Retorno Regulamentado";"Sim";1;0;0;1;0;0;1;1;-16,378034;-48,949004;"SPRF-GO";"DEL02-GO";"UOP01-DEL02-GO"
584058;2024-02-29;"quinta-feira";"15:15:00";"PR";116;51,9;"CAMPINA GRANDE DO SUL";"Reacao tardia ou ineficiente do condutor";"Saida de leito carrocavel";"Com Vatimas Feridas";"Pleno dia";"Crescente";"Chuva";"Dupla";"Curva";"Nao";1;0;1;0;0;0;1;1;-25,24249703;-48,90292205;"SPRF-PR";"DEL01-PR";"UOP02-DEL01-PR"
584059;2024-02-06;"terça-feira";"07:45:00";"MS";463;105,6;"PONTA PORA";"Acessar a via sem observar a presenca dos outros veiculos";"Colisao lateral mesmo sentido";"Com Vatimas Feridas";"Pleno dia";"Decrescente";"Ceu Claro";"Simples";"Reta";"Sim";2;0;1;0;1;0;1;2;-22,5976159;-55,66408217;"SPRF-MS";"DEL04-MS";"UOP03-DEL04-MS"
584061;2024-02-11;"domingo";"05:15:00";"MS";163;545;"BANDEIRANTES";"Condutor Dormindo";"Colisao lateral sentido oposto";"Com Vatimas Feridas";"Amanhecer";"Decrescente";"Ceu Claro";"Simples";"Aclive";"Nao";5;0;1;0;4;0;1;2;-19,94560525;-54,37116745;"SPRF-MS";"DEL01-MS";"UOP02-DEL01-MS"
584062;2024-02-29;"quinta-feira";"14:45:00";"RJ";101;195,3;"CASIMIRO DE ABREU";"Velocidade Incompatavel";"Colisao com objeto";"Com Vatimas Feridas";"Pleno dia";"Crescente";"Ceu Claro";"Dupla";"Curva";"Nao";1;0;1;0;0;0;1;1;-22,49220783;-42,10020136;"SPRF-RJ";"DEL08-RJ";"UOP04-DEL08-RJ"
584063;2024-02-29;"quinta-feira";"16:00:00";"MG";381;503;"BETIM";"Condutor deixou de manter distancia do veiculo da frente";"Tombamento";"Com Vatimas Feridas";"Pleno dia";"Decrescente";"Ceu Claro";"Maltipla";"Declive;Reta                  ";"Sim";1;0;1;0;0;0;1;1;-20,02574409;-44,23131108;"SPRF-MG";"DEL01-MG";"UOP03-DEL01-MG"
584065;2024-02-29;"quinta-feira";"16:00:00";"PR";369;178;"ROLANDIA";"Reacao tardia ou ineficiente do condutor";"Colisao traseira";"Com Vatimas Feridas";"Pleno dia";"Crescente";"Chuva";"Dupla";"Reta";"Nao";2;0;1;0;1;0;1;2;-23,34393638;-51,38688909;"SPRF-PR";"DEL07-PR";"UOP01-DEL07-PR"
584068;2024-02-29;"quinta-feira";"10:00:00";"MG";381;745;"TRES CORACOES";"Reacao tardia ou ineficiente do condutor";"Colisao traseira";"Sem Vatimas";"Pleno dia";"Crescente";"Ceu Claro";"Dupla";"Reta;Aclive                   ";"Nao";5;0;0;0;5;0;0;2;-21,637253;-45,28388;"SPRF-MG";"DEL16-MG";"UOP02-DEL16-MG"
584070;2024-02-29;"quinta-feira";"17:15:00";"SC";101;207,7;"SAO JOSE";"Demais falhas mecanicas ou elatricas";"Incendio";"Sem Vatimas";"Pleno dia";"Crescente";"Ceu Claro";"Maltipla";"Reta";"Sim";1;0;0;0;1;0;0;1;-27,60001226;-48,6226467;"SPRF-SC";"DEL01-SC";"UOP01-DEL01-SC"
584071;2024-02-29;"quinta-feira";"17:28:00";"ES";101;266,7;"SERRA";"Acumulo de aleo sobre o pavimento";"Tombamento";"Com Vatimas Feridas";"Anoitecer";"Decrescente";"Nublado";"Maltipla";"Reta";"Sim";1;0;1;0;0;0;1;1;-20,1964562;-40,2686889;"SPRF-ES";"DEL02-ES";"UOP01-DEL02-ES"
584073;2024-02-09;"sexta-feira";"06:00:00";"BA";324;614;"SALVADOR";"Condutor deixou de manter distancia do veiculo da frente";"Colisao traseira";"Com Vatimas Feridas";"Pleno dia";"Decrescente";"Ceu Claro";"Dupla";"Reta";"Sim";2;0;1;0;1;0;1;2;-12,8639793;-38,42370126;"SPRF-BA";"DEL01-BA";"UOP01-DEL01-BA"
584075;2024-02-29;"quinta-feira";"16:10:00";"SP";381;84,7;"SAO PAULO";"Demais falhas mecanicas ou elatricas";"Tombamento";"Com Vatimas Feridas";"Pleno dia";"Decrescente";"Ceu Claro";"Dupla";"Reta";"Sim";2;0;1;1;0;0;2;1;-23,43937;-46,56807;"SPRF-SP";"DEL03-SP";"UOP01-DEL03-SP"
584076;2024-02-29;"quinta-feira";"17:35:00";"ES";101;266,5;"SERRA";"Acumulo de aleo sobre o pavimento";"Queda de ocupante de veiculo";"Com Vatimas Feridas";"Anoitecer";"Decrescente";"Ceu Claro";"Maltipla";"Reta";"Sim";1;0;1;0;0;0;1;1;-20,190199;-40,26828891;"SPRF-ES";"DEL02-ES";"UOP01-DEL02-ES"
584079;2024-02-29;"quinta-feira";"17:30:00";"ES";101;396,5;"RIO NOVO DO SUL";"Ingestao de alcool pelo condutor";"Tombamento";"Com Vatimas Feridas";"Pleno dia";"Decrescente";"Nublado";"Simples";"Reta";"Nao";1;0;0;1;0;0;1;1;-20,8718587;-40,94617736;"SPRF-ES";"DEL03-ES";"UOP02-DEL03-ES"
584082;2024-02-29;"quinta-feira";"17:30:00";"RJ";40;110;"DUQUE DE CAXIAS";"Condutor deixou de manter distancia do veiculo da frente";"Tombamento";"Com Vatimas Feridas";"Pleno dia";"Decrescente";"Ceu Claro";"Maltipla";"Reta";"Sim";3;0;1;1;1;0;2;2;-22,68289906;-43,28549346;"SPRF-RJ";"DEL01-RJ";"UOP02-DEL01-RJ"
584090;2024-02-29;"quinta-feira";"18:00:00";"MG";262;439;"NOVA SERRANA";"Velocidade Incompatavel";"Colisao traseira";"Com Vatimas Feridas";"Anoitecer";"Decrescente";"Ceu Claro";"Dupla";"Reta";"Nao";3;0;2;0;1;0;2;2;-19,89197285;-44,88685183;"SPRF-MG";"DEL08-MG";"UOP03-DEL08-MG"
584091;2024-02-29;"quinta-feira";"19:00:00";"PR";163;46;"PRANCHITA";"Reacao tardia ou ineficiente do condutor";"Saida de leito carrocavel";"Com Vatimas Feridas";"Anoitecer";"Crescente";"Ceu Claro";"Simples";"Curva";"Nao";1;0;1;0;0;0;1;1;-26,01612407;-53,73321028;"SPRF-PR";"DEL02-PR";"UOP02-DEL02-PR"
584093;2024-02-29;"quinta-feira";"18:10:00";"PE";104;65;"CARUARU";"Ingestao de alcool pelo condutor";"Colisao transversal";"Com Vatimas Feridas";"Plena Noite";"Decrescente";"Ceu Claro";"Dupla";"Interseaao de Vias";"Sim";2;0;1;0;1;0;1;2;-8,2867;-35,9838;"SPRF-PE";"DEL02-PE";"UOP01-DEL02-PE"
584099;2024-02-29;"quinta-feira";"19:00:00";"SP";116;223;"GUARULHOS";"Condutor deixou de manter distancia do veiculo da frente";"Colisao traseira";"Com Vatimas Feridas";"Pleno dia";"Decrescente";"Ceu Claro";"Maltipla";"Curva";"Sim";3;0;1;0;2;0;1;2;-23,47559815;-46,5246609;"SPRF-SP";"DEL01-SP";"UOP01-DEL01-SP"
584100;2024-02-29;"quinta-feira";"18:25:00";"SP";116;499;"CAJATI";"Reacao tardia ou ineficiente do condutor";"Saida de leito carrocavel";"Sem Vatimas";"Anoitecer";"Crescente";"Garoa/Chuvisco";"Dupla";"Curva";"Nao";1;0;0;0;1;0;0;1;-24,78228753;-48,17695233;"SPRF-SP";"DEL05-SP";"UOP02-DEL05-SP"
584101;2024-02-29;"quinta-feira";"17:00:00";"RJ";356;74;"ITALVA";"Ausancia de Reacao do condutor";"Colisao transversal";"Com Vatimas Feridas";"Plena Noite";"Crescente";"Ceu Claro";"Simples";"Reta";"Sim";3;0;2;0;1;0;2;2;-21,41323494;-41,69207047;"SPRF-RJ";"DEL08-RJ";"UOP03-DEL08-RJ"
584102;2024-02-25;"domingo";"21:50:00";"SC";101;40;"JOINVILLE";"Manobra de mudanaa de faixa";"Colisao lateral mesmo sentido";"Com Vatimas Feridas";"Plena Noite";"Decrescente";"Nublado";"Maltipla";"Reta";"Sim";3;0;1;0;2;0;1;2;-26,30826548;-48,8789463;"SPRF-SC";"DEL03-SC";"UOP01-DEL03-SC"
584103;2024-02-29;"quinta-feira";"19:00:00";"SC";101;200;"SAO JOSE";"Trafegar com motocicleta (ou similar) entre as faixas";"Colisao lateral mesmo sentido";"Com Vatimas Feridas";"Anoitecer";"Crescente";"Nublado";"Dupla";"Reta";"Sim";2;0;1;0;1;0;1;2;-27,54018513;-48,62287714;"SPRF-SC";"DEL01-SC";"UOP01-DEL01-SC"
584106;2024-02-29;"quinta-feira";"18:10:00";"SC";101;333;"TUBARAO";"Trafegar com motocicleta (ou similar) entre as faixas";"Colisao lateral mesmo sentido";"Com Vatimas Feridas";"Anoitecer";"Crescente";"Ceu Claro";"Simples";"Interseaao de Vias";"Nao";3;0;1;0;2;0;1;3;-28,46630107;-48,99653096;"SPRF-SC";"DEL02-SC";"UOP01-DEL02-SC"
584109;2024-02-29;"quinta-feira";"19:15:00";"SP";153;304,7;"CAMPOS NOVOS PAULISTA";"Ausancia de Reacao do condutor";"Colisao traseira";"Com Vatimas Feridas";"Anoitecer";"Crescente";"Nublado";"Simples";"Reta";"Nao";2;0;0;1;1;0;1;2;-22,616727;-49,88953502;"SPRF-SP";"DEL07-SP";"UOP03-DEL07-SP"
584110;2024-02-29;"quinta-feira";"18:40:00";"SE";235;51,6;"ITABAIANA";"Acessar a via sem observar a presenca dos outros veiculos";"Colisao transversal";"Com Vatimas Feridas";"Plena Noite";"Crescente";"Ceu Claro";"Simples";"Interseaao de Vias;Reta       ";"Nao";3;0;3;0;0;0;3;2;-10,700226;-37,431423;"SPRF-SE";"DEL01-SE";"UOP02-DEL01-SE"
584112;2024-02-29;"quinta-feira";"20:00:00";"GO";414;439,1;"ANAPOLIS";"Condutor deixou de manter distancia do veiculo da frente";"Colisao traseira";"Com Vatimas Feridas";"Plena Noite";"Decrescente";"Ceu Claro";"Simples";"Reta;Declive                  ";"Sim";2;0;2;0;0;0;2;2;-16,275099;-48,940909;"SPRF-GO";"DEL02-GO";"UOP01-DEL02-GO"
584115;2024-02-29;"quinta-feira";"20:20:00";"AP";210;8;"MACAPA";"Pedestre andava na pista";"Atropelamento de Pedestre";"Com Vatimas Feridas";"Plena Noite";"Crescente";"Garoa/Chuvisco";"Simples";"Curva";"Sim";3;0;1;0;0;2;1;2;0,11393;-51,12735;"SPRF-AP";"DEL01-AP";"UOP01-DEL01-AP"
584116;2024-02-29;"quinta-feira";"19:45:00";"SP";116;433;"REGISTRO";"Ausancia de Reacao do condutor";"Saida de leito carrocavel";"Com Vatimas Feridas";"Plena Noite";"Decrescente";"Ceu Claro";"Dupla";"Curva";"Nao";1;0;1;0;0;0;1;1;-24,42030004;-47,77032299;"SPRF-SP";"DEL05-SP";"UOP01-DEL05-SP"
584117;2024-02-29;"quinta-feira";"20:00:00";"RS";153;47,5;"ERECHIM";"Condutor deixou de manter distancia do veiculo da frente";"Colisao traseira";"Sem Vatimas";"Plena Noite";"Decrescente";"Garoa/Chuvisco";"Simples";"Declive;Reta                  ";"Nao";2;0;0;0;1;1;0;2;-27,64530366;-52,24998023;"SPRF-RS";"DEL08-RS";"UOP04-DEL08-RS"
584118;2024-02-29;"quinta-feira";"20:35:00";"DF";40;0,2;"BRASILIA";"Reacao tardia ou ineficiente do condutor";"Saida de leito carrocavel";"Com Vatimas Feridas";"Plena Noite";"Decrescente";"Ceu Claro";"Dupla";"Reta";"Nao";1;0;1;0;0;0;1;1;-15,97983372;-47,98905373;"SPRF-DF";"DEL01-DF";"UOP01-DEL01-DF"
584119;2024-01-25;"quinta-feira";"08:06:00";"MS";163;484;"CAMPO GRANDE";"Acessar a via sem observar a presenca dos outros veiculos";"Colisao transversal";"Com Vatimas Feridas";"Pleno dia";"Decrescente";"Ceu Claro";"Simples";"Reta";"Sim";2;0;1;0;1;0;1;2;-20,45726263;-54,54671829;"SPRF-MS";"DEL01-MS";"UOP02-DEL01-MS"
584121;2024-02-29;"quinta-feira";"19:15:00";"MG";50;177;"UBERABA";"Ausancia de Reacao do condutor";"Colisao traseira";"Com Vatimas Feridas";"Plena Noite";"Decrescente";"Ceu Claro";"Dupla";"Curva;Viaduto;Interseaao de Vi";"Sim";3;0;1;0;2;0;1;2;-19,77914852;-47,95047701;"SPRF-MG";"DEL13-MG";"UOP01-DEL13-MG"
584122;2024-02-29;"quinta-feira";"21:10:00";"SC";282;5,7;"SAO JOSE";"Reacao tardia ou ineficiente do condutor";"Tombamento";"Com Vatimas Feridas";"Plena Noite";"Crescente";"Garoa/Chuvisco";"Maltipla";"Declive;Curva                 ";"Sim";1;0;1;0;0;0;1;1;-27,588425;-48,612919;"SPRF-SC";"DEL01-SC";"UOP01-DEL01-SC"
584123;2024-02-29;"quinta-feira";"20:55:00";"RS";386;170,8;"CARAZINHO";"Manobra de mudanaa de faixa";"Colisao frontal";"Com Vatimas Feridas";"Plena Noite";"Crescente";"Garoa/Chuvisco";"Simples";"Reta";"Nao";3;0;1;2;0;0;3;2;-28,24345;-52,803551;"SPRF-RS";"DEL08-RS";"UOP01-DEL08-RS"
584124;2024-02-29;"quinta-feira";"21:40:00";"BA";324;512;"FEIRA DE SANTANA";"Acesso irregular";"Colisao transversal";"Com Vatimas Feridas";"Plena Noite";"Crescente";"Ceu Claro";"Simples";"Viaduto;Reta                  ";"Sim";3;0;2;1;0;0;3;2;-12,23193;-38,95374;"SPRF-BA";"DEL02-BA";"UOP01-DEL02-BA"
584125;2024-02-29;"quinta-feira";"19:45:00";"PR";369;52;"BANDEIRANTES";"Ausancia de Reacao do condutor";"Saida de leito carrocavel";"Com Vatimas Feridas";"Plena Noite";"Decrescente";"Nublado";"Simples";"Interseaao de Vias;Reta       ";"Nao";1;0;0;1;0;0;1;1;-23,11035921;-50,33543944;"SPRF-PR";"DEL07-PR";"UOP05-DEL07-PR"
584126;2024-02-29;"quinta-feira";"20:20:00";"GO";414;385;"CORUMBA DE GOIAS";"Reacao tardia ou ineficiente do condutor";"Queda de ocupante de veiculo";"Com Vatimas Feridas";"Plena Noite";"Crescente";"Nublado";"Simples";"Curva";"Nao";1;0;0;1;0;0;1;1;-15,87059766;-48,78036917;"SPRF-GO";"DEL02-GO";"UOP01-DEL02-GO"
584127;2024-02-29;"quinta-feira";"21:30:00";"GO";60;75,6;"ANAPOLIS";"Demais falhas mecanicas ou elatricas";"Incendio";"Sem Vatimas";"Plena Noite";"Decrescente";"Ceu Claro";"Dupla";"Reta";"Nao";4;0;0;0;4;0;0;1;-16,280111;-48,790765;"SPRF-GO";"DEL02-GO";"UOP01-DEL02-GO"
584128;2024-02-29;"quinta-feira";"22:00:00";"ES";101;266,4;"SERRA";"Conversao proibida";"Colisao frontal";"Com Vatimas Feridas";"Plena Noite";"Crescente";"Nublado";"Maltipla";"Reta";"Sim";2;0;0;1;1;0;1;2;-20,190199;-40,26828891;"SPRF-ES";"DEL02-ES";"UOP01-DEL02-ES"
584129;2024-02-29;"quinta-feira";"18:00:00";"RN";101;81;"NATAL";"Condutor deixou de manter distancia do veiculo da frente";"Colisao lateral mesmo sentido";"Com Vatimas Feridas";"Plena Noite";"Decrescente";"Ceu Claro";"Dupla";"Reta";"Sim";3;0;1;1;1;0;2;2;-5,76469466;-35,28295988;"SPRF-RN";"DEL02-RN";"UOP01-DEL02-RN"
584131;2024-02-29;"quinta-feira";"19:30:00";"RJ";101;565;"PARATY";"Condutor deixou de manter distancia do veiculo da frente";"Queda de ocupante de veiculo";"Com Vatimas Feridas";"Plena Noite";"Crescente";"Nublado";"Simples";"Reta";"Nao";2;0;1;0;1;0;1;2;-23,151162;-44,69967999;"SPRF-RJ";"DEL03-RJ";"UOP04-DEL03-RJ"
584132;2024-02-29;"quinta-feira";"21:20:00";"RJ";101;472;"ANGRA DOS REIS";"Ausancia de Reacao do condutor";"Colisao com objeto";"Com Vatimas Feridas";"Plena Noite";"Crescente";"Nublado";"Simples";"Curva";"Sim";1;0;0;1;0;0;1;1;-22,988676;-44,23305893;"SPRF-RJ";"DEL03-RJ";"UOP03-DEL03-RJ"
584134;2024-02-11;"domingo";"22:00:00";"MS";163;280;"DOURADOS";"Reacao tardia ou ineficiente do condutor";"Queda de ocupante de veiculo";"Com Vatimas Feridas";"Plena Noite";"Crescente";"Ceu Claro";"Dupla";"Reta";"Sim";1;0;0;1;0;0;1;1;-22,13794223;-54,61956683;"SPRF-MS";"DEL04-MS";"UOP01-DEL04-MS"
584135;2024-01-05;"sexta-feira";"17:10:00";"PR";116;10;"COLOMBO";"Ausancia de Reacao do condutor";"Saida de leito carrocavel";"Com Vatimas Feridas";"Pleno dia";"Decrescente";"Ceu Claro";"Dupla";"Interseaao de Vias;Reta;Decliv";"Sim";2;0;0;2;0;0;2;1;-25,3719;-49,134;"SPRF-PR";"DEL01-PR";"UOP02-DEL01-PR"
584136;2024-02-29;"quinta-feira";"23:00:00";"RJ";393;240;"VASSOURAS";"Condutor Dormindo";"Saida de leito carrocavel";"Com Vatimas Feridas";"Plena Noite";"Decrescente";"Nublado";"Simples";"Curva";"Nao";1;0;1;0;0;0;1;1;-22,41456264;-43,67661632;"SPRF-RJ";"DEL05-RJ";"UOP04-DEL05-RJ"
584139;2024-02-29;"quinta-feira";"21:30:00";"MG";116;646,8;"FERVEDOURO";"Restriaao de visibilidade em curvas horizontais";"Saida de leito carrocavel";"Com Vatimas Feridas";"Plena Noite";"Decrescente";"Nublado";"Simples";"Reta";"Nao";5;0;2;0;3;0;2;2;-20,687344;-42,273285;"SPRF-MG";"DEL07-MG";"UOP02-DEL07-MG"
584140;2024-02-29;"quinta-feira";"23:55:00";"PI";343;1,8;"TERESINA";"Ausancia de Reacao do condutor";"Colisao com objeto";"Com Vatimas Feridas";"Plena Noite";"Decrescente";"Nublado";"Maltipla";"Interseaao de Vias";"Sim";2;0;1;0;1;0;1;1;-5,081564;-42,765991;"SPRF-PI";"DEL01-PI";"UOP01-DEL01-PI"